facture_id,numero,client_id,issue_date,effective_due_date,total_ttc,subtotal_ht,total_vat,stamp_duty,term_days,no_due_date,line_count,max_discount_pct,from_quote,issue_month,issue_in_quarter_end_month,due_in_holiday_month,client_type,client_city,client_age_days,prior_invoice_count,prior_known_outcomes,prior_late_count,prior_late_rate,prior_avg_days_late,prior_open_count,prior_open_amount,prior_avg_amount,amount_vs_prior_avg,days_since_prior_invoice,is_late,label_status,days_late,settled_date,outcome_known_date
demofac00001,FAC-2024-0001,democli00011,2024-10-01,2024-10-31,12150.900,10210.000,1939.900,1.000,30,false,4,0.00,false,10,false,false,ENTREPRISE,Ariana,764,0,0,0,,,0,0,,,,0,on_time,4,2024-11-04,2024-11-04
demofac00002,FAC-2024-0002,democli00020,2024-10-01,2024-10-01,4011.300,3370.000,640.300,1.000,0,false,3,0.00,false,10,false,false,PARTICULIER,Kairouan,40,0,0,0,,,0,0,,,,0,on_time,1,2024-10-02,2024-10-02
demofac00003,FAC-2024-0003,democli00042,2024-10-01,2024-10-01,2583.300,2170.000,412.300,1.000,0,false,1,0.00,false,10,false,false,PARTICULIER,Ben Arous,115,0,0,0,,,0,0,,,,1,late,14,2024-10-15,2024-10-09
demofac00004,FAC-2024-0004,democli00017,2024-10-02,2024-11-16,6082.600,5280.000,801.600,1.000,45,false,2,0.00,true,10,false,false,ENTREPRISE,Gabes,334,0,0,0,,,0,0,,,,0,on_time,-10,2024-11-06,2024-11-06
demofac00005,FAC-2024-0005,democli00011,2024-10-02,2024-11-01,12150.900,10210.000,1939.900,1.000,30,false,4,0.00,false,10,false,false,ENTREPRISE,Ariana,765,1,0,0,,,1,12150.900,12150.900,1.0000,1,0,on_time,1,2024-11-02,2024-11-02
demofac00006,FAC-2024-0006,democli00060,2024-10-03,2024-11-17,9835.560,8512.000,1322.560,1.000,45,false,3,0.00,false,10,false,false,ENTREPRISE,Kairouan,692,0,0,0,,,0,0,,,,0,on_time,4,2024-11-21,2024-11-21
demofac00007,FAC-2024-0007,democli00011,2024-10-04,2024-11-03,2857.000,2400.000,456.000,1.000,30,false,1,0.00,false,10,false,false,ENTREPRISE,Ariana,767,2,0,0,,,2,24301.800,12150.900,0.2351,2,0,on_time,-2,2024-11-01,2024-11-01
demofac00008,FAC-2024-0008,democli00055,2024-10-04,2024-10-19,13555.100,11390.000,2164.100,1.000,15,false,2,0.00,false,10,false,false,ENTREPRISE,Sfax,383,0,0,0,,,0,0,,,,1,late,24,2024-11-12,2024-10-27
demofac00009,FAC-2024-0009,democli00060,2024-10-05,2024-11-19,1262.400,1060.000,201.400,1.000,45,false,2,0.00,false,10,false,false,ENTREPRISE,Kairouan,694,1,0,0,,,1,9835.560,9835.560,0.1284,2,0,on_time,-5,2024-11-14,2024-11-14
demofac00010,FAC-2024-0010,democli00008,2024-10-05,2024-10-20,893.500,750.000,142.500,1.000,15,false,1,0.00,false,10,false,false,ENTREPRISE,Gabes,363,0,0,0,,,0,0,,,,1,late,37,2024-11-26,2024-10-28
demofac00011,FAC-2024-0011,democli00056,2024-10-06,2024-10-06,8116.800,6820.000,1295.800,1.000,0,false,1,0.00,true,10,false,false,PARTICULIER,Sfax,444,0,0,0,,,0,0,,,,1,late,11,2024-10-17,2024-10-14
demofac00012,FAC-2024-0012,democli00006,2024-10-06,2024-11-05,11334.322,9523.800,1809.522,1.000,30,false,4,14.00,true,10,false,false,ENTREPRISE,Sousse,521,0,0,0,,,0,0,,,,1,late,19,2024-11-24,2024-11-13
demofac00013,FAC-2024-0013,democli00054,2024-10-07,2024-11-21,4046.852,3611.640,434.212,1.000,45,false,2,5.00,false,10,false,false,ENTREPRISE,Sousse,750,0,0,0,,,0,0,,,,0,on_time,-4,2024-11-17,2024-11-17
demofac00014,FAC-2024-0014,democli00059,2024-10-07,2024-11-21,18773.040,16156.000,2616.040,1.000,45,false,3,0.00,true,10,false,false,ENTREPRISE,Nabeul,176,0,0,0,,,0,0,,,,0,on_time,-5,2024-11-16,2024-11-16
demofac00015,FAC-2024-0015,democli00006,2024-10-08,2024-11-07,6212.800,5220.000,991.800,1.000,30,false,2,0.00,false,10,false,false,ENTREPRISE,Sousse,523,1,0,0,,,1,11334.322,11334.322,0.5481,2,1,late,13,2024-11-20,2024-11-15
demofac00016,FAC-2024-0016,democli00039,2024-10-08,2024-10-23,4380.880,3876.000,503.880,1.000,15,false,1,0.00,false,10,false,false,ENTREPRISE,Sousse,344,0,0,0,,,0,0,,,,0,on_time,-5,2024-10-18,2024-10-18
demofac00017,FAC-2024-0017,democli00036,2024-10-09,2024-11-23,679.300,570.000,108.300,1.000,45,false,1,0.00,true,10,false,false,ENTREPRISE,Ben Arous,291,0,0,0,,,0,0,,,,0,on_time,-1,2024-11-22,2024-11-22
demofac00018,FAC-2024-0018,democli00053,2024-10-09,2024-11-08,241.750,225.000,15.750,1.000,30,false,1,0.00,false,10,false,false,ENTREPRISE,Sfax,230,0,0,0,,,0,0,,,,0,on_time,-6,2024-11-02,2024-11-02
demofac00019,FAC-2024-0019,democli00011,2024-10-10,2024-11-09,23491.600,19740.000,3750.600,1.000,30,false,4,0.00,false,10,false,false,ENTREPRISE,Ariana,773,3,0,0,,,3,27158.800,9052.933,2.5949,6,0,on_time,3,2024-11-12,2024-11-12
demofac00020,FAC-2024-0020,democli00019,2024-10-11,2024-12-10,23033.750,20225.000,2807.750,1.000,60,false,3,0.00,true,10,false,true,ENTREPRISE,Gabes,447,0,0,0,,,0,0,,,,0,on_time,-2,2024-12-08,2024-12-08
demofac00021,FAC-2024-0021,democli00020,2024-10-11,2024-10-11,2976.000,2500.000,475.000,1.000,0,false,1,0.00,false,10,false,false,PARTICULIER,Kairouan,50,1,1,0,0.0000,1.00,0,0,4011.300,0.7419,10,1,late,11,2024-10-22,2024-10-19
demofac00022,FAC-2024-0022,democli00014,2024-10-13,2024-10-28,10949.000,9200.000,1748.000,1.000,15,false,3,0.00,false,10,false,false,ENTREPRISE,Monastir,145,0,0,0,,,0,0,,,,0,on_time,2,2024-10-30,2024-10-30
demofac00023,FAC-2024-0023,democli00036,2024-10-14,2024-11-28,18593.500,16350.000,2242.500,1.000,45,false,4,0.00,false,10,false,false,ENTREPRISE,Ben Arous,296,1,0,0,,,1,679.300,679.300,27.3716,5,0,on_time,-4,2024-11-24,2024-11-24
demofac00024,FAC-2024-0024,democli00006,2024-10-14,2024-11-13,4427.800,3720.000,706.800,1.000,30,false,1,0.00,false,10,false,false,ENTREPRISE,Sousse,529,2,0,0,,,2,17547.122,8773.561,0.5047,6,0,on_time,-10,2024-11-03,2024-11-03
demofac00025,FAC-2024-0025,democli00024,2024-10-14,2024-10-29,2214.400,1860.000,353.400,1.000,15,false,1,0.00,true,10,false,false,PARTICULIER,Monastir,389,0,0,0,,,0,0,,,,0,on_time,0,2024-10-29,2024-10-29
demofac00026,FAC-2024-0026,democli00019,2024-10-16,2024-12-15,16641.960,13984.000,2656.960,1.000,60,false,1,0.00,false,10,false,true,ENTREPRISE,Gabes,452,1,0,0,,,1,23033.750,23033.750,0.7225,5,1,late,14,2024-12-29,2024-12-23
demofac00027,FAC-2024-0027,democli00057,2024-10-17,2024-11-16,643.600,540.000,102.600,1.000,30,false,1,0.00,false,10,false,false,ENTREPRISE,Tunis,633,0,0,0,,,0,0,,,,1,late,22,2024-12-08,2024-11-24
demofac00028,FAC-2024-0028,democli00016,2024-10-17,2024-11-01,1798.600,1680.000,117.600,1.000,15,false,3,0.00,true,10,false,false,PARTICULIER,Kairouan,214,0,0,0,,,0,0,,,,0,on_time,-4,2024-10-28,2024-10-28
demofac00029,FAC-2024-0029,democli00024,2024-10-19,2024-11-03,3452.000,2900.000,551.000,1.000,15,false,1,0.00,false,10,false,false,PARTICULIER,Monastir,394,1,0,0,,,1,2214.400,2214.400,1.5589,5,1,late,10,2024-11-13,2024-11-11
demofac00030,FAC-2024-0030,democli00040,2024-10-20,2024-12-19,3190.200,2680.000,509.200,1.000,60,false,2,0.00,false,10,false,true,ENTREPRISE,Ben Arous,82,0,0,0,,,0,0,,,,1,late,13,2025-01-01,2024-12-27
demofac00031,FAC-2024-0031,democli00036,2024-10-20,2024-12-04,14959.300,12570.000,2388.300,1.000,45,false,3,12.00,true,10,false,true,ENTREPRISE,Ben Arous,302,2,0,0,,,2,19272.800,9636.400,1.5524,6,0,on_time,4,2024-12-08,2024-12-08
demofac00032,FAC-2024-0032,democli00049,2024-10-20,2024-11-19,2024.000,1700.000,323.000,1.000,30,false,1,0.00,false,10,false,false,ENTREPRISE,Kairouan,169,0,0,0,,,0,0,,,,0,on_time,-2,2024-11-17,2024-11-17
demofac00033,FAC-2024-0033,democli00030,2024-10-21,2024-11-20,9040.240,7596.000,1443.240,1.000,30,false,2,14.00,false,10,false,false,ENTREPRISE,Sfax,604,0,0,0,,,0,0,,,,0,on_time,0,2024-11-20,2024-11-20
demofac00034,FAC-2024-0034,democli00042,2024-10-21,2024-10-21,2838.436,2384.400,453.036,1.000,0,false,2,7.00,false,10,false,false,PARTICULIER,Ben Arous,135,1,1,1,1.0000,14.00,0,0,2583.300,1.0988,20,1,late,14,2024-11-04,2024-10-29
demofac00035,FAC-2024-0035,democli00031,2024-10-22,2024-11-06,548.400,460.000,87.400,1.000,15,false,1,0.00,false,10,false,false,ENTREPRISE,Sousse,368,0,0,0,,,0,0,,,,0,on_time,7,2024-11-13,2024-11-13
demofac00036,FAC-2024-0036,democli00042,2024-10-23,2024-10-23,2857.000,2400.000,456.000,1.000,0,false,1,0.00,false,10,false,false,PARTICULIER,Ben Arous,137,2,1,1,1.0000,14.00,1,2838.436,2710.868,1.0539,2,0,on_time,2,2024-10-25,2024-10-25
demofac00037,FAC-2024-0037,democli00042,2024-10-23,2024-10-23,3809.000,3200.000,608.000,1.000,0,false,3,0.00,false,10,false,false,PARTICULIER,Ben Arous,137,3,1,1,1.0000,14.00,2,5695.436,2759.579,1.3803,0,0,on_time,5,2024-10-28,2024-10-28
demofac00038,FAC-2024-0038,democli00008,2024-10-25,2024-11-24,1280.250,1075.000,204.250,1.000,30,true,2,0.00,false,10,false,false,ENTREPRISE,Gabes,383,1,0,0,,,1,893.500,893.500,1.4328,20,0,on_time,-10,2024-11-14,2024-11-14
demofac00039,FAC-2024-0039,democli00036,2024-10-27,2024-12-11,2587.618,2417.400,169.218,1.000,45,false,1,15.00,false,10,false,true,ENTREPRISE,Ben Arous,309,3,0,0,,,3,34232.100,11410.700,0.2268,7,0,on_time,-11,2024-11-30,2024-11-30
demofac00040,FAC-2024-0040,democli00017,2024-10-27,2024-12-11,13067.200,10980.000,2086.200,1.000,45,false,2,0.00,true,10,false,true,ENTREPRISE,Gabes,359,1,0,0,,,1,1823.932,6082.600,2.1483,25,0,on_time,4,2024-12-15,2024-12-15
demofac00041,FAC-2024-0041,democli00033,2024-10-28,2024-12-27,8163.924,6859.600,1303.324,1.000,60,false,2,12.00,false,10,false,true,ENTREPRISE,Gabes,827,0,0,0,,,0,0,,,,0,on_time,1,2024-12-28,2024-12-28
demofac00042,FAC-2024-0042,democli00006,2024-10-29,2024-11-28,2144.071,1800.900,342.171,1.000,30,false,1,13.00,true,10,false,false,ENTREPRISE,Sousse,544,3,0,0,,,3,18565.405,7324.974,0.2927,15,1,late,11,2024-12-09,2024-12-06
demofac00043,FAC-2024-0043,democli00015,2024-10-29,2024-11-28,13270.214,11150.600,2118.614,1.000,30,false,3,13.00,true,10,false,false,ENTREPRISE,Kairouan,188,0,0,0,,,0,0,,,,0,on_time,7,2024-12-05,2024-12-05
demofac00044,FAC-2024-0044,democli00048,2024-10-30,2024-11-29,1179.100,990.000,188.100,1.000,30,false,1,0.00,false,10,false,false,ENTREPRISE,Ariana,879,0,0,0,,,0,0,,,,1,late,11,2024-12-10,2024-12-07
demofac00045,FAC-2024-0045,democli00010,2024-10-31,2024-12-30,5284.600,4440.000,843.600,1.000,60,false,2,0.00,false,10,false,true,ENTREPRISE,Gabes,384,0,0,0,,,0,0,,,,1,late,131,2025-05-10,2025-01-07
demofac00046,FAC-2024-0046,democli00040,2024-10-31,2024-12-30,7581.280,6828.000,752.280,1.000,60,false,3,0.00,true,10,false,true,ENTREPRISE,Ben Arous,93,1,0,0,,,1,3190.200,3190.200,2.3764,11,0,on_time,-6,2024-12-24,2024-12-24
demofac00047,FAC-2024-0047,democli00042,2024-11-02,2024-11-02,9866.100,8290.000,1575.100,1.000,0,false,2,0.00,false,11,false,false,PARTICULIER,Ben Arous,147,4,4,2,0.5000,7.00,1,2838.436,3021.934,3.2648,10,0,on_time,1,2024-11-03,2024-11-03
demofac00048,FAC-2024-0048,democli00009,2024-11-02,2024-11-17,4838.540,4066.000,772.540,0.000,15,false,1,0.00,false,11,false,false,PARTICULIER,Monastir,808,0,0,0,,,0,0,,,,1,late,15,2024-12-02,2024-11-25
demofac00049,FAC-2024-0049,democli00034,2024-11-03,2024-12-03,857.752,720.800,136.952,0.000,30,false,1,0.00,true,11,false,true,ENTREPRISE,Tunis,798,0,0,0,,,0,0,,,,1,late,11,2024-12-14,2024-12-11
demofac00050,FAC-2024-0050,democli00009,2024-11-03,2024-11-18,3254.460,2734.000,519.460,1.000,15,false,2,0.00,false,11,false,false,PARTICULIER,Monastir,809,1,0,0,,,1,4838.540,4838.540,0.6726,1,0,on_time,1,2024-11-19,2024-11-19
demofac00051,FAC-2024-0051,democli00038,2024-11-04,2024-12-19,1548.000,1300.000,247.000,1.000,45,false,1,0.00,false,11,false,true,ENTREPRISE,Sfax,284,0,0,0,,,0,0,,,,0,on_time,-8,2024-12-11,2024-12-11
demofac00052,FAC-2024-0052,democli00028,2024-11-04,2024-12-04,14019.200,11780.000,2238.200,1.000,30,false,1,0.00,false,11,false,true,ENTREPRISE,Sfax,592,0,0,0,,,0,0,,,,0,on_time,-5,2024-11-29,2024-11-29
demofac00053,FAC-2024-0053,democli00048,2024-11-04,2024-12-04,3404.876,2860.400,543.476,1.000,30,false,2,0.00,false,11,false,true,ENTREPRISE,Ariana,884,1,0,0,,,1,1179.100,1179.100,2.8877,5,0,on_time,-8,2024-11-26,2024-11-26
demofac00054,FAC-2024-0054,democli00027,2024-11-04,2024-12-19,10711.000,9000.000,1710.000,1.000,45,false,1,0.00,false,11,false,true,ENTREPRISE,Nabeul,601,0,0,0,,,0,0,,,,1,late,12,2024-12-31,2024-12-27
demofac00055,FAC-2024-0055,democli00011,2024-11-05,2024-12-05,14281.000,12000.000,2280.000,1.000,30,false,1,0.00,true,11,false,true,ENTREPRISE,Ariana,799,4,3,0,0.0000,1.00,1,23491.600,12662.600,1.1278,26,1,late,10,2024-12-15,2024-12-13
demofac00056,FAC-2024-0056,democli00051,2024-11-06,2024-12-06,7501.570,6303.000,1197.570,1.000,30,false,2,9.00,true,11,false,true,ENTREPRISE,Ariana,175,0,0,0,,,0,0,,,,0,on_time,-5,2024-12-01,2024-12-01
demofac00057,FAC-2024-0057,democli00027,2024-11-06,2024-12-21,4463.500,3750.000,712.500,1.000,45,false,1,0.00,false,11,false,true,ENTREPRISE,Nabeul,603,1,0,0,,,1,10711.000,10711.000,0.4167,2,0,on_time,-9,2024-12-12,2024-12-12
demofac00058,FAC-2024-0058,democli00033,2024-11-06,2025-01-05,3535.300,2970.000,564.300,1.000,60,false,1,0.00,false,11,false,false,ENTREPRISE,Gabes,836,1,0,0,,,1,8163.924,8163.924,0.4330,9,0,on_time,-2,2025-01-03,2025-01-03
demofac00059,FAC-2024-0059,democli00014,2024-11-07,2024-11-22,9818.500,8250.000,1567.500,1.000,15,false,3,0.00,false,11,false,false,ENTREPRISE,Monastir,170,1,1,0,0.0000,2.00,0,0,10949.000,0.8967,25,0,on_time,-7,2024-11-15,2024-11-15
demofac00060,FAC-2024-0060,democli00006,2024-11-07,2024-12-07,6486.500,5450.000,1035.500,1.000,30,false,2,0.00,true,11,false,true,ENTREPRISE,Sousse,553,4,1,0,0.0000,-10.00,3,16281.676,6029.748,1.0757,9,1,late,26,2025-01-02,2024-12-15
demofac00061,FAC-2024-0061,democli00044,2024-11-07,2024-12-07,9009.300,7570.000,1438.300,1.000,30,false,4,0.00,false,11,false,true,ENTREPRISE,Nabeul,769,0,0,0,,,0,0,,,,1,late,16,2024-12-23,2024-12-15
demofac00062,FAC-2024-0062,democli00041,2024-11-09,2024-12-24,10561.000,9600.000,960.000,1.000,45,false,2,0.00,false,11,false,true,ENTREPRISE,Bizerte,842,0,0,0,,,0,0,,,,1,late,11,2025-01-04,2025-01-01
demofac00063,FAC-2024-0063,democli00037,2024-11-10,2024-12-25,5058.500,4250.000,807.500,1.000,45,false,1,0.00,false,11,false,true,ENTREPRISE,Kairouan,871,0,0,0,,,0,0,,,,0,on_time,2,2024-12-27,2024-12-27
demofac00064,FAC-2024-0064,democli00060,2024-11-10,2024-12-25,2510.290,2151.000,358.290,1.000,45,false,2,5.00,false,11,false,true,ENTREPRISE,Kairouan,730,2,0,0,,,2,11097.960,5548.980,0.4524,36,0,on_time,-9,2024-12-16,2024-12-16
demofac00065,FAC-2024-0065,democli00019,2024-11-12,2025-01-11,23971.170,20143.000,3827.170,1.000,60,false,3,0.00,false,11,false,false,ENTREPRISE,Gabes,479,2,0,0,,,2,39675.710,19837.855,1.2084,27,0,on_time,-3,2025-01-08,2025-01-08
demofac00066,FAC-2024-0066,democli00060,2024-11-15,2024-12-30,6257.068,5257.200,998.868,1.000,45,false,4,6.00,true,11,false,true,ENTREPRISE,Kairouan,735,3,1,0,0.0000,-5.00,2,12345.850,4536.083,1.3794,5,0,on_time,3,2025-01-02,2025-01-02
demofac00067,FAC-2024-0067,democli00004,2024-11-15,2024-12-30,32798.120,29024.000,3773.120,1.000,45,false,2,0.00,false,11,false,true,ENTREPRISE,Monastir,932,0,0,0,,,0,0,,,,1,late,81,2025-03-21,2025-01-07
demofac00068,FAC-2024-0068,democli00045,2024-11-17,2024-12-17,7075.550,5945.000,1129.550,1.000,30,false,1,0.00,false,11,false,true,ENTREPRISE,Kairouan,209,0,0,0,,,0,0,,,,1,late,34,2025-01-20,2024-12-25
demofac00069,FAC-2024-0069,democli00051,2024-11-17,2024-12-17,15352.000,12900.000,2451.000,1.000,30,false,3,0.00,false,11,false,true,ENTREPRISE,Ariana,186,1,0,0,,,1,7501.570,7501.570,2.0465,11,0,on_time,7,2024-12-24,2024-12-24
demofac00070,FAC-2024-0070,democli00054,2024-11-18,2025-01-02,2040.184,1713.600,325.584,1.000,45,false,1,0.00,true,11,false,false,ENTREPRISE,Sousse,792,1,1,0,0.0000,-4.00,0,0,4046.852,0.5041,42,0,on_time,-9,2024-12-24,2024-12-24
demofac00071,FAC-2024-0071,democli00041,2024-11-19,2025-01-03,14281.000,12000.000,2280.000,1.000,45,false,1,0.00,true,11,false,false,ENTREPRISE,Bizerte,852,1,0,0,,,1,10561.000,10561.000,1.3522,10,0,on_time,-10,2024-12-24,2024-12-24
demofac00072,FAC-2024-0072,democli00026,2024-11-19,2024-12-19,3328.835,2796.500,531.335,1.000,30,false,1,6.00,true,11,false,true,ENTREPRISE,Sfax,252,0,0,0,,,0,0,,,,0,on_time,0,2024-12-19,2024-12-19
demofac00073,FAC-2024-0073,democli00057,2024-11-19,2024-12-19,15824.668,13297.200,2526.468,1.000,30,false,2,6.00,false,11,false,true,ENTREPRISE,Tunis,666,1,0,0,,,1,643.600,643.600,24.5877,33,1,late,15,2025-01-03,2024-12-27
demofac00074,FAC-2024-0074,democli00018,2024-11-20,2024-12-20,3214.000,2700.000,513.000,1.000,30,false,1,0.00,true,11,false,true,ENTREPRISE,Bizerte,63,0,0,0,,,0,0,,,,0,on_time,-1,2024-12-19,2024-12-19
demofac00075,FAC-2024-0075,democli00042,2024-11-21,2024-11-21,7807.400,6560.000,1246.400,1.000,0,false,2,0.00,true,11,false,false,PARTICULIER,Ben Arous,166,5,5,2,0.4000,7.20,0,0,4390.767,1.7781,19,0,on_time,1,2024-11-22,2024-11-22
demofac00076,FAC-2024-0076,democli00055,2024-11-21,2024-12-06,6070.000,5100.000,969.000,1.000,15,false,1,0.00,true,11,false,true,ENTREPRISE,Sfax,431,1,1,1,1.0000,24.00,0,0,13555.100,0.4478,48,1,late,8,2024-12-14,2024-12-14
demofac00077,FAC-2024-0077,democli00048,2024-11-21,2024-12-21,5594.000,4700.000,893.000,1.000,30,false,1,6.00,true,11,false,true,ENTREPRISE,Ariana,901,2,0,0,,,2,2159.809,2291.988,2.4407,17,0,on_time,1,2024-12-22,2024-12-22
demofac00078,FAC-2024-0078,democli00055,2024-11-21,2024-12-06,11163.200,9380.000,1782.200,1.000,15,false,2,0.00,false,11,false,true,ENTREPRISE,Sfax,431,2,1,1,1.0000,24.00,1,6070.000,9812.550,1.1376,0,1,late,21,2024-12-27,2024-12-14
demofac00079,FAC-2024-0079,democli00011,2024-11-21,2024-12-21,2910.550,2445.000,464.550,1.000,30,false,2,0.00,false,11,false,true,ENTREPRISE,Ariana,815,5,4,0,0.0000,1.50,1,14281.000,12986.280,0.2241,16,1,late,46,2025-02-05,2024-12-29
demofac00080,FAC-2024-0080,democli00030,2024-11-21,2024-12-21,7855.000,6600.000,1254.000,1.000,30,false,1,0.00,true,11,false,true,ENTREPRISE,Sfax,635,1,1,0,0.0000,0.00,0,0,9040.240,0.8689,31,0,on_time,1,2024-12-22,2024-12-22
demofac00081,FAC-2024-0081,democli00058,2024-11-23,2024-12-23,450.400,420.000,29.400,1.000,30,false,1,0.00,false,11,false,true,ENTREPRISE,Bizerte,701,0,0,0,,,0,0,,,,0,on_time,1,2024-12-24,2024-12-24
demofac00082,FAC-2024-0082,democli00048,2024-11-23,2024-12-23,2869.971,2410.900,458.071,1.000,30,false,3,0.00,true,11,false,true,ENTREPRISE,Ariana,903,3,0,0,,,3,7753.809,3392.659,0.8459,2,0,on_time,2,2024-12-25,2024-12-25
demofac00083,FAC-2024-0083,democli00010,2024-11-24,2025-01-23,6771.904,5901.600,869.304,1.000,60,false,3,8.00,true,11,false,false,ENTREPRISE,Gabes,408,1,0,0,,,1,5284.600,5284.600,1.2814,24,0,on_time,-8,2025-01-15,2025-01-15
demofac00084,FAC-2024-0084,democli00002,2024-11-25,2024-12-25,9573.955,8044.500,1528.455,1.000,30,false,3,0.00,true,11,false,true,ENTREPRISE,Sousse,437,0,0,0,,,0,0,,,,1,late,15,2025-01-09,2025-01-02
demofac00085,FAC-2024-0085,democli00039,2024-11-27,2024-12-12,18112.660,15942.000,2169.660,1.000,15,false,2,0.00,false,11,false,true,ENTREPRISE,Sousse,394,1,1,0,0.0000,-5.00,0,0,4380.880,4.1345,50,0,on_time,1,2024-12-13,2024-12-13
demofac00086,FAC-2024-0086,democli00046,2024-11-28,2025-01-27,8069.200,6780.000,1288.200,1.000,60,false,3,0.00,false,11,false,false,ENTREPRISE,Gabes,391,0,0,0,,,0,0,,,,0,on_time,-5,2025-01-22,2025-01-22
demofac00087,FAC-2024-0087,democli00047,2024-11-30,2024-11-30,9529.925,8007.500,1521.425,1.000,0,false,2,0.00,false,11,false,false,PARTICULIER,Gabes,955,0,0,0,,,0,0,,,,1,late,17,2024-12-17,2024-12-08
demofac00088,FAC-2024-0088,democli00001,2024-11-30,2024-12-30,10175.500,8550.000,1624.500,1.000,30,false,1,0.00,false,11,false,true,ENTREPRISE,Gabes,748,0,0,0,,,0,0,,,,0,on_time,-6,2024-12-24,2024-12-24
demofac00089,FAC-2024-0089,democli00009,2024-12-01,2024-12-16,1476.600,1240.000,235.600,1.000,15,false,1,0.00,false,12,true,true,PARTICULIER,Monastir,837,2,2,1,0.5000,1.00,1,4838.540,4046.500,0.3649,28,0,on_time,3,2024-12-19,2024-12-19
demofac00090,FAC-2024-0090,democli00020,2024-12-02,2024-12-02,14569.900,12270.000,2298.900,1.000,0,false,2,0.00,false,12,true,true,PARTICULIER,Kairouan,102,2,2,1,0.5000,6.00,0,0,3493.650,4.1704,52,0,on_time,4,2024-12-06,2024-12-06
demofac00091,FAC-2024-0091,democli00032,2024-12-03,2025-01-02,16089.800,13520.000,2568.800,1.000,30,false,3,0.00,false,12,true,false,ENTREPRISE,Ariana,823,0,0,0,,,0,0,,,,1,late,13,2025-01-15,2025-01-10
demofac00092,FAC-2024-0092,democli00021,2024-12-03,2025-01-02,4064.850,3415.000,648.850,1.000,30,false,2,0.00,true,12,true,false,ENTREPRISE,Sfax,639,0,0,0,,,0,0,,,,0,on_time,-2,2024-12-31,2024-12-31
demofac00093,FAC-2024-0093,democli00047,2024-12-04,2024-12-04,203.300,170.000,32.300,1.000,0,false,1,0.00,false,12,true,true,PARTICULIER,Gabes,959,1,0,0,,,1,9529.925,9529.925,0.0213,4,0,on_time,1,2024-12-05,2024-12-05
demofac00094,FAC-2024-0094,democli00017,2024-12-04,2025-01-18,548.400,460.000,87.400,1.000,45,false,1,0.00,true,12,true,false,ENTREPRISE,Gabes,397,2,1,0,0.0000,-10.00,1,13067.200,9574.900,0.0573,38,0,on_time,-10,2025-01-08,2025-01-08
demofac00095,FAC-2024-0095,democli00005,2024-12-05,2025-01-19,3338.950,2805.000,532.950,1.000,45,false,1,0.00,false,12,true,false,ENTREPRISE,Nabeul,386,0,0,0,,,0,0,,,,0,on_time,-9,2025-01-10,2025-01-10
demofac00096,FAC-2024-0096,democli00005,2024-12-05,2025-01-19,3338.950,2805.000,532.950,1.000,45,false,1,0.00,false,12,true,false,ENTREPRISE,Nabeul,386,1,0,0,,,1,3338.950,3338.950,1.0000,0,1,late,17,2025-02-05,2025-01-27
demofac00097,FAC-2024-0097,democli00009,2024-12-06,2024-12-21,3796.100,3190.000,606.100,0.000,15,false,1,0.00,false,12,true,true,PARTICULIER,Monastir,842,3,2,1,0.5000,8.00,1,1476.600,3189.867,1.1900,5,0,on_time,-7,2024-12-14,2024-12-14
demofac00098,FAC-2024-0098,democli00059,2024-12-07,2025-01-21,9771.124,8523.600,1246.524,1.000,45,false,3,6.00,false,12,true,false,ENTREPRISE,Nabeul,237,1,1,0,0.0000,-5.00,0,0,18773.040,0.5205,61,0,on_time,7,2025-01-28,2025-01-28
demofac00099,FAC-2024-0099,democli00006,2024-12-07,2025-01-06,2190.600,1840.000,349.600,1.000,30,false,1,0.00,false,12,true,false,ENTREPRISE,Sousse,583,5,4,3,0.7500,7.33,2,8630.571,6121.099,0.3579,30,0,on_time,-7,2024-12-30,2024-12-30
demofac00100,FAC-2024-0100,democli00049,2024-12-08,2025-01-07,3452.000,2900.000,551.000,1.000,30,false,1,0.00,false,12,true,false,ENTREPRISE,Kairouan,218,1,1,0,0.0000,-2.00,0,0,2024.000,1.7055,49,0,on_time,-5,2025-01-02,2025-01-02
demofac00101,FAC-2024-0101,democli00059,2024-12-08,2025-01-22,16773.880,14616.000,2156.880,1.000,45,false,4,0.00,true,12,true,false,ENTREPRISE,Nabeul,238,2,1,0,0.0000,-5.00,1,9771.124,14272.082,1.1753,1,0,on_time,-4,2025-01-18,2025-01-18
demofac00102,FAC-2024-0102,democli00030,2024-12-09,2025-01-08,2714.200,2280.000,433.200,1.000,30,false,1,0.00,true,12,true,false,ENTREPRISE,Sfax,653,2,1,0,0.0000,0.00,1,7855.000,8447.620,0.3213,18,1,late,34,2025-02-11,2025-01-16
demofac00103,FAC-2024-0103,democli00049,2024-12-09,2025-01-08,13971.600,11740.000,2230.600,1.000,30,false,4,0.00,false,12,true,false,ENTREPRISE,Kairouan,219,2,1,0,0.0000,-2.00,1,3452.000,2738.000,5.1028,1,0,on_time,4,2025-01-12,2025-01-12
demofac00104,FAC-2024-0104,democli00042,2024-12-10,2024-12-10,7542.744,6337.600,1204.144,1.000,0,false,2,14.00,true,12,true,true,PARTICULIER,Ben Arous,185,6,6,2,0.3333,6.17,0,0,4960.206,1.5207,19,0,on_time,5,2024-12-15,2024-12-15
demofac00105,FAC-2024-0105,democli00019,2024-12-10,2025-02-08,21202.990,18021.000,3180.990,1.000,60,false,2,14.00,false,12,true,false,ENTREPRISE,Gabes,507,3,1,0,0.0000,-2.00,2,40613.130,21215.627,0.9994,28,0,on_time,-6,2025-02-02,2025-02-02
demofac00106,FAC-2024-0106,democli00019,2024-12-11,2025-02-09,42281.700,35530.000,6750.700,1.000,60,false,3,0.00,true,12,true,false,ENTREPRISE,Gabes,508,4,1,0,0.0000,-2.00,3,61816.120,21212.468,1.9932,1,0,on_time,0,2025-02-09,2025-02-09
demofac00107,FAC-2024-0107,democli00057,2024-12-11,2025-01-10,8354.800,7020.000,1333.800,1.000,30,false,2,0.00,false,12,true,false,ENTREPRISE,Tunis,688,2,1,1,1.0000,22.00,1,15824.668,8234.134,1.0147,22,1,late,12,2025-01-22,2025-01-18
demofac00109,FAC-2024-0109,democli00046,2024-12-12,2025-02-10,604.687,507.300,96.387,1.000,60,false,1,11.00,false,12,true,false,ENTREPRISE,Gabes,405,1,0,0,,,1,8069.200,8069.200,0.0749,14,0,on_time,-1,2025-02-09,2025-02-09
demofac00110,FAC-2024-0110,democli00019,2024-12-12,2025-02-10,22135.000,18600.000,3534.000,1.000,60,false,1,0.00,true,12,true,false,ENTREPRISE,Gabes,509,5,1,0,0.0000,-2.00,4,104097.820,25426.314,0.8706,1,0,on_time,-1,2025-02-09,2025-02-09
demofac00111,FAC-2024-0111,democli00010,2024-12-14,2025-02-12,5183.800,4440.000,742.800,1.000,60,false,2,0.00,true,12,true,false,ENTREPRISE,Gabes,428,2,0,0,,,2,12056.504,6028.252,0.8599,20,1,late,28,2025-03-12,2025-02-20
demofac00112,FAC-2024-0112,democli00034,2024-12-15,2025-01-14,8664.200,7280.000,1383.200,1.000,30,false,3,0.00,true,12,true,false,ENTREPRISE,Tunis,840,1,1,1,1.0000,11.00,0,0,857.752,10.1011,42,0,on_time,7,2025-01-21,2025-01-21
demofac00113,FAC-2024-0113,democli00037,2024-12-15,2025-01-29,12365.100,10390.000,1974.100,1.000,45,false,3,0.00,false,12,true,false,ENTREPRISE,Kairouan,906,1,0,0,,,1,5058.500,5058.500,2.4444,35,1,late,12,2025-02-10,2025-02-06
demofac00114,FAC-2024-0114,democli00033,2024-12-15,2025-02-13,8380.750,7089.000,1290.750,1.000,60,false,3,0.00,false,12,true,false,ENTREPRISE,Gabes,875,2,0,0,,,2,7129.958,5849.612,1.4327,39,0,on_time,-12,2025-02-01,2025-02-01
demofac00115,FAC-2024-0115,democli00027,2024-12-15,2025-01-29,3214.000,2700.000,513.000,1.000,45,false,1,0.00,false,12,true,false,ENTREPRISE,Nabeul,642,2,1,0,0.0000,-9.00,1,10711.000,7587.250,0.4236,39,0,on_time,-11,2025-01-18,2025-01-18
demofac00116,FAC-2024-0116,democli00044,2024-12-15,2025-01-14,4285.000,3600.000,684.000,1.000,30,false,1,0.00,false,12,true,false,ENTREPRISE,Nabeul,807,1,0,0,,,1,3649.357,9009.300,0.4756,38,1,late,48,2025-03-03,2025-01-22
demofac00117,FAC-2024-0117,democli00045,2024-12-16,2025-01-15,33913.620,28498.000,5414.620,1.000,30,false,2,0.00,false,12,true,false,ENTREPRISE,Kairouan,238,1,0,0,,,1,7075.550,7075.550,4.7931,29,1,late,37,2025-02-21,2025-01-23
demofac00118,FAC-2024-0118,democli00009,2024-12-16,2024-12-31,7660.697,6436.720,1222.977,1.000,15,false,2,11.00,true,12,true,true,PARTICULIER,Monastir,852,4,3,1,0.3333,3.00,1,1476.600,3341.425,2.2926,10,1,late,18,2025-01-18,2025-01-08
demofac00119,FAC-2024-0119,democli00042,2024-12-16,2024-12-16,2714.200,2280.000,433.200,1.000,0,false,1,5.00,false,12,true,true,PARTICULIER,Ben Arous,191,7,7,2,0.2857,6.00,0,0,5329.140,0.5093,6,0,on_time,1,2024-12-17,2024-12-17
demofac00120,FAC-2024-0120,democli00013,2024-12-17,2025-02-15,16708.600,14040.000,2667.600,1.000,60,false,2,0.00,false,12,true,false,ENTREPRISE,Ariana,783,0,0,0,,,0,0,,,,0,on_time,1,2025-02-16,2025-02-16
demofac00121,FAC-2024-0121,democli00011,2024-12-17,2025-01-16,95462.800,80220.000,15241.800,1.000,30,false,3,0.00,false,12,true,false,ENTREPRISE,Ariana,841,6,5,1,0.2000,3.20,1,2910.550,11306.992,8.4428,26,1,late,9,2025-01-25,2025-01-24
demofac00122,FAC-2024-0122,democli00028,2024-12-18,2025-01-17,4169.570,3503.000,665.570,1.000,30,false,2,0.00,false,12,true,false,ENTREPRISE,Sfax,636,1,1,0,0.0000,-5.00,0,0,14019.200,0.2974,44,1,late,23,2025-02-09,2025-01-25
demofac00123,FAC-2024-0123,democli00005,2024-12-19,2025-02-02,10711.000,9000.000,1710.000,1.000,45,false,1,0.00,true,12,true,false,ENTREPRISE,Nabeul,400,2,0,0,,,2,6677.900,3338.950,3.2079,14,0,on_time,-7,2025-01-26,2025-01-26
demofac00124,FAC-2024-0124,democli00038,2024-12-19,2025-02-02,2143.000,1800.000,342.000,1.000,45,false,1,0.00,false,12,true,false,ENTREPRISE,Sfax,329,1,1,0,0.0000,-8.00,0,0,1548.000,1.3844,45,0,on_time,3,2025-02-05,2025-02-05
demofac00125,FAC-2024-0125,democli00055,2024-12-19,2025-01-03,19052.900,16010.000,3041.900,1.000,15,false,2,0.00,true,12,true,false,ENTREPRISE,Sfax,459,3,3,3,1.0000,16.00,1,4426.468,10262.767,1.8565,28,1,late,26,2025-01-29,2025-01-11
demofac00126,FAC-2024-0126,democli00041,2024-12-19,2025-02-02,3211.000,3000.000,210.000,1.000,45,false,1,0.00,true,12,true,false,ENTREPRISE,Bizerte,882,2,0,0,,,2,17094.523,12421.000,0.2585,30,0,on_time,2,2025-02-04,2025-02-04
demofac00127,FAC-2024-0127,democli00008,2024-12-21,2025-01-05,7584.870,6373.000,1210.870,1.000,15,false,4,12.00,false,12,true,false,ENTREPRISE,Gabes,440,2,2,1,0.5000,13.50,0,0,1086.875,6.9786,57,0,on_time,-1,2025-01-04,2025-01-04
demofac00128,FAC-2024-0128,democli00042,2024-12-22,2024-12-22,453.200,380.000,72.200,1.000,0,false,1,0.00,false,12,true,true,PARTICULIER,Ben Arous,197,8,8,2,0.2500,5.38,0,0,5002.273,0.0906,6,0,on_time,5,2024-12-27,2024-12-27
demofac00129,FAC-2024-0129,democli00019,2024-12-22,2025-02-20,34763.440,30012.000,4750.440,1.000,60,false,4,0.00,false,12,true,false,ENTREPRISE,Gabes,519,6,1,0,0.0000,-2.00,5,126232.820,24877.762,1.3974,10,0,on_time,-4,2025-02-16,2025-02-16
demofac00130,FAC-2024-0130,democli00025,2024-12-23,2025-01-07,3142.600,2640.000,501.600,1.000,15,false,2,0.00,false,12,true,false,PARTICULIER,Kairouan,546,0,0,0,,,0,0,,,,0,on_time,3,2025-01-10,2025-01-10
demofac00131,FAC-2024-0131,democli00026,2024-12-24,2025-01-23,15877.878,13664.200,2212.678,1.000,30,false,4,15.00,true,12,true,false,ENTREPRISE,Sfax,287,1,1,0,0.0000,0.00,0,0,3328.835,4.7698,35,1,late,22,2025-02-14,2025-01-31
demofac00132,FAC-2024-0132,democli00030,2024-12-24,2025-01-23,14519.000,12200.000,2318.000,1.000,30,false,2,0.00,false,12,true,false,ENTREPRISE,Sfax,668,3,2,0,0.0000,0.50,1,2714.200,6536.480,2.2212,15,0,on_time,-6,2025-01-17,2025-01-17
demofac00133,FAC-2024-0133,democli00037,2024-12-26,2025-02-09,10294.500,8650.000,1643.500,1.000,45,false,3,0.00,true,12,true,false,ENTREPRISE,Kairouan,917,2,0,0,,,2,17423.600,8711.800,1.1817,11,0,on_time,-6,2025-02-03,2025-02-03
demofac00135,FAC-2024-0135,democli00049,2024-12-26,2025-01-25,5355.000,4500.000,855.000,0.000,30,false,1,0.00,true,12,true,false,ENTREPRISE,Kairouan,236,3,1,0,0.0000,-2.00,2,17423.600,6482.533,0.8261,17,0,on_time,-7,2025-01-18,2025-01-18
demofac00136,FAC-2024-0136,democli00019,2024-12-27,2025-02-25,8577.092,7206.800,1369.292,1.000,60,false,2,5.00,false,12,true,false,ENTREPRISE,Gabes,524,7,2,1,0.5000,-2.00,6,160996.260,26290.001,0.3262,5,0,on_time,6,2025-03-03,2025-03-03
demofac00137,FAC-2024-0137,democli00030,2024-12-27,2025-01-26,8212.000,6900.000,1311.000,1.000,30,false,2,0.00,false,12,true,false,ENTREPRISE,Sfax,671,4,2,0,0.0000,0.50,2,17233.200,8532.110,0.9625,3,0,on_time,0,2025-01-26,2025-01-26
demofac00138,FAC-2024-0138,democli00019,2024-12-29,2025-02-27,63152.220,54046.000,9105.220,1.000,60,false,4,7.00,true,12,true,false,ENTREPRISE,Gabes,526,8,2,1,0.5000,-2.00,7,169573.352,24075.888,2.6230,2,0,on_time,-7,2025-02-20,2025-02-20
demofac00139,FAC-2024-0139,democli00053,2024-12-29,2025-01-28,1900.240,1596.000,303.240,1.000,30,false,2,12.00,false,12,true,false,ENTREPRISE,Sfax,311,1,1,0,0.0000,-6.00,0,0,241.750,7.8604,81,0,on_time,1,2025-01-29,2025-01-29
demofac00140,FAC-2024-0140,democli00041,2024-12-30,2025-02-13,25990.600,21840.000,4149.600,1.000,45,false,3,0.00,false,12,true,false,ENTREPRISE,Bizerte,893,3,1,0,0.0000,-10.00,2,13772.000,9351.000,2.7794,11,0,on_time,4,2025-02-17,2025-02-17
demofac00141,FAC-2024-0141,democli00054,2024-12-31,2025-02-14,3731.650,3135.000,595.650,1.000,45,false,1,0.00,true,12,true,false,ENTREPRISE,Sousse,835,2,2,0,0.0000,-6.50,0,0,3043.518,1.2261,43,0,on_time,-8,2025-02-06,2025-02-06
demofac00142,FAC-2024-0142,democli00025,2024-12-31,2025-01-15,11170.340,9386.000,1783.340,1.000,15,false,1,0.00,false,12,true,false,PARTICULIER,Kairouan,554,1,0,0,,,1,3142.600,3142.600,3.5545,8,1,late,11,2025-01-26,2025-01-23
demofac00143,FAC-2024-0143,democli00008,2024-12-31,2025-01-15,4285.000,3600.000,684.000,1.000,15,false,1,0.00,false,12,true,false,ENTREPRISE,Gabes,450,3,2,1,0.5000,13.50,1,2436.624,3252.873,1.3173,10,0,on_time,-9,2025-01-06,2025-01-06
demofac00144,FAC-2025-0001,democli00043,2025-01-01,2025-02-15,3160.030,2697.000,462.030,1.000,45,false,3,0.00,false,1,false,false,ENTREPRISE,Ben Arous,704,0,0,0,,,0,0,,,,0,on_time,-7,2025-02-08,2025-02-08
demofac00145,FAC-2025-0002,democli00028,2025-01-01,2025-01-31,2485.720,2088.000,396.720,1.000,30,false,1,13.00,false,1,false,false,ENTREPRISE,Sfax,650,2,1,0,0.0000,-5.00,1,4169.570,9094.385,0.2733,14,0,on_time,-10,2025-01-21,2025-01-21
demofac00146,FAC-2025-0003,democli00042,2025-01-02,2025-01-02,13186.200,11080.000,2105.200,1.000,0,false,3,0.00,false,1,false,false,PARTICULIER,Ben Arous,208,9,9,2,0.2222,5.33,0,0,4496.820,2.9323,11,0,on_time,1,2025-01-03,2025-01-03
demofac00147,FAC-2025-0004,democli00008,2025-01-02,2025-01-17,7152.900,6010.000,1141.900,1.000,15,false,3,0.00,true,1,false,false,ENTREPRISE,Gabes,452,4,2,1,0.5000,13.50,2,6721.624,3510.905,2.0373,2,0,on_time,-1,2025-01-16,2025-01-16
demofac00148,FAC-2025-0005,democli00020,2025-01-02,2025-02-01,4463.500,3750.000,712.500,1.000,30,true,1,0.00,true,1,false,false,PARTICULIER,Kairouan,133,3,3,1,0.3333,5.33,0,0,7185.733,0.6212,31,0,on_time,0,2025-02-01,2025-02-01
demofac00149,FAC-2025-0006,democli00018,2025-01-03,2025-02-02,2000.200,1680.000,319.200,1.000,30,false,1,0.00,true,1,false,false,ENTREPRISE,Bizerte,107,1,1,0,0.0000,-1.00,0,0,3214.000,0.6223,44,0,on_time,-12,2025-01-21,2025-01-21
demofac00150,FAC-2025-0007,democli00037,2025-01-05,2025-02-19,10251.065,8613.500,1636.565,1.000,45,false,3,0.00,false,1,false,false,ENTREPRISE,Kairouan,927,3,1,0,0.0000,2.00,2,22659.600,9239.367,1.1095,10,0,on_time,5,2025-02-24,2025-02-24
demofac00151,FAC-2025-0008,democli00028,2025-01-06,2025-02-05,7795.500,6550.000,1244.500,1.000,30,false,2,15.00,false,1,false,false,ENTREPRISE,Sfax,655,3,1,0,0.0000,-5.00,2,6655.290,6891.497,1.1312,5,0,on_time,3,2025-02-08,2025-02-08
demofac00152,FAC-2025-0009,democli00042,2025-01-06,2025-01-06,6811.300,5850.000,960.300,1.000,0,false,4,0.00,true,1,false,false,PARTICULIER,Ben Arous,212,10,10,2,0.2000,4.90,0,0,5365.758,1.2694,4,0,on_time,4,2025-01-10,2025-01-10
demofac00153,FAC-2025-0010,democli00044,2025-01-07,2025-02-06,4285.000,3600.000,684.000,1.000,30,false,1,0.00,false,1,false,false,ENTREPRISE,Nabeul,830,2,1,1,1.0000,16.00,1,4285.000,6647.150,0.6446,23,1,late,25,2025-03-03,2025-02-14
demofac00154,FAC-2025-0011,democli00014,2025-01-09,2025-01-24,1696.750,1425.000,270.750,1.000,15,false,2,0.00,false,1,false,false,ENTREPRISE,Monastir,233,2,2,0,0.0000,-2.50,0,0,10383.750,0.1634,63,0,on_time,3,2025-01-27,2025-01-27
demofac00155,FAC-2025-0012,democli00019,2025-01-09,2025-03-10,41719.400,35360.000,6358.400,1.000,60,false,3,0.00,false,1,false,false,ENTREPRISE,Gabes,537,9,3,1,0.3333,3.00,6,180269.799,28417.702,1.4681,11,0,on_time,-2,2025-03-08,2025-03-08
demofac00156,FAC-2025-0013,democli00021,2025-01-10,2025-02-09,6330.800,5320.000,1010.800,0.000,30,false,2,0.00,false,1,false,false,ENTREPRISE,Sfax,677,1,1,0,0.0000,-2.00,0,0,4064.850,1.5574,38,0,on_time,1,2025-02-10,2025-02-10
demofac00157,FAC-2025-0014,democli00027,2025-01-10,2025-02-24,1726.500,1450.000,275.500,1.000,45,false,1,0.00,false,1,false,false,ENTREPRISE,Nabeul,668,3,2,1,0.5000,1.50,1,3214.000,6129.500,0.2817,26,0,on_time,-6,2025-02-18,2025-02-18
demofac00158,FAC-2025-0015,democli00005,2025-01-11,2025-02-25,26543.950,22305.000,4237.950,1.000,45,false,3,6.00,true,1,false,false,ENTREPRISE,Nabeul,423,3,1,0,0.0000,-9.00,2,14049.950,5796.300,4.5795,23,1,late,11,2025-03-08,2025-03-05
demofac00159,FAC-2025-0016,democli00040,2025-01-11,2025-03-12,1774.100,1490.000,283.100,1.000,60,false,2,0.00,false,1,false,false,ENTREPRISE,Ben Arous,165,2,2,1,0.5000,3.50,0,0,5385.740,0.3294,72,0,on_time,-3,2025-03-09,2025-03-09
demofac00160,FAC-2025-0017,democli00020,2025-01-11,2025-01-11,190.805,159.500,30.305,1.000,0,false,1,0.00,true,1,false,false,PARTICULIER,Kairouan,142,4,3,1,0.3333,5.33,1,4463.500,6505.175,0.0293,9,0,on_time,1,2025-01-12,2025-01-12
demofac00161,FAC-2025-0018,democli00019,2025-01-11,2025-03-12,1357.600,1140.000,216.600,1.000,60,false,1,0.00,true,1,false,false,ENTREPRISE,Gabes,539,10,3,1,0.3333,3.00,7,221989.199,29747.872,0.0456,2,0,on_time,5,2025-03-17,2025-03-17
demofac00162,FAC-2025-0019,democli00025,2025-01-12,2025-01-27,6437.472,5408.800,1027.672,1.000,15,false,3,6.00,true,1,false,false,PARTICULIER,Kairouan,566,2,1,0,0.0000,3.00,1,11170.340,7156.470,0.8995,12,0,on_time,-4,2025-01-23,2025-01-23
demofac00163,FAC-2025-0020,democli00055,2025-01-12,2025-01-27,8916.670,7493.000,1423.670,0.000,15,false,2,0.00,false,1,false,false,ENTREPRISE,Sfax,483,4,4,4,1.0000,17.67,1,19052.900,12460.300,0.7156,24,1,late,,,2025-02-04
demofac00164,FAC-2025-0021,democli00008,2025-01-14,2025-01-29,8182.607,6875.300,1306.307,1.000,15,false,2,9.00,false,1,false,false,ENTREPRISE,Gabes,464,5,4,1,0.2500,4.25,1,3114.607,4239.304,1.9302,12,1,late,9,2025-02-07,2025-02-06
demofac00165,FAC-2025-0022,democli00008,2025-01-15,2025-01-30,5832.000,4900.000,931.000,1.000,15,false,3,0.00,false,1,false,false,ENTREPRISE,Gabes,465,6,4,1,0.2500,4.25,2,11297.214,4896.521,1.1910,1,1,late,10,2025-02-09,2025-02-07
demofac00166,FAC-2025-0023,democli00052,2025-01-17,2025-03-03,5189.400,4360.000,828.400,1.000,45,false,2,0.00,true,1,false,false,ENTREPRISE,Gabes,679,0,0,0,,,0,0,,,,1,late,12,2025-03-15,2025-03-11
demofac00167,FAC-2025-0024,democli00042,2025-01-17,2025-01-17,12008.100,10090.000,1917.100,1.000,0,false,3,0.00,true,1,false,false,PARTICULIER,Ben Arous,223,11,11,2,0.1818,4.82,0,0,5497.171,2.1844,11,0,on_time,4,2025-01-21,2025-01-21
demofac00168,FAC-2025-0025,democli00054,2025-01-17,2025-03-03,8491.664,7325.600,1165.064,1.000,45,false,3,0.00,true,1,false,false,ENTREPRISE,Sousse,852,3,2,0,0.0000,-6.50,1,3731.650,3272.895,2.5945,17,0,on_time,5,2025-03-08,2025-03-08
demofac00169,FAC-2025-0026,democli00013,2025-01-17,2025-03-18,11841.500,9950.000,1890.500,1.000,60,false,3,0.00,false,1,false,false,ENTREPRISE,Ariana,814,1,0,0,,,1,16708.600,16708.600,0.7087,31,1,late,46,2025-05-03,2025-03-26
demofac00170,FAC-2025-0027,democli00038,2025-01-18,2025-03-04,3452.000,2900.000,551.000,1.000,45,false,1,0.00,false,1,false,false,ENTREPRISE,Sfax,359,2,1,0,0.0000,-8.00,1,2143.000,1845.500,1.8705,30,0,on_time,7,2025-03-11,2025-03-11
demofac00172,FAC-2025-0029,democli00053,2025-01-18,2025-02-17,2232.250,1875.000,356.250,1.000,30,false,3,0.00,false,1,false,false,ENTREPRISE,Sfax,331,2,1,0,0.0000,-6.00,1,1900.240,1070.995,2.0843,20,1,late,58,2025-04-16,2025-02-25
demofac00173,FAC-2025-0030,democli00024,2025-01-18,2025-02-02,1476.600,1240.000,235.600,1.000,15,false,1,0.00,false,1,false,false,PARTICULIER,Monastir,485,2,2,1,0.5000,5.00,0,0,2833.200,0.5212,91,0,on_time,-12,2025-01-21,2025-01-21
demofac00174,FAC-2025-0031,democli00055,2025-01-18,2025-02-02,11901.000,10000.000,1900.000,1.000,15,false,2,0.00,false,1,false,false,ENTREPRISE,Sfax,489,5,4,4,1.0000,17.67,2,27969.570,11751.574,1.0127,6,1,late,97,2025-05-10,2025-02-10
demofac00175,FAC-2025-0032,democli00026,2025-01-19,2025-02-18,11191.760,9404.000,1786.760,1.000,30,false,2,12.00,false,1,false,false,ENTREPRISE,Sfax,313,2,1,0,0.0000,0.00,1,10155.864,9603.357,1.1654,26,1,late,26,2025-03-16,2025-02-26
demofac00176,FAC-2025-0033,democli00044,2025-01-19,2025-02-18,4761.000,4000.000,760.000,1.000,30,false,2,10.00,false,1,false,false,ENTREPRISE,Nabeul,842,3,1,1,1.0000,16.00,2,8570.000,5859.767,0.8125,12,1,late,9,2025-02-27,2025-02-26
demofac00177,FAC-2025-0034,democli00031,2025-01-20,2025-02-04,6085.540,5202.000,882.540,1.000,15,false,3,14.00,false,1,false,false,ENTREPRISE,Sousse,458,1,1,0,0.0000,7.00,0,0,548.400,11.0969,90,0,on_time,-9,2025-01-26,2025-01-26
demofac00178,FAC-2025-0035,democli00030,2025-01-21,2025-02-20,12853.000,10800.000,2052.000,1.000,30,false,1,10.00,false,1,false,false,ENTREPRISE,Sfax,696,5,4,1,0.2500,-1.67,2,10926.200,8468.088,1.5178,25,0,on_time,-11,2025-02-09,2025-02-09
demofac00179,FAC-2025-0036,democli00054,2025-01-21,2025-03-07,12793.500,10750.000,2042.500,1.000,45,false,2,0.00,false,1,false,false,ENTREPRISE,Sousse,856,4,2,0,0.0000,-6.50,2,12223.314,4577.588,2.7948,4,0,on_time,5,2025-03-12,2025-03-12
demofac00180,FAC-2025-0037,democli00049,2025-01-22,2025-02-21,2285.800,1920.000,364.800,1.000,30,false,1,0.00,true,1,false,false,ENTREPRISE,Kairouan,263,4,4,0,0.0000,-2.50,0,0,6200.650,0.3686,27,0,on_time,7,2025-02-28,2025-02-28
demofac00181,FAC-2025-0038,democli00049,2025-01-23,2025-02-22,9140.200,7680.000,1459.200,1.000,30,true,2,0.00,false,1,false,false,ENTREPRISE,Kairouan,264,5,4,0,0.0000,-2.50,1,2285.800,5417.680,1.6871,1,0,on_time,7,2025-03-01,2025-03-01
demofac00182,FAC-2025-0039,democli00006,2025-01-24,2025-02-23,2178.700,1830.000,347.700,1.000,30,false,2,0.00,false,1,false,false,ENTREPRISE,Sousse,631,6,6,4,0.6667,8.67,0,0,5466.016,0.3986,48,0,on_time,-5,2025-02-18,2025-02-18
demofac00183,FAC-2025-0040,democli00025,2025-01-25,2025-02-09,1107.700,930.000,176.700,1.000,15,false,1,0.00,false,1,false,false,PARTICULIER,Kairouan,579,3,3,1,0.3333,-0.50,1,11170.340,6916.804,0.1601,13,1,late,14,2025-02-23,2025-02-17
demofac00184,FAC-2025-0041,democli00042,2025-01-26,2025-01-26,6098.560,5124.000,973.560,1.000,0,false,2,10.00,false,1,false,false,PARTICULIER,Ben Arous,232,12,12,2,0.1667,4.75,0,0,6039.748,1.0097,9,0,on_time,7,2025-02-02,2025-02-02
demofac00185,FAC-2025-0042,democli00020,2025-01-27,2025-01-27,1179.100,990.000,188.100,1.000,0,false,1,0.00,false,1,false,false,PARTICULIER,Kairouan,158,5,4,1,0.2500,4.25,1,2534.118,5242.301,0.2249,16,0,on_time,7,2025-02-03,2025-02-03
demofac00186,FAC-2025-0043,democli00054,2025-01-28,2025-03-14,3214.000,2700.000,513.000,1.000,45,false,1,0.00,true,1,false,false,ENTREPRISE,Sousse,863,5,2,0,0.0000,-6.50,3,25016.814,6220.770,0.5167,7,0,on_time,-5,2025-03-09,2025-03-09
demofac00187,FAC-2025-0044,democli00041,2025-01-28,2025-03-14,10815.720,9088.000,1726.720,1.000,45,false,2,0.00,true,1,false,false,ENTREPRISE,Bizerte,922,4,2,1,0.5000,0.50,2,29201.600,13510.900,0.8005,29,0,on_time,-11,2025-03-03,2025-03-03
demofac00188,FAC-2025-0045,democli00040,2025-01-30,2025-03-31,3346.750,2925.000,420.750,1.000,60,false,2,0.00,true,1,false,false,ENTREPRISE,Ben Arous,184,3,2,1,0.5000,3.50,1,1774.100,4181.860,0.8003,19,0,on_time,4,2025-04-04,2025-04-04
demofac00189,FAC-2025-0046,democli00027,2025-01-30,2025-03-16,23658.200,19880.000,3777.200,1.000,45,false,3,0.00,false,1,false,false,ENTREPRISE,Nabeul,688,4,3,1,0.3333,-2.67,1,1726.500,5028.750,4.7046,20,0,on_time,-3,2025-03-13,2025-03-13
demofac00190,FAC-2025-0047,democli00057,2025-01-30,2025-03-01,6616.400,5560.000,1056.400,0.000,30,false,2,0.00,false,1,false,false,ENTREPRISE,Tunis,738,3,3,3,1.0000,16.33,0,0,8274.356,0.7996,50,0,on_time,-6,2025-02-23,2025-02-23
demofac00191,FAC-2025-0048,democli00019,2025-02-01,2025-04-02,18780.250,16575.000,2204.250,1.000,60,false,3,0.00,false,2,false,false,ENTREPRISE,Gabes,560,11,3,1,0.3333,3.00,8,208268.399,27166.938,0.6913,21,0,on_time,-3,2025-03-30,2025-03-30
demofac00192,FAC-2025-0049,democli00026,2025-02-03,2025-03-05,13843.920,12124.000,1718.920,1.000,30,false,2,0.00,false,2,false,false,ENTREPRISE,Sfax,328,3,2,1,0.5000,0.00,2,17010.216,10132.824,1.3662,15,0,on_time,6,2025-03-11,2025-03-11
demofac00193,FAC-2025-0050,democli00042,2025-02-03,2025-02-03,2285.800,1920.000,364.800,1.000,0,false,2,0.00,false,2,false,false,PARTICULIER,Ben Arous,240,13,13,2,0.1538,4.92,0,0,6044.272,0.3782,8,0,on_time,5,2025-02-08,2025-02-08
demofac00194,FAC-2025-0051,democli00024,2025-02-03,2025-02-18,4024.390,3381.000,642.390,1.000,15,false,3,11.00,false,2,false,false,PARTICULIER,Monastir,501,3,3,1,0.3333,-0.67,0,0,2381.000,1.6902,16,0,on_time,-2,2025-02-16,2025-02-16
demofac00195,FAC-2025-0052,democli00047,2025-02-03,2025-02-03,9580.500,8050.000,1529.500,1.000,0,false,2,11.00,true,2,false,false,PARTICULIER,Gabes,1020,2,2,1,0.5000,9.00,0,0,4866.613,1.9686,61,0,on_time,1,2025-02-04,2025-02-04
demofac00196,FAC-2025-0053,democli00051,2025-02-04,2025-03-06,12317.500,10350.000,1966.500,1.000,30,false,3,0.00,false,2,false,false,ENTREPRISE,Ariana,265,2,2,0,0.0000,1.00,0,0,11426.785,1.0779,79,0,on_time,3,2025-03-09,2025-03-09
demofac00197,FAC-2025-0054,democli00041,2025-02-04,2025-03-21,3211.000,3000.000,210.000,1.000,45,false,1,0.00,true,2,false,false,ENTREPRISE,Bizerte,929,5,2,1,0.5000,0.50,3,40017.320,12971.864,0.2475,7,0,on_time,-12,2025-03-09,2025-03-09
demofac00198,FAC-2025-0055,democli00019,2025-02-04,2025-04-05,23220.280,19512.000,3707.280,1.000,60,false,2,8.00,false,2,false,false,ENTREPRISE,Gabes,563,12,4,1,0.2500,0.75,8,205845.659,26468.048,0.8773,3,0,on_time,-7,2025-03-29,2025-03-29
demofac00199,FAC-2025-0056,democli00042,2025-02-05,2025-02-05,3071.200,2580.000,490.200,1.000,0,false,2,0.00,true,2,false,false,PARTICULIER,Ben Arous,242,14,13,2,0.1538,4.92,1,2285.800,5775.810,0.5317,2,0,on_time,1,2025-02-06,2025-02-06
demofac00200,FAC-2025-0057,democli00044,2025-02-05,2025-03-07,10934.895,9248.500,1685.395,1.000,30,false,3,5.00,true,2,false,false,ENTREPRISE,Nabeul,859,4,2,2,1.0000,16.00,3,13331.000,5585.075,1.9579,17,1,late,32,2025-04-08,2025-03-15
demofac00201,FAC-2025-0058,democli00049,2025-02-06,2025-03-08,3297.300,2770.000,526.300,1.000,30,false,2,0.00,false,2,false,false,ENTREPRISE,Kairouan,278,6,4,0,0.0000,-2.50,2,11426.000,6038.100,0.5461,14,0,on_time,7,2025-03-15,2025-03-15
demofac00202,FAC-2025-0059,democli00041,2025-02-06,2025-03-23,3211.000,3000.000,210.000,1.000,45,false,1,0.00,false,2,false,false,ENTREPRISE,Bizerte,931,6,3,1,0.3333,1.00,3,40017.320,11345.053,0.2830,2,0,on_time,0,2025-03-23,2025-03-23
demofac00203,FAC-2025-0060,democli00042,2025-02-06,2025-02-06,179.500,150.000,28.500,1.000,0,false,1,0.00,false,2,false,false,PARTICULIER,Ben Arous,243,15,13,2,0.1538,4.92,2,5357.000,5595.503,0.0321,1,0,on_time,4,2025-02-10,2025-02-10
demofac00204,FAC-2025-0061,democli00013,2025-02-07,2025-04-08,18453.140,15506.000,2946.140,1.000,60,false,3,10.00,false,2,false,false,ENTREPRISE,Ariana,835,2,0,0,,,2,28550.100,14275.050,1.2927,21,0,on_time,1,2025-04-09,2025-04-09
demofac00205,FAC-2025-0062,democli00044,2025-02-08,2025-03-10,4205.200,3660.000,544.200,1.000,30,false,3,0.00,true,2,false,false,ENTREPRISE,Nabeul,862,5,2,2,1.0000,16.00,4,24265.895,6655.039,0.6319,3,1,late,16,2025-03-26,2025-03-18
demofac00206,FAC-2025-0063,democli00052,2025-02-08,2025-03-25,5189.400,4360.000,828.400,1.000,45,false,3,0.00,true,2,false,false,ENTREPRISE,Gabes,701,1,0,0,,,1,5189.400,5189.400,1.0000,22,0,on_time,4,2025-03-29,2025-03-29
demofac00207,FAC-2025-0064,democli00028,2025-02-09,2025-03-11,14528.948,12208.360,2319.588,1.000,30,false,2,6.00,false,2,false,false,ENTREPRISE,Sfax,689,4,4,1,0.2500,-4.00,1,4169.570,7117.498,2.0413,34,0,on_time,0,2025-03-11,2025-03-11
demofac00208,FAC-2025-0065,democli00030,2025-02-09,2025-03-11,2628.520,2208.000,419.520,1.000,30,false,1,8.00,true,2,false,false,ENTREPRISE,Sfax,715,6,5,1,0.2000,-1.25,2,15567.200,9198.907,0.2857,19,0,on_time,-9,2025-03-02,2025-03-02
demofac00209,FAC-2025-0066,democli00043,2025-02-10,2025-03-27,1960.300,1710.000,249.300,1.000,45,false,2,0.00,false,2,false,false,ENTREPRISE,Ben Arous,744,1,1,0,0.0000,-7.00,0,0,3160.030,0.6203,40,0,on_time,-8,2025-03-19,2025-03-19
demofac00210,FAC-2025-0067,democli00006,2025-02-11,2025-03-13,5141.800,4320.000,820.800,1.000,30,false,2,0.00,false,2,false,false,ENTREPRISE,Sousse,649,7,6,4,0.6667,8.67,1,2178.700,4996.399,1.0291,18,0,on_time,-5,2025-03-08,2025-03-08
demofac00211,FAC-2025-0068,democli00033,2025-02-12,2025-04-13,25966.800,21820.000,4145.800,1.000,60,false,2,0.00,false,2,false,false,ENTREPRISE,Gabes,934,3,3,0,0.0000,-4.33,0,0,6693.325,3.8795,59,0,on_time,-3,2025-04-10,2025-04-10
demofac00212,FAC-2025-0069,democli00019,2025-02-12,2025-04-13,5068.950,4525.000,542.950,1.000,60,false,2,12.00,false,2,false,false,ENTREPRISE,Gabes,571,13,6,1,0.1667,0.33,7,191570.282,26218.219,0.1933,8,0,on_time,3,2025-04-16,2025-04-16
demofac00213,FAC-2025-0070,democli00034,2025-02-13,2025-03-15,1036.300,870.000,165.300,1.000,30,false,1,0.00,true,2,false,false,ENTREPRISE,Tunis,900,2,2,1,0.5000,9.00,0,0,4760.976,0.2177,60,1,late,23,2025-04-07,2025-03-23
demofac00214,FAC-2025-0071,democli00021,2025-02-13,2025-03-15,5682.740,4898.000,783.740,1.000,30,false,3,0.00,false,2,false,false,ENTREPRISE,Sfax,711,2,2,0,0.0000,-0.50,0,0,5197.825,1.0933,34,0,on_time,0,2025-03-15,2025-03-15
demofac00215,FAC-2025-0072,democli00046,2025-02-13,2025-04-14,18749.450,15755.000,2993.450,1.000,60,false,2,0.00,true,2,false,false,ENTREPRISE,Gabes,468,2,2,0,0.0000,-3.00,0,0,4336.944,4.3232,63,0,on_time,-8,2025-04-06,2025-04-06
demofac00216,FAC-2025-0073,democli00005,2025-02-13,2025-03-30,55930.000,47000.000,8930.000,0.000,45,false,4,0.00,false,2,false,false,ENTREPRISE,Nabeul,456,4,3,1,0.3333,0.33,1,26543.950,10983.213,5.0923,33,0,on_time,4,2025-04-03,2025-04-03
demofac00217,FAC-2025-0074,democli00044,2025-02-13,2025-03-15,905.400,760.000,144.400,1.000,30,false,1,0.00,true,2,false,false,ENTREPRISE,Nabeul,867,6,2,2,1.0000,16.00,5,26532.060,6246.733,0.1449,5,1,late,27,2025-04-11,2025-03-23
demofac00218,FAC-2025-0075,democli00040,2025-02-14,2025-04-15,4999.000,4200.000,798.000,1.000,60,false,1,0.00,false,2,false,false,ENTREPRISE,Ben Arous,199,4,2,1,0.5000,3.50,2,5120.850,3973.083,1.2582,15,1,late,25,2025-05-10,2025-04-23
demofac00219,FAC-2025-0076,democli00037,2025-02-14,2025-03-31,11869.465,9973.500,1894.965,1.000,45,false,2,5.00,false,2,false,false,ENTREPRISE,Kairouan,967,4,3,1,0.3333,2.67,1,10251.065,9492.291,1.2504,40,0,on_time,6,2025-04-06,2025-04-06
demofac00220,FAC-2025-0077,democli00034,2025-02-14,2025-03-16,16859.730,14167.000,2691.730,1.000,30,false,3,0.00,false,2,false,false,ENTREPRISE,Tunis,901,3,2,1,0.5000,9.00,1,1036.300,3519.417,4.7905,1,0,on_time,-1,2025-03-15,2025-03-15
demofac00221,FAC-2025-0078,democli00030,2025-02-17,2025-03-19,1167.676,980.400,186.276,1.000,30,false,1,14.00,false,2,false,false,ENTREPRISE,Sfax,723,7,6,1,0.1667,3.00,1,2628.520,8260.280,0.1414,8,0,on_time,7,2025-03-26,2025-03-26
demofac00222,FAC-2025-0079,democli00042,2025-02-17,2025-02-17,16483.620,14014.000,2468.620,1.000,0,false,3,0.00,true,2,false,false,PARTICULIER,Ben Arous,254,16,16,2,0.1250,4.63,0,0,5257.003,3.1356,11,1,late,10,2025-02-27,2025-02-25
demofac00223,FAC-2025-0080,democli00010,2025-02-18,2025-04-19,7412.320,6228.000,1183.320,1.000,60,false,2,9.00,false,2,false,false,ENTREPRISE,Gabes,494,3,2,1,0.5000,-8.00,2,7765.859,5746.768,1.2898,66,1,late,29,2025-05-18,2025-04-27
demofac00224,FAC-2025-0081,democli00019,2025-02-18,2025-04-19,964.000,900.000,63.000,1.000,60,false,1,0.00,true,2,false,false,ENTREPRISE,Gabes,577,14,7,1,0.1429,-0.29,7,161875.792,24707.557,0.0390,6,0,on_time,6,2025-04-25,2025-04-25
demofac00225,FAC-2025-0082,democli00043,2025-02-19,2025-04-05,675.100,630.000,44.100,1.000,45,false,1,0.00,true,2,false,false,ENTREPRISE,Ben Arous,753,2,1,0,0.0000,-7.00,1,1960.300,2560.165,0.2637,9,0,on_time,-2,2025-04-03,2025-04-03
demofac00226,FAC-2025-0083,democli00026,2025-02-20,2025-03-22,10140.840,8748.000,1392.840,0.000,30,false,3,0.00,false,2,false,false,ENTREPRISE,Sfax,345,4,2,1,0.5000,11.00,2,25035.680,11060.598,0.9168,17,0,on_time,-12,2025-03-10,2025-03-10
demofac00227,FAC-2025-0084,democli00048,2025-02-21,2025-03-23,2487.100,2090.000,397.100,0.000,30,false,2,0.00,true,2,false,false,ENTREPRISE,Ariana,993,4,4,1,0.2500,1.50,0,0,3261.987,0.7624,90,0,on_time,-5,2025-03-18,2025-03-18
demofac00228,FAC-2025-0085,democli00048,2025-02-22,2025-03-24,10512.032,8832.800,1678.232,1.000,30,false,2,0.00,false,2,false,false,ENTREPRISE,Ariana,994,5,4,1,0.2500,1.50,1,2487.100,3107.009,3.3833,1,1,late,33,2025-04-26,2025-04-01
demofac00229,FAC-2025-0086,democli00059,2025-02-22,2025-04-08,5687.160,5032.000,654.160,1.000,45,false,1,0.00,false,2,false,false,ENTREPRISE,Nabeul,314,3,3,0,0.0000,-0.67,0,0,15106.015,0.3765,76,0,on_time,-4,2025-04-04,2025-04-04
demofac00230,FAC-2025-0087,democli00050,2025-02-22,2025-03-24,4094.600,3440.000,653.600,1.000,30,false,2,0.00,false,2,false,false,ENTREPRISE,Ben Arous,151,0,0,0,,,0,0,,,,0,on_time,5,2025-03-29,2025-03-29
demofac00231,FAC-2025-0088,democli00037,2025-02-23,2025-04-09,23815.280,20012.000,3802.280,1.000,45,false,3,0.00,false,2,false,false,ENTREPRISE,Kairouan,976,5,3,1,0.3333,2.67,2,22120.530,9967.726,2.3892,9,1,late,11,2025-04-20,2025-04-17
demofac00232,FAC-2025-0089,democli00020,2025-02-24,2025-02-24,1122.575,942.500,179.075,1.000,0,false,2,0.00,false,2,false,false,PARTICULIER,Kairouan,186,6,6,1,0.1667,4.00,0,0,4565.101,0.2459,28,0,on_time,2,2025-02-26,2025-02-26
demofac00233,FAC-2025-0090,democli00028,2025-02-24,2025-03-26,11068.000,9300.000,1767.000,1.000,30,false,1,0.00,false,2,false,false,ENTREPRISE,Sfax,704,5,4,1,0.2500,2.75,1,14528.948,8599.788,1.2870,15,0,on_time,4,2025-03-30,2025-03-30
demofac00234,FAC-2025-0091,democli00010,2025-02-25,2025-04-26,2321.500,1950.000,370.500,1.000,60,false,1,0.00,false,2,false,false,ENTREPRISE,Gabes,501,4,3,2,0.6667,-8.00,3,15178.179,6163.156,0.3767,7,1,late,20,2025-05-16,2025-05-04
demofac00235,FAC-2025-0092,democli00027,2025-02-25,2025-03-27,5903.400,4960.000,942.400,1.000,30,true,1,0.00,false,2,false,false,ENTREPRISE,Nabeul,714,5,4,1,0.2500,-3.50,1,23658.200,8754.640,0.6743,26,0,on_time,0,2025-03-27,2025-03-27
demofac00236,FAC-2025-0093,democli00020,2025-02-28,2025-02-28,562.740,472.050,89.690,1.000,0,false,2,71.00,false,2,false,false,PARTICULIER,Kairouan,190,7,7,1,0.1429,3.71,0,0,4073.311,0.1382,4,0,on_time,2,2025-03-02,2025-03-02
demofac00237,FAC-2025-0094,democli00060,2025-02-28,2025-04-14,2706.220,2394.000,311.220,1.000,45,false,1,0.00,true,2,false,false,ENTREPRISE,Kairouan,840,4,4,0,0.0000,-1.75,0,0,4966.330,0.5449,105,0,on_time,4,2025-04-18,2025-04-18
demofac00238,FAC-2025-0095,democli00053,2025-02-28,2025-03-30,5177.500,4350.000,826.500,1.000,30,false,2,0.00,false,2,false,false,ENTREPRISE,Sfax,372,3,3,1,0.3333,-2.50,1,2232.250,1458.080,3.5509,41,0,on_time,7,2025-04-06,2025-04-06
demofac00239,FAC-2025-0096,democli00034,2025-02-28,2025-03-30,6382.970,5363.000,1018.970,1.000,30,false,3,10.00,false,2,false,false,ENTREPRISE,Tunis,915,4,2,1,0.5000,9.00,2,17896.030,6854.496,0.9312,14,0,on_time,-8,2025-03-22,2025-03-22
demofac00240,FAC-2025-0097,democli00054,2025-03-01,2025-04-15,6372.547,5492.100,879.447,1.000,45,false,2,7.00,true,3,true,false,ENTREPRISE,Sousse,895,6,3,0,0.0000,-7.00,3,22210.282,5719.642,1.1142,32,0,on_time,-10,2025-04-05,2025-04-05
demofac00241,FAC-2025-0098,democli00037,2025-03-01,2025-04-15,10699.100,8990.000,1708.100,1.000,45,false,1,0.00,false,3,true,false,ENTREPRISE,Kairouan,982,6,4,1,0.2500,3.25,2,35684.745,12275.652,0.8716,6,0,on_time,7,2025-04-22,2025-04-22
demofac00242,FAC-2025-0099,democli00059,2025-03-03,2025-04-17,4461.240,3948.000,513.240,0.000,45,false,1,0.00,false,3,true,false,ENTREPRISE,Nabeul,323,4,3,0,0.0000,-0.67,1,5687.160,12751.301,0.3499,9,0,on_time,0,2025-04-17,2025-04-17
demofac00243,FAC-2025-0100,democli00051,2025-03-03,2025-04-02,20304.780,17062.000,3241.780,1.000,30,false,3,14.00,true,3,true,false,ENTREPRISE,Ariana,292,3,2,0,0.0000,1.00,1,12317.500,11723.690,1.7319,27,0,on_time,-8,2025-03-25,2025-03-25
demofac00244,FAC-2025-0101,democli00037,2025-03-04,2025-04-18,17986.660,15114.000,2871.660,1.000,45,false,3,14.00,true,3,true,false,ENTREPRISE,Kairouan,985,7,4,1,0.2500,3.25,3,46383.845,12050.430,1.4926,3,1,late,9,2025-04-27,2025-04-26
demofac00245,FAC-2025-0102,democli00009,2025-03-04,2025-03-19,10520.600,8840.000,1679.600,1.000,15,false,4,0.00,true,3,true,false,PARTICULIER,Monastir,930,5,5,2,0.4000,6.00,0,0,4205.279,2.5018,78,0,on_time,7,2025-03-26,2025-03-26
demofac00246,FAC-2025-0103,democli00051,2025-03-05,2025-04-04,32416.600,27240.000,5175.600,1.000,30,false,4,0.00,false,3,true,false,ENTREPRISE,Ariana,294,4,2,0,0.0000,1.00,2,32622.280,13868.963,2.3373,2,0,on_time,-3,2025-04-01,2025-04-01
demofac00247,FAC-2025-0104,democli00040,2025-03-08,2025-05-07,25985.450,22055.000,3929.450,1.000,60,false,3,0.00,false,3,true,false,ENTREPRISE,Ben Arous,221,5,2,1,0.5000,3.50,3,10119.850,4178.266,6.2192,22,1,late,32,2025-06-08,2025-05-15
demofac00248,FAC-2025-0105,democli00017,2025-03-08,2025-04-22,4285.000,3600.000,684.000,1.000,45,false,1,0.00,false,3,true,false,ENTREPRISE,Gabes,491,3,3,0,0.0000,-5.33,0,0,6566.067,0.6526,94,0,on_time,-8,2025-04-14,2025-04-14
demofac00249,FAC-2025-0106,democli00020,2025-03-08,2025-03-08,3366.336,2922.400,442.936,1.000,0,false,4,0.00,true,3,true,false,PARTICULIER,Kairouan,198,8,8,1,0.1250,3.50,0,0,3634.490,0.9262,8,0,on_time,4,2025-03-12,2025-03-12
demofac00250,FAC-2025-0107,democli00011,2025-03-09,2025-04-08,26441.610,22219.000,4221.610,1.000,30,false,4,7.00,true,3,true,false,ENTREPRISE,Ariana,923,7,7,3,0.4286,10.14,0,0,23329.250,1.1334,82,1,late,10,2025-04-18,2025-04-16
demofac00251,FAC-2025-0108,democli00048,2025-03-09,2025-04-08,5028.988,4225.200,802.788,1.000,30,false,3,0.00,false,3,true,false,ENTREPRISE,Ariana,1009,6,4,1,0.2500,1.50,2,12999.132,4341.180,1.1584,15,0,on_time,-3,2025-04-05,2025-04-05
demofac00252,FAC-2025-0109,democli00026,2025-03-10,2025-04-09,16442.040,14248.000,2193.040,1.000,30,false,4,0.00,false,3,true,false,ENTREPRISE,Sfax,363,5,3,2,0.6667,11.00,3,35176.520,10876.647,1.5117,18,0,on_time,-7,2025-04-02,2025-04-02
demofac00254,FAC-2025-0111,democli00025,2025-03-11,2025-03-26,9976.246,8383.400,1592.846,0.000,15,false,2,13.00,false,3,true,false,PARTICULIER,Kairouan,624,4,4,2,0.5000,6.00,0,0,5464.528,1.8256,45,0,on_time,-8,2025-03-18,2025-03-18
demofac00256,FAC-2025-0113,democli00039,2025-03-12,2025-03-27,37754.210,33409.920,4343.290,1.000,15,false,2,12.00,false,3,true,false,ENTREPRISE,Sousse,499,2,2,0,0.0000,-2.00,0,0,11246.770,3.3569,105,0,on_time,-7,2025-03-20,2025-03-20
demofac00257,FAC-2025-0114,democli00053,2025-03-12,2025-04-11,3343.300,3090.000,252.300,1.000,30,false,2,0.00,true,3,true,false,ENTREPRISE,Sfax,384,4,3,1,0.3333,-2.50,2,7409.750,2387.935,1.4001,12,1,late,27,2025-05-08,2025-04-19
demofac00258,FAC-2025-0115,democli00042,2025-03-14,2025-03-14,9866.100,8290.000,1575.100,1.000,0,false,2,0.00,false,3,true,false,PARTICULIER,Ben Arous,279,17,17,3,0.1765,4.94,0,0,5917.392,1.6673,25,0,on_time,2,2025-03-16,2025-03-16
demofac00259,FAC-2025-0116,democli00041,2025-03-15,2025-04-29,17137.000,14400.000,2736.000,1.000,45,false,2,0.00,false,3,true,false,ENTREPRISE,Bizerte,968,7,6,1,0.1667,-2.67,1,3211.000,10183.046,1.6829,37,0,on_time,0,2025-04-29,2025-04-29
demofac00260,FAC-2025-0117,democli00057,2025-03-15,2025-04-14,9878.000,8300.000,1577.000,1.000,30,false,3,0.00,true,3,true,false,ENTREPRISE,Tunis,782,4,4,3,0.7500,10.75,0,0,7859.867,1.2568,44,0,on_time,-12,2025-04-02,2025-04-02
demofac00261,FAC-2025-0118,democli00037,2025-03-15,2025-04-29,38421.340,32286.000,6134.340,1.000,45,false,3,0.00,false,3,true,false,ENTREPRISE,Kairouan,996,8,4,1,0.2500,3.25,4,64370.505,12792.459,3.0034,11,0,on_time,6,2025-05-05,2025-05-05
demofac00262,FAC-2025-0119,democli00006,2025-03-16,2025-04-15,5558.300,4670.000,887.300,1.000,30,false,3,0.00,true,3,true,false,ENTREPRISE,Sousse,682,8,8,4,0.5000,5.25,0,0,5014.574,1.1084,33,0,on_time,-11,2025-04-04,2025-04-04
demofac00263,FAC-2025-0120,democli00006,2025-03-19,2025-04-18,2159.065,1813.500,344.565,1.000,30,false,1,7.00,false,3,true,false,ENTREPRISE,Sousse,685,9,8,4,0.5000,5.25,1,5558.300,5074.988,0.4254,3,0,on_time,6,2025-04-24,2025-04-24
demofac00264,FAC-2025-0121,democli00049,2025-03-19,2025-04-18,9663.800,8120.000,1542.800,1.000,30,false,2,12.00,true,3,true,false,ENTREPRISE,Kairouan,319,7,7,0,0.0000,1.57,0,0,5646.557,1.7115,41,0,on_time,-2,2025-04-16,2025-04-16
demofac00265,FAC-2025-0122,democli00020,2025-03-20,2025-03-20,2143.000,1800.000,342.000,1.000,0,false,1,0.00,false,3,true,false,PARTICULIER,Kairouan,210,9,9,1,0.1111,3.56,0,0,3604.695,0.5945,12,1,late,10,2025-03-30,2025-03-28
demofac00266,FAC-2025-0123,democli00028,2025-03-20,2025-04-19,441.003,369.750,70.253,1.000,30,false,1,15.00,false,3,true,false,ENTREPRISE,Sfax,728,6,5,1,0.2000,2.20,1,11068.000,9011.156,0.0489,24,1,late,9,2025-04-28,2025-04-27
demofac00267,FAC-2025-0124,democli00027,2025-03-22,2025-05-06,14281.000,12000.000,2280.000,1.000,45,false,1,0.00,false,3,true,false,ENTREPRISE,Nabeul,739,6,5,1,0.2000,-3.40,1,5903.400,8279.433,1.7249,25,0,on_time,3,2025-05-09,2025-05-09
demofac00268,FAC-2025-0125,democli00031,2025-03-22,2025-04-06,3035.500,2550.000,484.500,1.000,15,false,1,0.00,false,3,true,false,ENTREPRISE,Sousse,519,2,2,0,0.0000,-1.00,0,0,3316.970,0.9151,61,1,late,12,2025-04-18,2025-04-14
demofac00269,FAC-2025-0126,democli00026,2025-03-23,2025-04-22,9855.730,8721.000,1133.730,1.000,30,false,1,5.00,false,3,true,false,ENTREPRISE,Sfax,376,6,5,2,0.4000,8.40,1,16442.040,11804.212,0.8349,13,1,late,12,2025-05-04,2025-04-30
demofac00270,FAC-2025-0127,democli00034,2025-03-23,2025-04-22,31427.900,26410.000,5017.900,0.000,30,false,1,0.00,true,3,true,false,ENTREPRISE,Tunis,938,5,4,1,0.2500,2.25,1,1036.300,6760.190,4.6490,23,0,on_time,0,2025-04-22,2025-04-22
demofac00271,FAC-2025-0128,democli00038,2025-03-24,2025-05-08,11829.600,9940.000,1888.600,1.000,45,false,2,0.00,false,3,true,false,ENTREPRISE,Sfax,424,3,3,0,0.0000,0.67,0,0,2381.000,4.9683,65,0,on_time,5,2025-05-13,2025-05-13
demofac00273,FAC-2025-0130,democli00059,2025-03-25,2025-05-09,1416.743,1189.700,226.043,1.000,45,false,2,7.00,false,3,true,false,ENTREPRISE,Nabeul,345,5,3,0,0.0000,-0.67,2,6934.517,11093.289,0.1277,22,0,on_time,-1,2025-05-08,2025-05-08
demofac00274,FAC-2025-0131,democli00014,2025-03-25,2025-04-09,14701.546,12353.400,2347.146,1.000,15,false,2,7.00,true,3,true,false,ENTREPRISE,Monastir,308,3,3,0,0.0000,-0.67,0,0,7488.083,1.9633,75,1,late,26,2025-05-05,2025-04-17
demofac00275,FAC-2025-0132,democli00059,2025-03-26,2025-05-10,4778.850,4015.000,762.850,1.000,45,false,2,0.00,true,3,true,false,ENTREPRISE,Nabeul,346,6,3,0,0.0000,-0.67,3,8351.260,9480.531,0.5041,1,0,on_time,-4,2025-05-06,2025-05-06
demofac00276,FAC-2025-0133,democli00042,2025-03-26,2025-03-26,3761.400,3160.000,600.400,1.000,0,false,3,0.00,true,3,true,false,PARTICULIER,Ben Arous,291,18,18,3,0.1667,4.78,0,0,6136.764,0.6129,12,0,on_time,5,2025-03-31,2025-03-31
demofac00277,FAC-2025-0134,democli00056,2025-03-26,2025-03-26,15135.848,12719.200,2416.648,0.000,0,false,2,15.00,false,3,true,false,PARTICULIER,Sfax,615,1,1,1,1.0000,11.00,0,0,8116.800,1.8648,171,1,late,13,2025-04-08,2025-04-03
demofac00278,FAC-2025-0135,democli00006,2025-03-26,2025-04-25,738.800,620.000,117.800,1.000,30,false,1,0.00,false,3,true,false,ENTREPRISE,Sousse,692,10,8,4,0.5000,5.25,2,7717.365,4783.396,0.1545,7,0,on_time,-5,2025-04-20,2025-04-20
demofac00279,FAC-2025-0136,democli00055,2025-03-27,2025-04-11,11847.450,9955.000,1891.450,1.000,15,false,3,0.00,false,3,true,false,ENTREPRISE,Sfax,557,6,6,6,1.0000,19.75,2,20817.670,11776.478,1.0060,68,0,on_time,1,2025-04-12,2025-04-12
demofac00280,FAC-2025-0137,democli00018,2025-03-27,2025-04-26,2400.040,2016.000,383.040,1.000,30,false,1,0.00,true,3,true,false,ENTREPRISE,Bizerte,190,2,2,0,0.0000,-6.50,0,0,2607.100,0.9206,83,0,on_time,-3,2025-04-23,2025-04-23
demofac00281,FAC-2025-0138,democli00015,2025-03-27,2025-04-26,453.200,380.000,72.200,1.000,30,false,1,0.00,false,3,true,false,ENTREPRISE,Kairouan,337,1,1,0,0.0000,7.00,0,0,13270.214,0.0342,149,1,late,21,2025-05-17,2025-05-04
demofac00282,FAC-2025-0139,democli00053,2025-03-27,2025-04-26,11722.500,9850.000,1871.500,1.000,30,false,2,0.00,false,3,true,false,ENTREPRISE,Sfax,399,5,3,1,0.3333,-2.50,3,8511.117,2579.008,4.5454,15,0,on_time,0,2025-04-26,2025-04-26
demofac00283,FAC-2025-0140,democli00032,2025-03-28,2025-04-27,1357.600,1140.000,216.600,1.000,30,false,1,0.00,false,3,true,false,ENTREPRISE,Ariana,938,1,1,1,1.0000,13.00,0,0,16089.800,0.0844,115,0,on_time,-3,2025-04-24,2025-04-24
demofac00284,FAC-2025-0141,democli00054,2025-03-28,2025-05-12,2023.300,1890.000,132.300,1.000,45,false,1,0.00,true,3,true,false,ENTREPRISE,Sousse,922,7,6,0,0.0000,-2.67,1,6372.547,5812.914,0.3481,27,0,on_time,4,2025-05-16,2025-05-16
demofac00285,FAC-2025-0142,democli00059,2025-03-28,2025-05-12,6686.080,5916.000,769.080,1.000,45,false,1,0.00,true,3,true,false,ENTREPRISE,Nabeul,348,7,3,0,0.0000,-0.67,4,13130.110,8808.862,0.7590,2,0,on_time,-10,2025-05-02,2025-05-02
demofac00286,FAC-2025-0143,democli00011,2025-03-28,2025-04-27,1131.500,950.000,180.500,1.000,30,false,1,0.00,false,3,true,false,ENTREPRISE,Ariana,942,8,7,3,0.4286,10.14,1,26441.610,23718.295,0.0477,19,0,on_time,-12,2025-04-15,2025-04-15
demofac00287,FAC-2025-0144,democli00021,2025-03-29,2025-04-28,3416.300,2870.000,545.300,1.000,30,false,3,0.00,false,3,true,false,ENTREPRISE,Sfax,755,3,3,0,0.0000,-0.33,0,0,5359.463,0.6374,44,0,on_time,1,2025-04-29,2025-04-29
demofac00288,FAC-2025-0145,democli00019,2025-03-30,2025-05-29,10031.250,9375.000,656.250,0.000,60,false,2,0.00,true,3,true,false,ENTREPRISE,Gabes,617,15,12,1,0.0833,-0.58,3,12192.885,23124.653,0.4338,40,0,on_time,-11,2025-05-18,2025-05-18
demofac00289,FAC-2025-0146,democli00059,2025-03-31,2025-05-15,3581.290,3087.000,493.290,1.000,45,false,3,5.00,false,3,true,false,ENTREPRISE,Nabeul,351,8,3,0,0.0000,-0.67,5,19816.190,8543.515,0.4192,3,0,on_time,-6,2025-05-09,2025-05-09
demofac00290,FAC-2025-0147,democli00053,2025-04-01,2025-05-01,6857.953,6266.750,590.203,1.000,30,false,3,11.00,true,4,false,false,ENTREPRISE,Sfax,404,6,3,1,0.3333,-2.50,4,20233.617,4102.923,1.6715,5,0,on_time,-10,2025-04-21,2025-04-21
demofac00291,FAC-2025-0148,democli00021,2025-04-02,2025-05-02,8652.300,7270.000,1381.300,1.000,30,false,4,0.00,false,4,false,false,ENTREPRISE,Sfax,759,4,3,0,0.0000,-0.33,1,3416.300,4873.673,1.7753,4,0,on_time,1,2025-05-03,2025-05-03
demofac00292,FAC-2025-0149,democli00046,2025-04-02,2025-06-01,24491.200,20580.000,3910.200,1.000,60,false,3,0.00,false,4,false,false,ENTREPRISE,Gabes,516,3,2,0,0.0000,-3.00,1,18749.450,9141.112,2.6792,48,0,on_time,-10,2025-05-22,2025-05-22
demofac00293,FAC-2025-0150,democli00057,2025-04-03,2025-05-03,3022.291,2538.900,482.391,1.000,30,false,1,9.00,true,4,false,false,ENTREPRISE,Tunis,801,5,5,3,0.6000,6.20,0,0,8263.494,0.3657,19,0,on_time,-12,2025-04-21,2025-04-21
demofac00294,FAC-2025-0151,democli00047,2025-04-03,2025-04-03,20465.668,17197.200,3267.468,1.000,0,false,3,0.00,true,4,false,false,PARTICULIER,Gabes,1079,3,3,1,0.3333,6.33,0,0,6437.908,3.1789,59,0,on_time,4,2025-04-07,2025-04-07
demofac00295,FAC-2025-0152,democli00016,2025-04-05,2025-04-20,1291.420,1206.000,84.420,1.000,15,false,1,0.00,true,4,false,false,PARTICULIER,Kairouan,384,1,1,0,0.0000,-4.00,0,0,1798.600,0.7180,170,0,on_time,7,2025-04-27,2025-04-27
demofac00296,FAC-2025-0153,democli00033,2025-04-06,2025-06-05,6637.225,5577.500,1059.725,0.000,60,false,2,15.00,false,4,false,false,ENTREPRISE,Gabes,987,4,3,0,0.0000,-4.33,1,25966.800,11511.694,0.5766,53,0,on_time,-12,2025-05-24,2025-05-24
demofac00297,FAC-2025-0154,democli00033,2025-04-06,2025-05-06,4083.295,3430.500,651.795,1.000,30,true,2,7.00,false,4,false,false,ENTREPRISE,Gabes,987,5,3,0,0.0000,-4.33,2,32604.025,10536.800,0.3875,0,0,on_time,-11,2025-04-25,2025-04-25
demofac00298,FAC-2025-0155,democli00059,2025-04-06,2025-05-21,3743.550,3145.000,597.550,1.000,45,false,1,0.00,false,4,false,false,ENTREPRISE,Nabeul,357,9,4,0,0.0000,-1.50,5,20924.203,7992.156,0.4684,6,0,on_time,-8,2025-05-13,2025-05-13
demofac00299,FAC-2025-0156,democli00052,2025-04-07,2025-05-22,450.400,420.000,29.400,1.000,45,false,1,0.00,false,4,false,false,ENTREPRISE,Gabes,759,2,2,1,0.5000,8.00,0,0,5189.400,0.0868,58,1,late,73,2025-08-03,2025-05-30
demofac00300,FAC-2025-0157,democli00006,2025-04-08,2025-05-08,2914.905,2449.500,465.405,0.000,30,false,2,0.00,false,4,false,false,ENTREPRISE,Sousse,705,11,9,4,0.4444,3.44,2,2897.865,4415.705,0.6601,13,0,on_time,-1,2025-05-07,2025-05-07
demofac00301,FAC-2025-0158,democli00059,2025-04-09,2025-05-24,7002.640,6128.000,874.640,0.000,45,false,2,0.00,true,4,false,false,ENTREPRISE,Nabeul,360,10,4,0,0.0000,-1.50,6,24667.753,7567.296,0.9254,3,1,late,11,2025-06-04,2025-06-01
demofac00302,FAC-2025-0159,democli00058,2025-04-10,2025-05-10,12141.380,10202.000,1938.380,1.000,30,false,2,0.00,true,4,false,false,ENTREPRISE,Bizerte,839,1,1,0,0.0000,1.00,0,0,450.400,26.9569,138,0,on_time,3,2025-05-13,2025-05-13
demofac00303,FAC-2025-0160,democli00050,2025-04-11,2025-05-11,5344.100,4490.000,853.100,1.000,30,false,2,0.00,false,4,false,false,ENTREPRISE,Ben Arous,199,1,1,0,0.0000,5.00,0,0,4094.600,1.3052,48,0,on_time,5,2025-05-16,2025-05-16
demofac00304,FAC-2025-0161,democli00006,2025-04-11,2025-05-11,6748.300,5670.000,1077.300,1.000,30,false,2,0.00,true,4,false,false,ENTREPRISE,Sousse,708,12,9,4,0.4444,3.44,3,5812.770,4290.639,1.5728,3,0,on_time,-10,2025-05-01,2025-05-01
demofac00305,FAC-2025-0162,democli00016,2025-04-13,2025-04-28,854.450,755.000,98.450,1.000,15,false,2,0.00,true,4,false,false,PARTICULIER,Kairouan,392,2,1,0,0.0000,-4.00,1,1291.420,1545.010,0.5530,8,0,on_time,-1,2025-04-27,2025-04-27
demofac00306,FAC-2025-0163,democli00053,2025-04-15,2025-05-15,6743.540,5666.000,1076.540,1.000,30,false,2,9.00,true,4,false,false,ENTREPRISE,Sfax,418,7,4,1,0.2500,0.67,4,24156.003,4496.499,1.4997,14,1,late,,,2025-05-23
demofac00307,FAC-2025-0164,democli00019,2025-04-17,2025-06-16,57685.000,49200.000,8484.000,1.000,60,false,3,0.00,false,4,false,false,ENTREPRISE,Gabes,635,16,14,1,0.0714,-0.50,2,10995.250,22306.316,2.5860,18,0,on_time,7,2025-06-23,2025-06-23
demofac00308,FAC-2025-0165,democli00004,2025-04-17,2025-06-01,41886.220,36474.000,5411.220,1.000,45,false,3,7.00,true,4,false,false,ENTREPRISE,Monastir,1085,1,1,1,1.0000,81.00,0,0,32798.120,1.2771,153,1,late,44,2025-07-15,2025-06-09
demofac00309,FAC-2025-0166,democli00025,2025-04-17,2025-05-02,3142.600,2640.000,501.600,1.000,15,false,2,0.00,false,4,false,false,PARTICULIER,Kairouan,661,5,5,2,0.4000,3.20,0,0,6366.872,0.4936,37,0,on_time,-1,2025-05-01,2025-05-01
demofac00310,FAC-2025-0167,democli00026,2025-04-17,2025-05-17,3809.000,3200.000,608.000,1.000,30,false,1,0.00,true,4,false,false,ENTREPRISE,Sfax,401,7,6,2,0.3333,5.83,1,9855.730,11525.858,0.3305,25,0,on_time,2,2025-05-19,2025-05-19
demofac00311,FAC-2025-0168,democli00042,2025-04-17,2025-04-17,1167.200,980.000,186.200,1.000,0,false,1,0.00,false,4,false,false,PARTICULIER,Ben Arous,313,19,19,3,0.1579,4.79,0,0,6011.745,0.1942,22,1,late,15,2025-05-02,2025-04-25
demofac00312,FAC-2025-0169,democli00020,2025-04-18,2025-04-18,6152.705,5169.500,982.205,1.000,0,false,4,14.00,false,4,false,false,PARTICULIER,Kairouan,239,10,10,2,0.2000,4.20,0,0,3458.526,1.7790,29,0,on_time,5,2025-04-23,2025-04-23
demofac00313,FAC-2025-0170,democli00019,2025-04-19,2025-06-18,39461.400,33160.000,6300.400,1.000,60,false,2,9.00,true,4,false,false,ENTREPRISE,Gabes,637,17,14,1,0.0714,-0.50,3,68680.250,24387.415,1.6181,2,0,on_time,-11,2025-06-07,2025-06-07
demofac00314,FAC-2025-0171,democli00048,2025-04-20,2025-05-20,5426.210,4559.000,866.210,1.000,30,false,4,7.00,false,4,false,false,ENTREPRISE,Ariana,1051,7,7,2,0.2857,-0.33,1,3514.885,4439.438,1.2223,42,0,on_time,2,2025-05-22,2025-05-22
demofac00315,FAC-2025-0172,democli00049,2025-04-20,2025-05-20,8707.040,7316.000,1390.040,1.000,30,false,3,0.00,true,4,false,false,ENTREPRISE,Kairouan,351,8,8,0,0.0000,1.13,0,0,6148.713,1.4161,32,0,on_time,-11,2025-05-09,2025-05-09
demofac00316,FAC-2025-0173,democli00019,2025-04-20,2025-06-19,40389.280,34212.000,6176.280,1.000,60,false,3,10.00,false,4,false,false,ENTREPRISE,Gabes,638,18,14,1,0.0714,-0.50,4,108141.650,25224.858,1.6012,1,0,on_time,-8,2025-06-11,2025-06-11
demofac00317,FAC-2025-0174,democli00060,2025-04-21,2025-06-05,179.500,150.000,28.500,1.000,45,false,1,0.00,false,4,false,false,ENTREPRISE,Kairouan,892,5,5,0,0.0000,-0.60,0,0,4514.308,0.0398,52,0,on_time,-4,2025-06-01,2025-06-01
demofac00318,FAC-2025-0175,democli00041,2025-04-21,2025-06-05,10187.080,9264.000,922.080,1.000,45,false,2,5.00,true,4,false,false,ENTREPRISE,Bizerte,1005,8,7,1,0.1429,-2.29,1,17137.000,11052.290,0.9217,37,0,on_time,-9,2025-05-27,2025-05-27
demofac00319,FAC-2025-0176,democli00039,2025-04-21,2025-05-06,31334.380,27126.000,4207.380,1.000,15,false,4,0.00,true,4,false,false,ENTREPRISE,Sousse,539,3,3,0,0.0000,-3.67,0,0,20082.583,1.5603,40,0,on_time,2,2025-05-08,2025-05-08
demofac00320,FAC-2025-0177,democli00041,2025-04-21,2025-06-05,5328.700,4710.000,617.700,1.000,45,false,2,12.00,false,4,false,false,ENTREPRISE,Bizerte,1005,9,7,1,0.1429,-2.29,2,27324.080,10956.156,0.4864,0,0,on_time,0,2025-06-05,2025-06-05
demofac00321,FAC-2025-0178,democli00042,2025-04-23,2025-04-23,821.100,690.000,131.100,0.000,0,false,1,0.00,false,4,false,false,PARTICULIER,Ben Arous,319,20,19,3,0.1579,4.79,1,1167.200,5769.518,0.1423,6,0,on_time,3,2025-04-26,2025-04-26
demofac00322,FAC-2025-0179,democli00011,2025-04-24,2025-05-24,17137.000,14400.000,2736.000,1.000,30,false,2,0.00,false,4,false,false,ENTREPRISE,Ariana,969,9,9,4,0.4444,7.67,0,0,21208.651,0.8080,27,1,late,20,2025-06-13,2025-06-01
demofac00323,FAC-2025-0180,democli00039,2025-04-25,2025-05-10,7149.400,6240.000,908.400,1.000,15,false,2,0.00,false,4,false,false,ENTREPRISE,Sousse,543,4,3,0,0.0000,-3.67,1,31334.380,22895.533,0.3123,4,0,on_time,-4,2025-05-06,2025-05-06
demofac00324,FAC-2025-0181,democli00031,2025-04-25,2025-05-10,8430.839,7252.560,1177.279,1.000,15,false,3,8.00,false,4,false,false,ENTREPRISE,Sousse,553,3,3,1,0.3333,3.33,0,0,3223.147,2.6157,34,0,on_time,-3,2025-05-07,2025-05-07
demofac00325,FAC-2025-0182,democli00041,2025-04-25,2025-06-09,24991.000,21000.000,3990.000,1.000,45,false,2,0.00,false,4,false,false,ENTREPRISE,Bizerte,1009,10,7,1,0.1429,-2.29,3,32652.780,10393.410,2.4045,4,0,on_time,6,2025-06-15,2025-06-15
demofac00326,FAC-2025-0183,democli00005,2025-04-26,2025-06-10,24991.000,21000.000,3990.000,1.000,45,false,2,0.00,false,4,false,false,ENTREPRISE,Nabeul,528,5,5,2,0.4000,3.20,0,0,19972.570,1.2513,72,0,on_time,0,2025-06-10,2025-06-10
demofac00327,FAC-2025-0184,democli00021,2025-04-26,2025-05-26,2143.000,1800.000,342.000,1.000,30,false,1,0.00,false,4,false,false,ENTREPRISE,Sfax,783,5,3,0,0.0000,-0.33,2,12068.600,5629.398,0.3807,24,0,on_time,-4,2025-05-22,2025-05-22
demofac00328,FAC-2025-0185,democli00044,2025-04-28,2025-05-28,1561.090,1311.000,249.090,1.000,30,false,2,7.00,false,4,false,false,ENTREPRISE,Nabeul,941,7,7,7,1.0000,24.71,0,0,5483.685,0.2847,74,0,on_time,2,2025-05-30,2025-05-30
demofac00329,FAC-2025-0186,democli00026,2025-04-29,2025-05-29,15075.852,13110.400,1964.452,1.000,30,false,3,10.00,true,4,false,false,ENTREPRISE,Sfax,413,8,6,2,0.3333,5.83,2,13664.730,10561.250,1.4275,12,0,on_time,2,2025-05-31,2025-05-31
demofac00330,FAC-2025-0187,democli00049,2025-04-29,2025-05-29,5356.000,4500.000,855.000,1.000,30,false,1,0.00,true,4,false,false,ENTREPRISE,Kairouan,360,9,8,0,0.0000,1.13,1,8707.040,6432.971,0.8326,9,0,on_time,-9,2025-05-20,2025-05-20
demofac00331,FAC-2025-0188,democli00032,2025-04-30,2025-05-30,9425.800,7920.000,1504.800,1.000,30,false,2,0.00,false,4,false,false,ENTREPRISE,Ariana,971,2,2,1,0.5000,5.00,0,0,8723.700,1.0805,33,1,late,28,2025-06-27,2025-06-07
demofac00332,FAC-2025-0189,democli00039,2025-04-30,2025-05-15,45872.720,40544.000,5327.720,1.000,15,false,3,0.00,false,4,false,false,ENTREPRISE,Sousse,548,5,3,0,0.0000,-3.67,2,26204.847,19746.306,2.3231,5,0,on_time,1,2025-05-16,2025-05-16
demofac00333,FAC-2025-0190,democli00049,2025-04-30,2025-05-30,10163.600,8540.000,1622.600,1.000,30,false,3,0.00,false,4,false,false,ENTREPRISE,Kairouan,361,10,8,0,0.0000,1.13,2,14063.040,6325.274,1.6068,1,0,on_time,-5,2025-05-25,2025-05-25
demofac00334,FAC-2025-0191,democli00009,2025-04-30,2025-05-15,3573.380,3002.000,570.380,1.000,15,false,1,0.00,true,4,false,false,PARTICULIER,Monastir,987,6,6,2,0.3333,6.17,0,0,5257.833,0.6796,57,1,late,16,2025-05-31,2025-05-23
demofac00335,FAC-2025-0192,democli00042,2025-05-01,2025-05-01,3618.600,3040.000,577.600,1.000,0,false,2,0.00,false,5,false,false,PARTICULIER,Ben Arous,327,21,21,4,0.1905,4.70,1,1167.200,5533.879,0.6539,8,0,on_time,4,2025-05-05,2025-05-05
demofac00336,FAC-2025-0193,democli00001,2025-05-02,2025-06-01,7367.100,6190.000,1176.100,1.000,30,true,2,0.00,true,5,false,false,ENTREPRISE,Gabes,901,1,1,0,0.0000,-6.00,0,0,10175.500,0.7240,153,1,late,107,2025-09-16,2025-06-09
demofac00337,FAC-2025-0194,democli00050,2025-05-02,2025-06-01,3121.180,2622.000,498.180,1.000,30,false,1,0.00,true,5,false,false,ENTREPRISE,Ben Arous,220,2,1,0,0.0000,5.00,1,3535.751,4719.350,0.6614,21,0,on_time,7,2025-06-08,2025-06-08
demofac00338,FAC-2025-0195,democli00032,2025-05-02,2025-06-01,10675.300,8970.000,1704.300,1.000,30,false,2,13.00,false,5,false,false,ENTREPRISE,Ariana,973,3,2,1,0.5000,5.00,1,9425.800,8957.733,1.1917,2,1,late,11,2025-06-12,2025-06-09
demofac00339,FAC-2025-0196,democli00039,2025-05-03,2025-05-18,2968.860,2494.000,473.860,1.000,15,false,1,0.00,true,5,false,false,ENTREPRISE,Sousse,551,6,3,0,0.0000,-3.67,3,63791.038,24100.708,0.1232,3,0,on_time,-6,2025-05-12,2025-05-12
demofac00340,FAC-2025-0197,democli00046,2025-05-03,2025-07-02,11425.000,9600.000,1824.000,1.000,60,false,1,0.00,false,5,false,false,ENTREPRISE,Gabes,547,4,3,0,0.0000,-4.67,1,24491.200,12978.634,0.8803,31,0,on_time,5,2025-07-07,2025-07-07
demofac00341,FAC-2025-0198,democli00037,2025-05-03,2025-06-17,12853.000,10800.000,2052.000,1.000,45,false,2,0.00,false,5,false,false,ENTREPRISE,Kairouan,1045,9,8,3,0.3750,5.75,1,38421.340,15640.112,0.8218,49,0,on_time,5,2025-06-22,2025-06-22
demofac00342,FAC-2025-0199,democli00041,2025-05-04,2025-06-18,19705.000,16800.000,2904.000,1.000,45,false,3,0.00,true,5,false,false,ENTREPRISE,Bizerte,1018,11,8,1,0.1250,-2.00,3,37328.506,11720.464,1.6812,9,0,on_time,4,2025-06-22,2025-06-22
demofac00343,FAC-2025-0200,democli00040,2025-05-04,2025-07-03,9223.500,7750.000,1472.500,1.000,60,false,1,0.00,false,5,false,false,ENTREPRISE,Ben Arous,278,6,5,2,0.4000,2.00,2,18626.778,7812.797,1.1806,57,0,on_time,-7,2025-06-26,2025-06-26
demofac00344,FAC-2025-0201,democli00037,2025-05-05,2025-06-19,22194.500,18650.000,3543.500,1.000,45,false,4,0.00,false,5,false,false,ENTREPRISE,Kairouan,1047,10,8,3,0.3750,5.75,2,51274.340,15361.401,1.4448,2,0,on_time,-2,2025-06-17,2025-06-17
demofac00345,FAC-2025-0202,democli00024,2025-05-05,2025-05-20,1131.500,950.000,180.500,1.000,15,false,1,0.00,false,5,false,false,PARTICULIER,Monastir,592,4,4,1,0.2500,-1.00,0,0,2791.848,0.4053,91,0,on_time,0,2025-05-20,2025-05-20
demofac00346,FAC-2025-0203,democli00019,2025-05-05,2025-07-04,2660.500,2250.000,409.500,1.000,60,false,2,0.00,false,5,false,false,ENTREPRISE,Gabes,653,19,15,1,0.0667,-0.07,4,147566.930,26022.986,0.1022,15,0,on_time,-1,2025-07-03,2025-07-03
demofac00347,FAC-2025-0204,democli00059,2025-05-05,2025-06-19,643.600,540.000,102.600,1.000,45,false,1,0.00,true,5,false,false,ENTREPRISE,Nabeul,386,11,6,0,0.0000,-2.67,5,17058.359,7515.963,0.0856,26,0,on_time,-6,2025-06-13,2025-06-13
demofac00348,FAC-2025-0205,democli00047,2025-05-05,2025-05-05,905.400,760.000,144.400,1.000,0,false,1,0.00,false,5,false,false,PARTICULIER,Gabes,1111,4,4,1,0.2500,5.75,0,0,9944.848,0.0910,32,0,on_time,1,2025-05-06,2025-05-06
demofac00349,FAC-2025-0206,democli00053,2025-05-07,2025-06-06,7761.430,6849.000,911.430,1.000,30,false,3,0.00,false,5,false,false,ENTREPRISE,Sfax,440,8,7,2,0.2857,8.33,2,10086.840,4777.379,1.6246,22,1,late,45,2025-07-21,2025-06-14
demofac00350,FAC-2025-0207,democli00019,2025-05-07,2025-07-06,13210.900,11370.000,1839.900,1.000,60,false,2,11.00,true,5,false,false,ENTREPRISE,Gabes,655,20,15,1,0.0667,-0.07,5,150227.430,24854.862,0.5315,2,0,on_time,-10,2025-06-26,2025-06-26
demofac00351,FAC-2025-0208,democli00053,2025-05-07,2025-06-06,7761.430,6849.000,911.430,1.000,30,false,3,0.00,false,5,false,false,ENTREPRISE,Sfax,440,9,7,2,0.2857,8.33,3,17848.270,5108.940,1.5192,0,0,on_time,-1,2025-06-05,2025-06-05
demofac00352,FAC-2025-0209,democli00032,2025-05-08,2025-06-07,10470.025,8797.500,1671.525,1.000,30,false,2,7.00,false,5,false,false,ENTREPRISE,Ariana,979,4,2,1,0.5000,5.00,2,20101.100,9387.125,1.1154,6,0,on_time,-4,2025-06-03,2025-06-03
demofac00353,FAC-2025-0210,democli00019,2025-05-09,2025-07-08,13805.000,11600.000,2204.000,1.000,60,false,1,0.00,false,5,false,false,ENTREPRISE,Gabes,657,21,15,1,0.0667,-0.07,6,163438.330,24300.387,0.5681,2,0,on_time,-8,2025-06-30,2025-06-30
demofac00354,FAC-2025-0211,democli00042,2025-05-10,2025-05-10,7803.235,6556.500,1245.735,1.000,0,false,1,7.00,true,5,false,false,PARTICULIER,Ben Arous,336,22,22,4,0.1818,5.14,0,0,5446.821,1.4326,9,1,late,11,2025-05-21,2025-05-18
demofac00355,FAC-2025-0212,democli00055,2025-05-10,2025-05-25,4380.200,3680.000,699.200,1.000,15,false,2,0.00,false,5,false,false,ENTREPRISE,Sfax,601,7,7,6,0.8571,16.00,2,20817.670,11786.617,0.3716,44,1,late,13,2025-06-07,2025-06-02
demofac00356,FAC-2025-0213,democli00032,2025-05-11,2025-06-10,2428.600,2040.000,387.600,1.000,30,false,2,0.00,true,5,false,false,ENTREPRISE,Ariana,982,5,2,1,0.5000,5.00,3,30571.125,9603.705,0.2529,3,0,on_time,4,2025-06-14,2025-06-14
demofac00357,FAC-2025-0214,democli00047,2025-05-11,2025-05-11,4632.956,3892.400,739.556,1.000,0,false,2,0.00,false,5,false,false,PARTICULIER,Gabes,1117,5,5,1,0.2000,4.80,0,0,8136.959,0.5694,6,0,on_time,2,2025-05-13,2025-05-13
demofac00358,FAC-2025-0215,democli00027,2025-05-11,2025-06-25,12204.450,10255.000,1948.450,1.000,45,false,2,5.00,false,5,false,false,ENTREPRISE,Nabeul,789,7,7,1,0.1429,-2.00,0,0,9136.800,1.3357,50,0,on_time,-2,2025-06-23,2025-06-23
demofac00359,FAC-2025-0216,democli00057,2025-05-12,2025-06-11,18386.500,15450.000,2935.500,1.000,30,false,2,0.00,true,5,false,false,ENTREPRISE,Tunis,840,6,6,3,0.5000,3.17,0,0,7389.960,2.4880,39,1,late,13,2025-06-24,2025-06-19
demofac00360,FAC-2025-0217,democli00019,2025-05-13,2025-07-12,43881.000,37600.000,6280.000,1.000,60,false,2,0.00,false,5,false,false,ENTREPRISE,Gabes,661,22,15,1,0.0667,-0.07,7,177243.330,23823.324,1.8419,4,0,on_time,6,2025-07-18,2025-07-18
demofac00361,FAC-2025-0218,democli00026,2025-05-14,2025-06-13,4534.560,4012.000,521.560,1.000,30,false,1,0.00,false,5,false,false,ENTREPRISE,Sfax,428,9,7,3,0.4286,6.71,2,18884.852,11062.873,0.4099,15,0,on_time,-12,2025-06-01,2025-06-01
demofac00362,FAC-2025-0219,democli00040,2025-05-15,2025-07-14,775.000,600.000,174.000,1.000,60,false,1,0.00,false,5,false,false,ENTREPRISE,Ben Arous,289,7,5,2,0.4000,6.60,2,22851.278,8014.326,0.0967,11,0,on_time,-5,2025-07-09,2025-07-09
demofac00363,FAC-2025-0220,democli00059,2025-05-16,2025-06-30,1314.760,1104.000,209.760,1.000,45,false,1,8.00,false,5,false,false,ENTREPRISE,Nabeul,397,12,10,0,0.0000,-3.50,2,7646.240,6943.266,0.1894,11,0,on_time,-4,2025-06-26,2025-06-26
demofac00364,FAC-2025-0221,democli00033,2025-05-17,2025-07-16,3286.590,2761.000,524.590,1.000,60,false,2,0.00,true,5,false,false,ENTREPRISE,Gabes,1028,6,5,0,0.0000,-5.40,1,2770.508,9461.216,0.3474,41,0,on_time,-6,2025-07-10,2025-07-10
demofac00365,FAC-2025-0222,democli00042,2025-05-19,2025-05-19,1095.800,920.000,174.800,1.000,0,false,1,0.00,false,5,false,false,PARTICULIER,Ben Arous,345,23,23,5,0.2174,5.14,1,7803.235,5549.274,0.1975,9,0,on_time,2,2025-05-21,2025-05-21
demofac00366,FAC-2025-0223,democli00012,2025-05-19,2025-06-18,7605.100,6390.000,1214.100,1.000,30,false,3,0.00,true,5,false,false,ENTREPRISE,Nabeul,315,0,0,0,,,0,0,,,,0,on_time,4,2025-06-22,2025-06-22
demofac00367,FAC-2025-0224,democli00049,2025-05-20,2025-06-19,5356.000,4500.000,855.000,1.000,30,false,1,0.00,false,5,false,false,ENTREPRISE,Kairouan,381,11,9,0,0.0000,-0.22,2,15519.600,6674.213,0.8025,20,0,on_time,-9,2025-06-10,2025-06-10
demofac00368,FAC-2025-0225,democli00052,2025-05-22,2025-07-06,843.520,708.000,134.520,1.000,45,false,1,0.00,true,5,false,false,ENTREPRISE,Gabes,804,3,2,1,0.5000,8.00,1,450.400,3609.733,0.2337,45,1,late,137,2025-11-20,2025-07-14
demofac00369,FAC-2025-0226,democli00044,2025-05-22,2025-06-21,430.590,361.000,68.590,1.000,30,false,1,5.00,false,5,false,false,ENTREPRISE,Nabeul,965,8,7,7,1.0000,24.71,1,1561.090,4993.361,0.0862,24,0,on_time,-2,2025-06-19,2025-06-19
demofac00370,FAC-2025-0227,democli00049,2025-05-23,2025-06-22,10199.300,8570.000,1628.300,1.000,30,false,4,0.00,true,5,false,false,ENTREPRISE,Kairouan,384,12,10,0,0.0000,-1.10,2,15519.600,6564.362,1.5537,3,0,on_time,2,2025-06-24,2025-06-24
demofac00371,FAC-2025-0228,democli00051,2025-05-24,2025-06-23,7630.750,6525.000,1104.750,1.000,30,false,2,0.00,false,5,false,false,ENTREPRISE,Ariana,374,5,5,0,0.0000,-1.20,0,0,17578.490,0.4341,80,0,on_time,-6,2025-06-17,2025-06-17
demofac00372,FAC-2025-0229,democli00027,2025-05-24,2025-07-08,3115.825,2617.500,497.325,1.000,45,false,2,0.00,false,5,false,false,ENTREPRISE,Nabeul,802,8,7,1,0.1429,-2.00,1,12204.450,9520.256,0.3273,13,0,on_time,6,2025-07-14,2025-07-14
demofac00373,FAC-2025-0230,democli00036,2025-05-24,2025-07-08,23563.000,19800.000,3762.000,1.000,45,false,2,0.00,true,5,false,false,ENTREPRISE,Ben Arous,518,4,4,0,0.0000,-3.00,0,0,9204.930,2.5598,209,0,on_time,-12,2025-06-26,2025-06-26
demofac00374,FAC-2025-0231,democli00024,2025-05-25,2025-06-09,7158.850,6015.000,1142.850,1.000,15,false,3,7.00,false,5,false,false,PARTICULIER,Monastir,612,5,5,1,0.2000,-0.80,0,0,2459.778,2.9104,20,0,on_time,-3,2025-06-06,2025-06-06
demofac00375,FAC-2025-0232,democli00043,2025-05-26,2025-07-10,5683.250,4775.000,907.250,1.000,45,false,3,0.00,true,5,false,false,ENTREPRISE,Ben Arous,849,3,3,0,0.0000,-5.67,0,0,1931.810,2.9419,96,0,on_time,-2,2025-07-08,2025-07-08
demofac00376,FAC-2025-0233,democli00006,2025-05-26,2025-06-25,3142.600,2640.000,501.600,1.000,30,false,2,0.00,false,5,false,false,ENTREPRISE,Sousse,753,13,13,4,0.3077,1.62,0,0,4479.689,0.7015,45,0,on_time,-6,2025-06-19,2025-06-19
demofac00377,FAC-2025-0234,democli00006,2025-05-26,2025-06-25,738.800,620.000,117.800,1.000,30,false,1,0.00,false,5,false,false,ENTREPRISE,Sousse,753,14,13,4,0.3077,1.62,1,3142.600,4384.183,0.1685,0,1,late,28,2025-07-23,2025-07-03
demofac00378,FAC-2025-0235,democli00055,2025-05-26,2025-06-10,6585.865,5533.500,1051.365,1.000,15,false,1,7.00,true,5,false,false,ENTREPRISE,Sfax,617,8,7,6,0.8571,29.50,2,11872.685,10860.815,0.6064,16,1,late,49,2025-07-29,2025-06-18
demofac00379,FAC-2025-0236,democli00055,2025-05-27,2025-06-11,3809.000,3200.000,608.000,1.000,15,false,1,0.00,false,5,false,false,ENTREPRISE,Sfax,618,9,7,6,0.8571,29.50,3,18458.550,10385.821,0.3668,1,1,late,14,2025-06-25,2025-06-19
demofac00380,FAC-2025-0237,democli00034,2025-05-27,2025-06-26,14489.250,12175.000,2313.250,1.000,30,false,3,0.00,false,5,false,false,ENTREPRISE,Tunis,1003,6,6,2,0.3333,5.33,0,0,10871.475,1.3328,65,0,on_time,-9,2025-06-17,2025-06-17
demofac00381,FAC-2025-0238,democli00052,2025-05-28,2025-07-12,10538.800,8940.000,1597.800,1.000,45,false,2,0.00,false,5,false,false,ENTREPRISE,Gabes,810,4,2,1,0.5000,8.00,2,1293.920,2918.180,3.6114,6,0,on_time,-6,2025-07-06,2025-07-06
demofac00382,FAC-2025-0239,democli00004,2025-05-28,2025-07-12,22385.974,19730.600,2655.374,0.000,45,false,2,7.00,true,5,false,false,ENTREPRISE,Monastir,1126,2,1,1,1.0000,81.00,1,41886.220,37342.170,0.5995,41,1,late,30,2025-08-11,2025-07-20
demofac00383,FAC-2025-0240,democli00030,2025-05-30,2025-06-29,8401.400,7060.000,1341.400,0.000,30,false,3,0.00,true,5,false,false,ENTREPRISE,Sfax,825,8,8,1,0.1250,2.00,0,0,7373.705,1.1394,102,1,late,25,2025-07-24,2025-07-07
demofac00384,FAC-2025-0241,democli00030,2025-05-30,2025-06-29,12603.100,10590.000,2012.100,1.000,30,false,2,15.00,true,5,false,false,ENTREPRISE,Sfax,825,9,8,1,0.1250,2.00,1,8401.400,7487.893,1.6831,0,0,on_time,2,2025-07-01,2025-07-01
demofac00385,FAC-2025-0242,democli00038,2025-05-30,2025-07-14,6903.000,5800.000,1102.000,1.000,45,false,1,0.00,false,5,false,false,ENTREPRISE,Sfax,491,4,4,0,0.0000,1.75,0,0,4743.150,1.4554,67,0,on_time,-4,2025-07-10,2025-07-10
demofac00386,FAC-2025-0243,democli00039,2025-05-31,2025-06-15,37383.100,32358.000,5024.100,1.000,15,false,3,14.00,true,5,false,false,ENTREPRISE,Sousse,579,7,7,0,0.0000,-2.57,0,0,21081.873,1.7732,28,0,on_time,4,2025-06-19,2025-06-19
demofac00387,FAC-2025-0244,democli00010,2025-06-01,2025-07-31,4392.100,3690.000,701.100,1.000,60,false,2,0.00,false,6,true,false,ENTREPRISE,Gabes,597,5,5,4,0.8000,40.00,0,0,5394.825,0.8141,96,1,late,87,2025-10-26,2025-08-08
demofac00388,FAC-2025-0245,democli00039,2025-06-01,2025-06-16,2829.420,2434.000,394.420,1.000,15,false,2,0.00,false,6,true,false,ENTREPRISE,Sousse,580,8,7,0,0.0000,-2.57,1,37383.100,23119.526,0.1224,1,1,late,10,2025-06-26,2025-06-24
demofac00389,FAC-2025-0246,democli00044,2025-06-02,2025-07-02,6125.293,5319.900,804.393,1.000,30,false,2,9.00,true,6,true,false,ENTREPRISE,Nabeul,976,9,8,7,0.8750,21.88,1,430.590,4486.386,1.3653,11,1,late,100,2025-10-10,2025-07-10
demofac00390,FAC-2025-0247,democli00011,2025-06-02,2025-07-02,7141.000,6000.000,1140.000,1.000,30,false,2,0.00,true,6,true,false,ENTREPRISE,Ariana,1008,10,10,5,0.5000,7.67,1,17137.000,20801.486,0.3433,39,1,late,11,2025-07-13,2025-07-10
demofac00391,FAC-2025-0248,democli00028,2025-06-02,2025-07-02,5350.050,4495.000,854.050,1.000,30,false,1,0.00,false,6,true,false,ENTREPRISE,Sfax,802,7,7,2,0.2857,3.43,0,0,7786.849,0.6871,74,1,late,41,2025-08-12,2025-07-10
demofac00392,FAC-2025-0249,democli00018,2025-06-03,2025-07-03,8088.850,7155.000,932.850,1.000,30,false,3,0.00,false,6,true,false,ENTREPRISE,Bizerte,258,3,3,0,0.0000,-5.33,0,0,2538.080,3.1870,68,1,late,13,2025-07-16,2025-07-11
demofac00393,FAC-2025-0250,democli00025,2025-06-03,2025-06-18,4759.572,3998.800,759.772,1.000,15,false,2,11.00,false,6,true,false,PARTICULIER,Kairouan,708,6,6,2,0.3333,2.50,0,0,5829.493,0.8165,47,0,on_time,-4,2025-06-14,2025-06-14
demofac00394,FAC-2025-0251,democli00031,2025-06-03,2025-06-18,4035.100,3390.000,644.100,1.000,15,false,2,0.00,true,6,true,false,ENTREPRISE,Sousse,592,4,4,1,0.2500,1.75,0,0,4525.070,0.8917,39,1,late,25,2025-07-13,2025-06-26
demofac00395,FAC-2025-0252,democli00025,2025-06-03,2025-06-18,5165.600,4340.000,824.600,1.000,15,false,1,0.00,true,6,true,false,PARTICULIER,Kairouan,708,7,6,2,0.3333,2.50,1,4759.572,5676.647,0.9100,0,0,on_time,-10,2025-06-08,2025-06-08
demofac00396,FAC-2025-0253,democli00060,2025-06-04,2025-07-19,679.300,570.000,108.300,1.000,45,false,2,0.00,false,6,true,false,ENTREPRISE,Kairouan,936,6,6,0,0.0000,-1.17,0,0,3791.840,0.1791,44,0,on_time,-9,2025-07-10,2025-07-10
demofac00397,FAC-2025-0254,democli00010,2025-06-05,2025-08-04,5497.960,4704.000,792.960,1.000,60,false,3,0.00,false,6,true,true,ENTREPRISE,Gabes,601,6,5,4,0.8000,40.00,1,4392.100,5227.704,1.0517,4,1,late,,,2025-08-12
demofac00398,FAC-2025-0255,democli00041,2025-06-05,2025-07-20,11539.750,9825.000,1713.750,1.000,45,false,2,0.00,true,6,true,false,ENTREPRISE,Bizerte,1050,12,9,1,0.1111,-2.78,3,33991.665,12385.842,0.9317,32,0,on_time,5,2025-07-25,2025-07-25
demofac00399,FAC-2025-0256,democli00042,2025-06-06,2025-06-06,12472.200,10480.000,1991.200,1.000,0,false,2,0.00,false,6,true,false,PARTICULIER,Ben Arous,363,24,24,5,0.2083,5.25,0,0,5363.712,2.3253,18,0,on_time,3,2025-06-09,2025-06-09
demofac00400,FAC-2025-0257,democli00019,2025-06-06,2025-08-05,2729.500,2550.000,178.500,1.000,60,false,1,15.00,false,6,true,true,ENTREPRISE,Gabes,685,23,16,1,0.0625,-0.75,7,173900.855,24695.397,0.1105,24,0,on_time,-2,2025-08-03,2025-08-03
demofac00401,FAC-2025-0258,democli00001,2025-06-07,2025-07-07,8783.200,7380.000,1402.200,1.000,30,false,2,0.00,false,6,true,false,ENTREPRISE,Gabes,937,2,1,0,0.0000,-6.00,1,7367.100,8771.300,1.0014,36,1,late,20,2025-07-27,2025-07-15
demofac00402,FAC-2025-0259,democli00024,2025-06-07,2025-06-22,1476.600,1240.000,235.600,1.000,15,false,1,0.00,true,6,true,false,PARTICULIER,Monastir,625,6,6,1,0.1667,-1.17,0,0,3242.957,0.4553,13,0,on_time,7,2025-06-29,2025-06-29
demofac00403,FAC-2025-0260,democli00002,2025-06-08,2025-07-08,2015.194,1692.600,321.594,1.000,30,false,2,6.00,false,6,true,false,ENTREPRISE,Sousse,632,1,1,1,1.0000,15.00,0,0,9573.955,0.2105,195,1,late,9,2025-07-17,2025-07-16
demofac00404,FAC-2025-0261,democli00011,2025-06-08,2025-07-08,9045.000,7600.000,1444.000,1.000,30,false,3,0.00,false,6,true,false,ENTREPRISE,Ariana,1014,11,10,5,0.5000,7.67,2,24278.000,19559.624,0.4624,6,1,late,118,2025-11-03,2025-07-16
demofac00405,FAC-2025-0262,democli00052,2025-06-08,2025-07-23,5857.900,5070.000,786.900,1.000,45,false,2,0.00,false,6,true,false,ENTREPRISE,Gabes,821,5,3,2,0.6667,8.00,3,11832.720,4442.304,1.3187,11,0,on_time,6,2025-07-29,2025-07-29
demofac00406,FAC-2025-0263,democli00019,2025-06-08,2025-08-07,28036.780,23862.000,4173.780,1.000,60,false,2,0.00,true,6,true,true,ENTREPRISE,Gabes,687,24,17,1,0.0588,-1.35,7,137168.955,23780.151,1.1790,2,1,late,14,2025-08-21,2025-08-15
demofac00407,FAC-2025-0264,democli00011,2025-06-08,2025-07-08,8937.900,7510.000,1426.900,1.000,30,false,2,0.00,true,6,true,false,ENTREPRISE,Ariana,1014,12,10,5,0.5000,7.67,3,33323.000,18683.405,0.4784,0,1,late,15,2025-07-23,2025-07-16
demofac00408,FAC-2025-0265,democli00031,2025-06-09,2025-06-24,5356.000,4500.000,855.000,1.000,15,false,1,0.00,true,6,true,false,ENTREPRISE,Sousse,598,5,4,1,0.2500,1.75,1,4035.100,4427.076,1.2098,6,1,late,40,2025-08-03,2025-07-02
demofac00409,FAC-2025-0266,democli00054,2025-06-10,2025-07-25,4516.143,3900.120,615.023,1.000,45,false,2,9.00,false,6,true,false,ENTREPRISE,Sousse,996,8,8,0,0.0000,-2.75,0,0,5339.212,0.8458,74,0,on_time,-5,2025-07-20,2025-07-20
demofac00410,FAC-2025-0267,democli00048,2025-06-10,2025-07-10,2946.250,2475.000,470.250,1.000,30,false,1,0.00,true,6,true,false,ENTREPRISE,Ariana,1102,8,8,2,0.2500,4.13,0,0,4562.785,0.6457,51,0,on_time,3,2025-07-13,2025-07-13
demofac00411,FAC-2025-0268,democli00013,2025-06-12,2025-08-11,6341.915,5328.500,1012.415,1.000,60,false,2,14.00,false,6,true,true,ENTREPRISE,Ariana,960,3,3,1,0.3333,16.00,0,0,15667.747,0.4048,125,1,late,24,2025-09-04,2025-08-19
demofac00412,FAC-2025-0269,democli00039,2025-06-13,2025-06-28,32242.160,28532.000,3709.160,1.000,15,false,2,0.00,true,6,true,false,ENTREPRISE,Sousse,592,9,7,0,0.0000,-2.57,2,40212.520,20865.070,1.5453,12,1,late,31,2025-07-29,2025-07-06
demofac00413,FAC-2025-0270,democli00050,2025-06-13,2025-07-13,1983.540,1666.000,316.540,1.000,30,false,1,15.00,true,6,true,false,ENTREPRISE,Ben Arous,262,3,3,0,0.0000,5.67,0,0,4186.627,0.4738,42,0,on_time,-2,2025-07-11,2025-07-11
demofac00414,FAC-2025-0271,democli00048,2025-06-15,2025-07-15,1970.688,1655.200,314.488,1.000,30,false,2,0.00,false,6,true,false,ENTREPRISE,Ariana,1107,9,8,2,0.2500,4.13,1,2946.250,4383.170,0.4496,5,0,on_time,-12,2025-07-03,2025-07-03
demofac00415,FAC-2025-0272,democli00013,2025-06-15,2025-08-14,6070.000,5100.000,969.000,1.000,60,false,1,0.00,true,6,true,true,ENTREPRISE,Ariana,963,4,3,1,0.3333,16.00,1,6341.915,13336.289,0.4551,3,1,late,28,2025-09-11,2025-08-22
demofac00416,FAC-2025-0273,democli00019,2025-06-16,2025-08-15,7705.000,7200.000,504.000,1.000,60,false,1,0.00,true,6,true,true,ENTREPRISE,Gabes,695,25,18,1,0.0556,-1.72,7,139581.094,23950.416,0.3217,8,0,on_time,-7,2025-08-08,2025-08-08
demofac00417,FAC-2025-0274,democli00025,2025-06-16,2025-07-01,1000.600,840.000,159.600,1.000,15,false,1,0.00,true,6,true,false,PARTICULIER,Kairouan,721,8,8,2,0.2500,0.13,0,0,5612.766,0.1783,13,0,on_time,1,2025-07-02,2025-07-02
demofac00418,FAC-2025-0275,democli00030,2025-06-17,2025-07-17,15827.000,13300.000,2527.000,0.000,30,false,3,0.00,true,6,true,false,ENTREPRISE,Sfax,843,10,8,1,0.1250,2.00,2,21004.500,7999.414,1.9785,18,0,on_time,-3,2025-07-14,2025-07-14
demofac00419,FAC-2025-0276,democli00043,2025-06-17,2025-08-01,1006.900,930.000,75.900,1.000,45,false,2,0.00,true,6,true,true,ENTREPRISE,Ben Arous,871,4,3,0,0.0000,-5.67,1,5683.250,2869.670,0.3509,22,1,late,9,2025-08-10,2025-08-09
demofac00420,FAC-2025-0277,democli00016,2025-06-17,2025-07-02,1076.400,940.000,135.400,1.000,15,false,3,0.00,false,6,true,false,PARTICULIER,Kairouan,457,3,3,0,0.0000,0.67,0,0,1314.823,0.8187,65,0,on_time,4,2025-07-06,2025-07-06
demofac00421,FAC-2025-0278,democli00059,2025-06-17,2025-08-01,19825.680,17236.000,2588.680,1.000,45,false,3,0.00,false,6,true,true,ENTREPRISE,Nabeul,429,13,12,1,0.0833,-2.50,1,519.619,6510.304,3.0453,32,1,late,21,2025-08-22,2025-08-09
demofac00422,FAC-2025-0279,democli00019,2025-06-18,2025-08-17,8375.600,7340.000,1034.600,1.000,60,false,2,0.00,true,6,true,true,ENTREPRISE,Gabes,697,26,18,1,0.0556,-1.72,8,147286.094,23325.593,0.3591,2,0,on_time,2,2025-08-19,2025-08-19
demofac00424,FAC-2025-0281,democli00042,2025-06-20,2025-06-20,8212.000,6900.000,1311.000,1.000,0,false,2,0.00,true,6,true,false,PARTICULIER,Ben Arous,377,25,25,5,0.2000,5.16,0,0,5648.052,1.4540,14,0,on_time,5,2025-06-25,2025-06-25
demofac00425,FAC-2025-0282,democli00054,2025-06-20,2025-08-04,48178.150,40485.000,7692.150,1.000,45,false,3,0.00,true,6,true,true,ENTREPRISE,Sousse,1006,9,8,0,0.0000,-2.75,1,4516.143,5247.760,9.1807,10,0,on_time,-8,2025-07-27,2025-07-27
demofac00426,FAC-2025-0283,democli00021,2025-06-22,2025-07-22,607.900,510.000,96.900,1.000,30,false,1,0.00,false,6,true,false,ENTREPRISE,Sfax,840,6,6,0,0.0000,-0.50,0,0,5048.332,0.1204,57,0,on_time,-6,2025-07-16,2025-07-16
demofac00427,FAC-2025-0284,democli00039,2025-06-22,2025-07-07,9303.160,8232.000,1070.160,1.000,15,false,1,0.00,false,6,true,false,ENTREPRISE,Sousse,601,10,8,0,0.0000,-1.75,2,35071.580,22002.779,0.4228,9,1,late,96,2025-10-11,2025-07-15
demofac00428,FAC-2025-0285,democli00020,2025-06-23,2025-06-23,526.980,442.000,83.980,1.000,0,false,1,0.00,false,6,true,false,PARTICULIER,Kairouan,305,11,11,2,0.1818,4.27,0,0,3703.451,0.1423,66,0,on_time,1,2025-06-24,2025-06-24
demofac00429,FAC-2025-0286,democli00028,2025-06-23,2025-07-23,1286.200,1080.000,205.200,1.000,30,false,1,0.00,false,6,true,false,ENTREPRISE,Sfax,823,8,7,2,0.2857,3.43,1,5350.050,7482.249,0.1719,21,1,late,22,2025-08-14,2025-07-31
demofac00430,FAC-2025-0287,democli00042,2025-06-24,2025-06-24,2426.934,2038.600,387.334,1.000,0,false,2,10.00,false,6,true,false,PARTICULIER,Ben Arous,381,26,25,5,0.2000,5.16,1,8212.000,5746.665,0.4223,4,0,on_time,2,2025-06-26,2025-06-26
demofac00431,FAC-2025-0288,democli00042,2025-06-25,2025-06-25,3031.335,2546.500,483.835,1.000,0,false,2,15.00,false,6,true,false,PARTICULIER,Ben Arous,382,27,25,5,0.2000,5.16,2,10638.934,5623.712,0.5390,1,0,on_time,2,2025-06-27,2025-06-27
demofac00432,FAC-2025-0289,democli00008,2025-06-27,2025-07-12,2677.500,2250.000,427.500,0.000,15,false,2,0.00,true,6,true,false,ENTREPRISE,Gabes,628,7,7,3,0.4286,5.00,0,0,5030.161,0.5323,163,1,late,30,2025-08-11,2025-07-20
demofac00433,FAC-2025-0290,democli00034,2025-06-28,2025-07-28,4649.140,3906.000,742.140,1.000,30,false,2,0.00,true,6,true,false,ENTREPRISE,Tunis,1035,7,7,2,0.2857,3.29,0,0,11388.300,0.4082,32,1,late,29,2025-08-26,2025-08-05
demofac00434,FAC-2025-0291,democli00030,2025-06-29,2025-07-29,26706.385,22441.500,4263.885,1.000,30,false,4,9.00,true,6,true,false,ENTREPRISE,Sfax,855,11,8,1,0.1250,2.00,3,36831.500,8711.012,3.0658,12,1,late,28,2025-08-26,2025-08-06
demofac00435,FAC-2025-0292,democli00041,2025-06-29,2025-08-13,11041.300,9450.000,1590.300,1.000,45,false,2,14.00,true,6,true,true,ENTREPRISE,Bizerte,1074,13,12,1,0.0833,-1.25,1,11539.750,12320.758,0.8962,24,0,on_time,-10,2025-08-03,2025-08-03
demofac00436,FAC-2025-0293,democli00034,2025-06-30,2025-07-30,6117.600,5140.000,976.600,1.000,30,false,2,0.00,false,6,true,false,ENTREPRISE,Tunis,1037,8,7,2,0.2857,3.29,1,4649.140,10545.905,0.5801,2,1,late,10,2025-08-09,2025-08-07
demofac00437,FAC-2025-0294,democli00019,2025-07-02,2025-08-31,30331.500,26350.000,3980.500,1.000,60,false,4,0.00,true,7,false,true,ENTREPRISE,Gabes,711,27,21,1,0.0476,-2.00,6,65823.764,22771.889,1.3320,14,0,on_time,3,2025-09-03,2025-09-03
demofac00438,FAC-2025-0295,democli00042,2025-07-02,2025-07-02,4189.800,3520.000,668.800,1.000,0,false,3,0.00,false,7,false,false,PARTICULIER,Ben Arous,389,28,28,5,0.1786,4.93,0,0,5531.127,0.7575,7,0,on_time,2,2025-07-04,2025-07-04
demofac00439,FAC-2025-0296,democli00041,2025-07-03,2025-08-17,13567.000,11400.000,2166.000,1.000,45,false,2,0.00,true,7,false,true,ENTREPRISE,Bizerte,1078,14,12,1,0.0833,-1.25,2,22581.050,12229.368,1.1094,4,0,on_time,3,2025-08-20,2025-08-20
demofac00440,FAC-2025-0297,democli00056,2025-07-03,2025-07-03,5534.500,4650.000,883.500,1.000,0,false,1,0.00,false,7,false,false,PARTICULIER,Sfax,714,2,2,2,1.0000,12.00,0,0,11626.324,0.4760,99,1,late,18,2025-07-21,2025-07-11
demofac00441,FAC-2025-0298,democli00006,2025-07-03,2025-08-02,14669.416,12326.400,2342.016,1.000,30,false,4,8.00,true,7,false,true,ENTREPRISE,Sousse,791,15,14,4,0.2857,1.07,1,738.800,4141.158,3.5423,38,0,on_time,-2,2025-07-31,2025-07-31
demofac00442,FAC-2025-0299,democli00048,2025-07-04,2025-08-03,1628.920,1368.000,259.920,1.000,30,false,2,12.00,false,7,false,true,ENTREPRISE,Ariana,1126,10,9,2,0.2222,2.33,1,1424.758,4141.922,0.3933,19,0,on_time,0,2025-08-03,2025-08-03
demofac00443,FAC-2025-0300,democli00040,2025-07-04,2025-09-02,2414.320,2028.000,385.320,1.000,60,false,1,0.00,true,7,false,false,ENTREPRISE,Ben Arous,339,8,7,3,0.4286,8.29,1,775.000,7109.410,0.3396,50,0,on_time,-2,2025-08-31,2025-08-31
demofac00445,FAC-2025-0302,democli00047,2025-07-06,2025-07-06,4398.050,3695.000,702.050,1.000,0,false,2,0.00,false,7,false,false,PARTICULIER,Gabes,1173,6,6,1,0.1667,4.33,0,0,7552.958,0.5823,56,0,on_time,1,2025-07-07,2025-07-07
demofac00446,FAC-2025-0303,democli00010,2025-07-08,2025-09-06,4285.000,3600.000,684.000,1.000,60,false,1,0.00,true,7,false,false,ENTREPRISE,Gabes,634,7,5,4,0.8000,40.00,2,9890.060,5266.312,0.8137,33,1,late,19,2025-09-25,2025-09-14
demofac00447,FAC-2025-0304,democli00002,2025-07-08,2025-08-07,857.800,720.000,136.800,1.000,30,false,2,0.00,true,7,false,true,ENTREPRISE,Sousse,662,2,1,1,1.0000,15.00,1,2015.194,5794.575,0.1480,30,0,on_time,-4,2025-08-03,2025-08-03
demofac00448,FAC-2025-0305,democli00020,2025-07-08,2025-07-08,1405.200,1180.000,224.200,1.000,0,false,3,0.00,false,7,false,false,PARTICULIER,Kairouan,320,12,12,2,0.1667,4.00,0,0,3438.745,0.4086,15,0,on_time,3,2025-07-11,2025-07-11
demofac00449,FAC-2025-0306,democli00057,2025-07-09,2025-08-08,5189.400,4360.000,828.400,1.000,30,false,2,0.00,false,7,false,true,ENTREPRISE,Tunis,898,7,7,4,0.5714,4.57,0,0,8960.894,0.5791,58,0,on_time,7,2025-08-15,2025-08-15
demofac00450,FAC-2025-0307,democli00040,2025-07-09,2025-09-07,3547.200,2980.000,566.200,1.000,60,false,2,0.00,false,7,false,false,ENTREPRISE,Ben Arous,344,9,7,3,0.4286,8.29,2,3189.320,6587.733,0.5385,5,0,on_time,0,2025-09-07,2025-09-07
demofac00451,FAC-2025-0308,democli00042,2025-07-09,2025-07-09,1738.400,1460.000,277.400,1.000,0,false,2,0.00,false,7,false,false,PARTICULIER,Ben Arous,396,29,29,5,0.1724,4.83,0,0,5484.875,0.3169,7,0,on_time,5,2025-07-14,2025-07-14
demofac00452,FAC-2025-0309,democli00034,2025-07-10,2025-08-09,22226.630,18677.000,3548.630,1.000,30,false,2,14.00,false,7,false,true,ENTREPRISE,Tunis,1047,9,7,2,0.2857,3.29,2,10766.740,10053.871,2.2108,10,0,on_time,-12,2025-07-28,2025-07-28
demofac00453,FAC-2025-0310,democli00015,2025-07-10,2025-08-09,2628.520,2208.000,419.520,1.000,30,false,1,8.00,false,7,false,true,ENTREPRISE,Kairouan,442,2,2,1,0.5000,14.00,0,0,6861.707,0.3831,105,0,on_time,0,2025-08-09,2025-08-09
demofac00454,FAC-2025-0311,democli00055,2025-07-10,2025-07-25,7379.000,6200.000,1178.000,1.000,15,false,2,0.00,false,7,false,false,ENTREPRISE,Sfax,662,10,10,9,0.9000,25.50,2,11006.285,9728.139,0.7585,44,1,late,28,2025-08-22,2025-08-02
demofac00455,FAC-2025-0312,democli00033,2025-07-13,2025-09-11,9729.845,8175.500,1553.345,1.000,60,false,3,10.00,false,7,false,false,ENTREPRISE,Gabes,1085,7,7,0,0.0000,-6.43,0,0,8579.126,1.1341,57,0,on_time,0,2025-09-11,2025-09-11
demofac00456,FAC-2025-0313,democli00019,2025-07-13,2025-09-11,5246.520,4408.000,837.520,1.000,60,false,1,0.00,false,7,false,false,ENTREPRISE,Gabes,722,28,22,1,0.0455,-1.95,6,93494.764,23041.875,0.2277,11,0,on_time,-10,2025-09-01,2025-09-01
demofac00457,FAC-2025-0314,democli00015,2025-07-13,2025-08-12,2928.400,2460.000,467.400,1.000,30,false,2,0.00,false,7,false,true,ENTREPRISE,Kairouan,445,3,2,1,0.5000,14.00,1,2628.520,5450.645,0.5373,3,0,on_time,0,2025-08-12,2025-08-12
demofac00458,FAC-2025-0315,democli00034,2025-07-14,2025-08-13,108.100,90.000,17.100,1.000,30,false,1,0.00,false,7,false,true,ENTREPRISE,Tunis,1051,10,7,2,0.2857,3.29,3,32993.370,11271.147,0.0096,4,0,on_time,-7,2025-08-06,2025-08-06
demofac00459,FAC-2025-0316,democli00019,2025-07-14,2025-09-12,46060.350,40165.000,5894.350,1.000,60,false,4,0.00,false,7,false,false,ENTREPRISE,Gabes,723,29,22,1,0.0455,-1.95,7,98741.284,22428.242,2.0537,1,0,on_time,2,2025-09-14,2025-09-14
demofac00460,FAC-2025-0317,democli00027,2025-07-14,2025-08-13,7771.105,6529.500,1240.605,1.000,30,true,2,0.00,false,7,false,true,ENTREPRISE,Nabeul,853,9,8,1,0.1250,-2.00,1,3115.825,8808.653,0.8822,51,0,on_time,-4,2025-08-09,2025-08-09
demofac00461,FAC-2025-0318,democli00030,2025-07-15,2025-08-14,9818.500,8250.000,1567.500,1.000,30,false,2,0.00,true,7,false,true,ENTREPRISE,Sfax,871,12,11,2,0.1818,1.50,2,35107.785,10210.627,0.9616,16,1,late,28,2025-09-11,2025-08-22
demofac00462,FAC-2025-0319,democli00041,2025-07-15,2025-08-29,7705.000,7200.000,504.000,1.000,45,false,1,0.00,true,7,false,true,ENTREPRISE,Bizerte,1090,15,12,1,0.0833,-1.25,3,36148.050,12318.543,0.6255,12,0,on_time,6,2025-09-04,2025-09-04
demofac00463,FAC-2025-0320,democli00057,2025-07-15,2025-08-14,13388.500,11250.000,2137.500,1.000,30,false,1,0.00,false,7,false,true,ENTREPRISE,Tunis,904,8,7,4,0.5714,4.57,1,5189.400,8489.457,1.5771,6,1,late,37,2025-09-20,2025-08-22
demofac00464,FAC-2025-0321,democli00031,2025-07-15,2025-07-30,2297.700,1930.000,366.700,1.000,15,false,2,0.00,true,7,false,false,ENTREPRISE,Sousse,634,6,6,3,0.5000,6.40,1,5356.000,4581.897,0.5015,36,0,on_time,-3,2025-07-27,2025-07-27
demofac00465,FAC-2025-0322,democli00035,2025-07-15,2025-07-15,358.000,300.000,57.000,1.000,0,false,1,0.00,true,7,false,false,PARTICULIER,Sfax,548,0,0,0,,,0,0,,,,0,on_time,4,2025-07-19,2025-07-19
demofac00466,FAC-2025-0323,democli00013,2025-07-17,2025-09-15,19543.180,16422.000,3120.180,1.000,60,false,4,6.00,false,7,false,false,ENTREPRISE,Ariana,995,5,3,1,0.3333,16.00,2,10226.360,11883.031,1.6446,32,1,late,11,2025-09-26,2025-09-23
demofac00467,FAC-2025-0324,democli00006,2025-07-19,2025-08-18,3856.600,3240.000,615.600,1.000,30,false,2,0.00,false,7,false,true,ENTREPRISE,Sousse,807,16,15,5,0.3333,1.07,2,9840.315,4799.174,0.8036,16,0,on_time,-5,2025-08-13,2025-08-13
demofac00468,FAC-2025-0325,democli00002,2025-07-20,2025-08-19,4064.850,3415.000,648.850,1.000,30,false,2,14.00,true,7,false,true,ENTREPRISE,Sousse,674,3,2,2,1.0000,12.00,1,857.800,4148.983,0.9797,12,0,on_time,4,2025-08-23,2025-08-23
demofac00469,FAC-2025-0326,democli00054,2025-07-20,2025-09-03,1743.755,1464.500,278.255,1.000,45,false,1,0.00,false,7,false,false,ENTREPRISE,Sousse,1036,10,8,0,0.0000,-2.75,2,52694.293,9540.799,0.1828,30,0,on_time,4,2025-09-07,2025-09-07
demofac00470,FAC-2025-0327,democli00027,2025-07-20,2025-09-03,11186.000,9400.000,1786.000,0.000,45,false,2,0.00,true,7,false,false,ENTREPRISE,Nabeul,859,10,9,1,0.1111,-1.11,1,7771.105,8704.898,1.2850,6,0,on_time,7,2025-09-10,2025-09-10
demofac00471,FAC-2025-0328,democli00026,2025-07-20,2025-08-19,4357.352,3660.800,695.552,1.000,30,false,1,12.00,true,7,false,true,ENTREPRISE,Sfax,495,10,10,3,0.3000,3.90,0,0,10410.042,0.4186,67,0,on_time,-7,2025-08-12,2025-08-12
demofac00472,FAC-2025-0329,democli00037,2025-07-21,2025-09-04,35778.350,30065.000,5712.350,1.000,45,false,4,11.00,false,7,false,false,ENTREPRISE,Kairouan,1124,11,11,3,0.2727,5.00,0,0,15982.592,2.2386,77,0,on_time,-2,2025-09-02,2025-09-02
demofac00473,FAC-2025-0330,democli00025,2025-07-21,2025-08-05,1274.300,1070.000,203.300,1.000,15,false,2,0.00,true,7,false,true,PARTICULIER,Kairouan,756,9,9,2,0.2222,0.22,0,0,5100.303,0.2498,35,0,on_time,-9,2025-07-27,2025-07-27
demofac00474,FAC-2025-0331,democli00050,2025-07-21,2025-08-20,2668.980,2242.000,425.980,1.000,30,false,1,0.00,false,7,false,true,ENTREPRISE,Ben Arous,300,4,4,0,0.0000,3.75,0,0,3635.855,0.7341,38,0,on_time,-8,2025-08-12,2025-08-12
demofac00475,FAC-2025-0332,democli00006,2025-07-21,2025-08-20,1928.800,1620.000,307.800,1.000,30,false,1,0.00,false,7,false,true,ENTREPRISE,Sousse,809,17,15,5,0.3333,1.07,3,13696.915,4743.728,0.4066,2,1,late,21,2025-09-10,2025-08-28
demofac00476,FAC-2025-0333,democli00002,2025-07-21,2025-08-20,1019.045,855.500,162.545,1.000,30,false,1,0.00,false,7,false,true,ENTREPRISE,Sousse,675,4,2,2,1.0000,12.00,2,4922.650,4127.950,0.2469,1,0,on_time,1,2025-08-21,2025-08-21
demofac00477,FAC-2025-0334,democli00020,2025-07-22,2025-07-22,1004.646,843.400,160.246,1.000,0,false,3,0.00,true,7,false,false,PARTICULIER,Kairouan,334,13,13,2,0.1538,3.92,0,0,3282.319,0.3061,14,0,on_time,4,2025-07-26,2025-07-26
demofac00478,FAC-2025-0335,democli00043,2025-07-24,2025-09-07,1434.544,1279.200,154.344,1.000,45,false,2,12.00,false,7,false,false,ENTREPRISE,Ben Arous,908,5,4,0,0.0000,-4.75,1,1006.900,2497.116,0.5745,37,0,on_time,6,2025-09-13,2025-09-13
demofac00479,FAC-2025-0336,democli00039,2025-07-26,2025-08-10,17826.880,15776.000,2050.880,0.000,15,false,1,0.00,false,7,false,true,ENTREPRISE,Sousse,635,11,11,3,0.2727,-0.44,2,24205.254,20848.268,0.8551,34,1,late,9,2025-08-19,2025-08-18
demofac00480,FAC-2025-0337,democli00054,2025-07-26,2025-09-09,5302.450,4455.000,846.450,1.000,45,false,1,0.00,true,7,false,false,ENTREPRISE,Sousse,1042,11,9,0,0.0000,-3.00,2,49921.905,8831.977,0.6004,6,0,on_time,-1,2025-09-08,2025-09-08
demofac00481,FAC-2025-0338,democli00019,2025-07-27,2025-09-25,67789.700,57914.000,9874.700,1.000,60,false,4,11.00,true,7,false,false,ENTREPRISE,Gabes,736,30,23,1,0.0435,-1.61,7,128485.250,23215.979,2.9200,13,0,on_time,-12,2025-09-13,2025-09-13
demofac00482,FAC-2025-0339,democli00039,2025-07-27,2025-08-11,14600.600,12920.000,1679.600,1.000,15,false,1,0.00,false,7,false,true,ENTREPRISE,Sousse,636,12,11,3,0.2727,-0.44,3,42032.134,20596.486,0.7089,1,1,late,69,2025-10-19,2025-08-19
demofac00483,FAC-2025-0340,democli00042,2025-07-28,2025-07-28,12748.280,10712.000,2035.280,1.000,0,false,3,0.00,false,7,false,false,PARTICULIER,Ben Arous,415,30,30,5,0.1667,4.83,0,0,5359.992,2.3784,19,0,on_time,3,2025-07-31,2025-07-31
demofac00484,FAC-2025-0341,democli00002,2025-07-28,2025-08-27,4285.000,3600.000,684.000,1.000,30,false,1,0.00,true,7,false,true,ENTREPRISE,Sousse,682,5,2,2,1.0000,12.00,3,5941.695,3506.169,1.2221,7,0,on_time,-7,2025-08-20,2025-08-20
demofac00485,FAC-2025-0342,democli00042,2025-07-28,2025-08-27,1286.200,1080.000,205.200,1.000,30,true,1,0.00,false,7,false,true,PARTICULIER,Ben Arous,415,31,30,5,0.1667,4.83,1,12748.280,5598.324,0.2297,0,1,late,13,2025-09-09,2025-09-04
demofac00486,FAC-2025-0343,democli00045,2025-07-30,2025-08-29,1923.902,1615.884,307.018,1.000,30,false,1,11.00,false,7,false,true,ENTREPRISE,Kairouan,464,2,2,2,1.0000,35.50,0,0,20494.585,0.0939,226,1,late,,,2025-09-06
demofac00487,FAC-2025-0344,democli00047,2025-07-31,2025-07-31,1237.053,1038.700,197.353,1.000,0,false,2,6.00,false,7,false,false,PARTICULIER,Gabes,1198,7,7,1,0.1429,3.86,0,0,7102.257,0.1742,25,0,on_time,1,2025-08-01,2025-08-01
demofac00488,FAC-2025-0345,democli00021,2025-07-31,2025-08-30,3214.000,2700.000,513.000,1.000,30,false,1,0.00,false,7,false,true,ENTREPRISE,Sfax,879,7,7,0,0.0000,-1.29,0,0,4413.984,0.7281,39,0,on_time,-8,2025-08-22,2025-08-22
demofac00489,FAC-2025-0346,democli00038,2025-08-01,2025-09-15,4005.350,3365.000,639.350,1.000,45,false,3,0.00,false,8,false,false,ENTREPRISE,Sfax,554,5,5,0,0.0000,0.60,0,0,5175.120,0.7740,63,0,on_time,7,2025-09-22,2025-09-22
demofac00490,FAC-2025-0347,democli00038,2025-08-01,2025-09-15,7545.600,6340.000,1204.600,1.000,45,false,2,0.00,false,8,false,false,ENTREPRISE,Sfax,554,6,5,0,0.0000,0.60,1,4005.350,4980.158,1.5151,0,0,on_time,-10,2025-09-05,2025-09-05
demofac00491,FAC-2025-0348,democli00010,2025-08-02,2025-10-01,1500.400,1260.000,239.400,1.000,60,false,1,0.00,true,8,false,false,ENTREPRISE,Gabes,659,8,5,4,0.8000,40.00,3,14175.060,5143.648,0.2917,25,1,late,69,2025-12-09,2025-10-09
demofac00492,FAC-2025-0349,democli00040,2025-08-03,2025-10-02,7470.670,6981.000,488.670,1.000,60,false,2,0.00,false,8,false,false,ENTREPRISE,Ben Arous,369,10,8,3,0.3750,6.63,2,5961.520,6283.680,1.1889,25,0,on_time,-3,2025-09-29,2025-09-29
demofac00493,FAC-2025-0350,democli00042,2025-08-04,2025-08-04,4718.636,3964.400,753.236,1.000,0,false,3,8.00,true,8,false,true,PARTICULIER,Ben Arous,422,32,31,5,0.1613,4.77,1,1286.200,5463.570,0.8637,7,1,late,10,2025-08-14,2025-08-12
demofac00494,FAC-2025-0351,democli00042,2025-08-05,2025-08-05,2464.300,2070.000,393.300,1.000,0,false,1,0.00,false,8,false,true,PARTICULIER,Ben Arous,423,33,31,5,0.1613,4.77,2,6004.836,5440.996,0.4529,1,0,on_time,4,2025-08-09,2025-08-09
demofac00495,FAC-2025-0352,democli00053,2025-08-07,2025-09-06,453.200,380.000,72.200,1.000,30,false,1,0.00,false,8,false,false,ENTREPRISE,Sfax,532,10,10,4,0.4000,13.44,1,6743.540,5374.189,0.0843,92,0,on_time,6,2025-09-12,2025-09-12
demofac00496,FAC-2025-0353,democli00030,2025-08-08,2025-09-07,33152.440,27888.000,5263.440,1.000,30,false,3,0.00,false,8,false,false,ENTREPRISE,Sfax,895,13,12,3,0.2500,3.64,2,36524.885,10180.463,3.2565,24,0,on_time,-9,2025-08-29,2025-08-29
demofac00497,FAC-2025-0354,democli00040,2025-08-08,2025-10-07,1500.400,1260.000,239.400,1.000,60,false,1,0.00,true,8,false,false,ENTREPRISE,Ben Arous,374,11,8,3,0.3750,6.63,3,13432.190,6391.588,0.2347,5,0,on_time,7,2025-10-14,2025-10-14
demofac00498,FAC-2025-0355,democli00033,2025-08-08,2025-10-07,3208.288,2695.200,512.088,1.000,60,false,2,12.00,false,8,false,false,ENTREPRISE,Gabes,1111,8,7,0,0.0000,-6.43,1,6871.242,8722.966,0.3678,26,0,on_time,-7,2025-09-30,2025-09-30
demofac00499,FAC-2025-0356,democli00019,2025-08-11,2025-10-10,58311.000,49000.000,9310.000,1.000,60,false,2,0.00,false,8,false,false,ENTREPRISE,Gabes,751,31,25,1,0.0400,-1.84,6,185840.450,24653.841,2.3652,15,0,on_time,-9,2025-10-01,2025-10-01
demofac00500,FAC-2025-0357,democli00004,2025-08-12,2025-09-26,46783.000,41400.000,5382.000,1.000,45,false,2,0.00,false,8,false,false,ENTREPRISE,Monastir,1202,3,3,3,1.0000,51.67,0,0,32356.771,1.4458,76,1,late,30,2025-10-26,2025-10-04
demofac00501,FAC-2025-0358,democli00025,2025-08-12,2025-08-27,3809.000,3200.000,608.000,1.000,15,false,1,0.00,true,8,false,true,PARTICULIER,Kairouan,778,10,10,2,0.2000,-0.70,0,0,4717.703,0.8074,22,0,on_time,1,2025-08-28,2025-08-28
demofac00502,FAC-2025-0359,democli00033,2025-08-13,2025-10-12,7081.500,5950.000,1130.500,1.000,60,false,1,0.00,false,8,false,false,ENTREPRISE,Gabes,1116,9,7,0,0.0000,-6.43,2,10079.530,8110.224,0.8732,5,0,on_time,1,2025-10-13,2025-10-13
demofac00503,FAC-2025-0360,democli00041,2025-08-14,2025-09-28,2143.000,1800.000,342.000,1.000,45,false,1,0.00,true,8,false,false,ENTREPRISE,Bizerte,1120,16,14,1,0.0714,-1.43,2,21272.000,12030.197,0.1781,30,0,on_time,3,2025-10-01,2025-10-01
demofac00504,FAC-2025-0361,democli00029,2025-08-15,2025-10-14,10853.800,9120.000,1732.800,1.000,60,false,2,0.00,true,8,false,false,ENTREPRISE,Ariana,6,0,0,0,,,0,0,,,,0,on_time,-12,2025-10-02,2025-10-02
demofac00505,FAC-2025-0362,democli00043,2025-08-17,2025-10-01,643.600,540.000,102.600,1.000,45,false,1,0.00,false,8,false,false,ENTREPRISE,Ben Arous,932,6,5,1,0.2000,-2.00,1,940.383,2320.021,0.2774,24,0,on_time,0,2025-10-01,2025-10-01
demofac00506,FAC-2025-0363,democli00001,2025-08-17,2025-09-16,11906.950,10005.000,1900.950,1.000,30,false,1,0.00,true,8,false,false,ENTREPRISE,Gabes,1008,3,3,2,0.6667,7.00,1,2726.808,8775.267,1.3569,71,0,on_time,-1,2025-09-15,2025-09-15
demofac00507,FAC-2025-0364,democli00017,2025-08-18,2025-10-02,35567.720,29888.000,5678.720,1.000,45,false,3,6.00,true,8,false,false,ENTREPRISE,Gabes,654,4,4,0,0.0000,-6.00,0,0,5995.800,5.9321,163,0,on_time,-11,2025-09-21,2025-09-21
demofac00508,FAC-2025-0365,democli00029,2025-08-19,2025-10-18,15548.350,13065.000,2482.350,1.000,60,false,2,0.00,false,8,false,false,ENTREPRISE,Ariana,10,1,0,0,,,1,10853.800,10853.800,1.4325,4,1,late,19,2025-11-06,2025-10-26
demofac00509,FAC-2025-0366,democli00047,2025-08-19,2025-08-19,3331.334,2798.600,531.734,1.000,0,false,2,14.00,true,8,false,true,PARTICULIER,Gabes,1217,8,8,1,0.1250,3.50,0,0,6369.107,0.5230,19,0,on_time,3,2025-08-22,2025-08-22
demofac00510,FAC-2025-0367,democli00031,2025-08-19,2025-09-03,5832.000,4900.000,931.000,1.000,15,false,2,0.00,false,8,false,false,ENTREPRISE,Sousse,669,7,7,3,0.4286,9.86,0,0,4255.583,1.3704,35,0,on_time,-9,2025-08-25,2025-08-25
demofac00511,FAC-2025-0368,democli00044,2025-08-20,2025-09-19,2906.266,2441.400,463.866,1.000,30,false,2,8.00,true,8,false,false,ENTREPRISE,Nabeul,1055,10,10,8,0.8000,19.22,1,6125.293,4650.277,0.6250,79,1,late,13,2025-10-02,2025-09-27
demofac00512,FAC-2025-0369,democli00039,2025-08-21,2025-09-05,5269.060,4662.000,606.060,1.000,15,false,1,0.00,true,8,false,false,ENTREPRISE,Sousse,661,13,13,5,0.3846,3.27,2,19246.867,20135.264,0.2617,25,0,on_time,5,2025-09-10,2025-09-10
demofac00513,FAC-2025-0370,democli00027,2025-08-21,2025-10-05,2427.600,2040.000,387.600,0.000,45,false,1,0.00,false,8,false,false,ENTREPRISE,Nabeul,891,11,10,1,0.1000,-1.40,1,4931.302,8930.453,0.2718,32,0,on_time,0,2025-10-05,2025-10-05
demofac00514,FAC-2025-0371,democli00039,2025-08-21,2025-09-05,25612.354,22665.800,2946.554,0.000,15,false,2,5.00,false,8,false,false,ENTREPRISE,Sousse,661,14,13,5,0.3846,3.27,3,24515.927,19073.392,1.3428,0,1,late,52,2025-10-27,2025-09-13
demofac00515,FAC-2025-0372,democli00010,2025-08-24,2025-10-23,32250.000,27100.000,5149.000,1.000,60,false,2,0.00,false,8,false,false,ENTREPRISE,Gabes,681,9,7,6,0.8571,40.00,4,15675.460,4738.843,6.8055,22,1,late,,,2025-10-31
demofac00516,FAC-2025-0373,democli00037,2025-08-27,2025-10-11,17519.410,15439.840,2078.570,1.000,45,false,3,11.00,false,8,false,false,ENTREPRISE,Kairouan,1161,12,11,3,0.2727,5.00,1,13154.901,17632.238,0.9936,37,1,late,10,2025-10-21,2025-10-19
demofac00517,FAC-2025-0374,democli00042,2025-08-27,2025-08-27,8390.500,7050.000,1339.500,1.000,0,false,1,0.00,true,8,false,true,PARTICULIER,Ben Arous,445,34,33,6,0.1818,4.91,1,1286.200,5353.446,1.5673,22,0,on_time,3,2025-08-30,2025-08-30
demofac00518,FAC-2025-0375,democli00052,2025-08-28,2025-10-12,1296.910,1089.000,206.910,1.000,45,false,2,0.00,false,8,false,false,ENTREPRISE,Gabes,902,6,6,3,0.5000,17.80,1,843.520,4678.237,0.2772,81,1,late,73,2025-12-24,2025-10-20
demofac00519,FAC-2025-0376,democli00030,2025-08-29,2025-09-28,8054.920,6768.000,1285.920,1.000,30,false,1,6.00,false,8,false,false,ENTREPRISE,Sfax,916,14,13,4,0.3077,5.67,2,42970.940,11821.319,0.6814,21,1,late,19,2025-10-17,2025-10-06
demofac00520,FAC-2025-0377,democli00038,2025-08-30,2025-10-14,10104.100,8490.000,1613.100,1.000,45,false,3,0.00,false,8,false,false,ENTREPRISE,Sfax,583,7,5,0,0.0000,0.60,2,7746.842,5346.650,1.8898,29,0,on_time,-11,2025-10-03,2025-10-03
demofac00521,FAC-2025-0378,democli00025,2025-08-30,2025-09-14,6916.328,5811.200,1104.128,1.000,15,false,3,12.00,false,8,false,false,PARTICULIER,Kairouan,796,11,11,2,0.1818,-0.55,0,0,4635.094,1.4922,18,0,on_time,3,2025-09-17,2025-09-17
demofac00522,FAC-2025-0379,democli00052,2025-08-31,2025-10-15,2781.887,2336.880,444.007,1.000,45,false,1,9.00,false,8,false,false,ENTREPRISE,Gabes,905,7,6,3,0.5000,17.80,2,2140.430,4195.190,0.6631,3,1,late,16,2025-10-31,2025-10-23
demofac00523,FAC-2025-0380,democli00013,2025-08-31,2025-10-30,1635.584,1373.600,260.984,1.000,60,false,1,0.00,false,8,false,false,ENTREPRISE,Ariana,1040,6,5,3,0.6000,16.00,3,20342.527,13159.723,0.1243,45,1,late,25,2025-11-24,2025-11-07
demofac00524,FAC-2025-0381,democli00042,2025-09-01,2025-09-01,2716.104,2281.600,433.504,1.000,0,false,2,8.00,true,9,true,false,PARTICULIER,Ben Arous,450,35,34,6,0.1765,4.85,1,1286.200,5440.219,0.4993,5,0,on_time,4,2025-09-05,2025-09-05
demofac00525,FAC-2025-0382,democli00047,2025-09-02,2025-09-02,358.000,300.000,57.000,1.000,0,false,1,0.00,true,9,true,false,PARTICULIER,Gabes,1231,9,9,1,0.1111,3.44,0,0,6031.576,0.0594,14,1,late,51,2025-10-23,2025-09-10
demofac00526,FAC-2025-0383,democli00002,2025-09-02,2025-10-02,13894.250,11675.000,2218.250,1.000,30,false,3,0.00,true,9,true,false,ENTREPRISE,Sousse,718,6,6,2,0.3333,3.00,0,0,3635.974,3.8213,36,0,on_time,1,2025-10-03,2025-10-03
demofac00527,FAC-2025-0384,democli00041,2025-09-03,2025-10-18,3452.000,2900.000,551.000,1.000,45,false,1,0.00,false,9,true,false,ENTREPRISE,Bizerte,1140,17,15,1,0.0667,-1.13,2,9848.000,11448.597,0.3015,20,0,on_time,-10,2025-10-08,2025-10-08
demofac00528,FAC-2025-0385,democli00019,2025-09-04,2025-11-03,30958.000,27660.000,3297.000,1.000,60,false,3,15.00,true,9,true,false,ENTREPRISE,Gabes,775,32,29,2,0.0690,-1.28,3,129116.332,25705.628,1.2043,24,0,on_time,3,2025-11-06,2025-11-06
demofac00529,FAC-2025-0386,democli00046,2025-09-04,2025-11-03,6971.544,5857.600,1112.944,1.000,60,false,3,14.00,true,9,true,false,ENTREPRISE,Gabes,671,5,5,0,0.0000,-3.80,0,0,12667.907,0.5503,124,0,on_time,-8,2025-10-26,2025-10-26
demofac00530,FAC-2025-0387,democli00049,2025-09-04,2025-10-04,54.550,45.000,8.550,1.000,30,false,1,0.00,false,9,true,false,ENTREPRISE,Kairouan,488,13,13,0,0.0000,-1.77,0,0,6843.972,0.0080,104,0,on_time,2,2025-10-06,2025-10-06
demofac00531,FAC-2025-0388,democli00049,2025-09-05,2025-10-05,7321.880,6152.000,1168.880,1.000,30,false,2,12.00,true,9,true,false,ENTREPRISE,Kairouan,489,14,13,0,0.0000,-1.77,1,54.550,6359.014,1.1514,1,0,on_time,-3,2025-10-02,2025-10-02
demofac00532,FAC-2025-0389,democli00030,2025-09-08,2025-10-08,15710.785,13201.500,2508.285,1.000,30,false,2,11.00,true,9,true,false,ENTREPRISE,Sfax,926,15,14,4,0.2857,4.54,2,17873.420,11570.225,1.3579,10,0,on_time,7,2025-10-15,2025-10-15
demofac00533,FAC-2025-0390,democli00026,2025-09-09,2025-10-09,2797.976,2475.200,321.776,1.000,30,false,1,9.00,false,9,true,false,ENTREPRISE,Sfax,546,11,11,3,0.2727,2.91,0,0,9859.797,0.2838,51,0,on_time,3,2025-10-12,2025-10-12
demofac00534,FAC-2025-0391,democli00049,2025-09-11,2025-10-11,10395.650,8735.000,1659.650,1.000,30,false,3,0.00,false,9,true,false,ENTREPRISE,Kairouan,495,15,13,0,0.0000,-1.77,2,7376.430,6423.205,1.6185,6,0,on_time,-9,2025-10-02,2025-10-02
demofac00535,FAC-2025-0392,democli00028,2025-09-11,2025-10-11,8389.500,7050.000,1339.500,0.000,30,false,2,0.00,false,9,true,false,ENTREPRISE,Sfax,903,9,9,4,0.4444,9.67,0,0,6793.799,1.2349,80,1,late,29,2025-11-09,2025-10-19
demofac00536,FAC-2025-0393,democli00019,2025-09-11,2025-11-10,8093.000,6800.000,1292.000,1.000,60,false,1,0.00,false,9,true,false,ENTREPRISE,Gabes,782,33,29,2,0.0690,-1.28,4,160074.332,25864.790,0.3129,7,0,on_time,-2,2025-11-08,2025-11-08
demofac00537,FAC-2025-0394,democli00029,2025-09-12,2025-11-11,10032.700,8430.000,1601.700,1.000,60,false,2,0.00,false,9,true,false,ENTREPRISE,Ariana,34,2,0,0,,,2,26402.150,13201.075,0.7600,24,1,late,26,2025-12-07,2025-11-19
demofac00538,FAC-2025-0395,democli00053,2025-09-13,2025-10-13,453.200,380.000,72.200,1.000,30,false,1,0.00,false,9,true,false,ENTREPRISE,Sfax,569,11,11,4,0.3636,12.70,1,6743.540,4926.827,0.0920,37,0,on_time,-12,2025-10-01,2025-10-01
demofac00539,FAC-2025-0396,democli00004,2025-09-13,2025-10-28,42479.960,37592.000,4886.960,1.000,45,false,2,0.00,false,9,true,false,ENTREPRISE,Monastir,1234,4,3,3,1.0000,51.67,1,46783.000,35963.329,1.1812,32,1,late,31,2025-11-28,2025-11-05
demofac00540,FAC-2025-0397,democli00052,2025-09-13,2025-10-28,7616.000,6400.000,1216.000,0.000,45,false,2,0.00,false,9,true,false,ENTREPRISE,Gabes,918,8,6,3,0.5000,17.80,3,4922.317,4018.527,1.8952,13,1,late,27,2025-11-24,2025-11-05
demofac00541,FAC-2025-0398,democli00005,2025-09-14,2025-10-29,5264.608,4423.200,840.408,1.000,45,false,2,0.00,false,9,true,false,ENTREPRISE,Nabeul,669,6,6,2,0.3333,2.67,0,0,20808.975,0.2530,141,0,on_time,7,2025-11-05,2025-11-05
demofac00542,FAC-2025-0399,democli00011,2025-09-15,2025-10-15,6795.900,5710.000,1084.900,1.000,30,false,3,0.00,false,9,true,false,ENTREPRISE,Ariana,1113,13,13,8,0.6154,9.58,1,9045.000,17933.751,0.3789,99,1,late,91,2026-01-14,2025-10-23
demofac00543,FAC-2025-0400,democli00039,2025-09-16,2025-10-01,15830.040,14008.000,1821.040,1.000,15,false,1,0.00,false,9,true,false,ENTREPRISE,Sousse,687,15,15,6,0.4000,3.42,3,44859.221,19509.323,0.8114,26,0,on_time,-4,2025-09-27,2025-09-27
demofac00544,FAC-2025-0401,democli00006,2025-09-17,2025-10-17,8394.118,7053.040,1340.078,1.000,30,false,3,9.00,false,9,true,false,ENTREPRISE,Sousse,867,18,18,6,0.3333,3.17,0,0,4587.343,1.8298,58,0,on_time,-5,2025-10-12,2025-10-12
demofac00545,FAC-2025-0402,democli00019,2025-09-18,2025-11-17,13754.750,12125.000,1628.750,1.000,60,false,4,0.00,false,9,true,false,ENTREPRISE,Gabes,789,34,31,2,0.0645,-1.52,3,97362.000,25342.091,0.5428,7,0,on_time,-7,2025-11-10,2025-11-10
demofac00546,FAC-2025-0403,democli00017,2025-09-19,2025-11-03,5427.400,4560.000,866.400,1.000,45,false,2,0.00,true,9,true,false,ENTREPRISE,Gabes,686,5,4,0,0.0000,-6.00,1,15582.641,11910.184,0.4557,32,0,on_time,2,2025-11-05,2025-11-05
demofac00547,FAC-2025-0404,democli00032,2025-09-19,2025-10-19,15655.688,13155.200,2499.488,1.000,30,false,3,14.00,false,9,true,false,ENTREPRISE,Ariana,1113,6,6,3,0.5000,8.17,0,0,8407.854,1.8620,131,0,on_time,-7,2025-10-12,2025-10-12
demofac00548,FAC-2025-0405,democli00041,2025-09-19,2025-11-03,1445.500,1350.000,94.500,1.000,45,false,1,0.00,true,9,true,false,ENTREPRISE,Bizerte,1156,18,16,1,0.0625,-0.69,2,5595.000,11004.342,0.1314,16,0,on_time,-5,2025-10-29,2025-10-29
demofac00549,FAC-2025-0406,democli00002,2025-09-20,2025-10-20,454.152,380.800,72.352,1.000,30,false,1,0.00,false,9,true,false,ENTREPRISE,Sousse,736,7,6,2,0.3333,3.00,1,13894.250,5101.442,0.0890,18,1,late,14,2025-11-03,2025-10-28
demofac00550,FAC-2025-0407,democli00059,2025-09-21,2025-11-05,3804.580,3366.000,437.580,1.000,45,false,1,10.00,false,9,true,false,ENTREPRISE,Nabeul,525,14,14,2,0.1429,-0.93,0,0,7461.403,0.5099,96,0,on_time,7,2025-11-12,2025-11-12
demofac00551,FAC-2025-0408,democli00048,2025-09-21,2025-10-21,18112.324,15219.600,2891.724,1.000,30,false,3,13.00,true,9,true,false,ENTREPRISE,Ariana,1205,11,11,2,0.1818,2.18,0,0,3913.467,4.6282,79,0,on_time,6,2025-10-27,2025-10-27
demofac00552,FAC-2025-0409,democli00034,2025-09-21,2025-10-21,11125.120,9348.000,1776.120,1.000,30,false,1,0.00,false,9,true,false,ENTREPRISE,Tunis,1120,11,11,4,0.3636,3.91,0,0,10256.325,1.0847,69,0,on_time,0,2025-10-21,2025-10-21
demofac00553,FAC-2025-0410,democli00002,2025-09-21,2025-10-21,4285.000,3600.000,684.000,1.000,30,false,1,0.00,true,9,true,false,ENTREPRISE,Sousse,737,8,6,2,0.3333,3.00,2,14348.402,4520.531,0.9479,1,0,on_time,-4,2025-10-17,2025-10-17
demofac00554,FAC-2025-0411,democli00008,2025-09-21,2025-10-06,2190.600,1840.000,349.600,1.000,15,false,2,0.00,false,9,true,false,ENTREPRISE,Gabes,714,8,8,4,0.5000,8.13,0,0,4736.078,0.4625,86,0,on_time,-8,2025-09-28,2025-09-28
demofac00555,FAC-2025-0412,democli00041,2025-09-22,2025-11-06,10711.000,9000.000,1710.000,1.000,45,false,1,0.00,true,9,true,false,ENTREPRISE,Bizerte,1159,19,16,1,0.0625,-0.69,3,7040.500,10501.245,1.0200,3,0,on_time,-2,2025-11-04,2025-11-04
demofac00556,FAC-2025-0413,democli00052,2025-09-22,2025-11-06,3770.920,3168.000,601.920,1.000,45,false,1,12.00,true,9,true,false,ENTREPRISE,Gabes,927,9,6,3,0.5000,17.80,4,12538.317,4418.246,0.8535,9,1,late,40,2025-12-16,2025-11-14
demofac00557,FAC-2025-0414,democli00019,2025-09-23,2025-11-22,18814.900,15810.000,3003.900,1.000,60,false,1,15.00,true,9,true,false,ENTREPRISE,Gabes,794,35,31,2,0.0645,-1.52,4,111116.750,25011.024,0.7523,5,0,on_time,5,2025-11-27,2025-11-27
demofac00558,FAC-2025-0415,democli00026,2025-09-23,2025-10-23,14560.488,12730.520,1828.968,1.000,30,false,2,6.00,false,9,true,false,ENTREPRISE,Sfax,560,12,11,3,0.2727,2.91,1,2797.976,9271.312,1.5705,14,1,late,19,2025-11-11,2025-10-31
demofac00559,FAC-2025-0416,democli00040,2025-09-23,2025-11-22,1204.750,1125.000,78.750,1.000,60,false,1,0.00,true,9,true,false,ENTREPRISE,Ben Arous,420,12,10,3,0.3000,5.10,2,8971.070,5983.989,0.2013,46,0,on_time,-2,2025-11-20,2025-11-20
demofac00560,FAC-2025-0417,democli00026,2025-09-23,2025-10-23,11758.200,9880.000,1877.200,1.000,30,false,2,0.00,true,9,true,false,ENTREPRISE,Sfax,560,13,11,3,0.2727,2.91,2,17358.464,9678.172,1.2149,0,1,late,15,2025-11-07,2025-10-31
demofac00561,FAC-2025-0418,democli00032,2025-09-23,2025-10-23,4285.000,3600.000,684.000,1.000,30,false,1,0.00,false,9,true,false,ENTREPRISE,Ariana,1117,7,6,3,0.5000,8.17,1,15655.688,9443.259,0.4538,4,1,late,10,2025-11-02,2025-10-31
demofac00562,FAC-2025-0419,democli00059,2025-09-24,2025-11-08,643.600,540.000,102.600,1.000,45,false,1,0.00,true,9,true,false,ENTREPRISE,Nabeul,528,15,14,2,0.1429,-0.93,1,3804.580,7217.614,0.0892,3,1,late,16,2025-11-24,2025-11-16
demofac00563,FAC-2025-0420,democli00047,2025-09-24,2025-09-24,11718.692,9846.800,1870.892,1.000,0,false,4,0.00,false,9,true,false,PARTICULIER,Gabes,1253,10,10,2,0.2000,3.44,1,358.000,5464.219,2.1446,22,1,late,10,2025-10-04,2025-10-02
demofac00564,FAC-2025-0421,democli00019,2025-09-24,2025-11-23,22135.000,18600.000,3534.000,1.000,60,false,1,0.00,true,9,true,false,ENTREPRISE,Gabes,795,36,31,2,0.0645,-1.52,5,129931.650,24838.909,0.8911,1,0,on_time,5,2025-11-28,2025-11-28
demofac00565,FAC-2025-0422,democli00055,2025-09-24,2025-10-09,8093.000,6800.000,1292.000,1.000,15,false,2,0.00,false,9,true,false,ENTREPRISE,Sfax,738,11,11,10,0.9091,28.10,1,8916.670,9514.580,0.8506,76,1,late,38,2025-11-16,2025-10-17
demofac00566,FAC-2025-0423,democli00017,2025-09-24,2025-11-08,32874.750,27625.000,5248.750,1.000,45,false,4,6.00,false,9,true,false,ENTREPRISE,Gabes,691,6,5,0,0.0000,-7.00,1,5427.400,10829.720,3.0356,5,1,late,15,2025-11-23,2025-11-16
demofac00567,FAC-2025-0424,democli00037,2025-09-25,2025-11-09,13108.850,11015.000,2092.850,1.000,45,false,3,10.00,true,9,true,false,ENTREPRISE,Kairouan,1190,13,12,3,0.2500,4.42,1,17519.410,17623.559,0.7438,29,1,late,34,2025-12-13,2025-11-17
demofac00568,FAC-2025-0425,democli00044,2025-09-26,2025-10-26,227.100,190.000,36.100,1.000,30,false,1,0.00,true,9,true,false,ENTREPRISE,Nabeul,1092,11,10,8,0.8000,19.22,2,9031.559,4491.730,0.0506,37,1,late,71,2026-01-05,2025-11-03
demofac00569,FAC-2025-0426,democli00047,2025-09-28,2025-09-28,9378.200,7880.000,1497.200,1.000,0,false,2,0.00,false,9,true,false,PARTICULIER,Gabes,1257,11,10,2,0.2000,3.44,2,12076.692,6032.807,1.5545,4,1,late,25,2025-10-23,2025-10-06
demofac00570,FAC-2025-0427,democli00044,2025-09-29,2025-10-29,2385.900,2110.000,274.900,1.000,30,false,3,0.00,false,9,true,false,ENTREPRISE,Nabeul,1095,12,11,9,0.8182,19.22,3,9258.659,4136.345,0.5768,3,0,on_time,-5,2025-10-24,2025-10-24
demofac00572,FAC-2025-0429,democli00010,2025-09-30,2025-11-29,8698.472,7308.800,1388.672,1.000,60,false,3,12.00,true,9,true,false,ENTREPRISE,Gabes,718,10,8,7,0.8750,36.50,4,43640.460,7489.958,1.1614,37,1,late,35,2026-01-03,2025-12-07
demofac00573,FAC-2025-0430,democli00053,2025-09-30,2025-10-30,4751.480,3992.000,758.480,1.000,30,false,2,14.00,false,9,true,false,ENTREPRISE,Sfax,586,12,11,4,0.3636,12.70,2,7196.740,4554.024,1.0434,17,0,on_time,1,2025-10-31,2025-10-31
demofac00574,FAC-2025-0431,democli00025,2025-10-01,2025-10-16,6933.940,5826.000,1106.940,1.000,15,false,3,0.00,true,10,false,false,PARTICULIER,Kairouan,828,12,12,2,0.1667,-0.25,0,0,4825.197,1.4370,32,0,on_time,-11,2025-10-05,2025-10-05
demofac00575,FAC-2025-0432,democli00031,2025-10-02,2025-10-17,7046.420,6266.000,779.420,1.000,15,false,4,0.00,false,10,false,false,ENTREPRISE,Sousse,713,8,8,3,0.3750,7.50,0,0,4452.635,1.5825,44,1,late,31,2025-11-17,2025-10-25
demofac00576,FAC-2025-0433,democli00008,2025-10-02,2025-10-17,8285.780,6962.000,1322.780,1.000,15,false,3,9.00,false,10,false,false,ENTREPRISE,Gabes,725,9,9,4,0.4444,6.33,0,0,4453.247,1.8606,11,1,late,66,2025-12-22,2025-10-25
demofac00577,FAC-2025-0434,democli00059,2025-10-02,2025-11-16,8835.385,7813.500,1020.885,1.000,45,false,2,5.00,false,10,false,false,ENTREPRISE,Nabeul,536,16,14,2,0.1429,-0.93,2,4448.180,6806.739,1.2980,8,0,on_time,-2,2025-11-14,2025-11-14
demofac00578,FAC-2025-0435,democli00012,2025-10-03,2025-11-02,2428.600,2040.000,387.600,1.000,30,false,2,10.00,false,10,false,false,ENTREPRISE,Nabeul,452,1,1,0,0.0000,4.00,0,0,7605.100,0.3193,137,0,on_time,-5,2025-10-28,2025-10-28
demofac00579,FAC-2025-0436,democli00038,2025-10-04,2025-11-18,1455.180,1222.000,232.180,1.000,45,false,1,6.00,false,10,false,false,ENTREPRISE,Sfax,618,8,8,0,0.0000,-1.38,0,0,5941.331,0.2449,35,0,on_time,-10,2025-11-08,2025-11-08
demofac00580,FAC-2025-0437,democli00014,2025-10-05,2025-10-20,19017.200,15980.000,3036.200,1.000,15,false,3,0.00,true,10,false,false,ENTREPRISE,Monastir,502,4,4,1,0.2500,6.00,0,0,9291.449,2.0467,194,0,on_time,-3,2025-10-17,2025-10-17
demofac00581,FAC-2025-0438,democli00019,2025-10-05,2025-12-04,10181.450,8555.000,1625.450,1.000,60,false,1,0.00,false,10,false,true,ENTREPRISE,Gabes,806,37,32,2,0.0625,-1.75,5,93755.650,24765.831,0.4111,11,0,on_time,-12,2025-11-22,2025-11-22
demofac00582,FAC-2025-0439,democli00047,2025-10-05,2025-11-04,744.750,625.000,118.750,1.000,30,true,2,0.00,false,10,false,false,PARTICULIER,Gabes,1264,12,11,3,0.2727,4.10,2,9736.200,6311.590,0.1180,7,1,late,28,2025-12-02,2025-11-12
demofac00583,FAC-2025-0440,democli00042,2025-10-06,2025-10-06,5048.504,4241.600,805.904,1.000,0,false,3,12.00,true,10,false,false,PARTICULIER,Ben Arous,485,36,36,7,0.1944,5.06,0,0,5364.550,0.9411,35,0,on_time,7,2025-10-13,2025-10-13
demofac00584,FAC-2025-0441,democli00039,2025-10-06,2025-10-21,25577.420,22634.000,2942.420,1.000,15,false,2,0.00,false,10,false,false,ENTREPRISE,Sousse,707,16,16,6,0.3750,2.85,3,44859.221,19279.368,1.3267,20,0,on_time,-6,2025-10-15,2025-10-15
demofac00585,FAC-2025-0442,democli00055,2025-10-07,2025-10-22,7014.860,5894.000,1119.860,1.000,15,false,2,15.00,false,10,false,false,ENTREPRISE,Sfax,751,12,11,10,0.9091,28.10,2,17009.670,9396.115,0.7466,13,1,late,106,2026-02-05,2025-10-30
demofac00586,FAC-2025-0443,democli00041,2025-10-08,2025-11-22,33390.000,28300.000,5089.000,1.000,45,false,3,0.00,false,10,false,false,ENTREPRISE,Bizerte,1175,20,17,1,0.0588,-0.47,3,12685.233,10511.733,3.1765,16,0,on_time,-5,2025-11-17,2025-11-17
demofac00587,FAC-2025-0444,democli00042,2025-10-08,2025-10-08,466.290,391.000,74.290,1.000,0,false,1,15.00,false,10,false,false,PARTICULIER,Ben Arous,487,37,36,7,0.1944,5.06,1,5048.504,5356.008,0.0871,2,0,on_time,3,2025-10-11,2025-10-11
demofac00588,FAC-2025-0445,democli00019,2025-10-08,2025-12-07,7705.000,7200.000,504.000,1.000,60,false,1,0.00,false,10,false,true,ENTREPRISE,Gabes,809,38,32,2,0.0625,-1.75,6,103937.100,24382.031,0.3160,3,1,late,9,2025-12-16,2025-12-15
demofac00589,FAC-2025-0446,democli00008,2025-10-10,2025-10-25,1493.260,1254.000,238.260,1.000,15,false,2,6.00,true,10,false,false,ENTREPRISE,Gabes,733,10,9,4,0.4444,6.33,1,8285.780,4836.501,0.3087,8,0,on_time,-12,2025-10-13,2025-10-13
demofac00590,FAC-2025-0447,democli00030,2025-10-10,2025-11-09,7740.760,6504.000,1235.760,1.000,30,false,3,13.00,false,10,false,false,ENTREPRISE,Sfax,958,16,15,5,0.3333,6.21,2,23765.705,11829.010,0.6544,32,0,on_time,3,2025-11-12,2025-11-12
demofac00591,FAC-2025-0448,democli00011,2025-10-10,2025-11-09,4454.344,3859.200,594.144,1.000,30,false,2,8.00,true,10,false,false,ENTREPRISE,Ariana,1138,14,13,8,0.6154,9.58,2,15840.900,17138.190,0.2599,25,0,on_time,0,2025-11-09,2025-11-09
demofac00592,FAC-2025-0449,democli00039,2025-10-10,2025-10-25,7454.480,6596.000,857.480,1.000,15,false,1,0.00,true,10,false,false,ENTREPRISE,Sousse,711,17,16,6,0.3750,2.85,4,70436.641,19649.841,0.3794,4,0,on_time,-1,2025-10-24,2025-10-24
demofac00593,FAC-2025-0450,democli00052,2025-10-11,2025-11-25,7227.820,6606.000,620.820,1.000,45,false,4,10.00,false,10,false,false,ENTREPRISE,Gabes,946,10,6,3,0.5000,17.80,5,14275.069,4353.514,1.6602,19,0,on_time,-1,2025-11-24,2025-11-24
demofac00594,FAC-2025-0451,democli00032,2025-10-11,2025-11-10,25270.860,21862.000,3407.860,1.000,30,false,4,0.00,true,10,false,false,ENTREPRISE,Ariana,1135,8,6,3,0.5000,8.17,2,19940.688,8798.477,2.8722,18,0,on_time,1,2025-11-11,2025-11-11
demofac00595,FAC-2025-0452,democli00051,2025-10-11,2025-11-10,31264.000,27300.000,3963.000,1.000,30,false,3,0.00,true,10,false,false,ENTREPRISE,Ariana,514,6,6,0,0.0000,-2.00,0,0,15920.533,1.9638,140,0,on_time,5,2025-11-15,2025-11-15
demofac00596,FAC-2025-0453,democli00042,2025-10-12,2025-10-12,2878.134,2417.760,459.374,1.000,0,false,2,8.00,true,10,false,false,PARTICULIER,Ben Arous,491,38,37,7,0.1892,5.00,1,5048.504,5227.331,0.5506,4,0,on_time,6,2025-10-18,2025-10-18
demofac00597,FAC-2025-0454,democli00054,2025-10-14,2025-11-28,2952.200,2480.000,471.200,1.000,45,false,1,0.00,false,10,false,false,ENTREPRISE,Sousse,1122,12,12,0,0.0000,-2.67,0,0,8537.850,0.3458,80,0,on_time,5,2025-12-03,2025-12-03
demofac00598,FAC-2025-0455,democli00019,2025-10-15,2025-12-14,1357.600,1140.000,216.600,1.000,60,false,1,0.00,false,10,false,true,ENTREPRISE,Gabes,816,39,32,2,0.0625,-1.75,7,111642.100,23954.415,0.0567,7,0,on_time,-9,2025-12-05,2025-12-05
demofac00599,FAC-2025-0456,democli00044,2025-10-16,2025-11-15,2599.960,2184.000,414.960,1.000,30,false,1,0.00,true,10,false,false,ENTREPRISE,Nabeul,1112,13,11,9,0.8182,26.00,2,2613.000,4001.695,0.6497,17,0,on_time,4,2025-11-19,2025-11-19
demofac00600,FAC-2025-0457,democli00043,2025-10-16,2025-11-30,2761.800,2320.000,440.800,1.000,45,false,1,0.00,false,10,false,false,ENTREPRISE,Ben Arous,992,7,7,1,0.1429,-0.57,0,0,2080.532,1.3274,60,0,on_time,-5,2025-11-25,2025-11-25
demofac00601,FAC-2025-0458,democli00034,2025-10-18,2025-11-17,11315.520,9508.000,1806.520,1.000,30,false,2,0.00,true,10,false,false,ENTREPRISE,Tunis,1147,12,11,4,0.3636,3.91,1,11125.120,10328.724,1.0955,27,1,late,17,2025-12-04,2025-11-25
demofac00602,FAC-2025-0459,democli00021,2025-10-19,2025-11-18,2353.392,1976.800,375.592,1.000,30,false,2,0.00,true,10,false,false,ENTREPRISE,Sfax,959,8,8,0,0.0000,-2.13,0,0,4263.986,0.5519,80,0,on_time,-9,2025-11-09,2025-11-09
demofac00603,FAC-2025-0460,democli00010,2025-10-19,2025-12-18,2248.000,2100.000,147.000,1.000,60,false,1,0.00,true,10,false,true,ENTREPRISE,Gabes,737,11,9,8,0.8889,36.50,5,52338.932,7599.823,0.2958,19,1,late,44,2026-01-31,2025-12-26
demofac00604,FAC-2025-0461,democli00052,2025-10-19,2025-12-03,19426.322,16323.800,3101.522,1.000,45,false,4,14.00,false,10,false,true,ENTREPRISE,Gabes,954,11,6,3,0.5000,17.80,6,21502.889,4614.814,4.2096,8,1,late,20,2025-12-23,2025-12-11
demofac00605,FAC-2025-0462,democli00006,2025-10-19,2025-11-18,822.100,690.000,131.100,1.000,30,false,1,0.00,false,10,false,false,ENTREPRISE,Sousse,899,19,19,6,0.3158,2.74,0,0,4787.700,0.1717,32,0,on_time,-3,2025-11-15,2025-11-15
demofac00606,FAC-2025-0463,democli00027,2025-10-19,2025-12-03,4933.169,4144.680,787.489,1.000,45,false,2,11.00,false,10,false,true,ENTREPRISE,Nabeul,950,12,12,1,0.0833,-0.58,0,0,8388.548,0.5881,59,0,on_time,-12,2025-11-21,2025-11-21
demofac00607,FAC-2025-0464,democli00015,2025-10-22,2025-11-21,6574.560,5524.000,1049.560,1.000,30,false,4,0.00,false,10,false,false,ENTREPRISE,Kairouan,546,4,4,1,0.2500,7.00,0,0,4820.084,1.3640,101,0,on_time,1,2025-11-22,2025-11-22
demofac00608,FAC-2025-0465,democli00008,2025-10-22,2025-11-06,2000.200,1680.000,319.200,1.000,15,false,1,0.00,false,10,false,false,ENTREPRISE,Gabes,745,11,10,4,0.4000,4.50,1,8285.780,4532.570,0.4413,12,0,on_time,-5,2025-11-01,2025-11-01
demofac00609,FAC-2025-0466,democli00034,2025-10-22,2025-11-21,3309.200,2780.000,528.200,1.000,30,false,2,0.00,false,10,false,false,ENTREPRISE,Tunis,1151,13,12,4,0.3333,3.58,1,11315.520,10404.632,0.3181,4,0,on_time,6,2025-11-27,2025-11-27
demofac00610,FAC-2025-0467,democli00012,2025-10-22,2025-11-21,6605.500,5550.000,1054.500,1.000,30,false,2,0.00,false,10,false,false,ENTREPRISE,Nabeul,471,2,1,0,0.0000,4.00,1,2428.600,5016.850,1.3167,19,0,on_time,1,2025-11-22,2025-11-22
demofac00611,FAC-2025-0468,democli00030,2025-10-23,2025-11-22,10235.000,8600.000,1634.000,1.000,30,false,3,0.00,true,10,false,false,ENTREPRISE,Sfax,971,17,16,5,0.3125,7.06,1,7740.760,11588.525,0.8832,13,0,on_time,3,2025-11-25,2025-11-25
demofac00612,FAC-2025-0469,democli00060,2025-10-24,2025-12-08,8555.140,7398.000,1156.140,1.000,45,false,2,10.00,false,10,false,true,ENTREPRISE,Kairouan,1078,7,7,0,0.0000,-2.29,0,0,3347.191,2.5559,142,0,on_time,3,2025-12-11,2025-12-11
demofac00613,FAC-2025-0470,democli00025,2025-10-25,2025-11-09,1774.100,1490.000,283.100,1.000,15,false,2,0.00,false,10,false,false,PARTICULIER,Kairouan,852,13,13,2,0.1538,-1.08,0,0,4987.408,0.3557,24,0,on_time,-3,2025-11-06,2025-11-06
demofac00614,FAC-2025-0471,democli00013,2025-10-25,2025-12-24,28541.008,23983.200,4556.808,1.000,60,false,3,0.00,true,10,false,true,ENTREPRISE,Ariana,1095,7,6,4,0.6667,18.50,1,1635.584,11513.417,2.4789,55,1,late,48,2026-02-10,2026-01-01
demofac00615,FAC-2025-0472,democli00025,2025-10-26,2025-11-10,1548.000,1300.000,247.000,1.000,15,false,1,0.00,true,10,false,false,PARTICULIER,Kairouan,853,14,13,2,0.1538,-1.08,1,1774.100,4757.886,0.3254,1,0,on_time,-4,2025-11-06,2025-11-06
demofac00616,FAC-2025-0473,democli00060,2025-10-26,2025-12-10,453.200,380.000,72.200,1.000,45,false,1,0.00,false,10,false,true,ENTREPRISE,Kairouan,1080,8,7,0,0.0000,-2.29,1,8555.140,3998.185,0.1134,2,1,late,8,2025-12-18,2025-12-18
demofac00617,FAC-2025-0474,democli00008,2025-10-26,2025-11-10,4285.000,3600.000,684.000,1.000,15,false,1,0.00,false,10,false,false,ENTREPRISE,Gabes,749,12,11,5,0.4545,4.50,2,10285.980,4321.539,0.9915,4,0,on_time,-12,2025-10-29,2025-10-29
demofac00618,FAC-2025-0475,democli00024,2025-10-27,2025-11-11,8603.510,7229.000,1373.510,1.000,15,false,4,0.00,false,10,false,false,PARTICULIER,Monastir,767,7,7,1,0.1429,0.00,0,0,2990.620,2.8768,142,1,late,29,2025-12-10,2025-11-19
demofac00619,FAC-2025-0476,democli00021,2025-10-29,2025-11-28,3452.000,2900.000,551.000,1.000,30,false,1,0.00,false,10,false,false,ENTREPRISE,Sfax,969,9,8,0,0.0000,-2.13,1,2353.392,4051.698,0.8520,10,0,on_time,6,2025-12-04,2025-12-04
demofac00620,FAC-2025-0477,democli00049,2025-10-29,2025-11-28,3970.840,3336.000,633.840,1.000,30,false,2,7.00,false,10,false,false,ENTREPRISE,Kairouan,543,16,16,0,0.0000,-2.06,0,0,6671.483,0.5952,48,0,on_time,-5,2025-11-23,2025-11-23
demofac00621,FAC-2025-0478,democli00035,2025-10-29,2025-10-29,996.400,860.000,136.400,0.000,0,false,3,0.00,true,10,false,false,PARTICULIER,Sfax,654,1,1,0,0.0000,4.00,0,0,358.000,2.7832,106,0,on_time,4,2025-11-02,2025-11-02
demofac00622,FAC-2025-0479,democli00045,2025-10-30,2025-11-29,14876.000,12500.000,2375.000,1.000,30,false,1,0.00,true,10,false,false,ENTREPRISE,Kairouan,556,3,3,3,1.0000,35.50,1,1923.902,14304.357,1.0400,92,1,late,,,2025-12-07
demofac00623,FAC-2025-0480,democli00025,2025-10-31,2025-11-15,500.800,420.000,79.800,1.000,15,false,1,0.00,false,10,false,false,PARTICULIER,Kairouan,858,15,13,2,0.1538,-1.08,2,3322.100,4543.893,0.1102,5,0,on_time,-1,2025-11-14,2025-11-14
demofac00624,FAC-2025-0481,democli00037,2025-10-31,2025-12-15,42685.110,35869.000,6815.110,1.000,45,false,4,10.00,true,10,false,true,ENTREPRISE,Kairouan,1226,14,13,4,0.3077,4.85,1,13108.850,17301.080,2.4672,36,1,late,18,2026-01-02,2025-12-23
demofac00625,FAC-2025-0482,democli00053,2025-10-31,2025-11-30,6692.500,5850.000,841.500,1.000,30,false,2,0.00,false,10,false,false,ENTREPRISE,Sfax,617,13,12,4,0.3333,10.45,2,11495.020,4569.213,1.4647,31,0,on_time,2,2025-12-02,2025-12-02
demofac00626,FAC-2025-0483,democli00057,2025-11-02,2025-12-02,6191.380,5202.000,988.380,1.000,30,false,3,15.00,false,11,false,true,ENTREPRISE,Tunis,1014,9,9,5,0.5556,8.44,0,0,9033.795,0.6854,110,1,late,53,2026-01-24,2025-12-10
demofac00627,FAC-2025-0484,democli00011,2025-11-02,2025-12-02,17588.200,14780.000,2808.200,0.000,30,false,3,0.00,false,11,false,true,ENTREPRISE,Ariana,1161,15,14,9,0.6429,9.58,3,20295.244,16292.600,1.0795,23,1,late,54,2026-01-25,2025-12-10
demofac00628,FAC-2025-0485,democli00006,2025-11-02,2025-12-02,4784.800,4020.000,763.800,1.000,30,false,2,0.00,false,11,false,true,ENTREPRISE,Sousse,913,20,19,6,0.3158,2.74,1,822.100,4589.420,1.0426,14,0,on_time,0,2025-12-02,2025-12-02
demofac00629,FAC-2025-0486,democli00045,2025-11-03,2025-12-03,11573.988,9725.200,1847.788,1.000,30,false,3,0.00,true,11,false,true,ENTREPRISE,Kairouan,560,4,3,3,1.0000,35.50,2,16799.902,14447.268,0.8011,4,0,on_time,-7,2025-11-26,2025-11-26
demofac00630,FAC-2025-0487,democli00055,2025-11-03,2025-11-18,108.100,90.000,17.100,1.000,15,false,1,0.00,false,11,false,false,ENTREPRISE,Sfax,778,13,13,12,0.9231,28.10,3,24024.530,9212.942,0.0117,27,1,late,15,2025-12-03,2025-11-26
demofac00631,FAC-2025-0488,democli00009,2025-11-04,2025-11-19,1553.950,1305.000,247.950,1.000,15,false,1,0.00,false,11,false,false,PARTICULIER,Monastir,1175,7,7,3,0.4286,7.57,0,0,5017.197,0.3097,188,0,on_time,4,2025-11-23,2025-11-23
demofac00632,FAC-2025-0489,democli00049,2025-11-04,2025-12-04,4552.750,3825.000,726.750,1.000,30,false,1,15.00,false,11,false,true,ENTREPRISE,Kairouan,549,17,16,0,0.0000,-2.06,1,3970.840,6512.621,0.6991,6,0,on_time,2,2025-12-06,2025-12-06
demofac00633,FAC-2025-0490,democli00031,2025-11-05,2025-12-05,3769.360,3468.000,300.360,1.000,30,true,2,0.00,true,11,false,true,ENTREPRISE,Sousse,747,9,9,4,0.4444,7.50,1,7046.420,4740.833,0.7951,34,1,late,48,2026-01-22,2025-12-13
demofac00634,FAC-2025-0491,democli00034,2025-11-05,2025-12-05,3935.140,3306.000,628.140,1.000,30,false,1,0.00,true,11,false,true,ENTREPRISE,Tunis,1165,14,12,4,0.3333,3.58,2,11288.631,9897.815,0.3976,14,0,on_time,6,2025-12-11,2025-12-11
demofac00635,FAC-2025-0492,democli00019,2025-11-05,2026-01-04,37160.535,31226.500,5933.035,1.000,60,false,2,0.00,false,11,false,false,ENTREPRISE,Gabes,837,40,32,2,0.0625,-1.75,8,95518.280,23389.495,1.5888,21,0,on_time,-8,2025-12-27,2025-12-27
demofac00636,FAC-2025-0493,democli00036,2025-11-05,2025-12-20,4005.565,3643.500,361.065,1.000,45,false,2,8.00,true,11,false,true,ENTREPRISE,Ben Arous,683,5,5,0,0.0000,-4.80,0,0,12076.544,0.3317,165,0,on_time,-9,2025-12-11,2025-12-11
demofac00637,FAC-2025-0494,democli00027,2025-11-05,2025-12-20,9092.600,7640.000,1451.600,1.000,45,false,3,0.00,false,11,false,true,ENTREPRISE,Nabeul,967,13,12,1,0.0833,-0.58,1,4933.169,8122.750,1.1194,17,1,late,12,2026-01-01,2025-12-28
demofac00638,FAC-2025-0495,democli00031,2025-11-06,2025-11-21,4478.150,3785.000,692.150,1.000,15,false,3,0.00,false,11,false,false,ENTREPRISE,Sousse,748,10,9,4,0.4444,7.50,2,10815.780,4643.686,0.9644,1,0,on_time,5,2025-11-26,2025-11-26
demofac00639,FAC-2025-0496,democli00047,2025-11-06,2025-11-06,536.500,450.000,85.500,1.000,0,false,1,0.00,false,11,false,false,PARTICULIER,Gabes,1296,13,12,4,0.3333,9.75,1,744.750,5883.371,0.0912,32,0,on_time,1,2025-11-07,2025-11-07
demofac00640,FAC-2025-0497,democli00021,2025-11-06,2025-12-06,704.885,591.500,112.385,1.000,30,false,1,9.00,true,11,false,true,ENTREPRISE,Sfax,977,10,8,0,0.0000,-2.13,2,5805.392,3991.728,0.1766,8,0,on_time,-4,2025-12-02,2025-12-02
demofac00641,FAC-2025-0498,democli00042,2025-11-07,2025-11-07,643.600,540.000,102.600,1.000,0,false,1,0.00,true,11,false,false,PARTICULIER,Ben Arous,517,39,39,7,0.1795,5.08,0,0,5167.095,0.1246,26,0,on_time,4,2025-11-11,2025-11-11
demofac00642,FAC-2025-0499,democli00052,2025-11-08,2025-12-23,3297.300,2770.000,526.300,1.000,45,false,2,0.00,true,11,false,true,ENTREPRISE,Gabes,974,12,9,6,0.6667,17.50,6,34913.487,5849.107,0.5637,20,0,on_time,-5,2025-12-18,2025-12-18
demofac00643,FAC-2025-0500,democli00026,2025-11-08,2025-12-08,12274.500,10450.000,1823.500,1.000,30,false,4,0.00,true,11,false,true,ENTREPRISE,Sfax,606,14,14,5,0.3571,3.85,1,5854.164,9826.745,1.2491,46,0,on_time,-1,2025-12-07,2025-12-07
demofac00644,FAC-2025-0501,democli00008,2025-11-09,2025-11-24,4058.900,3410.000,647.900,1.000,15,false,1,0.00,false,11,false,false,ENTREPRISE,Gabes,763,13,13,5,0.3846,2.33,1,8285.780,4318.728,0.9398,14,1,late,11,2025-12-05,2025-12-02
demofac00645,FAC-2025-0502,democli00037,2025-11-09,2025-12-24,2143.000,1800.000,342.000,1.000,45,false,1,0.00,true,11,false,true,ENTREPRISE,Kairouan,1235,15,13,4,0.3077,4.85,2,55793.960,18993.349,0.1128,9,1,late,11,2026-01-04,2026-01-01
demofac00646,FAC-2025-0503,democli00011,2025-11-10,2025-12-10,4285.000,3600.000,684.000,1.000,30,false,1,0.00,false,11,false,true,ENTREPRISE,Ariana,1169,16,15,9,0.6000,16.64,2,24384.100,16373.575,0.2617,8,1,late,82,2026-03-02,2025-12-18
demofac00647,FAC-2025-0504,democli00032,2025-11-10,2025-12-10,4213.600,3540.000,672.600,1.000,30,false,2,0.00,true,11,false,true,ENTREPRISE,Ariana,1165,9,8,4,0.5000,6.50,1,6934.729,10628.741,0.3964,30,1,late,20,2025-12-30,2025-12-18
demofac00648,FAC-2025-0505,democli00008,2025-11-10,2025-11-25,2241.175,1882.500,357.675,1.000,15,false,2,9.00,false,11,false,false,ENTREPRISE,Gabes,764,14,13,5,0.3846,2.33,2,12344.680,4300.169,0.5212,1,0,on_time,4,2025-11-29,2025-11-29
demofac00649,FAC-2025-0506,democli00021,2025-11-11,2025-12-11,6903.000,5800.000,1102.000,1.000,30,false,1,0.00,false,11,false,true,ENTREPRISE,Sfax,982,11,9,0,0.0000,-2.89,2,4156.885,3692.924,1.8693,5,0,on_time,2,2025-12-13,2025-12-13
demofac00650,FAC-2025-0507,democli00047,2025-11-11,2025-11-11,7152.900,6010.000,1141.900,1.000,0,false,3,0.00,false,11,false,false,PARTICULIER,Gabes,1301,14,13,4,0.3077,9.08,1,744.750,5501.452,1.3002,5,0,on_time,1,2025-11-12,2025-11-12
demofac00651,FAC-2025-0508,democli00060,2025-11-13,2025-12-28,492.768,413.250,78.518,1.000,45,false,1,13.00,true,11,false,true,ENTREPRISE,Kairouan,1098,9,7,0,0.0000,-2.29,2,5850.413,3604.298,0.1367,18,0,on_time,0,2025-12-28,2025-12-28
demofac00652,FAC-2025-0509,democli00010,2025-11-14,2025-12-14,4562.060,3854.000,707.060,1.000,30,true,3,0.00,false,11,false,true,ENTREPRISE,Gabes,763,12,10,9,0.9000,43.71,5,50194.832,7153.838,0.6377,26,0,on_time,-11,2025-12-03,2025-12-03
demofac00653,FAC-2025-0510,democli00039,2025-11-15,2025-11-30,19578.476,17325.200,2252.276,1.000,15,false,2,5.00,false,11,false,false,ENTREPRISE,Sousse,747,18,18,6,0.3333,13.72,0,0,18972.321,1.0319,36,0,on_time,2,2025-12-02,2025-12-02
demofac00654,FAC-2025-0511,democli00019,2025-11-15,2026-01-14,34487.200,28980.000,5506.200,1.000,60,false,2,10.00,true,11,false,false,ENTREPRISE,Gabes,847,41,35,2,0.0571,-1.77,6,73916.297,23725.374,1.4536,10,0,on_time,-6,2026-01-08,2026-01-08
demofac00655,FAC-2025-0512,democli00059,2025-11-15,2025-12-30,1381.400,1160.000,220.400,1.000,45,false,1,0.00,false,11,false,true,ENTREPRISE,Nabeul,580,17,16,2,0.1250,-0.50,1,643.600,6926.071,0.1994,44,0,on_time,2,2026-01-01,2026-01-01
demofac00656,FAC-2025-0513,democli00055,2025-11-16,2025-12-01,16243.500,13650.000,2593.500,0.000,15,false,3,0.00,false,11,false,true,ENTREPRISE,Sfax,791,14,13,12,0.9231,28.10,4,24132.630,8562.596,1.8970,13,1,late,15,2025-12-16,2025-12-09
demofac00657,FAC-2025-0514,democli00022,2025-11-16,2025-12-16,54.550,45.000,8.550,1.000,30,true,1,0.00,false,11,false,true,ENTREPRISE,Monastir,208,0,0,0,,,0,0,,,,0,on_time,-4,2025-12-12,2025-12-12
demofac00658,FAC-2025-0515,democli00039,2025-11-16,2025-12-01,22758.560,20012.000,2745.560,1.000,15,false,2,0.00,true,11,false,true,ENTREPRISE,Sousse,748,19,18,6,0.3333,13.72,1,19578.476,19004.224,1.1976,1,1,late,15,2025-12-16,2025-12-09
demofac00659,FAC-2025-0516,democli00019,2025-11-18,2026-01-17,4998.970,4671.000,326.970,1.000,60,false,2,0.00,true,11,false,false,ENTREPRISE,Gabes,850,42,35,2,0.0571,-1.77,7,108403.497,23981.608,0.2085,3,0,on_time,-7,2026-01-10,2026-01-10
demofac00660,FAC-2025-0517,democli00010,2025-11-19,2026-01-18,2143.000,1800.000,342.000,1.000,60,false,1,0.00,true,11,false,false,ENTREPRISE,Gabes,768,13,10,9,0.9000,43.71,6,49813.880,6954.470,0.3081,5,1,late,39,2026-02-26,2026-01-26
demofac00661,FAC-2025-0518,democli00042,2025-11-19,2025-11-19,1643.200,1380.000,262.200,1.000,0,false,1,0.00,false,11,false,false,PARTICULIER,Ben Arous,529,40,40,7,0.1750,5.05,0,0,5054.008,0.3251,12,0,on_time,5,2025-11-24,2025-11-24
demofac00662,FAC-2025-0519,democli00043,2025-11-19,2026-01-03,1573.900,1470.000,102.900,1.000,45,false,1,0.00,true,11,false,false,ENTREPRISE,Ben Arous,1026,8,7,1,0.1429,-0.57,1,2761.800,2165.691,0.7267,34,0,on_time,-7,2025-12-27,2025-12-27
demofac00663,FAC-2025-0520,democli00011,2025-11-20,2025-12-20,3749.500,3150.000,598.500,1.000,30,false,1,0.00,false,11,false,true,ENTREPRISE,Ariana,1179,17,15,9,0.6000,16.64,3,28669.100,15662.483,0.2394,10,1,late,32,2026-01-21,2025-12-28
demofac00664,FAC-2025-0521,democli00051,2025-11-20,2025-12-20,24991.000,21000.000,3990.000,1.000,30,false,2,0.00,false,11,false,true,ENTREPRISE,Ariana,554,7,7,0,0.0000,-1.00,0,0,18112.457,1.3798,40,0,on_time,-5,2025-12-15,2025-12-15
demofac00665,FAC-2025-0522,democli00049,2025-11-21,2025-12-21,20042.309,17215.150,2826.159,1.000,30,false,4,15.00,false,11,false,true,ENTREPRISE,Kairouan,566,18,16,0,0.0000,-2.06,2,8523.590,6403.739,3.1298,17,0,on_time,-7,2025-12-14,2025-12-14
demofac00666,FAC-2025-0523,democli00049,2025-11-21,2025-12-21,536.500,450.000,85.500,1.000,30,false,1,0.00,true,11,false,true,ENTREPRISE,Kairouan,566,19,16,0,0.0000,-2.06,3,28565.899,7121.559,0.0753,0,0,on_time,-5,2025-12-16,2025-12-16
demofac00667,FAC-2025-0524,democli00024,2025-11-22,2025-12-07,3452.000,2900.000,551.000,1.000,15,false,1,0.00,false,11,false,true,PARTICULIER,Monastir,793,8,8,2,0.2500,0.00,1,3819.728,3692.231,0.9349,26,1,late,9,2025-12-16,2025-12-15
demofac00668,FAC-2025-0525,democli00042,2025-11-22,2025-11-22,1167.200,980.000,186.200,1.000,0,false,1,0.00,false,11,false,false,PARTICULIER,Ben Arous,532,41,40,7,0.1750,5.05,1,1643.200,4970.817,0.2348,3,0,on_time,4,2025-11-26,2025-11-26
demofac00670,FAC-2025-0527,democli00030,2025-11-24,2025-12-24,23348.800,19620.000,3727.800,1.000,30,false,4,0.00,false,11,false,true,ENTREPRISE,Sfax,1003,18,17,5,0.2941,6.82,1,10235.000,11513.329,2.0280,32,0,on_time,2,2025-12-26,2025-12-26
demofac00671,FAC-2025-0528,democli00057,2025-11-25,2025-12-25,15209.200,12780.000,2428.200,1.000,30,false,3,0.00,false,11,false,true,ENTREPRISE,Tunis,1037,10,9,5,0.5556,8.44,1,6191.380,8749.554,1.7383,23,0,on_time,-6,2025-12-19,2025-12-19
demofac00672,FAC-2025-0529,democli00047,2025-11-26,2025-11-26,5495.278,4617.040,877.238,1.000,0,false,3,10.00,true,11,false,false,PARTICULIER,Gabes,1316,15,15,5,0.3333,8.50,1,744.750,5611.549,0.9793,15,0,on_time,2,2025-11-28,2025-11-28
demofac00673,FAC-2025-0530,democli00037,2025-11-27,2026-01-11,6141.400,5160.000,980.400,1.000,45,false,2,0.00,false,11,false,false,ENTREPRISE,Kairouan,1253,16,14,5,0.3571,4.85,3,57936.960,17940.202,0.3423,18,0,on_time,1,2026-01-12,2026-01-12
demofac00674,FAC-2025-0531,democli00029,2025-11-27,2026-01-26,4903.800,4120.000,782.800,1.000,60,false,2,0.00,false,11,false,false,ENTREPRISE,Ariana,110,3,3,2,0.6667,3.50,1,10032.700,12144.950,0.4038,76,1,late,9,2026-02-04,2026-02-03
demofac00675,FAC-2025-0532,democli00045,2025-11-27,2025-12-27,8238.418,6922.200,1315.218,1.000,30,false,2,0.00,true,11,false,true,ENTREPRISE,Kairouan,584,5,4,3,0.7500,21.33,2,16799.902,13872.612,0.5939,24,0,on_time,-9,2025-12-18,2025-12-18
demofac00676,FAC-2025-0533,democli00055,2025-11-27,2025-12-12,6784.000,5700.000,1083.000,1.000,15,false,2,0.00,false,11,false,true,ENTREPRISE,Sfax,802,15,14,13,0.9286,29.00,4,32283.130,9074.656,0.7476,11,1,late,31,2026-01-12,2025-12-20
demofac00677,FAC-2025-0534,democli00038,2025-11-29,2026-01-13,2143.000,1800.000,342.000,1.000,45,false,1,0.00,true,11,false,false,ENTREPRISE,Sfax,674,9,9,0,0.0000,-2.33,0,0,5442.870,0.3937,56,0,on_time,-6,2026-01-07,2026-01-07
demofac00678,FAC-2025-0535,democli00046,2025-11-29,2026-01-28,15340.100,12890.000,2449.100,1.000,60,false,3,0.00,true,11,false,false,ENTREPRISE,Gabes,757,6,6,0,0.0000,-4.50,0,0,11718.514,1.3090,86,0,on_time,-1,2026-01-27,2026-01-27
demofac00679,FAC-2025-0536,democli00021,2025-11-29,2025-12-29,7972.215,6698.500,1272.715,1.000,30,false,3,5.00,true,11,false,true,ENTREPRISE,Sfax,1000,12,9,0,0.0000,-2.89,3,11059.885,3960.431,2.0130,18,0,on_time,-10,2025-12-19,2025-12-19
demofac00680,FAC-2025-0537,democli00042,2025-11-29,2025-11-29,4701.500,3950.000,750.500,1.000,0,false,2,0.00,false,11,false,false,PARTICULIER,Ben Arous,539,42,42,7,0.1667,5.02,0,0,4880.255,0.9634,7,0,on_time,4,2025-12-03,2025-12-03
demofac00681,FAC-2025-0538,democli00014,2025-11-30,2025-12-15,1964.500,1650.000,313.500,1.000,15,false,1,0.00,false,11,false,true,ENTREPRISE,Monastir,558,5,5,1,0.2000,4.20,0,0,11236.599,0.1748,56,0,on_time,5,2025-12-20,2025-12-20
demofac00682,FAC-2025-0539,democli00042,2025-12-01,2025-12-01,1476.600,1240.000,235.600,1.000,0,false,1,0.00,true,12,true,true,PARTICULIER,Ben Arous,541,43,42,7,0.1667,5.02,1,4701.500,4876.098,0.3028,2,0,on_time,4,2025-12-05,2025-12-05
demofac00683,FAC-2025-0540,democli00042,2025-12-01,2025-12-01,14102.080,11892.000,2209.080,1.000,0,false,4,7.00,false,12,true,true,PARTICULIER,Ben Arous,541,44,42,7,0.1667,5.02,2,6178.100,4798.837,2.9386,0,0,on_time,2,2025-12-03,2025-12-03
demofac00684,FAC-2025-0541,democli00030,2025-12-01,2025-12-31,9164.000,7700.000,1463.000,1.000,30,false,2,0.00,true,12,true,true,ENTREPRISE,Sfax,1010,19,18,5,0.2778,6.61,1,23348.800,12136.249,0.7551,7,0,on_time,-1,2025-12-30,2025-12-30
demofac00686,FAC-2025-0543,democli00039,2025-12-03,2025-12-18,5356.000,4500.000,855.000,1.000,15,false,1,0.00,false,12,true,true,ENTREPRISE,Sousse,765,20,19,6,0.3158,13.11,1,16376.054,19191.941,0.2791,17,0,on_time,2,2025-12-20,2025-12-20
demofac00687,FAC-2025-0544,democli00017,2025-12-03,2026-01-17,31574.199,26532.100,5041.099,1.000,45,false,3,10.00,true,12,true,false,ENTREPRISE,Gabes,761,7,7,1,0.1429,-2.57,0,0,13979.010,2.2587,70,0,on_time,-7,2026-01-10,2026-01-10
demofac00688,FAC-2025-0545,democli00042,2025-12-03,2025-12-03,195.208,163.200,31.008,1.000,0,false,1,0.00,false,12,true,true,PARTICULIER,Ben Arous,543,45,42,7,0.1667,5.02,3,20280.180,5005.575,0.0390,2,0,on_time,1,2025-12-04,2025-12-04
demofac00689,FAC-2025-0546,democli00019,2025-12-04,2026-02-02,12148.520,10208.000,1939.520,1.000,60,false,1,12.00,false,12,true,false,ENTREPRISE,Gabes,866,43,38,2,0.0526,-1.68,5,85709.305,23540.151,0.5161,16,0,on_time,6,2026-02-08,2026-02-08
demofac00690,FAC-2025-0547,democli00038,2025-12-04,2026-01-18,4671.750,3925.000,745.750,1.000,45,false,2,0.00,true,12,true,false,ENTREPRISE,Sfax,679,10,9,0,0.0000,-2.33,1,2143.000,5112.883,0.9137,5,0,on_time,-7,2026-01-11,2026-01-11
demofac00691,FAC-2025-0548,democli00041,2025-12-04,2026-01-18,35701.000,30000.000,5700.000,1.000,45,false,3,0.00,true,12,true,false,ENTREPRISE,Bizerte,1232,21,21,1,0.0476,-1.43,0,0,11601.174,3.0774,57,0,on_time,-8,2026-01-10,2026-01-10
demofac00692,FAC-2025-0549,democli00015,2025-12-05,2026-01-04,905.400,760.000,144.400,1.000,30,false,1,0.00,false,12,true,false,ENTREPRISE,Kairouan,590,5,5,1,0.2000,5.80,0,0,5170.979,0.1751,44,1,late,14,2026-01-18,2026-01-12
demofac00693,FAC-2025-0550,democli00049,2025-12-05,2026-01-04,10592.000,8900.000,1691.000,1.000,30,false,3,0.00,false,12,true,false,ENTREPRISE,Kairouan,580,20,17,0,0.0000,-2.24,3,25131.559,6792.306,1.5594,14,0,on_time,-7,2025-12-28,2025-12-28
demofac00694,FAC-2025-0551,democli00024,2025-12-05,2025-12-20,518.650,435.000,82.650,1.000,15,false,1,0.00,true,12,true,true,PARTICULIER,Monastir,806,9,8,2,0.2500,0.00,2,7271.728,3665.539,0.1415,13,0,on_time,-6,2025-12-14,2025-12-14
demofac00695,FAC-2025-0552,democli00010,2025-12-05,2026-02-03,6812.560,5724.000,1087.560,1.000,60,false,3,0.00,false,12,true,false,ENTREPRISE,Gabes,784,14,11,9,0.8182,36.88,6,47394.820,6610.794,1.0305,16,0,on_time,0,2026-02-03,2026-02-03
demofac00696,FAC-2025-0553,democli00013,2025-12-06,2026-01-05,22468.676,18880.400,3587.276,1.000,30,true,2,0.00,false,12,true,false,ENTREPRISE,Ariana,1137,8,7,5,0.7143,19.43,1,28541.008,13641.866,1.6470,42,1,late,14,2026-01-19,2026-01-13
demofac00697,FAC-2025-0554,democli00051,2025-12-07,2026-01-06,8569.000,7200.000,1368.000,1.000,30,false,1,0.00,false,12,true,false,ENTREPRISE,Ariana,571,8,7,0,0.0000,-1.00,1,24991.000,18972.275,0.4517,17,0,on_time,-5,2026-01-01,2026-01-01
demofac00698,FAC-2025-0555,democli00029,2025-12-07,2026-02-05,36877.315,30988.500,5887.815,1.000,60,false,4,0.00,false,12,true,false,ENTREPRISE,Ariana,120,4,3,2,0.6667,3.50,2,14936.500,10334.663,3.5683,10,1,late,28,2026-03-05,2026-02-13
demofac00699,FAC-2025-0556,democli00011,2025-12-07,2026-01-06,19814.500,16650.000,3163.500,1.000,30,false,3,0.00,true,12,true,false,ENTREPRISE,Ariana,1196,18,15,9,0.6000,16.64,4,32418.600,15000.650,1.3209,17,1,late,13,2026-01-19,2026-01-14
demofac00700,FAC-2025-0557,democli00037,2025-12-08,2026-01-22,6829.220,5738.000,1090.220,1.000,45,false,1,0.00,false,12,true,false,ENTREPRISE,Kairouan,1264,17,14,5,0.3571,4.85,4,64078.360,17246.155,0.3960,11,0,on_time,7,2026-01-29,2026-01-29
demofac00701,FAC-2025-0558,democli00029,2025-12-09,2026-02-07,215.200,180.000,34.200,1.000,60,false,1,0.00,true,12,true,false,ENTREPRISE,Ariana,122,5,3,2,0.6667,11.00,2,41781.115,15643.193,0.0138,2,1,late,13,2026-02-20,2026-02-15
demofac00702,FAC-2025-0559,democli00010,2025-12-09,2026-01-08,5184.640,4356.000,827.640,1.000,30,true,2,0.00,false,12,true,false,ENTREPRISE,Gabes,788,15,12,10,0.8333,36.88,7,54207.380,6624.245,0.7827,4,1,late,52,2026-03-01,2026-01-16
demofac00703,FAC-2025-0560,democli00013,2025-12-10,2026-02-08,7123.150,5985.000,1137.150,1.000,60,false,2,0.00,false,12,true,false,ENTREPRISE,Ariana,1141,9,7,5,0.7143,19.43,2,51009.684,14622.623,0.4871,4,0,on_time,-12,2026-01-27,2026-01-27
demofac00704,FAC-2025-0561,democli00039,2025-12-10,2025-12-25,44893.640,39728.000,5164.640,1.000,15,false,2,0.00,false,12,true,true,ENTREPRISE,Sousse,772,21,20,7,0.3500,13.11,2,14609.660,18533.087,2.4224,7,0,on_time,3,2025-12-28,2025-12-28
demofac00705,FAC-2025-0562,democli00059,2025-12-11,2026-01-25,744.750,625.000,118.750,1.000,45,false,2,0.00,true,12,true,false,ENTREPRISE,Nabeul,606,18,17,3,0.1765,0.47,1,1381.400,6618.033,0.1125,26,0,on_time,7,2026-02-01,2026-02-01
demofac00706,FAC-2025-0563,democli00042,2025-12-11,2025-12-11,5097.770,4283.000,813.770,1.000,0,false,3,6.00,true,12,true,true,PARTICULIER,Ben Arous,551,46,46,7,0.1522,4.83,0,0,4901.002,1.0401,8,0,on_time,5,2025-12-16,2025-12-16
demofac00707,FAC-2025-0564,democli00042,2025-12-12,2025-12-12,18553.100,15590.000,2962.100,1.000,0,false,3,0.00,false,12,true,true,PARTICULIER,Ben Arous,552,47,46,7,0.1522,4.83,1,5097.770,4905.189,3.7823,1,1,late,19,2025-12-31,2025-12-20
demofac00708,FAC-2025-0565,democli00049,2025-12-13,2026-01-12,8442.860,7094.000,1347.860,1.000,30,false,4,8.00,false,12,true,false,ENTREPRISE,Kairouan,588,21,18,0,0.0000,-2.00,3,31170.809,6973.244,1.2108,8,0,on_time,6,2026-01-18,2026-01-18
demofac00709,FAC-2025-0566,democli00013,2025-12-14,2026-02-12,25169.500,21150.000,4018.500,1.000,60,false,2,0.00,true,12,true,false,ENTREPRISE,Ariana,1145,10,7,5,0.7143,19.43,3,58132.834,13872.675,1.8143,4,1,late,106,2026-05-29,2026-02-20
demofac00710,FAC-2025-0567,democli00026,2025-12-14,2026-01-13,12012.943,10494.640,1517.303,1.000,30,false,3,12.00,false,12,true,false,ENTREPRISE,Sfax,642,15,15,5,0.3333,4.53,0,0,9989.929,1.2025,36,1,late,30,2026-02-12,2026-01-21
demofac00711,FAC-2025-0568,democli00048,2025-12-17,2026-01-16,8249.485,6931.500,1316.985,1.000,30,false,2,0.00,false,12,true,false,ENTREPRISE,Ariana,1292,12,12,2,0.1667,2.50,0,0,5096.705,1.6186,87,0,on_time,-10,2026-01-06,2026-01-06
demofac00712,FAC-2025-0569,democli00058,2025-12-17,2026-01-16,675.100,630.000,44.100,1.000,30,false,1,0.00,true,12,true,false,ENTREPRISE,Bizerte,1090,2,2,0,0.0000,2.00,0,0,6295.890,0.1072,251,0,on_time,-12,2026-01-04,2026-01-04
demofac00713,FAC-2025-0570,democli00025,2025-12-18,2026-01-02,2143.000,1800.000,342.000,1.000,15,false,1,0.00,false,12,true,false,PARTICULIER,Kairouan,906,16,16,2,0.1250,-1.38,0,0,4291.200,0.4994,48,0,on_time,6,2026-01-08,2026-01-08
demofac00714,FAC-2025-0571,democli00055,2025-12-19,2026-01-03,15661.400,13160.000,2500.400,1.000,15,false,3,0.00,true,12,true,false,ENTREPRISE,Sfax,824,16,15,14,0.9333,26.85,3,20057.157,8931.490,1.7535,22,1,late,17,2026-01-20,2026-01-11
demofac00715,FAC-2025-0572,democli00050,2025-12-19,2026-01-18,4225.500,3550.000,674.500,1.000,30,false,2,0.00,false,12,true,false,ENTREPRISE,Ben Arous,451,5,5,0,0.0000,1.40,0,0,3442.480,1.2275,151,0,on_time,2,2026-01-20,2026-01-20
demofac00716,FAC-2025-0573,democli00026,2025-12-20,2026-01-19,6891.100,5790.000,1100.100,1.000,30,false,2,0.00,true,12,true,false,ENTREPRISE,Sfax,648,16,15,5,0.3333,4.53,1,12012.943,10116.367,0.6812,6,1,late,24,2026-02-12,2026-01-27
demofac00717,FAC-2025-0574,democli00019,2025-12-20,2026-02-18,37784.750,31925.000,5858.750,1.000,60,false,3,0.00,false,12,true,false,ENTREPRISE,Gabes,882,44,40,3,0.0750,-1.60,4,88795.225,23281.250,1.6230,16,0,on_time,4,2026-02-22,2026-02-22
demofac00718,FAC-2025-0575,democli00042,2025-12-20,2025-12-20,548.400,460.000,87.400,1.000,0,false,1,0.00,true,12,true,true,PARTICULIER,Ben Arous,560,48,47,7,0.1489,4.83,1,12202.552,5189.520,0.1057,8,0,on_time,1,2025-12-21,2025-12-21
demofac00719,FAC-2025-0576,democli00012,2025-12-20,2026-01-19,3690.000,3100.000,589.000,1.000,30,false,2,0.00,false,12,true,false,ENTREPRISE,Nabeul,530,3,3,0,0.0000,0.00,0,0,5546.400,0.6653,59,0,on_time,-10,2026-01-09,2026-01-09
demofac00720,FAC-2025-0577,democli00002,2025-12-21,2026-01-20,15887.500,13350.000,2536.500,1.000,30,false,2,15.00,true,12,true,false,ENTREPRISE,Sousse,828,9,9,3,0.3333,3.22,0,0,4494.361,3.5350,91,1,late,19,2026-02-08,2026-01-28
demofac00721,FAC-2025-0578,democli00002,2025-12-21,2026-01-20,2159.800,1920.000,238.800,1.000,30,false,2,0.00,false,12,true,false,ENTREPRISE,Sousse,828,10,9,3,0.3333,3.22,1,15887.500,5633.675,0.3834,0,0,on_time,-11,2026-01-09,2026-01-09
demofac00722,FAC-2025-0579,democli00012,2025-12-23,2026-01-22,3337.344,2803.650,532.694,1.000,30,false,2,15.00,false,12,true,false,ENTREPRISE,Nabeul,533,4,3,0,0.0000,0.00,1,3690.000,5082.300,0.6567,3,0,on_time,-4,2026-01-18,2026-01-18
demofac00723,FAC-2025-0580,democli00051,2025-12-23,2026-01-22,10818.100,9090.000,1727.100,1.000,30,false,2,0.00,false,12,true,false,ENTREPRISE,Ariana,587,9,8,0,0.0000,-1.50,1,8569.000,17816.356,0.6072,16,0,on_time,1,2026-01-23,2026-01-23
demofac00724,FAC-2025-0581,democli00047,2025-12-23,2025-12-23,4285.000,3600.000,684.000,1.000,0,false,1,0.00,false,12,true,true,PARTICULIER,Gabes,1343,16,16,5,0.3125,9.31,0,0,5604.282,0.7646,27,0,on_time,2,2025-12-25,2025-12-25
demofac00725,FAC-2025-0582,democli00059,2025-12-23,2026-02-06,18875.905,16126.500,2748.405,1.000,45,false,3,5.00,false,12,true,false,ENTREPRISE,Nabeul,618,19,17,3,0.1765,0.47,2,2126.150,6308.913,2.9919,12,0,on_time,-8,2026-01-29,2026-01-29
demofac00726,FAC-2025-0583,democli00019,2025-12-24,2026-02-22,36177.000,30400.000,5776.000,1.000,60,false,1,0.00,true,12,true,false,ENTREPRISE,Gabes,886,45,40,3,0.0750,-1.60,5,126579.975,23603.550,1.5327,4,0,on_time,-10,2026-02-12,2026-02-12
demofac00727,FAC-2025-0584,democli00048,2025-12-25,2026-01-24,1279.536,1074.400,204.136,1.000,30,false,1,0.00,true,12,true,false,ENTREPRISE,Ariana,1300,13,12,2,0.1667,2.50,1,8249.485,5339.226,0.2396,8,0,on_time,-1,2026-01-23,2026-01-23
demofac00728,FAC-2025-0585,democli00026,2025-12-26,2026-01-25,9298.640,8228.000,1069.640,1.000,30,false,1,0.00,true,12,true,false,ENTREPRISE,Sfax,654,17,15,5,0.3333,4.53,2,18904.043,9926.646,0.9367,6,0,on_time,6,2026-01-31,2026-01-31
demofac00729,FAC-2025-0586,democli00054,2025-12-27,2026-02-10,27456.204,23071.600,4383.604,1.000,45,false,3,9.00,true,12,true,false,ENTREPRISE,Sousse,1196,13,13,0,0.0000,-2.08,0,0,8108.184,3.3862,74,0,on_time,5,2026-02-15,2026-02-15
demofac00730,FAC-2025-0587,democli00055,2025-12-27,2026-01-26,24062.800,20220.000,3841.800,1.000,30,true,2,0.00,false,12,true,false,ENTREPRISE,Sfax,832,17,16,15,0.9375,26.85,4,35718.557,9327.367,2.5798,8,1,late,58,2026-03-25,2026-02-03
demofac00731,FAC-2025-0588,democli00037,2025-12-27,2026-02-10,8390.500,7050.000,1339.500,1.000,45,false,1,0.00,false,12,true,false,ENTREPRISE,Kairouan,1283,18,15,6,0.4000,6.93,4,57798.730,16667.436,0.5034,19,0,on_time,-1,2026-02-09,2026-02-09
demofac00732,FAC-2025-0589,democli00024,2025-12-27,2026-01-11,5058.500,4250.000,807.500,1.000,15,false,3,0.00,false,12,true,false,PARTICULIER,Monastir,828,10,10,3,0.3000,3.20,0,0,3350.850,1.5096,22,1,late,35,2026-02-15,2026-01-19
demofac00733,FAC-2025-0590,democli00026,2025-12-27,2026-01-26,10101.040,8748.000,1352.040,1.000,30,false,3,0.00,true,12,true,false,ENTREPRISE,Sfax,655,18,15,5,0.3333,4.53,3,28202.683,9891.756,1.0212,1,0,on_time,-4,2026-01-22,2026-01-22
demofac00734,FAC-2025-0591,democli00039,2025-12-29,2026-01-13,18461.820,15994.000,2466.820,1.000,15,false,2,0.00,false,12,true,false,ENTREPRISE,Sousse,791,22,22,7,0.3182,12.23,0,0,19731.294,0.9357,19,0,on_time,1,2026-01-14,2026-01-14
demofac00735,FAC-2025-0592,democli00019,2025-12-30,2026-02-28,17502.806,14707.400,2794.406,1.000,60,false,3,0.00,true,12,true,false,ENTREPRISE,Gabes,892,46,41,3,0.0732,-1.76,5,121555.180,23876.886,0.7330,6,1,late,8,2026-03-08,2026-03-08
demofac00736,FAC-2025-0593,democli00041,2025-12-31,2026-02-14,27539.000,24200.000,3338.000,1.000,45,false,2,0.00,false,12,true,false,ENTREPRISE,Bizerte,1259,22,21,1,0.0476,-1.43,1,13110.905,12696.620,2.1690,27,1,late,8,2026-02-22,2026-02-22
demofac00737,FAC-2025-0594,democli00030,2025-12-31,2026-01-30,6427.000,5400.000,1026.000,1.000,30,false,1,0.00,true,12,true,false,ENTREPRISE,Sfax,1040,20,20,5,0.2500,6.00,0,0,11987.636,0.5361,30,0,on_time,-10,2026-01-20,2026-01-20
demofac00738,FAC-2026-0001,democli00029,2026-01-01,2026-03-02,27311.500,22950.000,4360.500,1.000,60,false,4,0.00,false,1,false,false,ENTREPRISE,Ariana,145,6,3,2,0.6667,11.00,3,41996.315,13071.861,2.0893,23,0,on_time,6,2026-03-08,2026-03-08
demofac00739,FAC-2026-0002,democli00052,2026-01-01,2026-02-15,6398.440,5376.000,1021.440,1.000,45,false,2,0.00,false,1,false,false,ENTREPRISE,Gabes,1028,13,13,8,0.6154,30.46,0,0,5652.814,1.1319,54,0,on_time,-6,2026-02-09,2026-02-09
demofac00740,FAC-2026-0003,democli00033,2026-01-01,2026-03-02,6855.400,5760.000,1094.400,1.000,60,false,1,0.00,true,1,false,false,ENTREPRISE,Gabes,1257,10,10,0,0.0000,-5.10,0,0,8007.352,0.8561,141,0,on_time,5,2026-03-07,2026-03-07
demofac00741,FAC-2026-0004,democli00024,2026-01-02,2026-01-17,6087.850,5115.000,971.850,1.000,15,false,3,0.00,false,1,false,false,PARTICULIER,Monastir,834,11,10,3,0.3000,3.20,1,5058.500,3506.091,1.7364,6,0,on_time,1,2026-01-18,2026-01-18
demofac00742,FAC-2026-0005,democli00026,2026-01-02,2026-02-01,2324.167,2055.900,267.267,1.000,30,false,1,11.00,false,1,false,false,ENTREPRISE,Sfax,661,19,15,5,0.3333,4.53,4,38303.723,9902.771,0.2347,6,0,on_time,0,2026-02-01,2026-02-01
demofac00743,FAC-2026-0006,democli00037,2026-01-02,2026-02-16,14589.924,12259.600,2329.324,1.000,45,false,2,6.00,true,1,false,false,ENTREPRISE,Kairouan,1289,19,16,7,0.4375,6.93,5,66189.230,16231.808,0.8988,6,0,on_time,-4,2026-02-12,2026-02-12
demofac00744,FAC-2026-0007,democli00059,2026-01-04,2026-02-18,4181.540,3638.000,542.540,1.000,45,false,2,0.00,false,1,false,false,ENTREPRISE,Nabeul,630,20,18,3,0.1667,0.56,2,19620.655,6937.263,0.6028,12,0,on_time,2,2026-02-20,2026-02-20
demofac00745,FAC-2026-0008,democli00048,2026-01-05,2026-02-04,16713.550,14045.000,2668.550,0.000,30,false,3,0.00,false,1,false,false,ENTREPRISE,Ariana,1311,14,12,2,0.1667,2.50,2,9529.021,5049.249,3.3101,11,0,on_time,2,2026-02-06,2026-02-06
demofac00746,FAC-2026-0009,democli00025,2026-01-05,2026-01-20,1548.000,1300.000,247.000,1.000,15,false,1,0.00,false,1,false,false,PARTICULIER,Kairouan,924,17,16,2,0.1250,-1.38,1,2143.000,4164.835,0.3717,18,0,on_time,-11,2026-01-09,2026-01-09
demofac00747,FAC-2026-0010,democli00006,2026-01-05,2026-02-04,4796.700,4030.000,765.700,1.000,30,false,1,0.00,true,1,false,false,ENTREPRISE,Sousse,977,21,21,6,0.2857,2.33,0,0,4598.724,1.0431,64,0,on_time,0,2026-02-04,2026-02-04
demofac00748,FAC-2026-0011,democli00032,2026-01-07,2026-02-06,4285.000,3600.000,684.000,1.000,30,false,1,0.00,false,1,false,false,ENTREPRISE,Ariana,1223,10,10,5,0.5000,7.30,0,0,9987.227,0.4290,58,1,late,13,2026-02-19,2026-02-14
demofac00749,FAC-2026-0012,democli00048,2026-01-07,2026-02-06,3141.661,2661.900,478.761,1.000,30,false,3,0.00,true,1,false,false,ENTREPRISE,Ariana,1313,15,13,2,0.1538,1.54,2,17993.086,5826.869,0.5392,2,0,on_time,3,2026-02-09,2026-02-09
demofac00750,FAC-2026-0013,democli00020,2026-01-07,2026-01-07,5467.860,4594.000,872.860,1.000,0,false,4,0.00,true,1,false,false,PARTICULIER,Kairouan,503,14,14,2,0.1429,3.93,0,0,3119.628,1.7527,169,0,on_time,3,2026-01-10,2026-01-10
demofac00751,FAC-2026-0014,democli00019,2026-01-07,2026-03-08,7840.125,6587.500,1251.625,1.000,60,false,1,15.00,false,1,false,false,ENTREPRISE,Gabes,900,47,41,3,0.0732,-1.76,6,139057.986,23741.267,0.3302,8,0,on_time,7,2026-03-15,2026-03-15
demofac00752,FAC-2026-0015,democli00053,2026-01-08,2026-02-07,1386.900,1210.000,175.900,1.000,30,false,3,0.00,false,1,false,false,ENTREPRISE,Sfax,686,14,14,4,0.2857,9.08,1,6743.540,4720.877,0.2938,69,0,on_time,-2,2026-02-05,2026-02-05
demofac00753,FAC-2026-0016,democli00030,2026-01-09,2026-02-08,715.000,600.000,114.000,1.000,30,false,1,0.00,true,1,false,false,ENTREPRISE,Sfax,1049,21,20,5,0.2500,6.00,1,6427.000,11722.844,0.0610,9,0,on_time,-2,2026-02-06,2026-02-06
demofac00754,FAC-2026-0017,democli00021,2026-01-11,2026-02-10,1762.200,1480.000,281.200,1.000,30,false,2,0.00,false,1,false,false,ENTREPRISE,Sfax,1043,13,13,0,0.0000,-2.46,0,0,4269.029,0.4128,43,0,on_time,2,2026-02-12,2026-02-12
demofac00755,FAC-2026-0018,democli00056,2026-01-11,2026-01-11,5350.050,4495.000,854.050,1.000,0,false,1,0.00,true,1,false,false,PARTICULIER,Sfax,906,3,3,3,1.0000,14.00,0,0,9595.716,0.5575,192,0,on_time,5,2026-01-16,2026-01-16
demofac00756,FAC-2026-0019,democli00052,2026-01-11,2026-02-25,1157.680,972.000,184.680,1.000,45,false,1,0.00,false,1,false,false,ENTREPRISE,Gabes,1038,14,13,8,0.6154,30.46,1,6398.440,5706.073,0.2029,10,1,late,26,2026-03-23,2026-03-05
demofac00757,FAC-2026-0020,democli00029,2026-01-11,2026-03-12,1928.800,1620.000,307.800,1.000,60,false,1,0.00,true,1,false,false,ENTREPRISE,Ariana,155,7,3,2,0.6667,11.00,4,69307.815,15106.095,0.1277,10,0,on_time,-12,2026-02-28,2026-02-28
demofac00758,FAC-2026-0021,democli00032,2026-01-11,2026-02-10,1696.750,1425.000,270.750,1.000,30,false,2,5.00,false,1,false,false,ENTREPRISE,Ariana,1227,11,10,5,0.5000,7.30,1,4285.000,9468.843,0.1792,4,0,on_time,-1,2026-02-09,2026-02-09
demofac00759,FAC-2026-0022,democli00057,2026-01-13,2026-02-12,22884.700,19230.000,3653.700,1.000,30,false,3,0.00,true,1,false,false,ENTREPRISE,Tunis,1086,11,11,6,0.5455,7.00,1,6191.380,9336.794,2.4510,49,1,late,9,2026-02-21,2026-02-20
demofac00760,FAC-2026-0023,democli00038,2026-01-14,2026-02-28,3047.400,2560.000,486.400,1.000,45,false,2,0.00,true,1,false,false,ENTREPRISE,Sfax,720,11,11,0,0.0000,-3.09,0,0,5072.780,0.6007,41,0,on_time,6,2026-03-06,2026-03-06
demofac00761,FAC-2026-0024,democli00030,2026-01-15,2026-02-14,10720.520,9008.000,1711.520,1.000,30,false,2,0.00,false,1,false,false,ENTREPRISE,Sfax,1055,22,20,5,0.2500,6.00,2,7142.000,11222.488,0.9553,6,1,late,17,2026-03-03,2026-02-22
demofac00762,FAC-2026-0025,democli00055,2026-01-15,2026-01-30,13567.000,11400.000,2166.000,1.000,15,false,3,0.00,true,1,false,false,ENTREPRISE,Sfax,851,18,17,16,0.9412,27.14,4,55655.730,10146.003,1.3372,19,1,late,77,2026-04-17,2026-02-07
demofac00763,FAC-2026-0026,democli00025,2026-01-16,2026-01-31,3321.100,2790.000,530.100,1.000,15,false,1,0.00,true,1,false,false,PARTICULIER,Kairouan,935,18,18,2,0.1111,-1.50,0,0,4019.455,0.8263,11,0,on_time,4,2026-02-04,2026-02-04
demofac00764,FAC-2026-0027,democli00018,2026-01-16,2026-02-15,3615.744,3037.600,577.144,1.000,30,false,3,8.00,false,1,false,false,ENTREPRISE,Bizerte,485,4,4,1,0.2500,-0.75,0,0,3925.773,0.9210,227,0,on_time,3,2026-02-18,2026-02-18
demofac00765,FAC-2026-0028,democli00031,2026-01-17,2026-02-01,11231.700,9610.000,1620.700,1.000,15,false,3,0.00,true,1,false,false,ENTREPRISE,Sousse,820,11,11,5,0.4545,9.60,1,1322.097,4628.637,2.4266,72,0,on_time,-12,2026-01-20,2026-01-20
demofac00766,FAC-2026-0029,democli00048,2026-01-17,2026-02-16,13238.560,11124.000,2113.560,1.000,30,false,3,0.00,false,1,false,false,ENTREPRISE,Ariana,1323,16,13,2,0.1538,1.54,3,21134.747,5659.043,2.3394,10,0,on_time,5,2026-02-21,2026-02-21
demofac00767,FAC-2026-0030,democli00025,2026-01-18,2026-02-02,2143.000,1800.000,342.000,1.000,15,false,1,0.00,true,1,false,false,PARTICULIER,Kairouan,937,19,18,2,0.1111,-1.50,1,3321.100,3982.700,0.5381,2,0,on_time,5,2026-02-07,2026-02-07
demofac00768,FAC-2026-0031,democli00012,2026-01-19,2026-02-18,6305.620,5298.000,1006.620,1.000,30,false,2,7.00,false,1,false,false,ENTREPRISE,Nabeul,560,5,5,0,0.0000,-2.80,0,0,4733.309,1.3322,27,0,on_time,7,2026-02-25,2026-02-25
demofac00769,FAC-2026-0032,democli00055,2026-01-20,2026-02-04,9806.600,8240.000,1565.600,1.000,15,false,2,0.00,true,1,false,false,ENTREPRISE,Sfax,856,19,17,16,0.9412,27.14,5,69222.730,10326.055,0.9497,5,1,late,9,2026-02-13,2026-02-12
demofac00770,FAC-2026-0033,democli00030,2026-01-20,2026-02-19,8212.000,6900.000,1311.000,1.000,30,false,2,0.00,false,1,false,false,ENTREPRISE,Sfax,1060,23,20,5,0.2500,6.00,3,17862.520,11200.663,0.7332,5,0,on_time,6,2026-02-25,2026-02-25
demofac00771,FAC-2026-0034,democli00050,2026-01-20,2026-02-19,5594.000,4700.000,893.000,1.000,30,false,1,0.00,true,1,false,false,ENTREPRISE,Ben Arous,483,6,5,0,0.0000,1.40,1,4225.500,3572.983,1.5656,32,0,on_time,-7,2026-02-12,2026-02-12
demofac00772,FAC-2026-0035,democli00006,2026-01-25,2026-02-24,5106.100,4290.000,815.100,1.000,30,false,3,0.00,false,1,false,false,ENTREPRISE,Sousse,997,22,21,6,0.2857,2.33,1,4796.700,4607.723,1.1082,20,0,on_time,-3,2026-02-21,2026-02-21
demofac00774,FAC-2026-0037,democli00009,2026-01-25,2026-02-09,1726.500,1450.000,275.500,1.000,15,false,1,0.00,false,1,false,false,PARTICULIER,Monastir,1257,8,8,3,0.3750,7.13,0,0,4584.291,0.3766,82,0,on_time,-10,2026-01-30,2026-01-30
demofac00775,FAC-2026-0038,democli00049,2026-01-27,2026-02-26,9937.500,8350.000,1586.500,1.000,30,false,3,0.00,true,1,false,false,ENTREPRISE,Kairouan,633,22,22,0,0.0000,-2.23,0,0,7040.045,1.4116,45,0,on_time,5,2026-03-03,2026-03-03
demofac00776,FAC-2026-0039,democli00030,2026-01-27,2026-02-26,17791.500,14950.000,2840.500,1.000,30,false,4,0.00,true,1,false,false,ENTREPRISE,Sfax,1067,24,21,5,0.2381,5.24,3,19647.520,11076.135,1.6063,7,0,on_time,4,2026-03-02,2026-03-02
demofac00777,FAC-2026-0040,democli00008,2026-01-28,2026-02-12,8973.600,7540.000,1432.600,1.000,15,false,1,0.00,false,1,false,false,ENTREPRISE,Gabes,843,15,15,6,0.4000,7.27,0,0,4162.903,2.1556,79,0,on_time,-4,2026-02-08,2026-02-08
demofac00778,FAC-2026-0041,democli00051,2026-01-28,2026-02-27,24991.000,21000.000,3990.000,1.000,30,false,2,0.00,true,1,false,false,ENTREPRISE,Ariana,623,10,10,0,0.0000,-1.60,0,0,17116.530,1.4601,36,0,on_time,-7,2026-02-20,2026-02-20
demofac00779,FAC-2026-0042,democli00019,2026-01-28,2026-03-29,52758.460,44334.000,8423.460,1.000,60,false,3,0.00,false,1,false,false,ENTREPRISE,Gabes,921,48,43,3,0.0698,-1.98,5,103694.016,23409.994,2.2537,21,0,on_time,-3,2026-03-26,2026-03-26
demofac00780,FAC-2026-0043,democli00051,2026-01-28,2026-02-27,19695.500,16550.000,3144.500,1.000,30,false,4,0.00,false,1,false,false,ENTREPRISE,Ariana,623,11,10,0,0.0000,-1.60,1,24991.000,17832.391,1.1045,0,0,on_time,-12,2026-02-15,2026-02-15
demofac00782,FAC-2026-0045,democli00054,2026-01-29,2026-03-15,18878.208,15863.200,3014.008,1.000,45,false,3,0.00,false,1,false,false,ENTREPRISE,Sousse,1229,14,13,0,0.0000,-2.08,1,27456.204,9490.186,1.9892,33,0,on_time,-8,2026-03-07,2026-03-07
demofac00783,FAC-2026-0046,democli00055,2026-01-29,2026-02-13,5832.000,4900.000,931.000,1.000,15,false,2,0.00,false,1,false,false,ENTREPRISE,Sfax,865,20,17,16,0.9412,26.47,5,54800.279,10300.082,0.5662,9,1,late,38,2026-03-23,2026-02-21
demofac00784,FAC-2026-0047,democli00006,2026-01-29,2026-02-28,4766.500,4050.000,715.500,1.000,30,false,2,0.00,false,1,false,false,ENTREPRISE,Sousse,1001,23,21,6,0.2857,2.33,2,9902.800,4629.391,1.0296,4,0,on_time,-12,2026-02-16,2026-02-16
demofac00785,FAC-2026-0048,democli00024,2026-01-29,2026-02-13,1314.950,1105.000,209.950,0.000,15,false,1,0.00,false,1,false,false,PARTICULIER,Monastir,861,12,12,4,0.3333,3.00,1,2162.319,3721.238,0.3534,27,0,on_time,-7,2026-02-06,2026-02-06
demofac00786,FAC-2026-0049,democli00035,2026-01-29,2026-01-29,7544.630,6377.000,1166.630,1.000,0,false,3,0.00,false,1,false,false,PARTICULIER,Sfax,746,2,2,0,0.0000,4.00,0,0,677.200,11.1409,92,0,on_time,2,2026-01-31,2026-01-31
demofac00787,FAC-2026-0050,democli00011,2026-01-29,2026-02-28,20421.680,17696.000,2724.680,1.000,30,false,3,0.00,false,1,false,false,ENTREPRISE,Ariana,1249,19,19,13,0.6842,23.50,1,4285.000,15254.011,1.3388,53,1,late,67,2026-05-06,2026-03-08
demofac00788,FAC-2026-0051,democli00019,2026-01-30,2026-03-31,36177.000,30400.000,5776.000,1.000,60,false,1,0.00,false,1,false,false,ENTREPRISE,Gabes,923,49,43,3,0.0698,-1.98,6,156452.476,24008.942,1.5068,2,0,on_time,-2,2026-03-29,2026-03-29
demofac00789,FAC-2026-0052,democli00013,2026-01-30,2026-03-31,2334.352,1960.800,372.552,1.000,60,false,1,14.00,true,1,false,false,ENTREPRISE,Ariana,1192,11,10,7,0.7000,15.33,2,53710.508,14899.659,0.1567,47,1,late,26,2026-04-26,2026-04-08
demofac00790,FAC-2026-0053,democli00025,2026-02-01,2026-02-16,4487.300,3770.000,716.300,1.000,15,false,1,0.00,true,2,false,false,PARTICULIER,Kairouan,951,20,18,2,0.1111,-1.50,2,5464.100,3890.715,1.1533,14,0,on_time,-11,2026-02-05,2026-02-05
demofac00791,FAC-2026-0054,democli00014,2026-02-01,2026-02-16,12803.020,10758.000,2044.020,1.000,15,false,3,8.00,false,2,false,false,ENTREPRISE,Monastir,621,6,6,1,0.1667,4.33,0,0,9691.249,1.3211,63,0,on_time,6,2026-02-22,2026-02-22
demofac00792,FAC-2026-0055,democli00042,2026-02-02,2026-02-02,1476.600,1240.000,235.600,1.000,0,false,1,0.00,true,2,false,false,PARTICULIER,Ben Arous,604,49,49,8,0.1633,5.04,0,0,5094.803,0.2898,44,0,on_time,4,2026-02-06,2026-02-06
demofac00793,FAC-2026-0056,democli00057,2026-02-03,2026-03-05,3571.000,3000.000,570.000,1.000,30,false,2,0.00,false,2,false,false,ENTREPRISE,Tunis,1107,12,11,6,0.5455,11.18,1,12245.762,10465.787,0.3412,21,0,on_time,5,2026-03-10,2026-03-10
demofac00794,FAC-2026-0057,democli00031,2026-02-04,2026-02-19,10528.250,8975.000,1552.250,1.000,15,false,3,0.00,false,2,false,false,ENTREPRISE,Sousse,838,12,12,5,0.4167,11.00,0,0,5178.892,2.0329,18,0,on_time,-10,2026-02-09,2026-02-09
demofac00795,FAC-2026-0058,democli00037,2026-02-04,2026-03-21,3024.550,2745.000,278.550,1.000,45,false,2,0.00,true,2,false,false,ENTREPRISE,Kairouan,1322,20,18,7,0.3889,7.44,2,22980.424,16149.714,0.1873,33,0,on_time,4,2026-03-25,2026-03-25
demofac00796,FAC-2026-0059,democli00032,2026-02-05,2026-03-07,14995.000,12600.000,2394.000,1.000,30,false,2,0.00,true,2,false,false,ENTREPRISE,Ariana,1252,12,10,5,0.5000,7.30,2,5981.750,8821.169,1.6999,25,1,late,13,2026-03-20,2026-03-15
demofac00797,FAC-2026-0060,democli00030,2026-02-05,2026-03-07,6665.000,5600.000,1064.000,1.000,30,false,2,0.00,false,2,false,false,ENTREPRISE,Sfax,1076,25,21,5,0.2381,5.24,4,37439.020,11344.750,0.5875,9,0,on_time,-5,2026-03-02,2026-03-02
demofac00798,FAC-2026-0061,democli00030,2026-02-05,2026-03-07,18446.000,15500.000,2945.000,1.000,30,false,3,0.00,false,2,false,false,ENTREPRISE,Sfax,1076,26,21,5,0.2381,5.24,5,44104.020,11164.759,1.6522,0,0,on_time,6,2026-03-13,2026-03-13
demofac00799,FAC-2026-0062,democli00028,2026-02-05,2026-03-07,1214.800,1020.000,193.800,1.000,30,false,2,0.00,false,2,false,false,ENTREPRISE,Sfax,1050,10,10,5,0.5000,11.60,0,0,6953.369,0.1747,147,0,on_time,-9,2026-02-26,2026-02-26
demofac00800,FAC-2026-0063,democli00001,2026-02-06,2026-03-08,9491.250,7975.000,1515.250,1.000,30,false,1,0.00,false,2,false,false,ENTREPRISE,Gabes,1181,4,4,2,0.5000,30.00,0,0,9558.188,0.9930,173,1,late,59,2026-05-06,2026-03-16
demofac00801,FAC-2026-0064,democli00047,2026-02-06,2026-02-06,4285.000,3600.000,684.000,1.000,0,false,1,0.00,false,2,false,false,PARTICULIER,Gabes,1388,17,17,5,0.2941,8.88,0,0,5526.677,0.7753,45,0,on_time,2,2026-02-08,2026-02-08
demofac00803,FAC-2026-0066,democli00045,2026-02-07,2026-03-09,4285.000,3600.000,684.000,1.000,30,false,1,0.00,true,2,false,false,ENTREPRISE,Kairouan,656,6,6,4,0.6667,13.75,2,16799.902,12933.580,0.3313,72,0,on_time,-9,2026-02-28,2026-02-28
demofac00804,FAC-2026-0067,democli00025,2026-02-08,2026-02-23,1191.000,1000.000,190.000,1.000,15,false,2,0.00,false,2,false,false,PARTICULIER,Kairouan,958,21,21,2,0.0952,-1.38,0,0,3919.124,0.3039,7,0,on_time,1,2026-02-24,2026-02-24
demofac00805,FAC-2026-0068,democli00055,2026-02-08,2026-02-23,8991.450,7555.000,1435.450,1.000,15,false,2,10.00,true,2,false,false,ENTREPRISE,Sfax,875,21,19,18,0.9474,31.44,5,53617.419,10087.316,0.8914,10,1,late,9,2026-03-04,2026-03-03
demofac00806,FAC-2026-0069,democli00030,2026-02-08,2026-03-10,2857.000,2400.000,456.000,1.000,30,false,1,0.00,true,2,false,false,ENTREPRISE,Sfax,1079,27,22,5,0.2273,4.91,5,61835.020,11434.435,0.2499,3,0,on_time,6,2026-03-16,2026-03-16
demofac00807,FAC-2026-0070,democli00042,2026-02-09,2026-02-09,548.400,460.000,87.400,1.000,0,false,1,0.00,false,2,false,false,PARTICULIER,Ben Arous,611,50,50,8,0.1600,5.02,0,0,5022.439,0.1092,7,0,on_time,7,2026-02-16,2026-02-16
demofac00808,FAC-2026-0071,democli00016,2026-02-09,2026-02-24,1579.680,1372.000,206.680,1.000,15,false,3,0.00,false,2,false,false,PARTICULIER,Kairouan,694,4,4,0,0.0000,1.50,0,0,1255.218,1.2585,237,0,on_time,-5,2026-02-19,2026-02-19
demofac00809,FAC-2026-0072,democli00043,2026-02-09,2026-03-26,3695.474,3104.600,589.874,1.000,45,false,3,13.00,false,2,false,false,ENTREPRISE,Ben Arous,1108,9,9,1,0.1111,-1.78,0,0,2099.936,1.7598,82,1,late,9,2026-04-04,2026-04-03
demofac00811,FAC-2026-0074,democli00026,2026-02-10,2026-03-12,5504.750,4625.000,878.750,1.000,30,false,3,0.00,true,2,false,false,ENTREPRISE,Sfax,700,20,20,7,0.3500,3.89,2,10822.610,9523.841,0.5780,39,1,late,21,2026-04-02,2026-03-20
demofac00812,FAC-2026-0075,democli00029,2026-02-11,2026-04-12,858.752,720.800,136.952,1.000,60,false,1,0.00,true,2,false,false,ENTREPRISE,Ariana,186,8,4,3,0.7500,10.50,4,66332.815,13458.933,0.0638,31,1,late,24,2026-05-06,2026-04-20
demofac00813,FAC-2026-0076,democli00041,2026-02-11,2026-03-28,5356.000,4500.000,855.000,1.000,45,false,1,0.00,false,2,false,false,ENTREPRISE,Bizerte,1301,23,22,1,0.0455,-1.73,1,27539.000,13341.941,0.4014,42,0,on_time,-4,2026-03-24,2026-03-24
demofac00814,FAC-2026-0077,democli00011,2026-02-11,2026-03-13,18208.000,15300.000,2907.000,1.000,30,false,2,0.00,false,2,false,false,ENTREPRISE,Ariana,1262,20,19,13,0.6842,23.50,2,24706.680,15512.394,1.1738,13,1,late,18,2026-03-31,2026-03-21
demofac00815,FAC-2026-0078,democli00027,2026-02-12,2026-03-29,4427.800,3720.000,706.800,1.000,45,false,1,0.00,false,2,false,false,ENTREPRISE,Nabeul,1066,14,14,2,0.1429,-0.50,0,0,8192.025,0.5405,99,0,on_time,0,2026-03-29,2026-03-29
demofac00816,FAC-2026-0079,democli00060,2026-02-13,2026-03-15,7002.680,6176.000,825.680,1.000,30,true,2,0.00,false,2,false,false,ENTREPRISE,Kairouan,1190,10,10,1,0.1000,-0.50,0,0,3293.145,2.1264,92,0,on_time,-2,2026-03-13,2026-03-13
demofac00817,FAC-2026-0080,democli00060,2026-02-13,2026-03-30,358.000,300.000,57.000,1.000,45,false,1,0.00,false,2,false,false,ENTREPRISE,Kairouan,1190,11,10,1,0.1000,-0.50,1,7002.680,3630.375,0.0986,0,0,on_time,-8,2026-03-22,2026-03-22
demofac00818,FAC-2026-0081,democli00011,2026-02-13,2026-03-15,10071.970,8463.000,1607.970,1.000,30,false,4,8.00,true,2,false,false,ENTREPRISE,Ariana,1264,21,19,13,0.6842,23.50,3,42914.680,15640.756,0.6440,2,1,late,63,2026-05-17,2026-03-23
demofac00819,FAC-2026-0082,democli00042,2026-02-14,2026-02-14,5153.700,4330.000,822.700,1.000,0,false,3,0.00,true,2,false,false,PARTICULIER,Ben Arous,616,51,50,8,0.1600,5.02,1,268.544,4934.713,1.0444,5,0,on_time,1,2026-02-15,2026-02-15
demofac00820,FAC-2026-0083,democli00043,2026-02-15,2026-04-01,3717.720,3208.000,508.720,1.000,45,false,3,0.00,true,2,false,false,ENTREPRISE,Ben Arous,1114,10,9,1,0.1111,-1.78,1,3695.474,2259.490,1.6454,6,1,late,33,2026-05-04,2026-04-09
demofac00822,FAC-2026-0085,democli00012,2026-02-17,2026-03-19,1000.600,840.000,159.600,1.000,30,false,1,0.00,false,2,false,false,ENTREPRISE,Nabeul,589,6,5,0,0.0000,-2.80,1,6305.620,4995.361,0.2003,29,0,on_time,-12,2026-03-07,2026-03-07
demofac00823,FAC-2026-0086,democli00032,2026-02-18,2026-03-20,394.414,330.600,62.814,1.000,30,false,1,13.00,true,2,false,false,ENTREPRISE,Ariana,1265,13,12,6,0.5000,6.55,2,19280.000,9296.079,0.0424,13,1,late,21,2026-04-10,2026-03-28
demofac00824,FAC-2026-0087,democli00051,2026-02-19,2026-03-21,27371.000,23000.000,4370.000,1.000,30,false,3,0.00,false,2,false,false,ENTREPRISE,Ariana,645,12,11,0,0.0000,-2.55,1,12959.549,17987.650,1.5217,22,0,on_time,-8,2026-03-13,2026-03-13
demofac00825,FAC-2026-0088,democli00012,2026-02-19,2026-03-21,999.600,840.000,159.600,0.000,30,false,1,0.00,false,2,false,false,ENTREPRISE,Nabeul,591,7,5,0,0.0000,-2.80,2,7306.220,4424.681,0.2259,2,0,on_time,4,2026-03-25,2026-03-25
demofac00826,FAC-2026-0089,democli00044,2026-02-20,2026-03-22,3743.550,3145.000,597.550,1.000,30,false,1,0.00,true,2,false,false,ENTREPRISE,Nabeul,1239,14,14,10,0.7143,25.43,0,0,3901.571,0.9595,127,1,late,33,2026-04-24,2026-03-30
demofac00827,FAC-2026-0090,democli00005,2026-02-20,2026-03-22,42365.000,35600.000,6764.000,1.000,30,true,4,0.00,false,2,false,false,ENTREPRISE,Nabeul,828,7,7,2,0.2857,3.29,0,0,18588.351,2.2791,159,0,on_time,-12,2026-03-10,2026-03-10
demofac00828,FAC-2026-0091,democli00014,2026-02-20,2026-03-07,294.335,246.500,46.835,1.000,15,false,1,0.00,false,2,false,false,ENTREPRISE,Monastir,640,7,6,1,0.1667,4.33,1,4976.821,10135.788,0.0290,19,0,on_time,-5,2026-03-02,2026-03-02
demofac00829,FAC-2026-0092,democli00040,2026-02-21,2026-04-22,7110.820,6426.000,683.820,1.000,60,false,3,0.00,false,2,false,false,ENTREPRISE,Ben Arous,571,13,13,3,0.2308,4.08,0,0,5616.355,1.2661,151,0,on_time,-12,2026-04-10,2026-04-10
demofac00830,FAC-2026-0093,democli00018,2026-02-22,2026-03-24,3144.885,2641.920,501.965,1.000,30,false,1,14.00,false,2,false,false,ENTREPRISE,Bizerte,522,5,5,1,0.2000,0.00,0,0,3863.767,0.8139,37,0,on_time,5,2026-03-29,2026-03-29
demofac00831,FAC-2026-0094,democli00026,2026-02-24,2026-03-26,19407.660,16486.000,2920.660,1.000,30,false,3,9.00,true,2,false,false,ENTREPRISE,Sfax,714,21,20,7,0.3500,6.20,1,5504.750,9332.456,2.0796,14,0,on_time,-10,2026-03-16,2026-03-16
demofac00832,FAC-2026-0095,democli00038,2026-02-24,2026-04-10,2547.600,2140.000,406.600,1.000,45,false,2,0.00,false,2,false,false,ENTREPRISE,Sfax,761,12,11,0,0.0000,-3.09,1,1516.486,4903.998,0.5195,41,0,on_time,-6,2026-04-04,2026-04-04
demofac00833,FAC-2026-0096,democli00030,2026-02-25,2026-03-27,14281.000,12000.000,2280.000,1.000,30,false,1,0.00,false,2,false,false,ENTREPRISE,Sfax,1096,28,23,6,0.2609,4.91,6,41686.430,11128.098,1.2833,17,1,late,16,2026-04-12,2026-04-04
demofac00834,FAC-2026-0097,democli00031,2026-02-25,2026-03-12,1124.500,1050.000,73.500,1.000,15,false,1,0.00,false,2,false,false,ENTREPRISE,Sousse,859,13,13,5,0.3846,9.38,0,0,5590.381,0.2011,21,0,on_time,-4,2026-03-08,2026-03-08
demofac00835,FAC-2026-0098,democli00060,2026-02-26,2026-04-12,14845.192,13121.320,1722.872,1.000,45,false,3,12.00,true,2,false,false,ENTREPRISE,Kairouan,1203,12,10,1,0.1000,-0.50,2,7360.680,3357.677,4.4213,13,0,on_time,-3,2026-04-09,2026-04-09
demofac00836,FAC-2026-0099,democli00058,2026-02-26,2026-03-28,27494.140,23406.000,4087.140,1.000,30,false,2,0.00,false,2,false,false,ENTREPRISE,Bizerte,1161,3,3,0,0.0000,-2.67,0,0,4422.293,6.2172,71,0,on_time,7,2026-04-04,2026-04-04
demofac00837,FAC-2026-0100,democli00037,2026-02-27,2026-04-13,20479.900,17210.000,3269.900,0.000,45,false,2,0.00,true,2,false,false,ENTREPRISE,Kairouan,1345,21,20,7,0.3500,6.45,1,3024.550,15524.706,1.3192,23,0,on_time,3,2026-04-16,2026-04-16
demofac00838,FAC-2026-0101,democli00048,2026-02-27,2026-03-29,12334.500,10450.000,1883.500,1.000,30,false,2,0.00,true,2,false,false,ENTREPRISE,Ariana,1364,17,17,2,0.1176,1.71,0,0,6104.897,2.0204,41,0,on_time,7,2026-04-05,2026-04-05
demofac00839,FAC-2026-0102,democli00029,2026-02-28,2026-04-29,8855.076,7440.400,1413.676,1.000,60,false,3,0.00,false,2,false,false,ENTREPRISE,Ariana,203,9,6,5,0.8333,11.00,4,66976.367,12058.913,0.7343,17,0,on_time,0,2026-04-29,2026-04-29
demofac00840,FAC-2026-0103,democli00026,2026-02-28,2026-03-30,12089.580,10366.000,1722.580,1.000,30,false,2,0.00,true,2,false,false,ENTREPRISE,Sfax,718,22,20,7,0.3500,6.20,2,24912.410,9790.420,1.2348,4,0,on_time,-7,2026-03-23,2026-03-23
demofac00841,FAC-2026-0104,democli00053,2026-03-01,2026-03-31,8066.225,6777.500,1287.725,1.000,30,false,4,0.00,false,3,true,false,ENTREPRISE,Sfax,738,15,15,4,0.2667,8.29,1,6743.540,4498.612,1.7930,52,0,on_time,-10,2026-03-21,2026-03-21
demofac00842,FAC-2026-0105,democli00019,2026-03-02,2026-05-01,33312.050,28295.000,5016.050,1.000,60,false,3,10.00,false,3,true,false,ENTREPRISE,Gabes,954,50,46,3,0.0652,-1.85,4,110575.761,24252.303,1.3736,31,0,on_time,6,2026-05-07,2026-05-07
demofac00843,FAC-2026-0106,democli00016,2026-03-02,2026-03-17,161.500,150.000,10.500,1.000,15,false,1,0.00,false,3,true,false,PARTICULIER,Kairouan,715,5,5,0,0.0000,0.20,0,0,1320.110,0.1223,21,0,on_time,-4,2026-03-13,2026-03-13
demofac00844,FAC-2026-0107,democli00032,2026-03-02,2026-04-01,32369.000,27200.000,5168.000,1.000,30,false,2,0.00,false,3,true,false,ENTREPRISE,Ariana,1277,14,12,6,0.5000,7.08,2,15389.414,8660.246,3.7377,12,0,on_time,1,2026-04-02,2026-04-02
demofac00845,FAC-2026-0108,democli00025,2026-03-03,2026-03-18,995.840,836.000,158.840,1.000,15,false,1,0.00,true,3,true,false,PARTICULIER,Kairouan,981,22,22,2,0.0909,-1.27,0,0,3795.118,0.2624,23,0,on_time,1,2026-03-19,2026-03-19
demofac00846,FAC-2026-0109,democli00029,2026-03-03,2026-05-02,26812.295,22530.500,4280.795,1.000,60,false,3,0.00,true,3,true,false,ENTREPRISE,Ariana,206,10,7,5,0.7143,7.17,4,73902.643,11738.529,2.2841,3,1,late,33,2026-06-04,2026-05-10
demofac00847,FAC-2026-0110,democli00032,2026-03-04,2026-04-03,3524.590,2961.000,562.590,1.000,30,false,1,6.00,false,3,true,false,ENTREPRISE,Ariana,1279,15,12,6,0.5000,7.08,3,47758.414,10240.829,0.3442,2,0,on_time,-5,2026-03-29,2026-03-29
demofac00848,FAC-2026-0111,democli00054,2026-03-05,2026-04-19,2884.510,2529.000,354.510,1.000,45,false,2,0.00,false,3,true,false,ENTREPRISE,Sousse,1264,15,14,0,0.0000,-1.57,1,18878.208,10116.054,0.2851,35,0,on_time,-1,2026-04-18,2026-04-18
demofac00849,FAC-2026-0112,democli00031,2026-03-05,2026-03-20,16608.045,14411.500,2195.545,1.000,15,false,3,15.00,false,3,true,false,ENTREPRISE,Sousse,867,14,13,5,0.3846,9.38,1,1124.500,5271.390,3.1506,8,1,late,23,2026-04-12,2026-03-28
demofac00850,FAC-2026-0113,democli00054,2026-03-06,2026-04-20,13158.300,11590.000,1567.300,1.000,45,false,3,0.00,false,3,true,false,ENTREPRISE,Sousse,1265,16,14,0,0.0000,-1.57,2,21762.718,9664.082,1.3616,1,0,on_time,-10,2026-04-10,2026-04-10
demofac00851,FAC-2026-0114,democli00026,2026-03-07,2026-04-06,5936.720,4988.000,947.720,1.000,30,true,1,14.00,false,3,true,false,ENTREPRISE,Sfax,725,23,20,7,0.3500,6.20,3,29826.867,9890.383,0.6003,7,0,on_time,-10,2026-03-27,2026-03-27
demofac00852,FAC-2026-0115,democli00025,2026-03-07,2026-03-22,774.500,650.000,123.500,1.000,15,false,1,0.00,true,3,true,false,PARTICULIER,Kairouan,985,23,22,2,0.0909,-1.27,1,995.840,3673.410,0.2108,4,0,on_time,-7,2026-03-15,2026-03-15
demofac00853,FAC-2026-0116,democli00055,2026-03-09,2026-03-24,6903.000,5800.000,1102.000,1.000,15,false,1,0.00,false,3,true,false,ENTREPRISE,Sfax,904,22,22,21,0.9545,28.94,4,35389.620,10037.504,0.6877,29,0,on_time,-1,2026-03-23,2026-03-23
demofac00854,FAC-2026-0117,democli00038,2026-03-10,2026-04-24,6903.000,5800.000,1102.000,1.000,45,false,1,0.00,true,3,true,false,ENTREPRISE,Sfax,775,13,12,0,0.0000,-2.33,1,2547.600,4722.737,1.4617,14,0,on_time,6,2026-04-30,2026-04-30
demofac00855,FAC-2026-0118,democli00038,2026-03-10,2026-04-24,3404.400,2860.000,543.400,1.000,45,false,2,0.00,true,3,true,false,ENTREPRISE,Sfax,775,14,12,0,0.0000,-2.33,2,9450.600,4878.470,0.6978,0,0,on_time,6,2026-04-30,2026-04-30
demofac00856,FAC-2026-0119,democli00049,2026-03-11,2026-04-10,25856.130,21727.000,4128.130,1.000,30,false,4,0.00,false,3,true,false,ENTREPRISE,Kairouan,676,23,23,0,0.0000,-1.91,0,0,7166.021,3.6082,43,0,on_time,4,2026-04-14,2026-04-14
demofac00857,FAC-2026-0120,democli00046,2026-03-11,2026-05-10,15709.000,13200.000,2508.000,1.000,60,false,2,0.00,true,3,true,false,ENTREPRISE,Gabes,859,7,7,0,0.0000,-4.00,0,0,12235.883,1.2838,102,0,on_time,-12,2026-04-28,2026-04-28
demofac00858,FAC-2026-0121,democli00049,2026-03-11,2026-04-10,572.200,480.000,91.200,1.000,30,false,1,0.00,true,3,true,false,ENTREPRISE,Kairouan,676,24,23,0,0.0000,-1.91,1,25856.130,7944.775,0.0720,0,0,on_time,-2,2026-04-08,2026-04-08
demofac00859,FAC-2026-0122,democli00030,2026-03-12,2026-04-11,13302.820,11178.000,2123.820,1.000,30,false,4,0.00,false,3,true,false,ENTREPRISE,Sfax,1111,29,26,6,0.2308,5.00,3,22542.576,11236.819,1.1839,15,1,late,9,2026-04-20,2026-04-19
demofac00860,FAC-2026-0123,democli00025,2026-03-12,2026-03-27,8903.390,7481.000,1421.390,1.000,15,false,3,11.00,false,3,true,false,PARTICULIER,Kairouan,990,24,22,2,0.0909,-1.27,2,1770.340,3552.622,2.5061,5,0,on_time,-6,2026-03-21,2026-03-21
demofac00861,FAC-2026-0124,democli00020,2026-03-13,2026-03-13,775.889,693.680,82.209,0.000,0,false,2,13.00,false,3,true,false,PARTICULIER,Kairouan,568,15,15,2,0.1333,3.87,0,0,3276.176,0.2368,65,0,on_time,4,2026-03-17,2026-03-17
demofac00862,FAC-2026-0125,democli00045,2026-03-13,2026-04-12,23344.040,19616.000,3727.040,1.000,30,false,2,0.00,false,3,true,false,ENTREPRISE,Kairouan,690,7,7,4,0.5714,9.20,2,16799.902,11698.068,1.9955,34,1,late,28,2026-05-10,2026-04-20
demofac00863,FAC-2026-0126,democli00010,2026-03-13,2026-05-12,7379.000,6200.000,1178.000,1.000,60,false,2,0.00,false,3,true,false,ENTREPRISE,Gabes,882,16,16,13,0.8125,38.14,2,37747.960,6534.270,1.1293,94,1,late,23,2026-06-04,2026-05-20
demofac00864,FAC-2026-0127,democli00026,2026-03-14,2026-04-13,13376.600,11240.000,2135.600,1.000,30,false,2,0.00,false,3,true,false,ENTREPRISE,Sfax,732,24,20,7,0.3500,6.20,4,29770.776,9725.647,1.3754,7,1,late,22,2026-05-05,2026-04-21
demofac00865,FAC-2026-0128,democli00045,2026-03-15,2026-04-14,1553.950,1305.000,247.950,1.000,30,false,1,0.00,true,3,true,false,ENTREPRISE,Kairouan,692,8,7,4,0.5714,9.20,3,40143.942,13153.815,0.1181,2,1,late,14,2026-04-28,2026-04-22
demofac00866,FAC-2026-0129,democli00011,2026-03-16,2026-04-15,18179.440,15276.000,2902.440,1.000,30,false,4,0.00,true,3,true,false,ENTREPRISE,Ariana,1295,22,20,14,0.7000,26.58,3,48701.650,15387.630,1.1814,31,1,late,56,2026-06-10,2026-04-23
demofac00867,FAC-2026-0130,democli00021,2026-03-16,2026-04-15,4999.000,4200.000,798.000,1.000,30,false,2,0.00,true,3,true,false,ENTREPRISE,Sfax,1107,14,14,0,0.0000,-2.14,0,0,4089.970,1.2223,64,0,on_time,2,2026-04-17,2026-04-17
demofac00868,FAC-2026-0131,democli00011,2026-03-16,2026-04-15,18231.800,15320.000,2910.800,1.000,30,false,2,0.00,true,3,true,false,ENTREPRISE,Ariana,1295,23,20,14,0.7000,26.58,4,66881.090,15509.013,1.1756,0,1,late,49,2026-06-03,2026-04-23
demofac00869,FAC-2026-0132,democli00047,2026-03-17,2026-03-17,1928.800,1620.000,307.800,1.000,0,false,1,0.00,true,3,true,false,PARTICULIER,Gabes,1427,18,18,5,0.2778,8.50,0,0,5457.695,0.3534,39,1,late,33,2026-04-19,2026-03-25
demofac00870,FAC-2026-0133,democli00042,2026-03-17,2026-03-17,4978.280,4424.000,553.280,1.000,0,false,3,0.00,true,3,true,false,PARTICULIER,Ben Arous,647,52,52,8,0.1538,4.98,0,0,4938.924,1.0080,31,0,on_time,3,2026-03-20,2026-03-20
demofac00871,FAC-2026-0134,democli00043,2026-03-17,2026-05-01,3321.100,2790.000,530.100,1.000,45,false,3,0.00,false,3,true,false,ENTREPRISE,Ben Arous,1144,11,9,1,0.1111,-1.78,2,7413.194,2392.056,1.3884,30,1,late,14,2026-05-15,2026-05-09
demofac00872,FAC-2026-0135,democli00042,2026-03-17,2026-03-17,3225.900,2710.000,514.900,1.000,0,false,2,0.00,false,3,true,false,PARTICULIER,Ben Arous,647,53,52,8,0.1538,4.98,1,4978.280,4939.667,0.6531,0,0,on_time,1,2026-03-18,2026-03-18
demofac00873,FAC-2026-0136,democli00041,2026-03-19,2026-05-03,7968.220,7446.000,521.220,1.000,45,false,2,7.00,true,3,true,false,ENTREPRISE,Bizerte,1337,24,23,2,0.0870,-1.30,1,5356.000,13009.194,0.6125,36,0,on_time,-2,2026-05-01,2026-05-01
demofac00874,FAC-2026-0137,democli00033,2026-03-19,2026-05-18,17325.871,14846.950,2478.921,0.000,60,false,4,9.00,false,3,true,false,ENTREPRISE,Gabes,1334,11,11,0,0.0000,-4.18,0,0,7902.629,2.1924,77,0,on_time,2,2026-05-20,2026-05-20
demofac00875,FAC-2026-0138,democli00006,2026-03-20,2026-04-19,22622.900,19010.000,3611.900,1.000,30,false,3,0.00,false,3,true,false,ENTREPRISE,Sousse,1051,24,24,6,0.2500,1.42,0,0,4635.104,4.8808,50,0,on_time,0,2026-04-19,2026-04-19
demofac00876,FAC-2026-0139,democli00055,2026-03-21,2026-04-05,10343.766,8691.400,1651.366,1.000,15,false,3,15.00,false,3,true,false,ENTREPRISE,Sfax,916,23,22,21,0.9545,28.94,5,42292.620,9901.222,1.0447,12,0,on_time,7,2026-04-12,2026-04-12
demofac00877,FAC-2026-0140,democli00060,2026-03-21,2026-05-05,1136.117,953.880,181.237,1.000,45,false,2,12.00,false,3,true,false,ENTREPRISE,Kairouan,1226,13,11,1,0.0909,-0.64,2,15203.192,4241.332,0.2679,23,0,on_time,-8,2026-04-27,2026-04-27
demofac00878,FAC-2026-0141,democli00027,2026-03-23,2026-05-07,7789.788,6545.200,1243.588,1.000,45,false,3,13.00,true,3,true,false,ENTREPRISE,Nabeul,1105,15,14,2,0.1429,-0.50,1,4427.800,7941.077,0.9809,39,0,on_time,-3,2026-05-04,2026-05-04
demofac00879,FAC-2026-0142,democli00009,2026-03-24,2026-04-08,6150.920,5168.000,981.920,1.000,15,false,1,0.00,false,3,true,false,PARTICULIER,Monastir,1315,9,9,3,0.3333,5.22,0,0,4266.759,1.4416,58,0,on_time,2,2026-04-10,2026-04-10
demofac00880,FAC-2026-0143,democli00027,2026-03-24,2026-05-08,46161.100,38790.000,7370.100,1.000,45,false,3,8.00,true,3,true,false,ENTREPRISE,Nabeul,1106,16,14,2,0.1429,-0.50,2,12217.588,7931.621,5.8199,1,0,on_time,-1,2026-05-07,2026-05-07
demofac00881,FAC-2026-0144,democli00053,2026-03-25,2026-04-24,4694.200,4080.000,613.200,1.000,30,false,3,0.00,false,3,true,false,ENTREPRISE,Sfax,762,16,16,4,0.2500,7.07,1,6743.540,4721.587,0.9942,24,1,late,17,2026-05-11,2026-05-02
demofac00882,FAC-2026-0145,democli00054,2026-03-25,2026-05-09,9390.100,7890.000,1499.100,1.000,45,false,2,0.00,false,3,true,false,ENTREPRISE,Sousse,1284,17,15,0,0.0000,-2.00,2,10495.558,9869.625,0.9514,19,0,on_time,6,2026-05-15,2026-05-15
demofac00883,FAC-2026-0146,democli00058,2026-03-25,2026-04-24,13805.000,11600.000,2204.000,1.000,30,false,1,0.00,false,3,true,false,ENTREPRISE,Bizerte,1188,4,3,0,0.0000,-2.67,1,27494.140,10190.255,1.3547,27,0,on_time,0,2026-04-24,2026-04-24
demofac00884,FAC-2026-0147,democli00011,2026-03-25,2026-04-24,8390.500,7050.000,1339.500,1.000,30,false,1,0.00,false,3,true,false,ENTREPRISE,Ariana,1304,24,22,16,0.7273,26.58,5,85112.890,15622.462,0.5371,9,1,late,8,2026-05-02,2026-05-02
demofac00885,FAC-2026-0148,democli00006,2026-03-26,2026-04-25,6569.800,5520.000,1048.800,1.000,30,false,1,0.00,false,3,true,false,ENTREPRISE,Sousse,1057,25,24,6,0.2500,1.42,1,22622.900,5354.616,1.2269,6,0,on_time,-1,2026-04-24,2026-04-24
demofac00886,FAC-2026-0149,democli00010,2026-03-27,2026-05-26,21825.110,18473.000,3351.110,1.000,60,false,4,10.00,true,3,true,false,ENTREPRISE,Gabes,896,17,16,13,0.8125,38.14,3,45126.960,6583.960,3.3149,14,1,late,80,2026-08-14,2026-06-03
demofac00887,FAC-2026-0150,democli00014,2026-03-28,2026-04-12,2333.400,1960.000,372.400,1.000,15,false,2,0.00,false,3,true,false,ENTREPRISE,Monastir,676,8,8,1,0.1250,3.38,0,0,8905.606,0.2620,36,0,on_time,6,2026-04-18,2026-04-18
demofac00888,FAC-2026-0151,democli00054,2026-03-28,2026-05-12,14280.000,12000.000,2280.000,0.000,45,false,1,0.00,false,3,true,false,ENTREPRISE,Sousse,1287,18,15,0,0.0000,-2.00,3,19885.658,9842.984,1.4508,3,0,on_time,3,2026-05-15,2026-05-15
demofac00889,FAC-2026-0152,democli00042,2026-03-28,2026-03-28,8390.500,7050.000,1339.500,1.000,0,false,1,0.00,false,3,true,false,PARTICULIER,Ben Arous,658,54,54,8,0.1481,4.87,0,0,4907.931,1.7096,11,0,on_time,6,2026-04-03,2026-04-03
demofac00890,FAC-2026-0153,democli00055,2026-03-28,2026-04-12,12258.000,10300.000,1957.000,1.000,15,false,2,0.00,false,3,true,false,ENTREPRISE,Sfax,923,24,23,21,0.9130,29.33,3,32827.436,9919.661,1.2357,7,0,on_time,-2,2026-04-10,2026-04-10
demofac00891,FAC-2026-0154,democli00024,2026-03-29,2026-04-13,4981.150,4185.000,795.150,1.000,15,false,3,0.00,false,3,true,false,PARTICULIER,Monastir,920,13,13,4,0.3077,4.69,0,0,3536.138,1.4086,59,1,late,48,2026-05-31,2026-04-21
demofac00892,FAC-2026-0155,democli00004,2026-03-29,2026-05-13,1115.310,987.000,128.310,0.000,45,false,1,6.00,false,3,true,false,ENTREPRISE,Monastir,1431,5,5,5,1.0000,43.20,0,0,37266.655,0.0299,197,1,late,11,2026-05-24,2026-05-21
demofac00893,FAC-2026-0156,democli00057,2026-03-30,2026-04-29,17827.200,14980.000,2846.200,1.000,30,false,3,0.00,false,3,true,false,ENTREPRISE,Tunis,1162,13,13,7,0.5385,10.54,0,0,9935.418,1.7943,55,1,late,14,2026-05-13,2026-05-07
demofac00894,FAC-2026-0157,democli00041,2026-04-01,2026-05-16,14281.000,12000.000,2280.000,1.000,45,false,1,0.00,false,4,false,false,ENTREPRISE,Bizerte,1350,25,24,2,0.0833,-1.42,1,7968.220,12807.555,1.1150,13,0,on_time,-11,2026-05-05,2026-05-05
demofac00895,FAC-2026-0158,democli00060,2026-04-01,2026-05-16,1747.480,1496.000,251.480,0.000,45,false,3,0.00,true,4,false,false,ENTREPRISE,Kairouan,1237,14,12,1,0.0833,-1.25,2,15981.309,4019.531,0.4347,11,0,on_time,-11,2026-05-05,2026-05-05
demofac00896,FAC-2026-0159,democli00042,2026-04-02,2026-04-02,4784.800,4020.000,763.800,1.000,0,false,2,0.00,false,4,false,false,PARTICULIER,Ben Arous,663,55,54,8,0.1481,4.87,1,2398.650,4971.250,0.9625,5,0,on_time,4,2026-04-06,2026-04-06
demofac00897,FAC-2026-0160,democli00016,2026-04-03,2026-04-18,810.200,680.000,129.200,1.000,15,false,1,0.00,true,4,false,false,PARTICULIER,Kairouan,747,6,6,0,0.0000,-0.50,0,0,1127.008,0.7189,32,0,on_time,-7,2026-04-11,2026-04-11
demofac00898,FAC-2026-0161,democli00022,2026-04-03,2026-04-18,13563.170,12001.920,1560.250,1.000,15,false,1,6.00,false,4,false,false,ENTREPRISE,Monastir,346,1,1,0,0.0000,-4.00,0,0,54.550,248.6374,138,0,on_time,-12,2026-04-06,2026-04-06
demofac00899,FAC-2026-0162,democli00029,2026-04-04,2026-06-03,26073.424,21909.600,4162.824,1.000,60,false,3,15.00,false,4,false,false,ENTREPRISE,Ariana,238,11,8,5,0.6250,9.63,3,33477.124,13108.872,1.9890,32,0,on_time,-10,2026-05-24,2026-05-24
demofac00900,FAC-2026-0163,democli00042,2026-04-05,2026-04-05,7747.900,6510.000,1236.900,1.000,0,false,4,0.00,false,4,false,false,PARTICULIER,Ben Arous,666,56,55,8,0.1455,4.89,1,4784.800,4967.921,1.5596,3,0,on_time,5,2026-04-10,2026-04-10
demofac00901,FAC-2026-0164,democli00048,2026-04-05,2026-05-05,6004.550,5045.000,958.550,1.000,30,false,3,0.00,true,4,false,false,ENTREPRISE,Ariana,1401,18,17,2,0.1176,1.71,1,3510.599,6450.986,0.9308,37,1,late,12,2026-05-17,2026-05-13
demofac00902,FAC-2026-0165,democli00006,2026-04-06,2026-05-06,3071.200,2580.000,490.200,1.000,30,false,2,0.00,false,4,false,false,ENTREPRISE,Sousse,1068,26,24,6,0.2500,1.42,2,29192.700,5401.354,0.5686,11,0,on_time,-5,2026-05-01,2026-05-01
demofac00903,FAC-2026-0166,democli00031,2026-04-06,2026-05-06,1011.500,850.000,161.500,0.000,30,true,1,0.00,true,4,false,false,ENTREPRISE,Sousse,899,15,15,6,0.4000,8.43,1,16608.045,6027.167,0.1678,32,0,on_time,-3,2026-05-03,2026-05-03
demofac00904,FAC-2026-0167,democli00059,2026-04-07,2026-05-22,7246.235,6383.040,862.195,1.000,45,false,2,6.00,true,4,false,false,ENTREPRISE,Nabeul,723,21,21,3,0.1429,0.52,0,0,6806.038,1.0647,93,0,on_time,-9,2026-05-13,2026-05-13
demofac00905,FAC-2026-0168,democli00053,2026-04-07,2026-05-07,3031.360,2748.000,282.360,1.000,30,false,2,0.00,false,4,false,false,ENTREPRISE,Sfax,775,17,16,4,0.2500,7.07,2,11437.740,4719.976,0.6422,13,0,on_time,6,2026-05-13,2026-05-13
demofac00906,FAC-2026-0169,democli00036,2026-04-08,2026-05-23,10318.300,8670.000,1647.300,1.000,45,false,3,11.00,true,4,false,false,ENTREPRISE,Ben Arous,837,6,6,0,0.0000,-5.50,0,0,10731.381,0.9615,154,0,on_time,7,2026-05-30,2026-05-30
demofac00907,FAC-2026-0170,democli00019,2026-04-09,2026-06-08,1204.750,1125.000,78.750,1.000,60,false,1,0.00,true,4,false,false,ENTREPRISE,Gabes,992,51,50,4,0.0800,-1.50,1,14593.607,24429.945,0.0493,38,0,on_time,2,2026-06-10,2026-06-10
demofac00908,FAC-2026-0171,democli00025,2026-04-09,2026-04-24,20527.080,17917.000,2609.080,1.000,15,false,3,0.00,false,4,false,false,PARTICULIER,Kairouan,1018,25,25,2,0.0800,-1.60,0,0,3766.653,5.4497,28,0,on_time,-5,2026-04-19,2026-04-19
demofac00909,FAC-2026-0172,democli00049,2026-04-09,2026-05-09,3809.000,3200.000,608.000,1.000,30,false,1,0.00,true,4,false,false,ENTREPRISE,Kairouan,705,25,24,0,0.0000,-1.92,1,25856.130,7649.872,0.4979,29,0,on_time,3,2026-05-12,2026-05-12
demofac00910,FAC-2026-0173,democli00026,2026-04-10,2026-05-10,16564.440,14368.000,2195.440,1.000,30,false,3,0.00,false,4,false,false,ENTREPRISE,Sfax,759,25,24,8,0.3333,4.92,1,13376.600,9871.685,1.6780,27,0,on_time,-4,2026-05-06,2026-05-06
demofac00911,FAC-2026-0174,democli00031,2026-04-10,2026-05-10,9675.700,8130.000,1544.700,1.000,30,true,3,0.00,false,4,false,false,ENTREPRISE,Sousse,903,16,15,6,0.4000,8.43,2,17619.545,5713.688,1.6934,4,0,on_time,7,2026-05-17,2026-05-17
demofac00912,FAC-2026-0175,democli00010,2026-04-11,2026-06-10,2607.100,2190.000,416.100,1.000,60,false,2,0.00,true,4,false,false,ENTREPRISE,Gabes,911,18,16,13,0.8125,38.14,4,64530.229,7430.690,0.3509,15,0,on_time,5,2026-06-15,2026-06-15
demofac00913,FAC-2026-0176,democli00010,2026-04-11,2026-06-10,2500.000,2100.000,399.000,1.000,60,false,1,0.00,false,4,false,false,ENTREPRISE,Gabes,911,19,16,13,0.8125,38.14,5,67137.329,7176.817,0.3483,0,1,late,19,2026-06-29,2026-06-18
demofac00914,FAC-2026-0177,democli00009,2026-04-11,2026-05-11,12548.360,10544.000,2003.360,1.000,30,true,3,0.00,true,4,false,false,PARTICULIER,Monastir,1333,10,10,3,0.3000,4.90,0,0,4455.175,2.8166,18,0,on_time,3,2026-05-14,2026-05-14
demofac00915,FAC-2026-0178,democli00019,2026-04-12,2026-06-11,13805.000,11600.000,2204.000,1.000,60,false,1,0.00,false,4,false,false,ENTREPRISE,Gabes,995,52,50,4,0.0800,-1.50,2,15798.357,23983.307,0.5756,3,0,on_time,-10,2026-06-01,2026-06-01
demofac00916,FAC-2026-0179,democli00038,2026-04-13,2026-05-28,3809.000,3200.000,608.000,1.000,45,false,1,0.00,false,4,false,false,ENTREPRISE,Sfax,809,15,13,0,0.0000,-2.62,2,10307.400,4780.199,0.7968,34,0,on_time,-11,2026-05-17,2026-05-17
demofac00917,FAC-2026-0180,democli00042,2026-04-13,2026-04-13,16851.400,14160.000,2690.400,1.000,0,false,3,0.00,false,4,false,false,PARTICULIER,Ben Arous,674,57,57,8,0.1404,4.88,0,0,5016.692,3.3591,8,0,on_time,4,2026-04-17,2026-04-17
demofac00918,FAC-2026-0181,democli00010,2026-04-13,2026-06-12,2131.100,1790.000,340.100,1.000,60,false,2,0.00,true,4,false,false,ENTREPRISE,Gabes,913,20,16,13,0.8125,38.14,6,69637.329,6942.976,0.3069,2,1,late,32,2026-07-14,2026-06-20
demofac00919,FAC-2026-0182,democli00008,2026-04-14,2026-04-29,4667.585,3921.500,745.085,1.000,15,false,3,13.00,false,4,false,false,ENTREPRISE,Gabes,919,16,16,6,0.3750,6.56,0,0,4463.571,1.0457,76,0,on_time,-7,2026-04-22,2026-04-22
demofac00920,FAC-2026-0183,democli00059,2026-04-14,2026-05-29,5028.750,4225.000,802.750,1.000,45,false,3,0.00,false,4,false,false,ENTREPRISE,Nabeul,730,22,21,3,0.1429,0.52,1,7246.235,6826.047,0.7367,7,0,on_time,-6,2026-05-23,2026-05-23
demofac00921,FAC-2026-0184,democli00042,2026-04-15,2026-04-15,7685.000,6800.000,884.000,1.000,0,false,1,0.00,false,4,false,false,PARTICULIER,Ben Arous,676,58,57,8,0.1404,4.88,1,16851.400,5220.739,1.4720,2,0,on_time,5,2026-04-20,2026-04-20
demofac00922,FAC-2026-0185,democli00034,2026-04-18,2026-05-18,25600.280,21512.000,4087.280,1.000,30,false,3,0.00,true,4,false,false,ENTREPRISE,Tunis,1329,15,15,5,0.3333,4.80,0,0,9500.303,2.6947,164,0,on_time,-11,2026-05-07,2026-05-07
demofac00923,FAC-2026-0186,democli00032,2026-04-18,2026-05-18,1768.150,1485.000,282.150,1.000,30,false,1,0.00,false,4,false,false,ENTREPRISE,Ariana,1324,16,16,8,0.5000,7.19,0,0,9821.064,0.1800,45,0,on_time,4,2026-05-22,2026-05-22
demofac00924,FAC-2026-0187,democli00003,2026-04-18,2026-05-03,6422.240,5396.000,1025.240,1.000,15,false,3,0.00,true,4,false,false,ENTREPRISE,Sfax,4,0,0,0,,,0,0,,,,0,on_time,-8,2026-04-25,2026-04-25
demofac00925,FAC-2026-0188,democli00060,2026-04-19,2026-06-03,4511.100,3790.000,720.100,1.000,45,false,2,0.00,false,4,false,false,ENTREPRISE,Kairouan,1255,15,13,1,0.0769,-1.38,2,2883.597,3868.061,1.1662,18,0,on_time,-3,2026-05-31,2026-05-31
demofac00926,FAC-2026-0189,democli00049,2026-04-20,2026-05-20,5356.000,4500.000,855.000,1.000,30,false,1,0.00,false,4,false,false,ENTREPRISE,Kairouan,716,26,25,0,0.0000,-1.68,1,3809.000,7502.147,0.7139,11,0,on_time,-2,2026-05-18,2026-05-18
demofac00927,FAC-2026-0190,democli00013,2026-04-20,2026-06-19,1157.104,971.516,184.588,1.000,60,false,1,9.00,true,4,false,false,ENTREPRISE,Ariana,1272,12,12,9,0.7500,18.60,2,27503.852,13852.550,0.0835,80,0,on_time,-10,2026-06-09,2026-06-09
demofac00928,FAC-2026-0191,democli00016,2026-04-20,2026-05-05,700.720,588.000,111.720,1.000,15,false,1,0.00,true,4,false,false,PARTICULIER,Kairouan,764,7,7,0,0.0000,-1.43,0,0,1081.750,0.6478,17,0,on_time,-5,2026-04-30,2026-04-30
demofac00929,FAC-2026-0192,democli00029,2026-04-20,2026-06-19,22313.500,18750.000,3562.500,1.000,60,false,1,0.00,false,4,false,false,ENTREPRISE,Ariana,254,12,8,5,0.6250,9.63,4,42826.835,14189.251,1.5726,16,0,on_time,-6,2026-06-13,2026-06-13
demofac00931,FAC-2026-0194,democli00051,2026-04-21,2026-05-21,10850.230,9117.000,1732.230,1.000,30,false,2,10.00,false,4,false,false,ENTREPRISE,Ariana,706,13,13,0,0.0000,-3.31,0,0,18709.446,0.5799,61,0,on_time,5,2026-05-26,2026-05-26
demofac00932,FAC-2026-0195,democli00003,2026-04-22,2026-05-07,3214.000,2700.000,513.000,1.000,15,false,1,0.00,false,4,false,false,ENTREPRISE,Sfax,8,1,0,0,,,1,6422.240,6422.240,0.5004,4,1,late,49,2026-06-25,2026-05-15
demofac00933,FAC-2026-0196,democli00037,2026-04-22,2026-06-06,2024.000,1700.000,323.000,1.000,45,false,1,0.00,false,4,false,false,ENTREPRISE,Kairouan,1399,22,22,7,0.3182,6.18,0,0,15749.942,0.1285,54,0,on_time,7,2026-06-13,2026-06-13
demofac00934,FAC-2026-0197,democli00010,2026-04-22,2026-06-21,7331.400,6160.000,1170.400,1.000,60,false,3,0.00,true,4,false,false,ENTREPRISE,Gabes,922,21,16,13,0.8125,38.14,7,71768.429,6713.839,1.0920,9,0,on_time,-10,2026-06-11,2026-06-11
demofac00935,FAC-2026-0198,democli00049,2026-04-22,2026-05-22,13525.350,11365.000,2159.350,1.000,30,false,3,0.00,false,4,false,false,ENTREPRISE,Kairouan,718,27,25,0,0.0000,-1.68,2,9165.000,7422.660,1.8222,2,0,on_time,-12,2026-05-10,2026-05-10
demofac00936,FAC-2026-0199,democli00016,2026-04-22,2026-05-07,775.270,693.000,81.270,1.000,15,false,2,9.00,true,4,false,false,PARTICULIER,Kairouan,766,8,7,0,0.0000,-1.43,1,700.720,1034.121,0.7497,2,0,on_time,7,2026-05-14,2026-05-14
demofac00938,FAC-2026-0201,democli00046,2026-04-23,2026-06-22,358.000,300.000,57.000,1.000,60,false,1,0.00,false,4,false,false,ENTREPRISE,Gabes,902,8,7,0,0.0000,-4.00,1,15709.000,12670.023,0.0283,43,0,on_time,5,2026-06-27,2026-06-27
demofac00939,FAC-2026-0202,democli00040,2026-04-24,2026-06-23,3573.730,3339.000,233.730,1.000,60,false,2,0.00,false,4,false,false,ENTREPRISE,Ben Arous,633,14,14,3,0.2143,2.93,0,0,5723.103,0.6244,62,0,on_time,1,2026-06-24,2026-06-24
demofac00940,FAC-2026-0203,democli00037,2026-04-24,2026-06-08,3809.000,3200.000,608.000,1.000,45,false,1,0.00,true,4,false,false,ENTREPRISE,Kairouan,1401,23,22,7,0.3182,6.18,1,2024.000,15153.162,0.2514,2,0,on_time,-1,2026-06-07,2026-06-07
demofac00941,FAC-2026-0204,democli00030,2026-04-24,2026-05-24,10235.000,8600.000,1634.000,1.000,30,false,2,0.00,true,4,false,false,ENTREPRISE,Sfax,1154,30,30,8,0.2667,5.57,0,0,11305.686,0.9053,43,1,late,34,2026-06-27,2026-06-01
demofac00942,FAC-2026-0205,democli00010,2026-04-24,2026-06-23,1589.020,1398.000,190.020,1.000,60,false,2,60.00,false,4,false,false,ENTREPRISE,Gabes,924,22,16,13,0.8125,38.14,8,79099.829,6741.910,0.2357,2,1,late,,,2026-07-01
demofac00943,FAC-2026-0206,democli00012,2026-04-24,2026-05-24,2143.000,1800.000,342.000,1.000,30,false,1,0.00,false,4,false,false,ENTREPRISE,Nabeul,655,8,8,0,0.0000,-1.88,0,0,3996.546,0.5362,64,0,on_time,3,2026-05-27,2026-05-27
demofac00944,FAC-2026-0207,democli00019,2026-04-25,2026-06-24,61521.000,52000.000,9520.000,1.000,60,false,3,0.00,false,4,false,false,ENTREPRISE,Gabes,1008,53,50,4,0.0800,-1.50,3,29603.357,23791.263,2.5859,13,0,on_time,-10,2026-06-14,2026-06-14
demofac00945,FAC-2026-0208,democli00037,2026-04-25,2026-05-25,22449.160,18864.000,3584.160,1.000,30,true,2,0.00,true,4,false,false,ENTREPRISE,Kairouan,1402,24,22,7,0.3182,6.18,2,5833.000,14680.489,1.5292,1,0,on_time,4,2026-05-29,2026-05-29
demofac00947,FAC-2026-0210,democli00054,2026-04-26,2026-05-26,4285.000,3600.000,684.000,1.000,30,true,1,0.00,false,4,false,false,ENTREPRISE,Sousse,1316,19,17,0,0.0000,-2.41,2,23670.100,10076.511,0.4252,29,0,on_time,-1,2026-05-25,2026-05-25
demofac00948,FAC-2026-0211,democli00011,2026-04-27,2026-05-27,3178.000,2700.000,477.000,1.000,30,false,2,0.00,false,4,false,false,ENTREPRISE,Ariana,1337,25,24,18,0.7500,26.15,5,75295.390,15333.184,0.2073,33,1,late,63,2026-07-29,2026-06-04
demofac00949,FAC-2026-0212,democli00048,2026-04-29,2026-05-29,954.190,801.000,152.190,1.000,30,false,2,0.00,false,4,false,false,ENTREPRISE,Ariana,1425,19,18,2,0.1111,2.00,1,4198.294,6427.490,0.1485,24,0,on_time,-3,2026-05-26,2026-05-26
demofac00950,FAC-2026-0213,democli00003,2026-04-30,2026-05-15,3755.800,3240.000,514.800,1.000,15,false,2,0.00,false,4,false,false,ENTREPRISE,Sfax,16,2,1,0,0.0000,-8.00,1,3214.000,4818.120,0.7795,8,0,on_time,4,2026-05-19,2026-05-19
demofac00951,FAC-2026-0214,democli00033,2026-05-01,2026-06-30,14622.006,12286.560,2334.446,1.000,60,false,3,12.00,false,5,false,false,ENTREPRISE,Gabes,1377,12,11,0,0.0000,-4.18,1,17325.871,8687.899,1.6830,43,0,on_time,6,2026-07-06,2026-07-06
demofac00952,FAC-2026-0215,democli00023,2026-05-02,2026-06-01,905.400,760.000,144.400,1.000,30,false,1,0.00,false,5,false,false,ENTREPRISE,Kairouan,6,0,0,0,,,0,0,,,,1,late,42,2026-07-13,2026-06-09
demofac00953,FAC-2026-0216,democli00002,2026-05-03,2026-06-02,17267.900,14510.000,2756.900,1.000,30,false,2,0.00,false,5,false,false,ENTREPRISE,Sousse,961,11,11,4,0.3636,3.36,0,0,5317.868,3.2471,133,0,on_time,-5,2026-05-28,2026-05-28
demofac00954,FAC-2026-0217,democli00031,2026-05-03,2026-05-18,9164.000,7700.000,1463.000,1.000,15,false,2,0.00,true,5,false,false,ENTREPRISE,Sousse,926,17,15,6,0.4000,9.40,2,10687.200,5946.747,1.5410,23,0,on_time,-5,2026-05-13,2026-05-13
demofac00955,FAC-2026-0218,democli00019,2026-05-03,2026-07-02,14425.180,12122.000,2303.180,0.000,60,false,1,0.00,false,5,false,false,ENTREPRISE,Gabes,1016,54,50,4,0.0800,-1.50,4,91124.357,24489.962,0.5890,8,0,on_time,-11,2026-06-21,2026-06-21
demofac00956,FAC-2026-0219,democli00031,2026-05-04,2026-05-19,4210.250,3575.000,634.250,1.000,15,false,2,0.00,false,5,false,false,ENTREPRISE,Sousse,927,18,16,6,0.3750,8.63,2,18839.700,6125.484,0.6873,1,0,on_time,-5,2026-05-14,2026-05-14
demofac00957,FAC-2026-0220,democli00056,2026-05-04,2026-05-04,4795.391,4028.900,765.491,1.000,0,false,3,14.00,false,5,false,false,PARTICULIER,Sfax,1019,4,4,3,0.7500,11.75,0,0,8534.300,0.5619,113,0,on_time,5,2026-05-09,2026-05-09
demofac00959,FAC-2026-0222,democli00057,2026-05-05,2026-06-04,14281.000,12000.000,2280.000,1.000,30,false,1,0.00,false,5,false,false,ENTREPRISE,Tunis,1198,14,13,7,0.5385,10.54,1,9008.733,10499.117,1.3602,36,0,on_time,5,2026-06-09,2026-06-09
demofac00960,FAC-2026-0223,democli00036,2026-05-06,2026-06-20,1285.000,1200.000,84.000,1.000,45,false,1,0.00,false,5,false,false,ENTREPRISE,Ben Arous,865,7,6,0,0.0000,-5.50,1,7281.464,10672.369,0.1204,28,0,on_time,-5,2026-06-15,2026-06-15
demofac00961,FAC-2026-0224,democli00019,2026-05-07,2026-07-06,5927.200,4980.000,946.200,1.000,60,false,2,0.00,false,5,false,false,ENTREPRISE,Gabes,1020,55,50,4,0.0800,-1.50,5,105549.537,24306.966,0.2438,4,0,on_time,-11,2026-06-25,2026-06-25
demofac00962,FAC-2026-0225,democli00020,2026-05-08,2026-05-08,346.100,290.000,55.100,1.000,0,false,1,0.00,true,5,false,false,PARTICULIER,Kairouan,624,16,16,2,0.1250,3.88,0,0,3119.909,0.1109,56,1,late,14,2026-05-22,2026-05-16
demofac00963,FAC-2026-0226,democli00049,2026-05-08,2026-06-07,12524.203,10523.700,1999.503,1.000,30,false,4,13.00,false,5,false,false,ENTREPRISE,Kairouan,734,28,25,0,0.0000,-1.68,3,22690.350,7640.613,1.6392,16,0,on_time,-5,2026-06-02,2026-06-02
demofac00964,FAC-2026-0227,democli00038,2026-05-08,2026-06-22,6289.436,5284.400,1004.036,1.000,45,false,3,9.00,false,5,false,false,ENTREPRISE,Sfax,834,16,15,0,0.0000,-1.47,1,3809.000,4719.499,1.3326,25,0,on_time,5,2026-06-27,2026-06-27
demofac00965,FAC-2026-0228,democli00049,2026-05-08,2026-06-07,572.200,480.000,91.200,1.000,30,false,1,0.00,false,5,false,false,ENTREPRISE,Kairouan,734,29,25,0,0.0000,-1.68,4,35214.553,7809.012,0.0733,0,0,on_time,-8,2026-05-30,2026-05-30
demofac00966,FAC-2026-0229,democli00052,2026-05-09,2026-06-23,20855.260,18342.000,2512.260,1.000,45,false,3,0.00,true,5,false,false,ENTREPRISE,Gabes,1156,15,15,9,0.6000,27.73,0,0,5402.847,3.8601,118,1,late,46,2026-08-08,2026-07-01
demofac00967,FAC-2026-0230,democli00011,2026-05-10,2026-06-09,4681.180,4374.000,306.180,1.000,30,false,1,0.00,false,5,false,false,ENTREPRISE,Ariana,1350,26,25,19,0.7600,27.18,4,49661.210,14865.677,0.3149,13,1,late,15,2026-06-24,2026-06-17
demofac00968,FAC-2026-0231,democli00011,2026-05-10,2026-06-09,19578.880,16452.000,3125.880,1.000,30,false,3,0.00,false,5,false,false,ENTREPRISE,Ariana,1350,27,25,19,0.7600,27.18,5,54342.390,14488.473,1.3513,0,1,late,29,2026-07-08,2026-06-17
demofac00969,FAC-2026-0232,democli00033,2026-05-11,2026-07-10,7384.950,6205.000,1178.950,1.000,60,false,1,0.00,false,5,false,false,ENTREPRISE,Gabes,1387,13,11,0,0.0000,-4.18,2,31947.877,9144.369,0.8076,10,0,on_time,1,2026-07-11,2026-07-11
demofac00970,FAC-2026-0233,democli00040,2026-05-13,2026-07-12,1972.743,1842.750,128.993,1.000,60,false,1,9.00,true,5,false,false,ENTREPRISE,Ben Arous,652,15,14,3,0.2143,2.93,1,3573.730,5579.811,0.3536,19,0,on_time,-9,2026-07-03,2026-07-03
demofac00971,FAC-2026-0234,democli00017,2026-05-13,2026-06-27,11020.400,9260.000,1759.400,1.000,45,false,2,0.00,false,5,false,false,ENTREPRISE,Gabes,922,8,8,1,0.1250,-3.13,0,0,16178.409,0.6812,161,0,on_time,-8,2026-06-19,2026-06-19
demofac00972,FAC-2026-0235,democli00029,2026-05-13,2026-07-12,2428.600,2040.000,387.600,1.000,60,false,1,0.00,false,5,false,false,ENTREPRISE,Ariana,277,13,11,7,0.6364,10.10,3,45530.731,14814.193,0.1639,23,0,on_time,5,2026-07-17,2026-07-17
demofac00973,FAC-2026-0236,democli00055,2026-05-13,2026-05-28,10282.600,8640.000,1641.600,1.000,15,false,2,0.00,false,5,false,false,ENTREPRISE,Sfax,969,25,25,21,0.8400,29.08,1,8916.670,10013.194,1.0269,46,0,on_time,-11,2026-05-17,2026-05-17
demofac00974,FAC-2026-0237,democli00022,2026-05-14,2026-05-29,11321.159,10017.840,1302.319,1.000,15,false,1,11.00,false,5,false,false,ENTREPRISE,Monastir,387,2,2,0,0.0000,-8.00,0,0,6808.860,1.6627,41,1,late,9,2026-06-07,2026-06-06
demofac00975,FAC-2026-0238,democli00027,2026-05-14,2026-06-28,14281.000,12000.000,2280.000,1.000,45,false,1,0.00,false,5,false,false,ENTREPRISE,Nabeul,1157,17,17,2,0.1176,-0.65,0,0,10180.414,1.4028,51,0,on_time,2,2026-06-30,2026-06-30
demofac00976,FAC-2026-0239,democli00027,2026-05-14,2026-06-28,4963.833,4170.448,792.385,1.000,45,false,2,8.00,false,5,false,false,ENTREPRISE,Nabeul,1157,18,17,2,0.1176,-0.65,1,14281.000,10408.224,0.4769,0,0,on_time,6,2026-07-04,2026-07-04
demofac00977,FAC-2026-0240,democli00027,2026-05-15,2026-06-29,32323.423,27161.700,5160.723,1.000,45,false,4,9.00,false,5,false,false,ENTREPRISE,Nabeul,1158,19,17,2,0.1176,-0.65,2,19244.833,10121.677,3.1935,1,0,on_time,-8,2026-06-21,2026-06-21
demofac00978,FAC-2026-0241,democli00049,2026-05-15,2026-06-14,5891.500,4950.000,940.500,1.000,30,false,2,0.00,true,5,false,false,ENTREPRISE,Kairouan,741,30,27,0,0.0000,-1.89,3,18452.403,7567.785,0.7785,7,0,on_time,-10,2026-06-04,2026-06-04
demofac00979,FAC-2026-0242,democli00027,2026-05-16,2026-06-30,4963.833,4170.448,792.385,1.000,45,false,2,8.00,false,5,false,false,ENTREPRISE,Nabeul,1159,20,17,2,0.1176,-0.65,3,51568.256,11231.765,0.4419,1,0,on_time,-9,2026-06-21,2026-06-21
demofac00980,FAC-2026-0243,democli00008,2026-05-17,2026-06-01,20480.900,17210.000,3269.900,1.000,15,false,2,0.00,false,5,false,false,ENTREPRISE,Gabes,952,17,17,6,0.3529,5.76,0,0,4475.572,4.5762,33,1,late,10,2026-06-11,2026-06-09
demofac00981,FAC-2026-0244,democli00001,2026-05-17,2026-06-16,6427.000,5400.000,1026.000,1.000,30,false,1,0.00,false,5,false,false,ENTREPRISE,Gabes,1281,5,5,3,0.6000,35.80,0,0,9544.800,0.6734,100,1,late,12,2026-06-28,2026-06-24
demofac00982,FAC-2026-0245,democli00006,2026-05-17,2026-06-16,5747.700,4830.000,917.700,0.000,30,false,1,0.00,true,5,false,false,ENTREPRISE,Sousse,1109,27,27,6,0.2222,1.04,0,0,5315.052,1.0814,41,0,on_time,-6,2026-06-10,2026-06-10
demofac00983,FAC-2026-0246,democli00048,2026-05-17,2026-06-16,4289.056,3603.408,684.648,1.000,30,false,2,84.00,false,5,false,false,ENTREPRISE,Ariana,1443,20,19,3,0.1579,2.00,2,2954.239,6153.825,0.6970,18,0,on_time,6,2026-06-22,2026-06-22
demofac00984,FAC-2026-0247,democli00023,2026-05-18,2026-06-17,6093.800,5120.000,972.800,1.000,30,true,1,0.00,false,5,false,false,ENTREPRISE,Kairouan,22,1,0,0,,,1,905.400,905.400,6.7305,16,0,on_time,-12,2026-06-05,2026-06-05
demofac00985,FAC-2026-0248,democli00003,2026-05-20,2026-06-04,1607.500,1350.000,256.500,1.000,15,false,1,0.00,false,5,false,false,ENTREPRISE,Sfax,36,3,3,1,0.3333,-2.00,1,3214.000,4464.013,0.3601,20,1,late,75,2026-08-18,2026-06-12
demofac00986,FAC-2026-0249,democli00002,2026-05-20,2026-06-19,2781.245,2336.340,443.905,1.000,30,false,2,15.00,false,5,false,false,ENTREPRISE,Sousse,978,12,11,4,0.3636,3.36,1,17267.900,6313.704,0.4405,17,0,on_time,-12,2026-06-07,2026-06-07
demofac00987,FAC-2026-0250,democli00049,2026-05-20,2026-06-19,6062.860,5094.000,967.860,1.000,30,false,2,10.00,true,5,false,false,ENTREPRISE,Kairouan,746,31,28,0,0.0000,-1.89,3,18987.903,7513.712,0.8069,5,0,on_time,0,2026-06-19,2026-06-19
demofac00988,FAC-2026-0251,democli00042,2026-05-21,2026-05-21,3618.600,3040.000,577.600,1.000,0,false,2,0.00,true,5,false,false,PARTICULIER,Ben Arous,712,59,59,8,0.1356,4.86,0,0,5262.506,0.6876,36,0,on_time,2,2026-05-23,2026-05-23
demofac00989,FAC-2026-0252,democli00003,2026-05-21,2026-06-05,4027.960,3384.000,642.960,1.000,15,false,2,0.00,true,5,false,false,ENTREPRISE,Sfax,37,4,3,1,0.3333,-2.00,2,4821.500,3749.885,1.0742,1,1,late,14,2026-06-19,2026-06-13
demofac00990,FAC-2026-0253,democli00001,2026-05-22,2026-06-21,2956.960,2484.000,471.960,1.000,30,true,1,10.00,true,5,false,false,ENTREPRISE,Gabes,1286,6,5,3,0.6000,35.80,1,6427.000,9025.167,0.3276,5,0,on_time,4,2026-06-25,2026-06-25
demofac00991,FAC-2026-0254,democli00047,2026-05-22,2026-05-22,14281.000,12000.000,2280.000,1.000,0,false,1,0.00,false,5,false,false,PARTICULIER,Gabes,1493,19,19,6,0.3158,9.79,0,0,5271.963,2.7089,66,0,on_time,4,2026-05-26,2026-05-26
demofac00992,FAC-2026-0255,democli00056,2026-05-22,2026-05-22,8884.350,7465.000,1418.350,1.000,0,false,2,0.00,true,5,false,false,PARTICULIER,Sfax,1037,5,5,3,0.6000,10.40,0,0,7786.518,1.1410,18,1,late,24,2026-06-15,2026-05-30
demofac00993,FAC-2026-0256,democli00060,2026-05-22,2026-07-06,9033.660,7762.000,1270.660,1.000,45,false,4,0.00,false,5,false,false,ENTREPRISE,Kairouan,1288,16,15,1,0.0667,-2.47,1,4511.100,3908.251,2.3114,33,0,on_time,-11,2026-06-25,2026-06-25
demofac00994,FAC-2026-0257,democli00003,2026-05-23,2026-06-07,3306.400,2820.000,485.400,1.000,15,false,2,0.00,false,5,false,false,ENTREPRISE,Sfax,39,5,3,1,0.3333,-2.00,3,8849.460,3805.500,0.8688,2,1,late,16,2026-06-23,2026-06-15
demofac00995,FAC-2026-0258,democli00020,2026-05-24,2026-05-24,2019.478,1696.200,322.278,1.000,0,false,4,8.00,false,5,false,false,PARTICULIER,Kairouan,640,17,17,3,0.1765,4.47,0,0,2956.743,0.6830,16,0,on_time,4,2026-05-28,2026-05-28
demofac00996,FAC-2026-0259,democli00049,2026-05-24,2026-06-23,7640.800,6420.000,1219.800,1.000,30,false,2,0.00,false,5,false,false,ENTREPRISE,Kairouan,750,32,28,0,0.0000,-1.89,4,23290.914,7468.373,1.0231,4,0,on_time,-12,2026-06-11,2026-06-11
demofac00997,FAC-2026-0260,democli00030,2026-05-24,2026-06-23,31610.375,26562.500,5046.875,1.000,30,false,3,69.00,false,5,false,false,ENTREPRISE,Sfax,1184,31,30,8,0.2667,5.57,1,10235.000,11271.147,2.8045,30,0,on_time,-11,2026-06-12,2026-06-12
demofac00998,FAC-2026-0261,democli00019,2026-05-24,2026-07-23,10918.000,9900.000,1017.000,1.000,60,false,2,0.00,false,5,false,false,ENTREPRISE,Gabes,1037,56,51,4,0.0784,-1.35,5,57881.312,23978.756,0.4553,17,0,on_time,-7,2026-07-16,2026-07-16
demofac00999,FAC-2026-0262,democli00057,2026-05-24,2026-06-23,1738.400,1460.000,277.400,1.000,30,false,2,0.00,false,5,false,false,ENTREPRISE,Tunis,1217,15,14,8,0.5714,10.79,1,14281.000,10751.243,0.1617,19,0,on_time,7,2026-06-30,2026-06-30
demofac01000,FAC-2026-0263,democli00049,2026-05-26,2026-06-25,2583.300,2170.000,412.300,1.000,30,false,3,0.00,true,5,false,false,ENTREPRISE,Kairouan,752,33,28,0,0.0000,-1.89,5,30931.714,7473.598,0.3457,2,0,on_time,-8,2026-06-17,2026-06-17
demofac01001,FAC-2026-0264,democli00042,2026-05-26,2026-05-26,10722.900,9010.000,1711.900,1.000,0,false,2,0.00,false,5,false,false,PARTICULIER,Ben Arous,717,60,60,8,0.1333,4.82,0,0,5235.108,2.0483,5,0,on_time,6,2026-06-01,2026-06-01
demofac01002,FAC-2026-0265,democli00048,2026-05-27,2026-06-26,2330.425,1957.500,371.925,1.000,30,false,1,0.00,false,5,false,false,ENTREPRISE,Ariana,1453,21,20,3,0.1500,2.25,1,4289.056,6065.026,0.3842,10,0,on_time,5,2026-07-01,2026-07-01
demofac01003,FAC-2026-0266,democli00048,2026-05-27,2026-06-26,2330.425,1957.500,371.925,1.000,30,false,1,0.00,false,5,false,false,ENTREPRISE,Ariana,1453,22,20,3,0.1500,2.25,2,6619.481,5895.271,0.3953,0,0,on_time,-9,2026-06-17,2026-06-17
demofac01005,FAC-2026-0268,democli00054,2026-05-28,2026-07-12,8573.284,7203.600,1368.684,1.000,45,false,1,13.00,false,5,false,false,ENTREPRISE,Sousse,1348,20,20,0,0.0000,-1.65,0,0,9786.936,0.8760,32,0,on_time,2,2026-07-14,2026-07-14
demofac01006,FAC-2026-0269,democli00040,2026-05-28,2026-07-27,11413.100,9590.000,1822.100,1.000,60,false,2,0.00,true,5,false,false,ENTREPRISE,Ben Arous,667,16,14,3,0.2143,2.93,2,5546.473,5354.370,2.1315,15,0,on_time,-3,2026-07-24,2026-07-24
demofac01008,FAC-2026-0271,democli00031,2026-05-29,2026-06-13,10615.800,8920.000,1694.800,1.000,15,false,4,0.00,false,5,false,false,ENTREPRISE,Sousse,952,19,19,6,0.3158,7.11,0,0,6024.682,1.7621,25,1,late,30,2026-07-13,2026-06-21
demofac01009,FAC-2026-0272,democli00040,2026-05-30,2026-07-29,14340.500,12050.000,2289.500,1.000,60,false,3,0.00,true,5,false,false,ENTREPRISE,Ben Arous,669,17,14,3,0.2143,2.93,3,16959.573,5710.765,2.5111,2,0,on_time,-7,2026-07-22,2026-07-22
demofac01010,FAC-2026-0273,democli00021,2026-05-30,2026-06-29,2916.500,2450.000,465.500,1.000,30,false,2,0.00,true,5,false,false,ENTREPRISE,Sfax,1182,15,15,0,0.0000,-1.87,0,0,4150.572,0.7027,75,0,on_time,-7,2026-06-22,2026-06-22
demofac01011,FAC-2026-0274,democli00048,2026-05-31,2026-06-30,4640.001,3898.320,740.681,1.000,30,false,2,14.00,true,5,false,false,ENTREPRISE,Ariana,1457,23,20,3,0.1500,2.25,3,8949.906,5740.278,0.8083,4,1,late,15,2026-07-15,2026-07-08
demofac01012,FAC-2026-0275,democli00046,2026-05-31,2026-07-30,16406.480,14396.000,2009.480,1.000,60,false,2,0.00,false,5,false,false,ENTREPRISE,Gabes,940,9,8,0,0.0000,-5.00,1,358.000,11302.020,1.4516,38,0,on_time,3,2026-08-02,2026-08-02
demofac01013,FAC-2026-0276,democli00045,2026-06-01,2026-07-01,12079.500,10150.000,1928.500,1.000,30,true,2,0.00,false,6,true,false,ENTREPRISE,Kairouan,770,9,9,6,0.6667,12.57,2,16799.902,11864.941,1.0181,78,1,late,15,2026-07-16,2026-07-09
demofac01014,FAC-2026-0277,democli00008,2026-06-02,2026-06-17,2190.600,1840.000,349.600,1.000,15,false,1,0.00,false,6,true,false,ENTREPRISE,Gabes,968,18,17,6,0.3529,5.76,1,12701.689,5364.757,0.4083,16,0,on_time,-6,2026-06-11,2026-06-11
demofac01015,FAC-2026-0278,democli00058,2026-06-02,2026-07-02,24045.681,20290.320,3754.361,1.000,30,false,3,6.00,true,6,true,false,ENTREPRISE,Bizerte,1257,5,5,0,0.0000,-0.20,0,0,10913.204,2.2034,69,0,on_time,-1,2026-07-01,2026-07-01
demofac01016,FAC-2026-0279,democli00049,2026-06-02,2026-07-02,2024.000,1700.000,323.000,1.000,30,true,1,0.00,false,6,true,false,ENTREPRISE,Kairouan,759,34,29,0,0.0000,-2.10,5,30539.563,7329.765,0.2761,7,0,on_time,-7,2026-06-25,2026-06-25
demofac01017,FAC-2026-0280,democli00049,2026-06-02,2026-07-02,6361.312,5344.800,1015.512,1.000,30,false,2,12.00,true,6,true,false,ENTREPRISE,Kairouan,759,35,29,0,0.0000,-2.10,6,32563.563,7178.172,0.8862,0,0,on_time,2,2026-07-04,2026-07-04
demofac01018,FAC-2026-0281,democli00038,2026-06-03,2026-07-18,1548.000,1300.000,247.000,1.000,45,false,1,0.00,true,6,true,false,ENTREPRISE,Sfax,860,17,16,0,0.0000,-2.06,1,6289.436,4811.848,0.3217,26,0,on_time,-12,2026-07-06,2026-07-06
demofac01019,FAC-2026-0282,democli00055,2026-06-03,2026-06-18,3809.000,3200.000,608.000,1.000,15,false,1,0.00,false,6,true,false,ENTREPRISE,Sfax,990,26,26,21,0.8077,27.48,1,8916.670,10023.556,0.3800,21,1,late,51,2026-08-08,2026-06-26
demofac01020,FAC-2026-0283,democli00028,2026-06-04,2026-07-04,9374.928,7877.250,1496.678,1.000,30,false,3,5.00,false,6,true,false,ENTREPRISE,Sfax,1169,11,11,5,0.4545,9.73,0,0,6431.681,1.4576,119,1,late,,,2026-07-12
demofac01021,FAC-2026-0284,democli00036,2026-06-05,2026-07-20,2295.915,1928.500,366.415,1.000,45,false,1,0.00,true,6,true,false,ENTREPRISE,Ben Arous,895,8,7,0,0.0000,-3.71,1,1285.000,9498.948,0.2417,30,0,on_time,-12,2026-07-08,2026-07-08
demofac01022,FAC-2026-0285,democli00014,2026-06-05,2026-06-20,8747.500,7350.000,1396.500,1.000,15,false,3,0.00,false,6,true,false,ENTREPRISE,Monastir,745,9,9,1,0.1111,3.67,0,0,8175.361,1.0700,69,0,on_time,-1,2026-06-19,2026-06-19
demofac01023,FAC-2026-0286,democli00012,2026-06-05,2026-07-05,5678.490,4771.000,906.490,1.000,30,false,3,13.00,false,6,true,false,ENTREPRISE,Nabeul,697,9,9,0,0.0000,-1.33,0,0,3790.596,1.4980,42,0,on_time,7,2026-07-12,2026-07-12
demofac01025,FAC-2026-0288,democli00019,2026-06-06,2026-07-06,1380.400,1160.000,220.400,0.000,30,true,1,0.00,false,6,true,false,ENTREPRISE,Gabes,1050,57,52,4,0.0769,-1.52,5,50731.121,23749.620,0.0581,13,0,on_time,-3,2026-07-03,2026-07-03
demofac01026,FAC-2026-0289,democli00028,2026-06-06,2026-07-06,25025.700,21030.000,3995.700,0.000,30,false,2,0.00,false,6,true,false,ENTREPRISE,Sfax,1171,12,11,5,0.4545,9.73,1,9374.928,6676.952,3.7481,2,0,on_time,-4,2026-07-02,2026-07-02
demofac01027,FAC-2026-0290,democli00053,2026-06-07,2026-07-07,4165.000,3500.000,665.000,0.000,30,false,2,0.00,true,6,true,false,ENTREPRISE,Sfax,836,18,18,5,0.2778,7.59,1,6743.540,4626.164,0.9003,61,0,on_time,4,2026-07-11,2026-07-11
demofac01028,FAC-2026-0291,democli00053,2026-06-07,2026-07-07,12032.700,10330.000,1701.700,1.000,30,false,3,0.00,false,6,true,false,ENTREPRISE,Sfax,836,19,18,5,0.2778,7.59,2,10908.540,4601.893,2.6147,0,1,late,10,2026-07-17,2026-07-15
demofac01029,FAC-2026-0292,democli00023,2026-06-07,2026-07-07,9140.200,7680.000,1459.200,1.000,30,false,1,0.00,false,6,true,false,ENTREPRISE,Kairouan,42,2,1,0,0.0000,-12.00,1,905.400,3499.600,2.6118,20,1,late,,,2026-07-15
demofac01030,FAC-2026-0293,democli00010,2026-06-08,2026-08-07,4124.350,3465.000,658.350,1.000,60,false,1,0.00,false,6,true,true,ENTREPRISE,Gabes,969,23,18,15,0.8333,37.13,8,64446.236,6517.872,0.6328,45,1,late,36,2026-09-12,2026-08-15
demofac01031,FAC-2026-0294,democli00014,2026-06-09,2026-07-09,2006.150,1685.000,320.150,1.000,30,true,3,0.00,true,6,true,false,ENTREPRISE,Monastir,749,10,9,1,0.1111,3.67,1,8747.500,8232.575,0.2437,4,0,on_time,-5,2026-07-04,2026-07-04
demofac01032,FAC-2026-0295,democli00053,2026-06-09,2026-07-09,923.250,775.000,147.250,1.000,30,false,2,0.00,false,6,true,false,ENTREPRISE,Sfax,838,20,18,5,0.2778,7.59,3,22941.240,4973.433,0.1856,2,0,on_time,1,2026-07-10,2026-07-10
demofac01033,FAC-2026-0296,democli00056,2026-06-10,2026-06-10,4951.400,4160.000,790.400,1.000,0,false,1,0.00,true,6,true,false,PARTICULIER,Sfax,1056,6,6,4,0.6667,10.40,1,5100.244,7969.490,0.6213,19,0,on_time,5,2026-06-15,2026-06-15
demofac01034,FAC-2026-0297,democli00050,2026-06-10,2026-07-10,3499.600,2940.000,558.600,1.000,30,false,1,0.00,false,6,true,false,ENTREPRISE,Ben Arous,624,7,7,0,0.0000,0.29,0,0,3861.700,0.9062,141,0,on_time,6,2026-07-16,2026-07-16
demofac01035,FAC-2026-0298,democli00018,2026-06-10,2026-07-10,957.760,804.000,152.760,1.000,30,false,1,0.00,false,6,true,false,ENTREPRISE,Bizerte,630,6,6,1,0.1667,0.83,0,0,3743.953,0.2558,108,0,on_time,-1,2026-07-09,2026-07-09
demofac01036,FAC-2026-0299,democli00010,2026-06-11,2026-08-10,19636.000,16500.000,3135.000,1.000,60,false,3,0.00,false,6,true,true,ENTREPRISE,Gabes,972,24,18,15,0.8333,37.13,9,68570.586,6418.142,3.0595,3,1,late,13,2026-08-23,2026-08-18
demofac01037,FAC-2026-0300,democli00035,2026-06-12,2026-06-12,1522.540,1422.000,99.540,1.000,0,false,1,0.00,false,6,true,false,PARTICULIER,Sfax,880,3,3,0,0.0000,3.33,0,0,2966.343,0.5133,134,0,on_time,1,2026-06-13,2026-06-13
demofac01038,FAC-2026-0301,democli00037,2026-06-12,2026-07-27,5534.500,4650.000,883.500,1.000,45,false,1,0.00,false,6,true,false,ENTREPRISE,Kairouan,1450,25,24,7,0.2917,5.79,1,2024.000,14991.235,0.3692,48,0,on_time,-2,2026-07-25,2026-07-25
demofac01039,FAC-2026-0302,democli00003,2026-06-12,2026-06-27,225.700,210.000,14.700,1.000,15,false,1,0.00,true,6,true,false,ENTREPRISE,Sfax,59,6,3,1,0.3333,-2.00,4,12155.860,3722.317,0.0606,20,1,late,,,2026-07-05
demofac01040,FAC-2026-0303,democli00019,2026-06-13,2026-08-12,39866.000,33500.000,6365.000,1.000,60,false,2,0.00,true,6,true,true,ENTREPRISE,Gabes,1057,58,53,4,0.0755,-1.45,5,50906.771,23363.944,1.7063,7,0,on_time,-5,2026-08-07,2026-08-07
demofac01041,FAC-2026-0304,democli00028,2026-06-13,2026-07-13,1381.400,1160.000,220.400,1.000,30,false,1,0.00,false,6,true,false,ENTREPRISE,Sfax,1178,13,11,5,0.4545,9.73,2,34400.628,8088.394,0.1708,7,0,on_time,-4,2026-07-09,2026-07-09
demofac01042,FAC-2026-0305,democli00023,2026-06-14,2026-07-14,10481.520,8808.000,1673.520,0.000,30,false,2,6.00,true,6,true,false,ENTREPRISE,Kairouan,49,3,2,1,0.5000,-12.00,2,10045.600,5379.800,1.9483,7,1,late,57,2026-09-09,2026-07-22
demofac01043,FAC-2026-0306,democli00011,2026-06-15,2026-07-15,2143.000,1800.000,342.000,1.000,30,false,1,0.00,false,6,true,false,ENTREPRISE,Ariana,1386,28,26,20,0.7692,30.64,3,20121.096,14670.273,0.1461,36,1,late,36,2026-08-20,2026-07-23
demofac01044,FAC-2026-0307,democli00049,2026-06-15,2026-07-15,3059.300,2570.000,488.300,1.000,30,false,2,0.00,false,6,true,false,ENTREPRISE,Kairouan,772,36,32,0,0.0000,-2.75,4,16463.402,7155.482,0.4275,13,0,on_time,-7,2026-07-08,2026-07-08
demofac01045,FAC-2026-0308,democli00016,2026-06-15,2026-07-15,660.486,554.190,105.296,1.000,30,true,1,9.00,true,6,true,false,PARTICULIER,Kairouan,820,9,9,0,0.0000,-0.89,0,0,1005.360,0.6570,54,0,on_time,-9,2026-07-06,2026-07-06
demofac01046,FAC-2026-0309,democli00013,2026-06-17,2026-08-16,5379.800,4520.000,858.800,1.000,60,false,2,0.00,false,6,true,true,ENTREPRISE,Ariana,1330,13,13,9,0.6923,23.69,0,0,12875.978,0.4178,58,0,on_time,-10,2026-08-06,2026-08-06
demofac01047,FAC-2026-0310,democli00050,2026-06-18,2026-07-18,23444.000,19700.000,3743.000,1.000,30,false,2,0.00,false,6,true,false,ENTREPRISE,Ben Arous,632,8,7,0,0.0000,0.29,1,3499.600,3816.438,6.1429,8,0,on_time,-12,2026-07-06,2026-07-06
demofac01048,FAC-2026-0311,democli00049,2026-06-18,2026-07-18,9164.000,7700.000,1463.000,1.000,30,false,2,0.00,true,6,true,false,ENTREPRISE,Kairouan,775,37,33,0,0.0000,-2.91,4,16115.016,7044.774,1.3008,3,1,late,25,2026-08-12,2026-07-26
demofac01049,FAC-2026-0312,democli00022,2026-06-18,2026-07-03,14074.850,12155.000,1918.850,1.000,15,false,3,0.00,false,6,true,false,ENTREPRISE,Monastir,422,3,3,1,0.3333,-2.33,0,0,8312.960,1.6931,35,0,on_time,-11,2026-06-22,2026-06-22
demofac01050,FAC-2026-0313,democli00006,2026-06-19,2026-07-19,1588.974,1334.432,253.542,1.000,30,false,1,12.00,true,6,true,false,ENTREPRISE,Sousse,1142,28,28,6,0.2143,0.79,0,0,5330.503,0.2981,33,0,on_time,-11,2026-07-08,2026-07-08
demofac01051,FAC-2026-0314,democli00031,2026-06-19,2026-07-04,2143.000,1800.000,342.000,1.000,15,false,1,0.00,true,6,true,false,ENTREPRISE,Sousse,973,20,19,6,0.3158,7.11,1,10615.800,6254.238,0.3426,21,0,on_time,-7,2026-06-27,2026-06-27
demofac01052,FAC-2026-0315,democli00039,2026-06-19,2026-07-04,16614.172,14471.480,2141.692,1.000,15,false,3,73.00,false,6,true,false,ENTREPRISE,Sousse,963,23,23,7,0.3043,11.74,0,0,19676.099,0.8444,172,1,late,,,2026-07-12
demofac01053,FAC-2026-0316,democli00060,2026-06-19,2026-08-03,6263.800,5352.000,910.800,1.000,45,false,3,11.00,true,6,true,true,ENTREPRISE,Kairouan,1316,17,16,1,0.0625,-2.50,1,9033.660,4209.746,1.4879,28,0,on_time,-8,2026-07-26,2026-07-26
demofac01054,FAC-2026-0317,democli00032,2026-06-20,2026-07-20,16351.600,13740.000,2610.600,1.000,30,false,3,0.00,true,6,true,false,ENTREPRISE,Ariana,1387,17,17,8,0.4706,7.00,0,0,9347.363,1.7493,63,0,on_time,-2,2026-07-18,2026-07-18
demofac01055,FAC-2026-0318,democli00004,2026-06-20,2026-08-04,23053.000,20400.000,2652.000,1.000,45,false,1,0.00,false,6,true,true,ENTREPRISE,Monastir,1514,6,6,6,1.0000,37.83,0,0,31241.431,0.7379,83,1,late,,,2026-08-12
demofac01056,FAC-2026-0319,democli00048,2026-06-20,2026-07-20,3967.508,3333.200,633.308,1.000,30,false,2,0.00,false,6,true,false,ENTREPRISE,Ariana,1477,24,21,3,0.1429,1.71,3,10046.154,5694.433,0.6967,20,0,on_time,6,2026-07-26,2026-07-26
demofac01057,FAC-2026-0320,democli00011,2026-06-21,2026-07-21,1845.500,1550.000,294.500,1.000,30,false,1,0.00,false,6,true,false,ENTREPRISE,Ariana,1392,29,28,22,0.7857,30.64,4,14934.501,14238.298,0.1296,6,1,late,21,2026-08-11,2026-07-29
demofac01058,FAC-2026-0321,democli00047,2026-06-21,2026-06-21,5427.400,4560.000,866.400,1.000,0,false,3,0.00,false,6,true,false,PARTICULIER,Gabes,1523,20,20,6,0.3000,9.50,0,0,5722.415,0.9484,30,0,on_time,4,2026-06-25,2026-06-25
demofac01059,FAC-2026-0322,democli00037,2026-06-21,2026-08-05,768.848,645.250,122.598,1.000,45,false,1,11.00,true,6,true,true,ENTREPRISE,Kairouan,1459,26,25,7,0.2800,5.84,1,5534.500,14627.515,0.0526,9,0,on_time,-7,2026-07-29,2026-07-29
demofac01060,FAC-2026-0323,democli00025,2026-06-22,2026-07-07,1548.000,1300.000,247.000,1.000,15,false,1,0.00,true,6,true,false,PARTICULIER,Kairouan,1092,26,26,2,0.0769,-1.73,0,0,4411.285,0.3509,74,0,on_time,-3,2026-07-04,2026-07-04
demofac01061,FAC-2026-0324,democli00025,2026-06-23,2026-07-08,8378.600,7040.000,1337.600,1.000,15,false,2,0.00,false,6,true,false,PARTICULIER,Kairouan,1093,27,26,2,0.0769,-1.73,1,1548.000,4305.237,1.9461,1,0,on_time,-6,2026-07-02,2026-07-02
demofac01062,FAC-2026-0325,democli00002,2026-06-23,2026-07-23,358.000,300.000,57.000,1.000,30,false,1,0.00,true,6,true,false,ENTREPRISE,Sousse,1012,13,13,4,0.3077,1.54,0,0,6041.976,0.0593,34,1,late,18,2026-08-10,2026-07-31
demofac01063,FAC-2026-0326,democli00007,2026-06-24,2026-07-09,20589.442,17340.600,3247.842,1.000,15,false,3,69.00,false,6,true,false,ENTREPRISE,Ariana,60,0,0,0,,,0,0,,,,1,late,25,2026-08-03,2026-07-17
demofac01064,FAC-2026-0327,democli00053,2026-06-24,2026-07-24,3459.276,3146.800,311.476,1.000,30,false,2,15.00,true,6,true,false,ENTREPRISE,Sfax,853,21,18,5,0.2778,7.59,4,23864.490,4780.567,0.7236,15,0,on_time,5,2026-07-29,2026-07-29
demofac01065,FAC-2026-0328,democli00042,2026-06-24,2026-06-24,3440.100,2890.000,549.100,1.000,0,false,2,0.00,true,6,true,false,PARTICULIER,Ben Arous,746,61,61,8,0.1311,4.84,0,0,5325.071,0.6460,29,1,late,8,2026-07-02,2026-07-02
demofac01066,FAC-2026-0329,democli00042,2026-06-25,2026-06-25,643.600,540.000,102.600,1.000,0,false,1,0.00,true,6,true,false,PARTICULIER,Ben Arous,747,62,61,8,0.1311,4.84,1,3440.100,5294.669,0.1216,1,0,on_time,6,2026-07-01,2026-07-01
demofac01067,FAC-2026-0330,democli00020,2026-06-25,2026-06-25,643.600,540.000,102.600,1.000,0,false,1,0.00,false,6,true,false,PARTICULIER,Kairouan,672,18,18,3,0.1667,4.44,0,0,2904.673,0.2216,32,0,on_time,4,2026-06-29,2026-06-29
demofac01068,FAC-2026-0331,democli00049,2026-06-26,2026-07-26,1094.800,920.000,174.800,0.000,30,false,1,0.00,false,6,true,false,ENTREPRISE,Kairouan,783,38,35,0,0.0000,-2.94,3,18584.612,7100.543,0.1542,8,0,on_time,-8,2026-07-18,2026-07-18
demofac01069,FAC-2026-0332,democli00022,2026-06-29,2026-07-14,1761.010,1479.000,281.010,1.000,15,false,1,13.00,false,6,true,false,ENTREPRISE,Monastir,433,4,4,1,0.2500,-4.50,0,0,9753.432,0.1806,11,0,on_time,-7,2026-07-07,2026-07-07
demofac01070,FAC-2026-0333,democli00019,2026-06-30,2026-08-29,10915.000,10200.000,714.000,1.000,60,false,2,0.00,false,6,true,true,ENTREPRISE,Gabes,1074,59,56,4,0.0714,-1.95,3,52164.400,23643.639,0.4616,17,0,on_time,7,2026-09-05,2026-09-05
demofac01071,FAC-2026-0334,democli00056,2026-06-30,2026-06-30,17526.600,14240.000,3285.600,1.000,0,false,3,0.00,false,6,true,false,PARTICULIER,Sfax,1076,7,7,4,0.5714,11.57,0,0,7538.334,2.3250,20,1,late,10,2026-07-10,2026-07-08
demofac01072,FAC-2026-0335,democli00039,2026-07-01,2026-07-16,30770.222,27229.400,3539.822,1.000,15,false,2,15.00,false,7,false,false,ENTREPRISE,Sousse,975,24,23,7,0.3043,11.74,1,16614.172,19548.519,1.5740,12,0,on_time,-2,2026-07-14,2026-07-14
demofac01073,FAC-2026-0336,democli00049,2026-07-01,2026-07-31,7617.000,6400.000,1216.000,1.000,30,false,2,0.00,false,7,false,false,ENTREPRISE,Kairouan,788,39,35,0,0.0000,-2.94,4,19679.412,6946.550,1.0965,5,0,on_time,-5,2026-07-26,2026-07-26
demofac01074,FAC-2026-0337,democli00054,2026-07-01,2026-08-15,20216.720,16988.000,3227.720,1.000,45,false,4,5.00,true,7,false,true,ENTREPRISE,Sousse,1382,21,20,0,0.0000,-1.65,1,2832.445,9729.143,2.0780,34,0,on_time,0,2026-08-15,2026-08-15
demofac01075,FAC-2026-0338,democli00011,2026-07-01,2026-07-31,905.400,760.000,144.400,1.000,30,false,1,0.00,true,7,false,false,ENTREPRISE,Ariana,1402,30,28,22,0.7857,30.04,4,12098.821,13825.205,0.0655,10,1,late,13,2026-08-13,2026-08-08
demofac01076,FAC-2026-0339,democli00008,2026-07-02,2026-07-17,213.534,178.600,33.934,1.000,15,false,1,6.00,true,7,false,false,ENTREPRISE,Gabes,998,19,19,7,0.3684,5.37,0,0,5197.696,0.0411,30,0,on_time,-6,2026-07-11,2026-07-11
demofac01077,FAC-2026-0340,democli00048,2026-07-03,2026-08-02,494.612,414.800,78.812,1.000,30,false,1,0.00,false,7,false,true,ENTREPRISE,Ariana,1490,25,23,3,0.1304,2.04,2,8607.509,5625.356,0.0879,13,0,on_time,-1,2026-08-01,2026-08-01
demofac01078,FAC-2026-0341,democli00055,2026-07-05,2026-07-20,11252.688,9455.200,1796.488,1.000,15,false,2,6.00,true,7,false,false,ENTREPRISE,Sfax,1022,27,27,22,0.8148,27.48,2,12725.670,9793.387,1.1490,32,1,late,,,2026-07-28
demofac01079,FAC-2026-0342,democli00016,2026-07-05,2026-07-20,1596.281,1445.160,150.121,1.000,15,false,2,14.00,true,7,false,false,PARTICULIER,Kairouan,840,10,9,0,0.0000,-0.89,1,231.934,970.873,1.6442,20,0,on_time,-12,2026-07-08,2026-07-08
demofac01080,FAC-2026-0343,democli00008,2026-07-05,2026-07-20,4450.600,3740.000,710.600,0.000,15,false,2,0.00,true,7,false,false,ENTREPRISE,Gabes,1001,20,19,7,0.3684,5.37,1,213.534,4948.488,0.8994,3,0,on_time,-1,2026-07-19,2026-07-19
demofac01081,FAC-2026-0344,democli00060,2026-07-06,2026-08-05,5580.700,4710.000,869.700,1.000,30,true,4,15.00,false,7,false,true,ENTREPRISE,Kairouan,1333,18,17,1,0.0588,-3.00,1,6263.800,4323.860,1.2907,17,0,on_time,-5,2026-07-31,2026-07-31
demofac01082,FAC-2026-0345,democli00051,2026-07-07,2026-08-06,1607.500,1350.000,256.500,1.000,30,false,1,0.00,false,7,false,true,ENTREPRISE,Ariana,783,14,14,0,0.0000,-2.71,0,0,18148.074,0.0886,77,0,on_time,3,2026-08-09,2026-08-09
demofac01083,FAC-2026-0346,democli00053,2026-07-07,2026-08-06,4285.000,3600.000,684.000,1.000,30,false,1,0.00,false,7,false,true,ENTREPRISE,Sfax,866,22,18,5,0.2778,7.59,5,27323.766,4720.508,0.9077,13,1,late,17,2026-08-23,2026-08-14
demofac01084,FAC-2026-0347,democli00040,2026-07-08,2026-09-06,10471.055,9381.360,1088.695,1.000,60,false,3,7.00,false,7,false,false,ENTREPRISE,Ben Arous,708,18,16,3,0.1875,2.06,2,25753.600,6190.195,1.6916,39,0,on_time,7,2026-09-13,2026-09-13
demofac01085,FAC-2026-0348,democli00049,2026-07-08,2026-08-07,5784.400,4860.000,923.400,1.000,30,false,2,0.00,true,7,false,true,ENTREPRISE,Kairouan,795,40,36,0,0.0000,-2.81,4,20935.100,6963.311,0.8307,7,0,on_time,-12,2026-07-26,2026-07-26
demofac01086,FAC-2026-0349,democli00019,2026-07-08,2026-09-06,37220.250,31375.000,5844.250,1.000,60,false,2,0.00,false,7,false,false,ENTREPRISE,Gabes,1082,60,57,4,0.0702,-1.96,3,61699.000,23431.495,1.5885,8,0,on_time,-8,2026-08-29,2026-08-29
demofac01087,FAC-2026-0350,democli00025,2026-07-08,2026-07-23,2916.500,2450.000,465.500,1.000,15,false,2,0.00,false,7,false,false,PARTICULIER,Kairouan,1108,28,28,2,0.0714,-1.93,0,0,4450.715,0.6553,15,0,on_time,-1,2026-07-22,2026-07-22
demofac01088,FAC-2026-0351,democli00034,2026-07-09,2026-08-08,7938.300,6670.000,1267.300,1.000,30,false,3,0.00,false,7,false,true,ENTREPRISE,Tunis,1411,16,16,5,0.3125,3.81,0,0,10506.552,0.7556,82,0,on_time,6,2026-08-14,2026-08-14
demofac01089,FAC-2026-0352,democli00008,2026-07-10,2026-07-25,509.725,427.500,81.225,1.000,15,false,1,10.00,false,7,false,false,ENTREPRISE,Gabes,1006,21,19,7,0.3684,5.37,2,4664.134,4924.779,0.1035,5,0,on_time,2,2026-07-27,2026-07-27
demofac01090,FAC-2026-0353,democli00005,2026-07-11,2026-08-25,2857.000,2400.000,456.000,1.000,45,false,1,0.00,false,7,false,true,ENTREPRISE,Nabeul,969,8,8,2,0.2500,1.38,0,0,21560.432,0.1325,141,0,on_time,-2,2026-08-23,2026-08-23
demofac01091,FAC-2026-0354,democli00053,2026-07-12,2026-08-11,2178.700,1830.000,347.700,1.000,30,false,2,0.00,true,7,false,true,ENTREPRISE,Sfax,871,23,20,5,0.2500,7.05,4,26520.516,4701.573,0.4634,5,0,on_time,-11,2026-07-31,2026-07-31
demofac01092,FAC-2026-0355,democli00027,2026-07-12,2026-08-26,9998.190,8401.000,1596.190,1.000,45,false,3,0.00,true,7,false,true,ENTREPRISE,Nabeul,1216,21,21,2,0.0952,-0.95,0,0,10933.292,0.9145,57,0,on_time,-12,2026-08-14,2026-08-14
demofac01093,FAC-2026-0356,democli00007,2026-07-13,2026-07-28,28700.230,24117.000,4582.230,1.000,15,false,2,0.00,false,7,false,false,ENTREPRISE,Ariana,79,1,0,0,,,1,20589.442,20589.442,1.3939,19,1,late,16,2026-08-13,2026-08-05
demofac01094,FAC-2026-0357,democli00026,2026-07-13,2026-08-12,12640.830,11041.000,1598.830,1.000,30,false,3,0.00,false,7,false,true,ENTREPRISE,Sfax,853,26,26,9,0.3462,5.23,0,0,10129.099,1.2480,94,0,on_time,-6,2026-08-06,2026-08-06
demofac01095,FAC-2026-0358,democli00052,2026-07-14,2026-08-28,6600.300,5610.000,990.300,0.000,45,false,4,15.00,false,7,false,true,ENTREPRISE,Gabes,1222,16,16,10,0.6250,27.73,1,7221.997,6368.622,1.0364,66,1,late,,,2026-09-05
demofac01096,FAC-2026-0359,democli00027,2026-07-15,2026-08-14,7206.450,6055.000,1150.450,1.000,30,true,2,14.00,false,7,false,true,ENTREPRISE,Nabeul,1219,22,21,2,0.0952,-0.95,1,9998.190,10890.787,0.6617,3,0,on_time,-6,2026-08-08,2026-08-08
demofac01097,FAC-2026-0360,democli00038,2026-07-15,2026-08-29,3452.000,2900.000,551.000,1.000,45,false,1,0.00,true,7,false,true,ENTREPRISE,Sfax,902,18,18,0,0.0000,-2.22,0,0,4630.523,0.7455,42,0,on_time,2,2026-08-31,2026-08-31
demofac01098,FAC-2026-0361,democli00022,2026-07-16,2026-07-31,2494.348,2095.250,398.098,1.000,15,false,1,15.00,true,7,false,false,ENTREPRISE,Monastir,450,5,5,1,0.2000,-5.00,0,0,8154.948,0.3059,17,0,on_time,5,2026-08-05,2026-08-05
demofac01100,FAC-2026-0363,democli00060,2026-07-17,2026-08-31,4737.200,3980.000,756.200,1.000,45,false,2,0.00,false,7,false,true,ENTREPRISE,Kairouan,1344,19,17,1,0.0588,-3.00,2,8358.472,4390.009,1.0791,11,0,on_time,-9,2026-08-22,2026-08-22
demofac01101,FAC-2026-0364,democli00021,2026-07-17,2026-08-16,3160.450,2655.000,504.450,1.000,30,false,2,0.00,true,7,false,true,ENTREPRISE,Sfax,1230,16,16,0,0.0000,-2.19,0,0,4073.443,0.7759,48,0,on_time,0,2026-08-16,2026-08-16
demofac01102,FAC-2026-0365,democli00042,2026-07-18,2026-07-18,2333.400,1960.000,372.400,1.000,0,false,1,0.00,false,7,false,false,PARTICULIER,Ben Arous,770,63,63,9,0.1429,4.90,0,0,5220.842,0.4469,23,0,on_time,4,2026-07-22,2026-07-22
demofac01103,FAC-2026-0366,democli00026,2026-07-18,2026-08-17,10943.240,9520.000,1423.240,0.000,30,false,2,10.00,true,7,false,true,ENTREPRISE,Sfax,858,27,26,9,0.3462,5.23,1,12640.830,10222.126,1.0705,5,0,on_time,-9,2026-08-08,2026-08-08
demofac01104,FAC-2026-0367,democli00030,2026-07-19,2026-08-18,23919.000,20100.000,3819.000,0.000,30,false,3,0.00,false,7,false,true,ENTREPRISE,Sfax,1240,32,32,9,0.2813,5.94,0,0,11906.748,2.0089,56,0,on_time,-7,2026-08-11,2026-08-11
demofac01105,FAC-2026-0368,democli00049,2026-07-20,2026-08-19,4552.750,3825.000,726.750,1.000,30,false,1,15.00,true,7,false,true,ENTREPRISE,Kairouan,807,41,38,0,0.0000,-3.05,3,22565.400,6934.557,0.6565,12,0,on_time,-12,2026-08-07,2026-08-07
demofac01106,FAC-2026-0369,democli00049,2026-07-20,2026-08-19,11627.300,9770.000,1856.300,1.000,30,false,4,0.00,true,7,false,true,ENTREPRISE,Kairouan,807,42,38,0,0.0000,-3.05,4,27118.150,6877.847,1.6905,0,0,on_time,-3,2026-08-16,2026-08-16
demofac01107,FAC-2026-0370,democli00034,2026-07-20,2026-08-19,8114.420,6818.000,1295.420,1.000,30,false,2,0.00,true,7,false,true,ENTREPRISE,Tunis,1422,17,16,5,0.3125,3.81,1,7938.300,10355.478,0.7836,11,0,on_time,3,2026-08-22,2026-08-22
demofac01108,FAC-2026-0371,democli00019,2026-07-21,2026-09-19,14559.256,13262.400,1295.856,1.000,60,false,3,12.00,false,7,false,false,ENTREPRISE,Gabes,1095,61,58,4,0.0690,-2.05,3,88001.250,23657.541,0.6154,13,0,on_time,-2,2026-09-17,2026-09-17
demofac01109,FAC-2026-0372,democli00011,2026-07-21,2026-08-20,7783.600,6540.000,1242.600,1.000,30,false,3,0.00,false,7,false,true,ENTREPRISE,Ariana,1422,31,28,22,0.7857,30.00,4,8071.900,13408.437,0.5805,20,0,on_time,-2,2026-08-18,2026-08-18
demofac01110,FAC-2026-0373,democli00045,2026-07-21,2026-08-20,25953.056,21808.450,4143.606,1.000,30,false,3,12.00,true,7,false,true,ENTREPRISE,Kairouan,820,10,10,7,0.7000,12.88,2,16799.902,11886.397,2.1834,50,1,late,21,2026-09-10,2026-08-28
demofac01111,FAC-2026-0374,democli00040,2026-07-22,2026-09-20,5941.360,5148.000,792.360,1.000,60,false,2,0.00,false,7,false,false,ENTREPRISE,Ben Arous,722,19,16,3,0.1875,2.06,3,36224.655,6415.504,0.9261,14,,open,,,
demofac01112,FAC-2026-0375,democli00042,2026-07-22,2026-07-22,11627.300,9770.000,1856.300,1.000,0,false,3,0.00,false,7,false,false,PARTICULIER,Ben Arous,774,64,63,9,0.1429,4.90,1,2333.400,5175.726,2.2465,4,0,on_time,4,2026-07-26,2026-07-26
demofac01113,FAC-2026-0376,democli00001,2026-07-24,2026-08-23,5356.000,4500.000,855.000,1.000,30,false,1,0.00,true,7,false,true,ENTREPRISE,Gabes,1349,7,7,4,0.5714,27.86,0,0,8158.280,0.6565,63,1,late,13,2026-09-05,2026-08-31
demofac01114,FAC-2026-0377,democli00042,2026-07-24,2026-07-24,4975.200,4180.000,794.200,1.000,0,false,3,0.00,true,7,false,false,PARTICULIER,Ben Arous,776,65,64,9,0.1406,4.89,1,7612.295,5274.981,0.9432,2,0,on_time,3,2026-07-27,2026-07-27
demofac01115,FAC-2026-0378,democli00025,2026-07-24,2026-08-08,3814.950,3205.000,608.950,1.000,15,false,2,0.00,false,7,false,true,PARTICULIER,Kairouan,1124,29,29,2,0.0690,-1.90,0,0,4397.811,0.8675,16,0,on_time,-1,2026-08-07,2026-08-07
demofac01116,FAC-2026-0379,democli00055,2026-07-24,2026-08-08,3809.000,3200.000,608.000,1.000,15,false,1,0.00,false,7,false,true,ENTREPRISE,Sfax,1041,28,27,22,0.8148,27.48,3,23978.358,9845.505,0.3869,19,1,late,25,2026-09-02,2026-08-16
demofac01117,FAC-2026-0380,democli00025,2026-07-24,2026-08-08,7508.710,6309.000,1198.710,1.000,15,false,3,10.00,false,7,false,true,PARTICULIER,Kairouan,1124,30,29,2,0.0690,-1.90,1,3814.950,4378.382,1.7150,0,0,on_time,-10,2026-07-29,2026-07-29
demofac01118,FAC-2026-0381,democli00028,2026-07-25,2026-08-24,12371.050,10395.000,1975.050,1.000,30,false,2,0.00,false,7,false,true,ENTREPRISE,Sfax,1220,14,14,6,0.4286,7.62,1,9374.928,7609.323,1.6258,42,0,on_time,-7,2026-08-17,2026-08-17
demofac01119,FAC-2026-0382,democli00056,2026-07-27,2026-07-27,4058.900,3410.000,647.900,1.000,0,false,1,0.00,true,7,false,false,PARTICULIER,Sfax,1103,8,8,5,0.6250,11.38,0,0,8786.867,0.4619,27,0,on_time,2,2026-07-29,2026-07-29
demofac01120,FAC-2026-0383,democli00044,2026-07-27,2026-08-26,2256.400,1980.000,275.400,1.000,30,false,2,0.00,true,7,false,true,ENTREPRISE,Nabeul,1396,15,15,11,0.7333,25.93,0,0,3891.036,0.5799,157,1,late,16,2026-09-11,2026-09-03
demofac01121,FAC-2026-0384,democli00043,2026-07-27,2026-09-10,1036.300,870.000,165.300,1.000,45,false,1,0.00,true,7,false,false,ENTREPRISE,Ben Arous,1276,12,12,4,0.3333,3.33,0,0,2469.477,0.4196,132,1,late,13,2026-09-23,2026-09-18
demofac01122,FAC-2026-0385,democli00033,2026-07-28,2026-09-26,6570.276,5520.400,1048.876,1.000,60,false,2,0.00,false,7,false,false,ENTREPRISE,Gabes,1465,14,14,0,0.0000,-2.64,0,0,9018.696,0.7285,78,,open,,,
demofac01123,FAC-2026-0386,democli00057,2026-07-28,2026-08-27,14281.000,12000.000,2280.000,1.000,30,false,1,0.00,true,7,false,true,ENTREPRISE,Tunis,1282,16,16,8,0.5000,10.19,0,0,10187.940,1.4018,65,0,on_time,-3,2026-08-24,2026-08-24
demofac01124,FAC-2026-0387,democli00048,2026-07-28,2026-08-27,29613.016,25574.400,4037.616,1.000,30,false,3,0.00,false,7,false,true,ENTREPRISE,Ariana,1515,26,25,4,0.1600,2.72,1,494.612,5428.020,5.4556,25,0,on_time,-4,2026-08-23,2026-08-23
demofac01125,FAC-2026-0388,democli00010,2026-07-29,2026-09-27,1369.423,1278.900,89.523,1.000,60,false,1,13.00,false,7,false,false,ENTREPRISE,Gabes,1020,25,23,18,0.7826,31.74,6,73636.986,6946.856,0.1971,48,,open,,,
demofac01126,FAC-2026-0389,democli00040,2026-07-29,2026-09-27,774.500,650.000,123.500,1.000,60,false,1,0.00,false,7,false,false,ENTREPRISE,Ben Arous,729,20,18,3,0.1667,1.28,2,16412.415,6391.796,0.1212,7,0,on_time,-9,2026-09-18,2026-09-18
demofac01127,FAC-2026-0390,democli00049,2026-07-30,2026-08-29,4820.500,4050.000,769.500,1.000,30,false,2,0.00,false,7,false,true,ENTREPRISE,Kairouan,817,43,41,1,0.0244,-3.33,3,25344.050,6988.300,0.6898,10,1,late,16,2026-09-14,2026-09-06
demofac01128,FAC-2026-0391,democli00021,2026-07-31,2026-08-30,1452.800,1220.000,231.800,1.000,30,false,2,0.00,true,7,false,true,ENTREPRISE,Sfax,1244,17,16,0,0.0000,-2.19,1,3160.450,4019.737,0.3614,14,0,on_time,-5,2026-08-25,2026-08-25
demofac01129,FAC-2026-0392,democli00013,2026-08-01,2026-09-30,8093.000,6800.000,1292.000,1.000,60,false,1,0.00,false,8,false,false,ENTREPRISE,Ariana,1375,14,13,9,0.6923,23.69,1,3173.917,12340.536,0.6558,45,,open,,,
demofac01130,FAC-2026-0393,democli00031,2026-08-01,2026-08-16,1849.960,1728.000,120.960,1.000,15,false,1,0.00,true,8,false,true,ENTREPRISE,Sousse,1016,21,21,7,0.3333,7.52,0,0,6058.464,0.3054,43,0,on_time,-6,2026-08-10,2026-08-10
demofac01131,FAC-2026-0394,democli00059,2026-08-01,2026-09-15,3368.700,2830.000,537.700,1.000,45,false,2,0.00,true,8,false,false,ENTREPRISE,Nabeul,839,23,23,3,0.1304,-0.17,0,0,6747.904,0.4992,109,0,on_time,4,2026-09-19,2026-09-19
demofac01132,FAC-2026-0395,democli00049,2026-08-04,2026-09-03,4517.050,3795.000,721.050,1.000,30,false,2,0.00,false,8,false,false,ENTREPRISE,Kairouan,822,44,41,1,0.0244,-3.33,4,30164.550,6939.031,0.6510,5,0,on_time,-4,2026-08-30,2026-08-30
demofac01133,FAC-2026-0396,democli00043,2026-08-04,2026-09-18,1456.418,1223.040,232.378,1.000,45,false,1,9.00,true,8,false,false,ENTREPRISE,Ben Arous,1284,13,12,4,0.3333,3.33,1,1036.300,2359.232,0.6173,8,,open,,,
demofac01134,FAC-2026-0397,democli00057,2026-08-06,2026-09-05,4463.500,3750.000,712.500,1.000,30,false,1,0.00,false,8,false,false,ENTREPRISE,Tunis,1291,17,16,8,0.5000,10.19,1,14281.000,10428.708,0.4280,9,0,on_time,-6,2026-08-30,2026-08-30
demofac01135,FAC-2026-0398,democli00019,2026-08-08,2026-09-07,38366.600,32240.000,6125.600,1.000,30,true,2,0.00,true,8,false,false,ENTREPRISE,Gabes,1113,62,59,4,0.0678,-2.10,3,52325.742,23510.794,1.6319,18,0,on_time,4,2026-09-11,2026-09-11
demofac01136,FAC-2026-0399,democli00029,2026-08-08,2026-09-07,13218.330,11107.000,2110.330,1.000,30,true,4,0.00,false,8,false,false,ENTREPRISE,Ariana,364,14,14,7,0.5000,8.79,0,0,13929.508,0.9489,87,0,on_time,1,2026-09-08,2026-09-08
demofac01137,FAC-2026-0400,democli00019,2026-08-09,2026-10-08,1000.600,840.000,159.600,1.000,60,false,1,0.00,false,8,false,false,ENTREPRISE,Gabes,1114,63,59,4,0.0678,-2.10,4,90692.342,23746.601,0.0421,1,,open,,,
demofac01138,FAC-2026-0401,democli00019,2026-08-10,2026-10-09,36177.000,30400.000,5776.000,1.000,60,false,1,0.00,false,8,false,false,ENTREPRISE,Gabes,1115,64,59,4,0.0678,-2.10,5,91692.942,23391.194,1.5466,1,,open,,,
demofac01139,FAC-2026-0402,democli00050,2026-08-10,2026-09-09,5433.350,4565.000,867.350,1.000,30,false,2,0.00,true,8,false,false,ENTREPRISE,Ben Arous,685,9,9,0,0.0000,-0.44,0,0,5997.278,0.9060,53,0,on_time,4,2026-09-13,2026-09-13
demofac01140,FAC-2026-0403,democli00053,2026-08-11,2026-09-10,905.400,760.000,144.400,1.000,30,false,1,0.00,false,8,false,false,ENTREPRISE,Sfax,901,24,23,6,0.2609,6.27,2,11028.540,4596.454,0.1970,30,1,late,,,2026-09-18
demofac01141,FAC-2026-0404,democli00006,2026-08-12,2026-09-11,4106.500,3450.000,655.500,1.000,30,false,1,0.00,false,8,false,false,ENTREPRISE,Sousse,1196,29,29,6,0.2069,0.38,0,0,5201.485,0.7895,54,0,on_time,4,2026-09-15,2026-09-15
demofac01142,FAC-2026-0405,democli00002,2026-08-13,2026-09-12,2160.850,1815.000,344.850,1.000,30,false,1,0.00,false,8,false,false,ENTREPRISE,Sousse,1063,14,14,5,0.3571,2.71,0,0,5635.978,0.3834,51,0,on_time,1,2026-09-13,2026-09-13
demofac01143,FAC-2026-0406,democli00022,2026-08-13,2026-08-28,17837.840,15188.000,2648.840,1.000,15,false,3,0.00,true,8,false,true,ENTREPRISE,Monastir,478,6,6,1,0.1667,-3.33,0,0,7211.515,2.4735,28,1,late,,,2026-09-05
demofac01144,FAC-2026-0407,democli00059,2026-08-14,2026-09-28,3605.700,3030.000,575.700,0.000,45,false,2,0.00,true,8,false,false,ENTREPRISE,Nabeul,852,24,23,3,0.1304,-0.17,1,3368.700,6607.103,0.5457,13,,open,,,
demofac01145,FAC-2026-0408,democli00006,2026-08-14,2026-09-13,6248.500,5250.000,997.500,1.000,30,false,2,0.00,false,8,false,false,ENTREPRISE,Sousse,1198,30,29,6,0.2069,0.38,1,4106.500,5164.986,1.2098,2,0,on_time,4,2026-09-17,2026-09-17
demofac01146,FAC-2026-0409,democli00020,2026-08-15,2026-08-15,3947.516,3316.400,630.116,1.000,0,false,3,12.00,false,8,false,true,PARTICULIER,Kairouan,723,19,19,3,0.1579,4.42,0,0,2785.669,1.4171,51,0,on_time,6,2026-08-21,2026-08-21
demofac01147,FAC-2026-0410,democli00046,2026-08-16,2026-10-15,18565.000,15600.000,2964.000,1.000,60,false,2,0.00,true,8,false,false,ENTREPRISE,Gabes,1017,10,10,0,0.0000,-3.20,0,0,11812.466,1.5716,77,,open,,,
demofac01148,FAC-2026-0411,democli00008,2026-08-17,2026-09-01,6248.500,5250.000,997.500,1.000,15,false,2,0.00,true,8,false,false,ENTREPRISE,Gabes,1044,22,22,7,0.3182,4.41,0,0,4724.095,1.3227,38,0,on_time,0,2026-09-01,2026-09-01
demofac01149,FAC-2026-0412,democli00004,2026-08-17,2026-10-01,27194.200,23880.000,3313.200,1.000,45,false,2,0.00,false,8,false,false,ENTREPRISE,Monastir,1572,7,7,7,1.0000,37.83,1,23053.000,30071.655,0.9043,58,,open,,,
demofac01150,FAC-2026-0413,democli00030,2026-08-18,2026-09-17,34318.220,28838.000,5479.220,1.000,30,false,3,0.00,false,8,false,false,ENTREPRISE,Sfax,1270,33,33,9,0.2727,5.55,0,0,12270.756,2.7967,30,,open,,,
demofac01151,FAC-2026-0414,democli00006,2026-08-19,2026-09-18,9831.114,8260.600,1569.514,1.000,30,false,3,14.00,false,8,false,false,ENTREPRISE,Sousse,1203,31,29,6,0.2069,0.38,2,10355.000,5199.938,1.8906,5,0,on_time,-9,2026-09-09,2026-09-09
demofac01152,FAC-2026-0415,democli00038,2026-08-20,2026-10-04,6855.400,5760.000,1094.400,1.000,45,false,1,0.00,false,8,false,false,ENTREPRISE,Sfax,938,19,18,0,0.0000,-2.22,1,3452.000,4568.496,1.5006,36,,open,,,
demofac01153,FAC-2026-0416,democli00037,2026-08-22,2026-10-06,5177.500,4350.000,826.500,1.000,45,false,2,10.00,false,8,false,false,ENTREPRISE,Kairouan,1521,27,27,7,0.2593,5.07,0,0,14114.231,0.3668,62,,open,,,
demofac01154,FAC-2026-0417,democli00009,2026-08-22,2026-09-06,1381.400,1160.000,220.400,1.000,15,false,1,0.00,false,8,false,false,PARTICULIER,Monastir,1466,11,11,3,0.2727,4.73,0,0,5190.919,0.2661,133,1,late,17,2026-09-23,2026-09-14
demofac01155,FAC-2026-0418,democli00006,2026-08-22,2026-09-21,2464.300,2070.000,393.300,1.000,30,false,1,0.00,true,8,false,false,ENTREPRISE,Sousse,1206,32,29,6,0.2069,0.38,3,20186.114,5344.662,0.4611,3,0,on_time,-3,2026-09-18,2026-09-18
demofac01156,FAC-2026-0419,democli00025,2026-08-23,2026-09-07,8610.650,7235.000,1374.650,1.000,15,false,2,0.00,false,8,false,false,PARTICULIER,Kairouan,1154,31,31,2,0.0645,-2.13,0,0,4479.360,1.9223,30,0,on_time,5,2026-09-12,2026-09-12
demofac01157,FAC-2026-0420,democli00034,2026-08-24,2026-09-23,58660.860,49294.000,9365.860,1.000,30,false,3,8.00,false,8,false,false,ENTREPRISE,Tunis,1457,18,18,5,0.2778,3.89,0,0,10230.975,5.7337,35,,open,,,
demofac01158,FAC-2026-0421,democli00053,2026-08-25,2026-09-24,4495.273,3776.700,717.573,1.000,30,false,2,7.00,false,8,false,false,ENTREPRISE,Sfax,915,25,24,7,0.2917,6.74,2,7648.940,4448.811,1.0104,14,0,on_time,-8,2026-09-16,2026-09-16
demofac01159,FAC-2026-0422,democli00024,2026-08-25,2026-09-09,950.620,798.000,151.620,1.000,15,false,1,0.00,true,8,false,false,PARTICULIER,Monastir,1069,14,14,5,0.3571,7.79,0,0,3639.354,0.2612,149,0,on_time,-12,2026-08-28,2026-08-28
demofac01160,FAC-2026-0423,democli00008,2026-08-26,2026-09-10,6224.700,5230.000,993.700,1.000,15,false,2,0.00,false,8,false,false,ENTREPRISE,Gabes,1053,23,22,7,0.3182,4.41,1,6248.500,4790.373,1.2994,9,1,late,9,2026-09-19,2026-09-18
demofac01161,FAC-2026-0424,democli00048,2026-08-26,2026-09-25,14278.620,11998.000,2279.620,1.000,30,false,2,12.00,false,8,false,false,ENTREPRISE,Ariana,1544,27,27,4,0.1481,2.33,0,0,6323.761,2.2579,29,,open,,,
demofac01162,FAC-2026-0425,democli00017,2026-08-26,2026-10-10,36467.500,30750.000,5716.500,1.000,45,false,3,0.00,true,8,false,false,ENTREPRISE,Gabes,1027,9,9,1,0.1111,-3.67,0,0,15605.297,2.3369,105,,open,,,
demofac01163,FAC-2026-0426,democli00056,2026-08-27,2026-08-27,7593.200,6380.000,1212.200,1.000,0,false,2,0.00,false,8,false,true,PARTICULIER,Sfax,1134,9,9,5,0.5556,10.33,0,0,8261.538,0.9191,31,0,on_time,1,2026-08-28,2026-08-28
demofac01164,FAC-2026-0427,democli00049,2026-08-27,2026-09-26,3321.100,2790.000,530.100,1.000,30,false,2,0.00,false,8,false,false,ENTREPRISE,Kairouan,845,45,43,1,0.0233,-2.86,2,9337.550,6885.210,0.4824,23,0,on_time,-3,2026-09-23,2026-09-23
demofac01165,FAC-2026-0428,democli00030,2026-08-30,2026-09-29,2857.000,2400.000,456.000,1.000,30,false,1,0.00,true,8,false,false,ENTREPRISE,Sfax,1282,34,33,9,0.2727,5.55,1,34318.220,12919.211,0.2211,12,,open,,,
demofac01166,FAC-2026-0429,democli00042,2026-08-30,2026-08-30,7300.800,6460.000,839.800,1.000,0,false,1,0.00,true,8,false,true,PARTICULIER,Ben Arous,813,66,66,9,0.1364,4.85,0,0,5270.439,1.3852,37,0,on_time,3,2026-09-02,2026-09-02
demofac01167,FAC-2026-0430,democli00021,2026-08-30,2026-09-29,762.600,640.000,121.600,1.000,30,false,1,0.00,true,8,false,false,ENTREPRISE,Sfax,1274,18,18,0,0.0000,-2.22,0,0,3877.130,0.1967,30,,open,,,
demofac01168,FAC-2026-0431,democli00032,2026-09-01,2026-10-01,1357.600,1140.000,216.600,1.000,30,false,1,0.00,true,9,true,false,ENTREPRISE,Ariana,1460,18,18,8,0.4444,6.50,0,0,9736.488,0.1394,73,,open,,,
demofac01169,FAC-2026-0432,democli00010,2026-09-02,2026-11-01,4932.500,4250.000,681.500,1.000,60,false,2,0.00,true,9,true,false,ENTREPRISE,Gabes,1055,26,25,20,0.8000,33.14,5,44830.753,6732.339,0.7327,35,,open,,,
demofac01170,FAC-2026-0433,democli00007,2026-09-02,2026-09-17,4073.656,3422.400,650.256,1.000,15,false,1,8.00,true,9,true,false,ENTREPRISE,Ariana,130,2,2,2,1.0000,20.50,0,0,24644.836,0.1653,51,,open,,,
demofac01171,FAC-2026-0434,democli00013,2026-09-02,2026-11-01,4399.240,3696.000,702.240,1.000,60,false,2,10.00,false,9,true,false,ENTREPRISE,Ariana,1407,15,14,9,0.6429,21.29,1,8093.000,12057.367,0.3649,32,,open,,,
demofac01172,FAC-2026-0435,democli00003,2026-09-03,2026-09-18,2857.000,2400.000,456.000,1.000,15,false,1,0.00,true,9,true,false,ENTREPRISE,Sfax,142,7,7,5,0.7143,25.00,1,225.700,3222.800,0.8865,83,,open,,,
demofac01173,FAC-2026-0436,democli00059,2026-09-04,2026-10-19,750.700,630.000,119.700,1.000,45,false,2,0.00,true,9,true,false,ENTREPRISE,Nabeul,873,25,23,3,0.1304,-0.17,2,5295.280,6487.047,0.1157,21,,open,,,
demofac01174,FAC-2026-0437,democli00020,2026-09-04,2026-09-04,1524.676,1280.400,243.276,1.000,0,false,3,0.00,true,9,true,false,PARTICULIER,Kairouan,743,20,20,3,0.1500,4.50,0,0,2843.762,0.5361,20,0,on_time,2,2026-09-06,2026-09-06
demofac01175,FAC-2026-0438,democli00049,2026-09-05,2026-10-05,11948.600,10040.000,1907.600,1.000,30,false,4,5.00,true,9,true,false,ENTREPRISE,Kairouan,854,46,44,1,0.0227,-2.89,2,8141.600,6807.729,1.7552,9,,open,,,
demofac01176,FAC-2026-0439,democli00014,2026-09-06,2026-09-21,810.200,680.000,129.200,1.000,15,false,2,0.00,false,9,true,false,ENTREPRISE,Monastir,838,11,11,1,0.0909,2.45,0,0,7666.536,0.1057,89,0,on_time,-12,2026-09-09,2026-09-09
demofac01177,FAC-2026-0440,democli00025,2026-09-07,2026-09-22,7908.550,6645.000,1262.550,1.000,15,false,3,0.00,true,9,true,false,PARTICULIER,Kairouan,1169,32,31,2,0.0645,-2.13,1,8610.650,4608.463,1.7161,15,0,on_time,-10,2026-09-12,2026-09-12
demofac01178,FAC-2026-0441,democli00039,2026-09-07,2026-09-22,9728.900,8510.000,1217.900,1.000,15,false,3,0.00,false,9,true,false,ENTREPRISE,Sousse,1043,25,25,8,0.3200,11.17,1,16614.172,19997.387,0.4865,68,,open,,,
demofac01179,FAC-2026-0442,democli00004,2026-09-08,2026-10-23,5126.680,4536.000,589.680,1.000,45,false,1,0.00,false,9,true,false,ENTREPRISE,Monastir,1594,8,7,7,1.0000,37.83,2,50247.200,29711.973,0.1725,22,,open,,,
demofac01180,FAC-2026-0443,democli00044,2026-09-08,2026-10-08,4285.000,3600.000,684.000,1.000,30,false,1,0.00,false,9,true,false,ENTREPRISE,Nabeul,1439,16,16,12,0.7500,25.93,1,2256.400,3788.872,1.1309,43,,open,,,
demofac01181,FAC-2026-0444,democli00034,2026-09-08,2026-10-08,18396.496,15458.400,2937.096,1.000,30,false,2,7.00,true,9,true,false,ENTREPRISE,Tunis,1472,19,18,5,0.2778,3.89,1,58660.860,12779.916,1.4395,15,,open,,,
demofac01182,FAC-2026-0445,democli00044,2026-09-08,2026-10-08,426.068,357.200,67.868,1.000,30,false,1,6.00,false,9,true,false,ENTREPRISE,Nabeul,1439,17,16,12,0.7500,25.93,2,6541.400,3818.056,0.1116,0,,open,,,
demofac01183,FAC-2026-0446,democli00049,2026-09-08,2026-10-08,833.048,699.200,132.848,1.000,30,false,1,8.00,false,9,true,false,ENTREPRISE,Kairouan,857,47,45,2,0.0444,-2.89,3,20090.200,6917.109,0.1204,3,,open,,,
demofac01184,FAC-2026-0447,democli00001,2026-09-09,2026-10-09,23913.455,20094.500,3817.955,1.000,30,false,3,11.00,false,9,true,false,ENTREPRISE,Gabes,1396,8,8,5,0.6250,26.00,0,0,7807.995,3.0627,47,,open,,,
demofac01185,FAC-2026-0448,democli00031,2026-09-10,2026-09-25,3313.720,3096.000,216.720,1.000,15,false,1,0.00,true,9,true,false,ENTREPRISE,Sousse,1056,22,22,7,0.3182,6.91,0,0,5867.169,0.5648,40,,open,,,
demofac01186,FAC-2026-0449,democli00042,2026-09-10,2026-09-10,2464.300,2070.000,393.300,1.000,0,false,1,0.00,true,9,true,false,PARTICULIER,Ben Arous,824,67,67,9,0.1343,4.82,0,0,5300.743,0.4649,11,0,on_time,4,2026-09-14,2026-09-14
demofac01187,FAC-2026-0450,democli00011,2026-09-11,2026-10-11,5891.500,4950.000,940.500,1.000,30,false,2,0.00,false,9,true,false,ENTREPRISE,Ariana,1474,32,32,25,0.7813,29.41,0,0,13232.661,0.4452,52,,open,,,
demofac01188,FAC-2026-0451,democli00032,2026-09-12,2026-10-12,9854.200,8280.000,1573.200,1.000,30,false,1,8.00,true,9,true,false,ENTREPRISE,Ariana,1471,19,18,8,0.4444,6.50,1,1357.600,9295.494,1.0601,11,,open,,,
demofac01189,FAC-2026-0452,democli00053,2026-09-12,2026-10-12,16207.290,14287.000,1919.290,1.000,30,false,4,0.00,true,9,true,false,ENTREPRISE,Sfax,933,26,24,7,0.2917,6.74,3,12144.213,4450.598,3.6416,18,,open,,,
demofac01190,FAC-2026-0453,democli00034,2026-09-12,2026-10-12,5558.300,4670.000,887.300,1.000,30,false,3,0.00,true,9,true,false,ENTREPRISE,Tunis,1476,20,18,5,0.2778,3.89,2,77057.356,13060.745,0.4256,4,,open,,,
demofac01191,FAC-2026-0454,democli00004,2026-09-12,2026-10-27,4285.000,3600.000,684.000,1.000,45,false,1,0.00,false,9,true,false,ENTREPRISE,Monastir,1598,9,7,7,1.0000,37.83,3,55373.880,26980.274,0.1588,4,,open,,,
demofac01192,FAC-2026-0455,democli00040,2026-09-13,2026-11-12,161.650,135.000,25.650,1.000,60,false,1,0.00,false,9,true,false,ENTREPRISE,Ben Arous,775,21,18,3,0.1667,1.28,3,12623.698,6124.306,0.0264,46,,open,,,
demofac01193,FAC-2026-0456,democli00020,2026-09-13,2026-09-13,1488.840,1288.000,199.840,1.000,0,false,2,0.00,false,9,true,false,PARTICULIER,Kairouan,752,21,21,3,0.1429,4.38,0,0,2780.948,0.5354,9,0,on_time,5,2026-09-18,2026-09-18
demofac01194,FAC-2026-0457,democli00036,2026-09-15,2026-10-30,10889.500,9150.000,1738.500,1.000,45,false,2,0.00,true,9,true,false,ENTREPRISE,Ben Arous,997,9,9,0,0.0000,-4.78,0,0,8698.611,1.2519,102,,open,,,
demofac01195,FAC-2026-0458,democli00026,2026-09-15,2026-10-15,8878.400,7580.000,1297.400,1.000,30,false,3,0.00,false,9,true,false,ENTREPRISE,Sfax,917,28,28,9,0.3214,4.32,0,0,10247.880,0.8664,59,,open,,,
demofac01196,FAC-2026-0459,democli00021,2026-09-15,2026-10-15,15150.652,12730.800,2418.852,1.000,30,false,2,13.00,true,9,true,false,ENTREPRISE,Sfax,1290,19,18,0,0.0000,-2.22,1,762.600,3713.207,4.0802,16,,open,,,
demofac01197,FAC-2026-0460,democli00014,2026-09-15,2026-09-30,18904.150,15885.000,3018.150,1.000,15,false,3,0.00,false,9,true,false,ENTREPRISE,Monastir,847,12,12,1,0.0833,1.25,0,0,7095.175,2.6644,9,,open,,,
demofac01198,FAC-2026-0461,democli00059,2026-09-16,2026-10-31,5837.950,4905.000,931.950,1.000,45,false,2,0.00,true,9,true,false,ENTREPRISE,Nabeul,885,26,23,3,0.1304,-0.17,3,6045.980,6266.419,0.9316,12,,open,,,
demofac01199,FAC-2026-0462,democli00047,2026-09-16,2026-10-16,1107.700,930.000,176.700,1.000,30,true,1,0.00,false,9,true,false,PARTICULIER,Gabes,1610,21,21,6,0.2857,9.24,0,0,5708.367,0.1940,87,,open,,,
demofac01200,FAC-2026-0463,democli00042,2026-09-16,2026-09-16,8390.500,7050.000,1339.500,1.000,0,false,1,0.00,true,9,true,false,PARTICULIER,Ben Arous,830,68,68,9,0.1324,4.81,0,0,5259.030,1.5954,6,1,late,,,2026-09-24
demofac01201,FAC-2026-0464,democli00020,2026-09-17,2026-09-17,3021.000,2545.000,475.000,1.000,0,false,2,0.00,false,9,true,false,PARTICULIER,Kairouan,756,22,21,3,0.1429,4.38,1,1488.840,2722.216,1.1098,4,0,on_time,4,2026-09-21,2026-09-21
demofac01202,FAC-2026-0465,democli00020,2026-09-17,2026-09-17,1821.700,1530.000,290.700,1.000,0,false,2,0.00,false,9,true,false,PARTICULIER,Kairouan,756,23,21,3,0.1429,4.38,2,4509.840,2735.206,0.6660,0,0,on_time,4,2026-09-21,2026-09-21
demofac01203,FAC-2026-0466,democli00023,2026-09-18,2026-10-18,3928.000,3300.000,627.000,1.000,30,false,1,0.00,false,9,true,false,ENTREPRISE,Kairouan,145,4,4,3,0.7500,29.00,1,9140.200,6655.230,0.5902,96,,open,,,
demofac01205,FAC-2026-0468,democli00044,2026-09-20,2026-10-20,7982.764,6855.600,1126.164,1.000,30,false,3,7.00,false,9,true,false,ENTREPRISE,Nabeul,1451,18,16,12,0.7500,25.31,2,4711.068,3629.612,2.1993,12,,open,,,
demofac01206,FAC-2026-0469,democli00025,2026-09-20,2026-10-05,276.794,231.760,44.034,1.000,15,false,2,8.00,false,9,true,false,PARTICULIER,Kairouan,1182,33,33,2,0.0606,-2.15,0,0,4708.466,0.0588,13,,open,,,
demofac01210,FAC-2026-0473,democli00023,2026-09-22,2026-10-22,6367.500,5350.000,1016.500,1.000,30,false,2,0.00,false,9,true,false,ENTREPRISE,Kairouan,149,5,4,3,0.7500,29.00,2,13068.200,6109.784,1.0422,4,,open,,,
