ligne_id,facture_id,numero,client_id,issue_date,line_order,produit_id,product_reference,product_category,designation,quantity,unit_price,catalog_unit_price,price_vs_catalog,discount_pct,vat_rate,catalog_vat_rate,vat_differs_from_catalog,total_ht
demolfa00032,demofac00001,FAC-2024-0001,democli00011,2024-10-01,0,demoprd00011,SRV-MNT-03,Maintenance,Support premium (annuel),1.000,3600.000,3600.000,1.0000,0.00,19.00,19.00,false,3600.000
demolfa00033,demofac00001,FAC-2024-0001,democli00011,2024-10-01,1,demoprd00009,SRV-MNT-01,Maintenance,Maintenance mensuelle,2.000,380.000,380.000,1.0000,0.00,19.00,19.00,false,760.000
demolfa00034,demofac00001,FAC-2024-0001,democli00011,2024-10-01,2,demoprd00010,SRV-MNT-02,Maintenance,Intervention sur site,3.000,150.000,150.000,1.0000,0.00,19.00,19.00,false,450.000
demolfa00035,demofac00001,FAC-2024-0001,democli00011,2024-10-01,3,demoprd00005,SRV-DEV-01,Developpement,Developpement web (jour),12.000,450.000,450.000,1.0000,0.00,19.00,19.00,false,5400.000
demolfa00040,demofac00002,FAC-2024-0002,democli00020,2024-10-01,0,demoprd00031,PRD-FOU-02,Fournitures,Cartouche toner,5.000,165.000,165.000,1.0000,0.00,19.00,19.00,false,825.000
demolfa00041,demofac00002,FAC-2024-0002,democli00020,2024-10-01,1,demoprd00033,PRD-FOU-04,Fournitures,Mobilier de bureau (poste),2.000,1250.000,1250.000,1.0000,0.00,19.00,19.00,false,2500.000
demolfa00042,demofac00002,FAC-2024-0002,democli00020,2024-10-01,2,demoprd00017,SRV-HEB-02,Hebergement,Nom de domaine .tn,1.000,45.000,45.000,1.0000,0.00,19.00,19.00,false,45.000
demolfa00081,demofac00003,FAC-2024-0003,democli00042,2024-10-01,0,demoprd00026,PRD-INF-06,Informatique,Disque SSD 1To,7.000,310.000,310.000,1.0000,0.00,19.00,19.00,false,2170.000
demolfa00043,demofac00004,FAC-2024-0004,democli00017,2024-10-02,0,demoprd00011,SRV-MNT-03,Maintenance,Support premium (annuel),1.000,3600.000,3600.000,1.0000,0.00,19.00,19.00,false,3600.000
demolfa00044,demofac00004,FAC-2024-0004,democli00017,2024-10-02,1,demoprd00019,SRV-TRA-01,Logistique,Transport de marchandises,8.000,210.000,210.000,1.0000,0.00,7.00,7.00,false,1680.000
demolfa02381,demofac00005,FAC-2024-0005,democli00011,2024-10-02,0,demoprd00011,SRV-MNT-03,Maintenance,Support premium (annuel),1.000,3600.000,3600.000,1.0000,0.00,19.00,19.00,false,3600.000
demolfa02382,demofac00005,FAC-2024-0005,democli00011,2024-10-02,1,demoprd00009,SRV-MNT-01,Maintenance,Maintenance mensuelle,2.000,380.000,380.000,1.0000,0.00,19.00,19.00,false,760.000
demolfa02383,demofac00005,FAC-2024-0005,democli00011,2024-10-02,2,demoprd00010,SRV-MNT-02,Maintenance,Intervention sur site,3.000,150.000,150.000,1.0000,0.00,19.00,19.00,false,450.000
demolfa02384,demofac00005,FAC-2024-0005,democli00011,2024-10-02,3,demoprd00005,SRV-DEV-01,Developpement,Developpement web (jour),12.000,450.000,450.000,1.0000,0.00,19.00,19.00,false,5400.000
demolfa00016,demofac00006,FAC-2024-0006,democli00060,2024-10-03,0,demoprd00036,PRD-AGR-01,Agroalimentaire,Huile d'olive extra (bidon 5L),29.000,68.000,68.000,1.0000,0.00,13.00,13.00,false,1972.000
demolfa00017,demofac00006,FAC-2024-0006,democli00060,2024-10-03,1,demoprd00037,PRD-AGR-02,Agroalimentaire,Dattes Deglet Nour (carton),70.000,42.000,42.000,1.0000,0.00,13.00,13.00,false,2940.000
demolfa00018,demofac00006,FAC-2024-0006,democli00060,2024-10-03,2,demoprd00011,SRV-MNT-03,Maintenance,Support premium (annuel),1.000,3600.000,3600.000,1.0000,0.00,19.00,19.00,false,3600.000
demolfa00045,demofac00007,FAC-2024-0007,democli00011,2024-10-04,0,demoprd00007,SRV-DEV-03,Developpement,Integration ERP (jour),4.000,600.000,600.000,1.0000,0.00,19.00,19.00,false,2400.000
demolfa00069,demofac00008,FAC-2024-0008,democli00055,2024-10-04,0,demoprd00027,PRD-LOG-01,Logiciels,Licence antivirus (poste),44.000,85.000,85.000,1.0000,0.00,19.00,19.00,false,3740.000
demolfa00070,demofac00008,FAC-2024-0008,democli00055,2024-10-04,1,demoprd00005,SRV-DEV-01,Developpement,Developpement web (jour),17.000,450.000,450.000,1.0000,0.00,19.00,19.00,false,7650.000
demolfa00005,demofac00009,FAC-2024-0009,democli00060,2024-10-05,0,demoprd00010,SRV-MNT-02,Maintenance,Intervention sur site,2.000,150.000,150.000,1.0000,0.00,19.00,19.00,false,300.000
demolfa00006,demofac00009,FAC-2024-0009,democli00060,2024-10-05,1,demoprd00009,SRV-MNT-01,Maintenance,Maintenance mensuelle,2.000,380.000,380.000,1.0000,0.00,19.00,19.00,false,760.000
demolfa00073,demofac00010,FAC-2024-0010,democli00008,2024-10-05,0,demoprd00010,SRV-MNT-02,Maintenance,Intervention sur site,5.000,150.000,150.000,1.0000,0.00,19.00,19.00,false,750.000
demolfa00007,demofac00011,FAC-2024-0011,democli00056,2024-10-06,0,demoprd00038,PRD-BAT-01,Batiment,Ciment (tonne),22.000,310.000,310.000,1.0000,0.00,19.00,19.00,false,6820.000
demolfa00036,demofac00012,FAC-2024-0012,democli00006,2024-10-06,0,demoprd00010,SRV-MNT-02,Maintenance,Intervention sur site,1.000,150.000,150.000,1.0000,0.00,19.00,19.00,false,150.000
demolfa00037,demofac00012,FAC-2024-0012,democli00006,2024-10-06,1,demoprd00022,PRD-INF-02,Informatique,Ecran 27 pouces,7.000,690.000,690.000,1.0000,14.00,19.00,19.00,false,4153.800
demolfa00038,demofac00012,FAC-2024-0012,democli00006,2024-10-06,2,demoprd00014,SRV-FOR-02,Formation,Formation cybersecurite,2.000,1800.000,1800.000,1.0000,0.00,19.00,19.00,false,3600.000
demolfa00039,demofac00012,FAC-2024-0012,democli00006,2024-10-06,3,demoprd00024,PRD-INF-04,Informatique,Routeur professionnel,3.000,540.000,540.000,1.0000,0.00,19.00,19.00,false,1620.000
demolfa00014,demofac00013,FAC-2024-0013,democli00054,2024-10-07,0,demoprd00019,SRV-TRA-01,Logistique,Transport de marchandises,10.000,210.000,210.000,1.0000,0.00,7.00,7.00,false,2100.000
demolfa00015,demofac00013,FAC-2024-0013,democli00054,2024-10-07,1,demoprd00032,PRD-FOU-03,Fournitures,Classeur archive,234.000,6.800,6.800,1.0000,5.00,19.00,19.00,false,1511.640
demolfa00062,demofac00014,FAC-2024-0014,democli00059,2024-10-07,0,demoprd00016,SRV-HEB-01,Hebergement,Hebergement web (annuel),1.000,540.000,540.000,1.0000,0.00,19.00,19.00,false,540.000
demolfa00063,demofac00014,FAC-2024-0014,democli00059,2024-10-07,1,demoprd00037,PRD-AGR-02,Agroalimentaire,Dattes Deglet Nour (carton),180.000,42.000,42.000,1.0000,0.00,13.00,13.00,false,7560.000
demolfa00064,demofac00014,FAC-2024-0014,democli00059,2024-10-07,2,demoprd00039,PRD-BAT-02,Batiment,Carrelage (m2),212.000,38.000,38.000,1.0000,0.00,19.00,19.00,false,8056.000
demolfa00056,demofac00015,FAC-2024-0015,democli00006,2024-10-08,0,demoprd00022,PRD-INF-02,Informatique,Ecran 27 pouces,6.000,690.000,690.000,1.0000,0.00,19.00,19.00,false,4140.000
demolfa00057,demofac00015,FAC-2024-0015,democli00006,2024-10-08,1,demoprd00024,PRD-INF-04,Informatique,Routeur professionnel,2.000,540.000,540.000,1.0000,0.00,19.00,19.00,false,1080.000
demolfa00074,demofac00016,FAC-2024-0016,democli00039,2024-10-08,0,demoprd00036,PRD-AGR-01,Agroalimentaire,Huile d'olive extra (bidon 5L),57.000,68.000,68.000,1.0000,0.00,13.00,13.00,false,3876.000
demolfa00052,demofac00017,FAC-2024-0017,democli00036,2024-10-09,0,demoprd00012,SRV-MNT-04,Maintenance,Sauvegarde externalisee,6.000,95.000,95.000,1.0000,0.00,19.00,19.00,false,570.000
demolfa00058,demofac00018,FAC-2024-0018,democli00053,2024-10-09,0,demoprd00034,PRD-MED-01,Medical,Kit de premiers secours,3.000,75.000,75.000,1.0000,0.00,7.00,7.00,false,225.000
demolfa00086,demofac00019,FAC-2024-0019,democli00011,2024-10-10,0,demoprd00006,SRV-DEV-02,Developpement,Application mobile (forfait),1.000,12000.000,12000.000,1.0000,0.00,19.00,19.00,false,12000.000
demolfa00087,demofac00019,FAC-2024-0019,democli00011,2024-10-10,1,demoprd00005,SRV-DEV-01,Developpement,Developpement web (jour),12.000,450.000,450.000,1.0000,0.00,19.00,19.00,false,5400.000
demolfa00088,demofac00019,FAC-2024-0019,democli00011,2024-10-10,2,demoprd00023,PRD-INF-03,Informatique,Imprimante laser,2.000,980.000,980.000,1.0000,0.00,19.00,19.00,false,1960.000
demolfa00089,demofac00019,FAC-2024-0019,democli00011,2024-10-10,3,demoprd00009,SRV-MNT-01,Maintenance,Maintenance mensuelle,1.000,380.000,380.000,1.0000,0.00,19.00,19.00,false,380.000
demolfa00078,demofac00020,FAC-2024-0020,democli00019,2024-10-11,0,demoprd00034,PRD-MED-01,Medical,Kit de premiers secours,19.000,75.000,75.000,1.0000,0.00,7.00,7.00,false,1425.000
demolfa00079,demofac00020,FAC-2024-0020,democli00019,2024-10-11,1,demoprd00035,PRD-MED-02,Medical,Gants nitrile (boite),400.000,18.000,18.000,1.0000,0.00,7.00,7.00,false,7200.000
demolfa00080,demofac00020,FAC-2024-0020,democli00019,2024-10-11,2,demoprd00040,PRD-BAT-03,Batiment,Peinture murale (pot 20L),80.000,145.000,145.000,1.0000,0.00,19.00,19.00,false,11600.000
demolfa00082,demofac00021,FAC-2024-0021,democli00020,2024-10-11,0,demoprd00033,PRD-FOU-04,Fournitures,Mobilier de bureau (poste),2.000,1250.000,1250.000,1.0000,0.00,19.00,19.00,false,2500.000
demolfa00023,demofac00022,FAC-2024-0022,democli00014,2024-10-13,0,demoprd00007,SRV-DEV-03,Developpement,Integration ERP (jour),4.000,600.000,600.000,1.0000,0.00,19.00,19.00,false,2400.000
demolfa00024,demofac00022,FAC-2024-0022,democli00014,2024-10-13,1,demoprd00002,SRV-CONS-02,Conseil,Audit organisationnel,1.000,3200.000,3200.000,1.0000,0.00,19.00,19.00,false,3200.000
demolfa00025,demofac00022,FAC-2024-0022,democli00014,2024-10-13,2,demoprd00011,SRV-MNT-03,Maintenance,Support premium (annuel),1.000,3600.000,3600.000,1.0000,0.00,19.00,19.00,false,3600.000
demolfa00001,demofac00023,FAC-2024-0023,democli00036,2024-10-14,0,demoprd00008,SRV-DEV-04,Developpement,Site vitrine,1.000,2400.000,2400.000,1.0000,0.00,19.00,19.00,false,2400.000
demolfa00002,demofac00023,FAC-2024-0023,democli00036,2024-10-14,1,demoprd00035,PRD-MED-02,Medical,Gants nitrile (boite),400.000,18.000,18.000,1.0000,0.00,7.00,7.00,false,7200.000
demolfa00003,demofac00023,FAC-2024-0023,democli00036,2024-10-14,2,demoprd00011,SRV-MNT-03,Maintenance,Support premium (annuel),1.000,3600.000,3600.000,1.0000,0.00,19.00,19.00,false,3600.000
demolfa00004,demofac00023,FAC-2024-0023,democli00036,2024-10-14,3,demoprd00005,SRV-DEV-01,Developpement,Developpement web (jour),7.000,450.000,450.000,1.0000,0.00,19.00,19.00,false,3150.000
demolfa00008,demofac00024,FAC-2024-0024,democli00006,2024-10-14,0,demoprd00026,PRD-INF-06,Informatique,Disque SSD 1To,12.000,310.000,310.000,1.0000,0.00,19.00,19.00,false,3720.000
demolfa00046,demofac00025,FAC-2024-0025,democli00024,2024-10-14,0,demoprd00038,PRD-BAT-01,Batiment,Ciment (tonne),6.000,310.000,310.000,1.0000,0.00,19.00,19.00,false,1860.000
demolfa00009,demofac00026,FAC-2024-0026,democli00019,2024-10-16,0,demoprd00039,PRD-BAT-02,Batiment,Carrelage (m2),368.000,38.000,38.000,1.0000,0.00,19.00,19.00,false,13984.000
demolfa00021,demofac00027,FAC-2024-0027,democli00057,2024-10-17,0,demoprd00024,PRD-INF-04,Informatique,Routeur professionnel,1.000,540.000,540.000,1.0000,0.00,19.00,19.00,false,540.000
demolfa00053,demofac00028,FAC-2024-0028,democli00016,2024-10-17,0,demoprd00034,PRD-MED-01,Medical,Kit de premiers secours,6.000,75.000,75.000,1.0000,0.00,7.00,7.00,false,450.000
demolfa00054,demofac00028,FAC-2024-0028,democli00016,2024-10-17,1,demoprd00019,SRV-TRA-01,Logistique,Transport de marchandises,2.000,210.000,210.000,1.0000,0.00,7.00,7.00,false,420.000
demolfa00055,demofac00028,FAC-2024-0028,democli00016,2024-10-17,2,demoprd00035,PRD-MED-02,Medical,Gants nitrile (boite),45.000,18.000,18.000,1.0000,0.00,7.00,7.00,false,810.000
demolfa00048,demofac00029,FAC-2024-0029,democli00024,2024-10-19,0,demoprd00029,PRD-LOG-03,Logiciels,Logiciel de gestion commerciale,1.000,2900.000,2900.000,1.0000,0.00,19.00,19.00,false,2900.000
demolfa00019,demofac00030,FAC-2024-0030,democli00040,2024-10-20,0,demoprd00013,SRV-FOR-01,Formation,Formation bureautique (jour),2.000,420.000,420.000,1.0000,0.00,19.00,19.00,false,840.000
demolfa00020,demofac00030,FAC-2024-0030,democli00040,2024-10-20,1,demoprd00025,PRD-INF-05,Informatique,Onduleur 1500VA,4.000,460.000,460.000,1.0000,0.00,19.00,19.00,false,1840.000
demolfa00029,demofac00031,FAC-2024-0031,democli00036,2024-10-20,0,demoprd00008,SRV-DEV-04,Developpement,Site vitrine,1.000,2400.000,2400.000,1.0000,0.00,19.00,19.00,false,2400.000
demolfa00030,demofac00031,FAC-2024-0031,democli00036,2024-10-20,1,demoprd00005,SRV-DEV-01,Developpement,Developpement web (jour),5.000,450.000,450.000,1.0000,0.00,19.00,19.00,false,2250.000
demolfa00031,demofac00031,FAC-2024-0031,democli00036,2024-10-20,2,demoprd00007,SRV-DEV-03,Developpement,Integration ERP (jour),15.000,600.000,600.000,1.0000,12.00,19.00,19.00,false,7920.000
demolfa00047,demofac00032,FAC-2024-0032,democli00049,2024-10-20,0,demoprd00001,SRV-CONS-01,Conseil,Conseil strategique (jour),2.000,850.000,850.000,1.0000,0.00,19.00,19.00,false,1700.000
demolfa00059,demofac00033,FAC-2024-0033,democli00030,2024-10-21,0,demoprd00004,SRV-CONS-04,Conseil,Etude de marche,1.000,4500.000,4500.000,1.0000,0.00,19.00,19.00,false,4500.000
demolfa00060,demofac00033,FAC-2024-0033,democli00030,2024-10-21,1,demoprd00011,SRV-MNT-03,Maintenance,Support premium (annuel),1.000,3600.000,3600.000,1.0000,14.00,19.00,19.00,false,3096.000
demolfa00067,demofac00034,FAC-2024-0034,democli00042,2024-10-21,0,demoprd00024,PRD-INF-04,Informatique,Routeur professionnel,2.000,540.000,540.000,1.0000,7.00,19.00,19.00,false,1004.400
demolfa00068,demofac00034,FAC-2024-0034,democli00042,2024-10-21,1,demoprd00022,PRD-INF-02,Informatique,Ecran 27 pouces,2.000,690.000,690.000,1.0000,0.00,19.00,19.00,false,1380.000
demolfa00083,demofac00035,FAC-2024-0035,democli00031,2024-10-22,0,demoprd00025,PRD-INF-05,Informatique,Onduleur 1500VA,1.000,460.000,460.000,1.0000,0.00,19.00,19.00,false,460.000
demolfa00061,demofac00036,FAC-2024-0036,democli00042,2024-10-23,0,demoprd00008,SRV-DEV-04,Developpement,Site vitrine,1.000,2400.000,2400.000,1.0000,0.00,19.00,19.00,false,2400.000
demolfa00075,demofac00037,FAC-2024-0037,democli00042,2024-10-23,0,demoprd00023,PRD-INF-03,Informatique,Imprimante laser,1.000,980.000,980.000,1.0000,0.00,19.00,19.00,false,980.000
demolfa00076,demofac00037,FAC-2024-0037,democli00042,2024-10-23,1,demoprd00010,SRV-MNT-02,Maintenance,Intervention sur site,1.000,150.000,150.000,1.0000,0.00,19.00,19.00,false,150.000
demolfa00077,demofac00037,FAC-2024-0037,democli00042,2024-10-23,2,demoprd00022,PRD-INF-02,Informatique,Ecran 27 pouces,3.000,690.000,690.000,1.0000,0.00,19.00,19.00,false,2070.000
demolfa00065,demofac00038,FAC-2024-0038,democli00008,2024-10-25,0,demoprd00012,SRV-MNT-04,Maintenance,Sauvegarde externalisee,5.000,95.000,95.000,1.0000,0.00,19.00,19.00,false,475.000
demolfa00066,demofac00038,FAC-2024-0038,democli00008,2024-10-25,1,demoprd00010,SRV-MNT-02,Maintenance,Intervention sur site,4.000,150.000,150.000,1.0000,0.00,19.00,19.00,false,600.000
demolfa00022,demofac00039,FAC-2024-0039,democli00036,2024-10-27,0,demoprd00035,PRD-MED-02,Medical,Gants nitrile (boite),158.000,18.000,18.000,1.0000,15.00,7.00,7.00,false,2417.400
demolfa00071,demofac00040,FAC-2024-0040,democli00017,2024-10-27,0,demoprd00022,PRD-INF-02,Informatique,Ecran 27 pouces,12.000,690.000,690.000,1.0000,0.00,19.00,19.00,false,8280.000
demolfa00072,demofac00040,FAC-2024-0040,democli00017,2024-10-27,1,demoprd00024,PRD-INF-04,Informatique,Routeur professionnel,5.000,540.000,540.000,1.0000,0.00,19.00,19.00,false,2700.000
demolfa00084,demofac00041,FAC-2024-0041,democli00033,2024-10-28,0,demoprd00028,PRD-LOG-02,Logiciels,Licence suite bureautique,11.000,320.000,320.000,1.0000,0.00,19.00,19.00,false,3520.000
demolfa00085,demofac00041,FAC-2024-0041,democli00033,2024-10-28,1,demoprd00031,PRD-FOU-02,Fournitures,Cartouche toner,23.000,165.000,165.000,1.0000,12.00,19.00,19.00,false,3339.600
demolfa00010,demofac00042,FAC-2024-0042,democli00006,2024-10-29,0,demoprd00022,PRD-INF-02,Informatique,Ecran 27 pouces,3.000,690.000,690.000,1.0000,13.00,19.00,19.00,false,1800.900
demolfa00026,demofac00043,FAC-2024-0043,democli00015,2024-10-29,0,demoprd00029,PRD-LOG-03,Logiciels,Logiciel de gestion commerciale,1.000,2900.000,2900.000,1.0000,0.00,19.00,19.00,false,2900.000
demolfa00027,demofac00043,FAC-2024-0043,democli00015,2024-10-29,1,demoprd00021,PRD-INF-01,Informatique,Ordinateur portable pro,3.000,2350.000,2350.000,1.0000,0.00,19.00,19.00,false,7050.000
demolfa00028,demofac00043,FAC-2024-0043,democli00015,2024-10-29,2,demoprd00025,PRD-INF-05,Informatique,Onduleur 1500VA,3.000,460.000,460.000,1.0000,13.00,19.00,19.00,false,1200.600
demolfa00011,demofac00044,FAC-2024-0044,democli00048,2024-10-30,0,demoprd00031,PRD-FOU-02,Fournitures,Cartouche toner,6.000,165.000,165.000,1.0000,0.00,19.00,19.00,false,990.000
demolfa00012,demofac00045,FAC-2024-0045,democli00010,2024-10-31,0,demoprd00013,SRV-FOR-01,Formation,Formation bureautique (jour),2.000,420.000,420.000,1.0000,0.00,19.00,19.00,false,840.000
demolfa00013,demofac00045,FAC-2024-0045,democli00010,2024-10-31,1,demoprd00011,SRV-MNT-03,Maintenance,Support premium (annuel),1.000,3600.000,3600.000,1.0000,0.00,19.00,19.00,false,3600.000
demolfa00049,demofac00046,FAC-2024-0046,democli00040,2024-10-31,0,demoprd00035,PRD-MED-02,Medical,Gants nitrile (boite),222.000,18.000,18.000,1.0000,0.00,7.00,7.00,false,3996.000
demolfa00050,demofac00046,FAC-2024-0046,democli00040,2024-10-31,1,demoprd00037,PRD-AGR-02,Agroalimentaire,Dattes Deglet Nour (carton),26.000,42.000,42.000,1.0000,0.00,13.00,13.00,false,1092.000
demolfa00051,demofac00046,FAC-2024-0046,democli00040,2024-10-31,2,demoprd00018,SRV-HEB-03,Hebergement,Serveur dedie (mois),6.000,290.000,290.000,1.0000,0.00,19.00,19.00,false,1740.000
demolfa00113,demofac00047,FAC-2024-0047,democli00042,2024-11-02,0,demoprd00026,PRD-INF-06,Informatique,Disque SSD 1To,4.000,310.000,310.000,1.0000,0.00,19.00,19.00,false,1240.000
demolfa00114,demofac00047,FAC-2024-0047,democli00042,2024-11-02,1,demoprd00021,PRD-INF-01,Informatique,Ordinateur portable pro,3.000,2350.000,2350.000,1.0000,0.00,19.00,19.00,false,7050.000
demolfa00153,demofac00048,FAC-2024-0048,democli00009,2024-11-02,0,demoprd00039,PRD-BAT-02,Batiment,Carrelage (m2),107.000,38.000,38.000,1.0000,0.00,19.00,19.00,false,4066.000
demolfa00130,demofac00049,FAC-2024-0049,democli00034,2024-11-03,0,demoprd00032,PRD-FOU-03,Fournitures,Classeur archive,106.000,6.800,6.800,1.0000,0.00,19.00,19.00,false,720.800
demolfa00139,demofac00050,FAC-2024-0050,democli00009,2024-11-03,0,demoprd00039,PRD-BAT-02,Batiment,Carrelage (m2),23.000,38.000,38.000,1.0000,0.00,19.00,19.00,false,874.000
demolfa00140,demofac00050,FAC-2024-0050,democli00009,2024-11-03,1,demoprd00038,PRD-BAT-01,Batiment,Ciment (tonne),6.000,310.000,310.000,1.0000,0.00,19.00,19.00,false,1860.000
demolfa00091,demofac00051,FAC-2024-0051,democli00038,2024-11-04,0,demoprd00015,SRV-FOR-03,Formation,Formation comptabilite,2.000,650.000,650.000,1.0000,0.00,19.00,19.00,false,1300.000
demolfa00149,demofac00052,FAC-2024-0052,democli00028,2024-11-04,0,demoprd00038,PRD-BAT-01,Batiment,Ciment (tonne),38.000,310.000,310.000,1.0000,0.00,19.00,19.00,false,11780.000
demolfa00150,demofac00053,FAC-2024-0053,democli00048,2024-11-04,0,demoprd00033,PRD-FOU-04,Fournitures,Mobilier de bureau (poste),2.000,1250.000,1250.000,1.0000,0.00,19.00,19.00,false,2500.000
demolfa00151,demofac00053,FAC-2024-0053,democli00048,2024-11-04,1,demoprd00032,PRD-FOU-03,Fournitures,Classeur archive,53.000,6.800,6.800,1.0000,0.00,19.00,19.00,false,360.400
demolfa00165,demofac00054,FAC-2024-0054,democli00027,2024-11-04,0,demoprd00005,SRV-DEV-01,Developpement,Developpement web (jour),20.000,450.000,450.000,1.0000,0.00,19.00,19.00,false,9000.000
demolfa00154,demofac00055,FAC-2024-0055,democli00011,2024-11-05,0,demoprd00006,SRV-DEV-02,Developpement,Application mobile (forfait),1.000,12000.000,12000.000,1.0000,0.00,19.00,19.00,false,12000.000
demolfa00141,demofac00056,FAC-2024-0056,democli00051,2024-11-06,0,demoprd00008,SRV-DEV-04,Developpement,Site vitrine,1.000,2400.000,2400.000,1.0000,8.00,19.00,19.00,false,2208.000
demolfa00142,demofac00056,FAC-2024-0056,democli00051,2024-11-06,1,demoprd00004,SRV-CONS-04,Conseil,Etude de marche,1.000,4500.000,4500.000,1.0000,9.00,19.00,19.00,false,4095.000
demolfa00155,demofac00057,FAC-2024-0057,democli00027,2024-11-06,0,demoprd00033,PRD-FOU-04,Fournitures,Mobilier de bureau (poste),3.000,1250.000,1250.000,1.0000,0.00,19.00,19.00,false,3750.000
demolfa00156,demofac00058,FAC-2024-0058,democli00033,2024-11-06,0,demoprd00031,PRD-FOU-02,Fournitures,Cartouche toner,18.000,165.000,165.000,1.0000,0.00,19.00,19.00,false,2970.000
demolfa00116,demofac00059,FAC-2024-0059,democli00014,2024-11-07,0,demoprd00011,SRV-MNT-03,Maintenance,Support premium (annuel),1.000,3600.000,3600.000,1.0000,0.00,19.00,19.00,false,3600.000
demolfa00117,demofac00059,FAC-2024-0059,democli00014,2024-11-07,1,demoprd00005,SRV-DEV-01,Developpement,Developpement web (jour),9.000,450.000,450.000,1.0000,0.00,19.00,19.00,false,4050.000
demolfa00118,demofac00059,FAC-2024-0059,democli00014,2024-11-07,2,demoprd00010,SRV-MNT-02,Maintenance,Intervention sur site,4.000,150.000,150.000,1.0000,0.00,19.00,19.00,false,600.000
demolfa00119,demofac00060,FAC-2024-0060,democli00006,2024-11-07,0,demoprd00026,PRD-INF-06,Informatique,Disque SSD 1To,2.000,310.000,310.000,1.0000,0.00,19.00,19.00,false,620.000
demolfa00120,demofac00060,FAC-2024-0060,democli00006,2024-11-07,1,demoprd00022,PRD-INF-02,Informatique,Ecran 27 pouces,7.000,690.000,690.000,1.0000,0.00,19.00,19.00,false,4830.000
demolfa00158,demofac00061,FAC-2024-0061,democli00044,2024-11-07,0,demoprd00020,SRV-TRA-02,Logistique,Stockage entrepot (m2/mois),90.000,12.000,12.000,1.0000,0.00,19.00,19.00,false,1080.000
demolfa00159,demofac00061,FAC-2024-0061,democli00044,2024-11-07,1,demoprd00012,SRV-MNT-04,Maintenance,Sauvegarde externalisee,2.000,95.000,95.000,1.0000,0.00,19.00,19.00,false,190.000
demolfa00160,demofac00061,FAC-2024-0061,democli00044,2024-11-07,2,demoprd00033,PRD-FOU-04,Fournitures,Mobilier de bureau (poste),4.000,1250.000,1250.000,1.0000,0.00,19.00,19.00,false,5000.000
demolfa00161,demofac00061,FAC-2024-0061,democli00044,2024-11-07,3,demoprd00015,SRV-FOR-03,Formation,Formation comptabilite,2.000,650.000,650.000,1.0000,0.00,19.00,19.00,false,1300.000
demolfa00131,demofac00062,FAC-2024-0062,democli00041,2024-11-09,0,demoprd00035,PRD-MED-02,Medical,Gants nitrile (boite),400.000,18.000,18.000,1.0000,0.00,7.00,7.00,false,7200.000
demolfa00132,demofac00062,FAC-2024-0062,democli00041,2024-11-09,1,demoprd00008,SRV-DEV-04,Developpement,Site vitrine,1.000,2400.000,2400.000,1.0000,0.00,19.00,19.00,false,2400.000
demolfa00121,demofac00063,FAC-2024-0063,democli00037,2024-11-10,0,demoprd00001,SRV-CONS-01,Conseil,Conseil strategique (jour),5.000,850.000,850.000,1.0000,0.00,19.00,19.00,false,4250.000
demolfa00146,demofac00064,FAC-2024-0064,democli00060,2024-11-10,0,demoprd00025,PRD-INF-05,Informatique,Onduleur 1500VA,3.000,460.000,460.000,1.0000,5.00,19.00,19.00,false,1311.000
demolfa00147,demofac00064,FAC-2024-0064,democli00060,2024-11-10,1,demoprd00037,PRD-AGR-02,Agroalimentaire,Dattes Deglet Nour (carton),20.000,42.000,42.000,1.0000,0.00,13.00,13.00,false,840.000
demolfa00105,demofac00065,FAC-2024-0065,democli00019,2024-11-12,0,demoprd00040,PRD-BAT-03,Batiment,Peinture murale (pot 20L),9.000,145.000,145.000,1.0000,0.00,19.00,19.00,false,1305.000
demolfa00106,demofac00065,FAC-2024-0065,democli00019,2024-11-12,1,demoprd00039,PRD-BAT-02,Batiment,Carrelage (m2),96.000,38.000,38.000,1.0000,0.00,19.00,19.00,false,3648.000
demolfa00107,demofac00065,FAC-2024-0065,democli00019,2024-11-12,2,demoprd00038,PRD-BAT-01,Batiment,Ciment (tonne),49.000,310.000,310.000,1.0000,0.00,19.00,19.00,false,15190.000
demolfa00094,demofac00066,FAC-2024-0066,democli00060,2024-11-15,0,demoprd00012,SRV-MNT-04,Maintenance,Sauvegarde externalisee,4.000,95.000,95.000,1.0000,6.00,19.00,19.00,false,357.200
demolfa00095,demofac00066,FAC-2024-0066,democli00060,2024-11-15,1,demoprd00009,SRV-MNT-01,Maintenance,Maintenance mensuelle,2.000,380.000,380.000,1.0000,0.00,19.00,19.00,false,760.000
demolfa00096,demofac00066,FAC-2024-0066,democli00060,2024-11-15,2,demoprd00016,SRV-HEB-01,Hebergement,Hebergement web (annuel),1.000,540.000,540.000,1.0000,0.00,19.00,19.00,false,540.000
demolfa00097,demofac00066,FAC-2024-0066,democli00060,2024-11-15,3,demoprd00011,SRV-MNT-03,Maintenance,Support premium (annuel),1.000,3600.000,3600.000,1.0000,0.00,19.00,19.00,false,3600.000
demolfa00098,demofac00067,FAC-2024-0067,democli00004,2024-11-15,0,demoprd00036,PRD-AGR-01,Agroalimentaire,Huile d'olive extra (bidon 5L),118.000,68.000,68.000,1.0000,0.00,13.00,13.00,false,8024.000
demolfa00099,demofac00067,FAC-2024-0067,democli00004,2024-11-15,1,demoprd00037,PRD-AGR-02,Agroalimentaire,Dattes Deglet Nour (carton),500.000,42.000,42.000,1.0000,0.00,13.00,13.00,false,21000.000
demolfa00152,demofac00068,FAC-2024-0068,democli00045,2024-11-17,0,demoprd00040,PRD-BAT-03,Batiment,Peinture murale (pot 20L),41.000,145.000,145.000,1.0000,0.00,19.00,19.00,false,5945.000
demolfa00162,demofac00069,FAC-2024-0069,democli00051,2024-11-17,0,demoprd00004,SRV-CONS-04,Conseil,Etude de marche,1.000,4500.000,4500.000,1.0000,0.00,19.00,19.00,false,4500.000
demolfa00163,demofac00069,FAC-2024-0069,democli00051,2024-11-17,1,demoprd00008,SRV-DEV-04,Developpement,Site vitrine,1.000,2400.000,2400.000,1.0000,0.00,19.00,19.00,false,2400.000
demolfa00164,demofac00069,FAC-2024-0069,democli00051,2024-11-17,2,demoprd00007,SRV-DEV-03,Developpement,Integration ERP (jour),10.000,600.000,600.000,1.0000,0.00,19.00,19.00,false,6000.000
demolfa00157,demofac00070,FAC-2024-0070,democli00054,2024-11-18,0,demoprd00032,PRD-FOU-03,Fournitures,Classeur archive,252.000,6.800,6.800,1.0000,0.00,19.00,19.00,false,1713.600
demolfa00103,demofac00071,FAC-2024-0071,democli00041,2024-11-19,0,demoprd00006,SRV-DEV-02,Developpement,Application mobile (forfait),1.000,12000.000,12000.000,1.0000,0.00,19.00,19.00,false,12000.000
demolfa00115,demofac00072,FAC-2024-0072,democli00026,2024-11-19,0,demoprd00027,PRD-LOG-01,Logiciels,Licence antivirus (poste),35.000,85.000,85.000,1.0000,6.00,19.00,19.00,false,2796.500
demolfa00122,demofac00073,FAC-2024-0073,democli00057,2024-11-19,0,demoprd00025,PRD-INF-05,Informatique,Onduleur 1500VA,3.000,460.000,460.000,1.0000,6.00,19.00,19.00,false,1297.200
demolfa00123,demofac00073,FAC-2024-0073,democli00057,2024-11-19,1,demoprd00006,SRV-DEV-02,Developpement,Application mobile (forfait),1.000,12000.000,12000.000,1.0000,0.00,19.00,19.00,false,12000.000
demolfa00124,demofac00074,FAC-2024-0074,democli00018,2024-11-20,0,demoprd00020,SRV-TRA-02,Logistique,Stockage entrepot (m2/mois),225.000,12.000,12.000,1.0000,0.00,19.00,19.00,false,2700.000
demolfa00108,demofac00075,FAC-2024-0075,democli00042,2024-11-21,0,demoprd00021,PRD-INF-01,Informatique,Ordinateur portable pro,2.000,2350.000,2350.000,1.0000,0.00,19.00,19.00,false,4700.000
demolfa00109,demofac00075,FAC-2024-0075,democli00042,2024-11-21,1,demoprd00026,PRD-INF-06,Informatique,Disque SSD 1To,6.000,310.000,310.000,1.0000,0.00,19.00,19.00,false,1860.000
demolfa00133,demofac00076,FAC-2024-0076,democli00055,2024-11-21,0,demoprd00027,PRD-LOG-01,Logiciels,Licence antivirus (poste),60.000,85.000,85.000,1.0000,0.00,19.00,19.00,false,5100.000
demolfa00134,demofac00077,FAC-2024-0077,democli00048,2024-11-21,0,demoprd00033,PRD-FOU-04,Fournitures,Mobilier de bureau (poste),4.000,1250.000,1250.000,1.0000,6.00,19.00,19.00,false,4700.000
demolfa00135,demofac00078,FAC-2024-0078,democli00055,2024-11-21,0,demoprd00027,PRD-LOG-01,Logiciels,Licence antivirus (poste),8.000,85.000,85.000,1.0000,0.00,19.00,19.00,false,680.000
demolfa00136,demofac00078,FAC-2024-0078,democli00055,2024-11-21,1,demoprd00029,PRD-LOG-03,Logiciels,Logiciel de gestion commerciale,3.000,2900.000,2900.000,1.0000,0.00,19.00,19.00,false,8700.000
demolfa00137,demofac00079,FAC-2024-0079,democli00011,2024-11-21,0,demoprd00017,SRV-HEB-02,Hebergement,Nom de domaine .tn,1.000,45.000,45.000,1.0000,0.00,19.00,19.00,false,45.000
demolfa00138,demofac00079,FAC-2024-0079,democli00011,2024-11-21,1,demoprd00008,SRV-DEV-04,Developpement,Site vitrine,1.000,2400.000,2400.000,1.0000,0.00,19.00,19.00,false,2400.000
demolfa00148,demofac00080,FAC-2024-0080,democli00030,2024-11-21,0,demoprd00007,SRV-DEV-03,Developpement,Integration ERP (jour),11.000,600.000,600.000,1.0000,0.00,19.00,19.00,false,6600.000
demolfa00090,demofac00081,FAC-2024-0081,democli00058,2024-11-23,0,demoprd00019,SRV-TRA-01,Logistique,Transport de marchandises,2.000,210.000,210.000,1.0000,0.00,7.00,7.00,false,420.000
demolfa00125,demofac00082,FAC-2024-0082,democli00048,2024-11-23,0,demoprd00032,PRD-FOU-03,Fournitures,Classeur archive,58.000,6.800,6.800,1.0000,0.00,19.00,19.00,false,394.400
demolfa00126,demofac00082,FAC-2024-0082,democli00048,2024-11-23,1,demoprd00030,PRD-FOU-01,Fournitures,Ramette papier A4,117.000,14.500,14.500,1.0000,0.00,19.00,19.00,false,1696.500
demolfa00127,demofac00082,FAC-2024-0082,democli00048,2024-11-23,2,demoprd00028,PRD-LOG-02,Logiciels,Licence suite bureautique,1.000,320.000,320.000,1.0000,0.00,19.00,19.00,false,320.000
demolfa00143,demofac00083,FAC-2024-0083,democli00010,2024-11-24,0,demoprd00023,PRD-INF-03,Informatique,Imprimante laser,1.000,980.000,980.000,1.0000,8.00,19.00,19.00,false,901.600
demolfa00144,demofac00083,FAC-2024-0083,democli00010,2024-11-24,1,demoprd00030,PRD-FOU-01,Fournitures,Ramette papier A4,200.000,14.500,14.500,1.0000,0.00,19.00,19.00,false,2900.000
demolfa00145,demofac00083,FAC-2024-0083,democli00010,2024-11-24,2,demoprd00019,SRV-TRA-01,Logistique,Transport de marchandises,10.000,210.000,210.000,1.0000,0.00,7.00,7.00,false,2100.000
demolfa00100,demofac00084,FAC-2024-0084,democli00002,2024-11-25,0,demoprd00033,PRD-FOU-04,Fournitures,Mobilier de bureau (poste),4.000,1250.000,1250.000,1.0000,0.00,19.00,19.00,false,5000.000
demolfa00101,demofac00084,FAC-2024-0084,democli00002,2024-11-25,1,demoprd00030,PRD-FOU-01,Fournitures,Ramette papier A4,61.000,14.500,14.500,1.0000,0.00,19.00,19.00,false,884.500
demolfa00102,demofac00084,FAC-2024-0084,democli00002,2024-11-25,2,demoprd00024,PRD-INF-04,Informatique,Routeur professionnel,4.000,540.000,540.000,1.0000,0.00,19.00,19.00,false,2160.000
demolfa00128,demofac00085,FAC-2024-0085,democli00039,2024-11-27,0,demoprd00037,PRD-AGR-02,Agroalimentaire,Dattes Deglet Nour (carton),341.000,42.000,42.000,1.0000,0.00,13.00,13.00,false,14322.000
demolfa00129,demofac00085,FAC-2024-0085,democli00039,2024-11-27,1,demoprd00016,SRV-HEB-01,Hebergement,Hebergement web (annuel),3.000,540.000,540.000,1.0000,0.00,19.00,19.00,false,1620.000
demolfa00110,demofac00086,FAC-2024-0086,democli00046,2024-11-28,0,demoprd00023,PRD-INF-03,Informatique,Imprimante laser,3.000,980.000,980.000,1.0000,0.00,19.00,19.00,false,2940.000
demolfa00111,demofac00086,FAC-2024-0086,democli00046,2024-11-28,1,demoprd00025,PRD-INF-05,Informatique,Onduleur 1500VA,6.000,460.000,460.000,1.0000,0.00,19.00,19.00,false,2760.000
demolfa00112,demofac00086,FAC-2024-0086,democli00046,2024-11-28,2,demoprd00024,PRD-INF-04,Informatique,Routeur professionnel,2.000,540.000,540.000,1.0000,0.00,19.00,19.00,false,1080.000
demolfa00092,demofac00087,FAC-2024-0087,democli00047,2024-11-30,0,demoprd00033,PRD-FOU-04,Fournitures,Mobilier de bureau (poste),6.000,1250.000,1250.000,1.0000,0.00,19.00,19.00,false,7500.000
demolfa00093,demofac00087,FAC-2024-0087,democli00047,2024-11-30,1,demoprd00030,PRD-FOU-01,Fournitures,Ramette papier A4,35.000,14.500,14.500,1.0000,0.00,19.00,19.00,false,507.500
demolfa00104,demofac00088,FAC-2024-0088,democli00001,2024-11-30,0,demoprd00005,SRV-DEV-01,Developpement,Developpement web (jour),19.000,450.000,450.000,1.0000,0.00,19.00,19.00,false,8550.000
demolfa00195,demofac00089,FAC-2024-0089,democli00009,2024-12-01,0,demoprd00038,PRD-BAT-01,Batiment,Ciment (tonne),4.000,310.000,310.000,1.0000,0.00,19.00,19.00,false,1240.000
demolfa00253,demofac00090,FAC-2024-0090,democli00020,2024-12-02,0,demoprd00035,PRD-MED-02,Medical,Gants nitrile (boite),15.000,18.000,18.000,1.0000,0.00,7.00,7.00,false,270.000
demolfa00254,demofac00090,FAC-2024-0090,democli00020,2024-12-02,1,demoprd00006,SRV-DEV-02,Developpement,Application mobile (forfait),1.000,12000.000,12000.000,1.0000,0.00,19.00,19.00,false,12000.000
demolfa00173,demofac00091,FAC-2024-0091,democli00032,2024-12-03,0,demoprd00012,SRV-MNT-04,Maintenance,Sauvegarde externalisee,4.000,95.000,95.000,1.0000,0.00,19.00,19.00,false,380.000
demolfa00174,demofac00091,FAC-2024-0091,democli00032,2024-12-03,1,demoprd00006,SRV-DEV-02,Developpement,Application mobile (forfait),1.000,12000.000,12000.000,1.0000,0.00,19.00,19.00,false,12000.000
demolfa00175,demofac00091,FAC-2024-0091,democli00032,2024-12-03,2,demoprd00009,SRV-MNT-01,Maintenance,Maintenance mensuelle,3.000,380.000,380.000,1.0000,0.00,19.00,19.00,false,1140.000
demolfa00233,demofac00092,FAC-2024-0092,democli00021,2024-12-03,0,demoprd00027,PRD-LOG-01,Logiciels,Licence antivirus (poste),19.000,85.000,85.000,1.0000,0.00,19.00,19.00,false,1615.000
demolfa00234,demofac00092,FAC-2024-0092,democli00021,2024-12-03,1,demoprd00014,SRV-FOR-02,Formation,Formation cybersecurite,1.000,1800.000,1800.000,1.0000,0.00,19.00,19.00,false,1800.000
demolfa00167,demofac00093,FAC-2024-0093,democli00047,2024-12-04,0,demoprd00032,PRD-FOU-03,Fournitures,Classeur archive,25.000,6.800,6.800,1.0000,0.00,19.00,19.00,false,170.000
demolfa00226,demofac00094,FAC-2024-0094,democli00017,2024-12-04,0,demoprd00025,PRD-INF-05,Informatique,Onduleur 1500VA,1.000,460.000,460.000,1.0000,0.00,19.00,19.00,false,460.000
demolfa00212,demofac00095,FAC-2024-0095,democli00005,2024-12-05,0,demoprd00031,PRD-FOU-02,Fournitures,Cartouche toner,17.000,165.000,165.000,1.0000,0.00,19.00,19.00,false,2805.000
demolfa02374,demofac00096,FAC-2024-0096,democli00005,2024-12-05,0,demoprd00031,PRD-FOU-02,Fournitures,Cartouche toner,17.000,165.000,165.000,1.0000,0.00,19.00,19.00,false,2805.000
demolfa00250,demofac00097,FAC-2024-0097,democli00009,2024-12-06,0,demoprd00040,PRD-BAT-03,Batiment,Peinture murale (pot 20L),22.000,145.000,145.000,1.0000,0.00,19.00,19.00,false,3190.000
demolfa00200,demofac00098,FAC-2024-0098,democli00059,2024-12-07,0,demoprd00037,PRD-AGR-02,Agroalimentaire,Dattes Deglet Nour (carton),148.000,42.000,42.000,1.0000,0.00,13.00,13.00,false,6216.000
demolfa00201,demofac00098,FAC-2024-0098,democli00059,2024-12-07,1,demoprd00016,SRV-HEB-01,Hebergement,Hebergement web (annuel),1.000,540.000,540.000,1.0000,6.00,19.00,19.00,false,507.600
demolfa00202,demofac00098,FAC-2024-0098,democli00059,2024-12-07,2,demoprd00005,SRV-DEV-01,Developpement,Developpement web (jour),4.000,450.000,450.000,1.0000,0.00,19.00,19.00,false,1800.000
demolfa00208,demofac00099,FAC-2024-0099,democli00006,2024-12-07,0,demoprd00025,PRD-INF-05,Informatique,Onduleur 1500VA,4.000,460.000,460.000,1.0000,0.00,19.00,19.00,false,1840.000
demolfa00229,demofac00100,FAC-2024-0100,democli00049,2024-12-08,0,demoprd00029,PRD-LOG-03,Logiciels,Logiciel de gestion commerciale,1.000,2900.000,2900.000,1.0000,0.00,19.00,19.00,false,2900.000
demolfa00267,demofac00101,FAC-2024-0101,democli00059,2024-12-08,0,demoprd00037,PRD-AGR-02,Agroalimentaire,Dattes Deglet Nour (carton),68.000,42.000,42.000,1.0000,0.00,13.00,13.00,false,2856.000
demolfa00268,demofac00101,FAC-2024-0101,democli00059,2024-12-08,1,demoprd00016,SRV-HEB-01,Hebergement,Hebergement web (annuel),2.000,540.000,540.000,1.0000,0.00,19.00,19.00,false,1080.000
demolfa00269,demofac00101,FAC-2024-0101,democli00059,2024-12-08,2,demoprd00002,SRV-CONS-02,Conseil,Audit organisationnel,1.000,3200.000,3200.000,1.0000,0.00,19.00,19.00,false,3200.000
demolfa00270,demofac00101,FAC-2024-0101,democli00059,2024-12-08,3,demoprd00036,PRD-AGR-01,Agroalimentaire,Huile d'olive extra (bidon 5L),110.000,68.000,68.000,1.0000,0.00,13.00,13.00,false,7480.000
demolfa00182,demofac00102,FAC-2024-0102,democli00030,2024-12-09,0,demoprd00003,SRV-CONS-03,Conseil,Accompagnement fiscal (heure),19.000,120.000,120.000,1.0000,0.00,19.00,19.00,false,2280.000
demolfa00258,demofac00103,FAC-2024-0103,democli00049,2024-12-09,0,demoprd00002,SRV-CONS-02,Conseil,Audit organisationnel,1.000,3200.000,3200.000,1.0000,0.00,19.00,19.00,false,3200.000
demolfa00259,demofac00103,FAC-2024-0103,democli00049,2024-12-09,1,demoprd00004,SRV-CONS-04,Conseil,Etude de marche,1.000,4500.000,4500.000,1.0000,0.00,19.00,19.00,false,4500.000
demolfa00260,demofac00103,FAC-2024-0103,democli00049,2024-12-09,2,demoprd00003,SRV-CONS-03,Conseil,Accompagnement fiscal (heure),7.000,120.000,120.000,1.0000,0.00,19.00,19.00,false,840.000
demolfa00261,demofac00103,FAC-2024-0103,democli00049,2024-12-09,3,demoprd00028,PRD-LOG-02,Logiciels,Licence suite bureautique,10.000,320.000,320.000,1.0000,0.00,19.00,19.00,false,3200.000
demolfa00183,demofac00104,FAC-2024-0104,democli00042,2024-12-10,0,demoprd00028,PRD-LOG-02,Logiciels,Licence suite bureautique,13.000,320.000,320.000,1.0000,14.00,19.00,19.00,false,3577.600
demolfa00184,demofac00104,FAC-2024-0104,democli00042,2024-12-10,1,demoprd00022,PRD-INF-02,Informatique,Ecran 27 pouces,4.000,690.000,690.000,1.0000,0.00,19.00,19.00,false,2760.000
demolfa00227,demofac00105,FAC-2024-0105,democli00019,2024-12-10,0,demoprd00038,PRD-BAT-01,Batiment,Ciment (tonne),60.000,310.000,310.000,1.0000,14.00,19.00,19.00,false,15996.000
demolfa00228,demofac00105,FAC-2024-0105,democli00019,2024-12-10,1,demoprd00034,PRD-MED-01,Medical,Kit de premiers secours,27.000,75.000,75.000,1.0000,0.00,7.00,7.00,false,2025.000
demolfa00209,demofac00106,FAC-2024-0106,democli00019,2024-12-11,0,demoprd00039,PRD-BAT-02,Batiment,Carrelage (m2),800.000,38.000,38.000,1.0000,0.00,19.00,19.00,false,30400.000
demolfa00210,demofac00106,FAC-2024-0106,democli00019,2024-12-11,1,demoprd00005,SRV-DEV-01,Developpement,Developpement web (jour),9.000,450.000,450.000,1.0000,0.00,19.00,19.00,false,4050.000
demolfa00211,demofac00106,FAC-2024-0106,democli00019,2024-12-11,2,demoprd00016,SRV-HEB-01,Hebergement,Hebergement web (annuel),2.000,540.000,540.000,1.0000,0.00,19.00,19.00,false,1080.000
demolfa00220,demofac00107,FAC-2024-0107,democli00057,2024-12-11,0,demoprd00024,PRD-INF-04,Informatique,Routeur professionnel,3.000,540.000,540.000,1.0000,0.00,19.00,19.00,false,1620.000
demolfa00221,demofac00107,FAC-2024-0107,democli00057,2024-12-11,1,demoprd00007,SRV-DEV-03,Developpement,Integration ERP (jour),9.000,600.000,600.000,1.0000,0.00,19.00,19.00,false,5400.000
demolfa00177,demofac00109,FAC-2024-0109,democli00046,2024-12-12,0,demoprd00012,SRV-MNT-04,Maintenance,Sauvegarde externalisee,6.000,95.000,95.000,1.0000,11.00,19.00,19.00,false,507.300
demolfa00257,demofac00110,FAC-2024-0110,democli00019,2024-12-12,0,demoprd00038,PRD-BAT-01,Batiment,Ciment (tonne),60.000,310.000,310.000,1.0000,0.00,19.00,19.00,false,18600.000
demolfa00196,demofac00111,FAC-2024-0111,democli00010,2024-12-14,0,demoprd00019,SRV-TRA-01,Logistique,Transport de marchandises,4.000,210.000,210.000,1.0000,0.00,7.00,7.00,false,840.000
demolfa00197,demofac00111,FAC-2024-0111,democli00010,2024-12-14,1,demoprd00014,SRV-FOR-02,Formation,Formation cybersecurite,2.000,1800.000,1800.000,1.0000,0.00,19.00,19.00,false,3600.000
demolfa00186,demofac00112,FAC-2024-0112,democli00034,2024-12-15,0,demoprd00018,SRV-HEB-03,Hebergement,Serveur dedie (mois),7.000,290.000,290.000,1.0000,0.00,19.00,19.00,false,2030.000
demolfa00187,demofac00112,FAC-2024-0112,democli00034,2024-12-15,1,demoprd00004,SRV-CONS-04,Conseil,Etude de marche,1.000,4500.000,4500.000,1.0000,0.00,19.00,19.00,false,4500.000
demolfa00188,demofac00112,FAC-2024-0112,democli00034,2024-12-15,2,demoprd00010,SRV-MNT-02,Maintenance,Intervention sur site,5.000,150.000,150.000,1.0000,0.00,19.00,19.00,false,750.000
demolfa00216,demofac00113,FAC-2024-0113,democli00037,2024-12-15,0,demoprd00014,SRV-FOR-02,Formation,Formation cybersecurite,1.000,1800.000,1800.000,1.0000,0.00,19.00,19.00,false,1800.000
demolfa00217,demofac00113,FAC-2024-0113,democli00037,2024-12-15,1,demoprd00003,SRV-CONS-03,Conseil,Accompagnement fiscal (heure),16.000,120.000,120.000,1.0000,0.00,19.00,19.00,false,1920.000
demolfa00218,demofac00113,FAC-2024-0113,democli00037,2024-12-15,2,demoprd00040,PRD-BAT-03,Batiment,Peinture murale (pot 20L),46.000,145.000,145.000,1.0000,0.00,19.00,19.00,false,6670.000
demolfa00230,demofac00114,FAC-2024-0114,democli00033,2024-12-15,0,demoprd00033,PRD-FOU-04,Fournitures,Mobilier de bureau (poste),3.000,1250.000,1250.000,1.0000,0.00,19.00,19.00,false,3750.000
demolfa00231,demofac00114,FAC-2024-0114,democli00033,2024-12-15,1,demoprd00030,PRD-FOU-01,Fournitures,Ramette papier A4,198.000,14.500,14.500,1.0000,0.00,19.00,19.00,false,2871.000
demolfa00232,demofac00114,FAC-2024-0114,democli00033,2024-12-15,2,demoprd00035,PRD-MED-02,Medical,Gants nitrile (boite),26.000,18.000,18.000,1.0000,0.00,7.00,7.00,false,468.000
demolfa00238,demofac00115,FAC-2024-0115,democli00027,2024-12-15,0,demoprd00024,PRD-INF-04,Informatique,Routeur professionnel,5.000,540.000,540.000,1.0000,0.00,19.00,19.00,false,2700.000
demolfa00241,demofac00116,FAC-2024-0116,democli00044,2024-12-15,0,demoprd00011,SRV-MNT-03,Maintenance,Support premium (annuel),1.000,3600.000,3600.000,1.0000,0.00,19.00,19.00,false,3600.000
demolfa00213,demofac00117,FAC-2024-0117,democli00045,2024-12-16,0,demoprd00033,PRD-FOU-04,Fournitures,Mobilier de bureau (poste),10.000,1250.000,1250.000,1.0000,0.00,19.00,19.00,false,12500.000
demolfa00214,demofac00117,FAC-2024-0117,democli00045,2024-12-16,1,demoprd00039,PRD-BAT-02,Batiment,Carrelage (m2),421.000,38.000,38.000,1.0000,0.00,19.00,19.00,false,15998.000
demolfa00255,demofac00118,FAC-2024-0118,democli00009,2024-12-16,0,demoprd00040,PRD-BAT-03,Batiment,Peinture murale (pot 20L),22.000,145.000,145.000,1.0000,0.00,19.00,19.00,false,3190.000
demolfa00256,demofac00118,FAC-2024-0118,democli00009,2024-12-16,1,demoprd00039,PRD-BAT-02,Batiment,Carrelage (m2),96.000,38.000,38.000,1.0000,11.00,19.00,19.00,false,3246.720
demolfa00271,demofac00119,FAC-2024-0119,democli00042,2024-12-16,0,demoprd00007,SRV-DEV-03,Developpement,Integration ERP (jour),4.000,600.000,600.000,1.0000,5.00,19.00,19.00,false,2280.000
demolfa00198,demofac00120,FAC-2024-0120,democli00013,2024-12-17,0,demoprd00006,SRV-DEV-02,Developpement,Application mobile (forfait),1.000,12000.000,12000.000,1.0000,0.00,19.00,19.00,false,12000.000
demolfa00199,demofac00120,FAC-2024-0120,democli00013,2024-12-17,1,demoprd00032,PRD-FOU-03,Fournitures,Classeur archive,300.000,6.800,6.800,1.0000,0.00,19.00,19.00,false,2040.000
demolfa00203,demofac00121,FAC-2024-0121,democli00011,2024-12-17,0,demoprd00012,SRV-MNT-04,Maintenance,Sauvegarde externalisee,6.000,95.000,95.000,1.0000,0.00,19.00,19.00,false,570.000
demolfa00204,demofac00121,FAC-2024-0121,democli00011,2024-12-17,1,demoprd00005,SRV-DEV-01,Developpement,Developpement web (jour),176.000,450.000,450.000,1.0000,0.00,19.00,19.00,false,79200.000
demolfa00205,demofac00121,FAC-2024-0121,democli00011,2024-12-17,2,demoprd00010,SRV-MNT-02,Maintenance,Intervention sur site,3.000,150.000,150.000,1.0000,0.00,19.00,19.00,false,450.000
demolfa00265,demofac00122,FAC-2024-0122,democli00028,2024-12-18,0,demoprd00039,PRD-BAT-02,Batiment,Carrelage (m2),91.000,38.000,38.000,1.0000,0.00,19.00,19.00,false,3458.000
demolfa00266,demofac00122,FAC-2024-0122,democli00028,2024-12-18,1,demoprd00017,SRV-HEB-02,Hebergement,Nom de domaine .tn,1.000,45.000,45.000,1.0000,0.00,19.00,19.00,false,45.000
demolfa00185,demofac00123,FAC-2024-0123,democli00005,2024-12-19,0,demoprd00007,SRV-DEV-03,Developpement,Integration ERP (jour),15.000,600.000,600.000,1.0000,0.00,19.00,19.00,false,9000.000
demolfa00219,demofac00124,FAC-2024-0124,democli00038,2024-12-19,0,demoprd00014,SRV-FOR-02,Formation,Formation cybersecurite,1.000,1800.000,1800.000,1.0000,0.00,19.00,19.00,false,1800.000
demolfa00251,demofac00125,FAC-2024-0125,democli00055,2024-12-19,0,demoprd00029,PRD-LOG-03,Logiciels,Logiciel de gestion commerciale,3.000,2900.000,2900.000,1.0000,0.00,19.00,19.00,false,8700.000
demolfa00252,demofac00125,FAC-2024-0125,democli00055,2024-12-19,1,demoprd00027,PRD-LOG-01,Logiciels,Licence antivirus (poste),86.000,85.000,85.000,1.0000,0.00,19.00,19.00,false,7310.000
demolfa00262,demofac00126,FAC-2024-0126,democli00041,2024-12-19,0,demoprd00034,PRD-MED-01,Medical,Kit de premiers secours,40.000,75.000,75.000,1.0000,0.00,7.00,7.00,false,3000.000
demolfa00168,demofac00127,FAC-2024-0127,democli00008,2024-12-21,0,demoprd00012,SRV-MNT-04,Maintenance,Sauvegarde externalisee,3.000,95.000,95.000,1.0000,0.00,19.00,19.00,false,285.000
demolfa00169,demofac00127,FAC-2024-0127,democli00008,2024-12-21,1,demoprd00011,SRV-MNT-03,Maintenance,Support premium (annuel),1.000,3600.000,3600.000,1.0000,12.00,19.00,19.00,false,3168.000
demolfa00170,demofac00127,FAC-2024-0127,democli00008,2024-12-21,2,demoprd00024,PRD-INF-04,Informatique,Routeur professionnel,2.000,540.000,540.000,1.0000,0.00,19.00,19.00,false,1080.000
demolfa00171,demofac00127,FAC-2024-0127,democli00008,2024-12-21,3,demoprd00025,PRD-INF-05,Informatique,Onduleur 1500VA,4.000,460.000,460.000,1.0000,0.00,19.00,19.00,false,1840.000
demolfa00215,demofac00128,FAC-2024-0128,democli00042,2024-12-22,0,demoprd00012,SRV-MNT-04,Maintenance,Sauvegarde externalisee,4.000,95.000,95.000,1.0000,0.00,19.00,19.00,false,380.000
demolfa00222,demofac00129,FAC-2024-0129,democli00019,2024-12-22,0,demoprd00018,SRV-HEB-03,Hebergement,Serveur dedie (mois),12.000,290.000,290.000,1.0000,0.00,19.00,19.00,false,3480.000
demolfa00223,demofac00129,FAC-2024-0129,democli00019,2024-12-22,1,demoprd00038,PRD-BAT-01,Batiment,Ciment (tonne),60.000,310.000,310.000,1.0000,0.00,19.00,19.00,false,18600.000
demolfa00224,demofac00129,FAC-2024-0129,democli00019,2024-12-22,2,demoprd00034,PRD-MED-01,Medical,Kit de premiers secours,40.000,75.000,75.000,1.0000,0.00,7.00,7.00,false,3000.000
demolfa00225,demofac00129,FAC-2024-0129,democli00019,2024-12-22,3,demoprd00035,PRD-MED-02,Medical,Gants nitrile (boite),274.000,18.000,18.000,1.0000,0.00,7.00,7.00,false,4932.000
demolfa00239,demofac00130,FAC-2024-0130,democli00025,2024-12-23,0,demoprd00014,SRV-FOR-02,Formation,Formation cybersecurite,1.000,1800.000,1800.000,1.0000,0.00,19.00,19.00,false,1800.000
demolfa00240,demofac00130,FAC-2024-0130,democli00025,2024-12-23,1,demoprd00013,SRV-FOR-01,Formation,Formation bureautique (jour),2.000,420.000,420.000,1.0000,0.00,19.00,19.00,false,840.000
demolfa00178,demofac00131,FAC-2024-0131,democli00026,2024-12-24,0,demoprd00029,PRD-LOG-03,Logiciels,Logiciel de gestion commerciale,2.000,2900.000,2900.000,1.0000,0.00,19.00,19.00,false,5800.000
demolfa00179,demofac00131,FAC-2024-0131,democli00026,2024-12-24,1,demoprd00036,PRD-AGR-01,Agroalimentaire,Huile d'olive extra (bidon 5L),94.000,68.000,68.000,1.0000,0.00,13.00,13.00,false,6392.000
demolfa00180,demofac00131,FAC-2024-0131,democli00026,2024-12-24,2,demoprd00032,PRD-FOU-03,Fournitures,Classeur archive,54.000,6.800,6.800,1.0000,0.00,19.00,19.00,false,367.200
demolfa00181,demofac00131,FAC-2024-0131,democli00026,2024-12-24,3,demoprd00015,SRV-FOR-03,Formation,Formation comptabilite,2.000,650.000,650.000,1.0000,15.00,19.00,19.00,false,1105.000
demolfa00193,demofac00132,FAC-2024-0132,democli00030,2024-12-24,0,demoprd00002,SRV-CONS-02,Conseil,Audit organisationnel,1.000,3200.000,3200.000,1.0000,0.00,19.00,19.00,false,3200.000
demolfa00194,demofac00132,FAC-2024-0132,democli00030,2024-12-24,1,demoprd00007,SRV-DEV-03,Developpement,Integration ERP (jour),15.000,600.000,600.000,1.0000,0.00,19.00,19.00,false,9000.000
demolfa00190,demofac00133,FAC-2024-0133,democli00037,2024-12-26,0,demoprd00001,SRV-CONS-01,Conseil,Conseil strategique (jour),3.000,850.000,850.000,1.0000,0.00,19.00,19.00,false,2550.000
demolfa00191,demofac00133,FAC-2024-0133,democli00037,2024-12-26,1,demoprd00029,PRD-LOG-03,Logiciels,Logiciel de gestion commerciale,1.000,2900.000,2900.000,1.0000,0.00,19.00,19.00,false,2900.000
demolfa00192,demofac00133,FAC-2024-0133,democli00037,2024-12-26,2,demoprd00002,SRV-CONS-02,Conseil,Audit organisationnel,1.000,3200.000,3200.000,1.0000,0.00,19.00,19.00,false,3200.000
demolfa00245,demofac00135,FAC-2024-0135,democli00049,2024-12-26,0,demoprd00004,SRV-CONS-04,Conseil,Etude de marche,1.000,4500.000,4500.000,1.0000,0.00,19.00,19.00,false,4500.000
demolfa00206,demofac00136,FAC-2024-0136,democli00019,2024-12-27,0,demoprd00039,PRD-BAT-02,Batiment,Carrelage (m2),188.000,38.000,38.000,1.0000,5.00,19.00,19.00,false,6786.800
demolfa00207,demofac00136,FAC-2024-0136,democli00019,2024-12-27,1,demoprd00013,SRV-FOR-01,Formation,Formation bureautique (jour),1.000,420.000,420.000,1.0000,0.00,19.00,19.00,false,420.000
demolfa00263,demofac00137,FAC-2024-0137,democli00030,2024-12-27,0,demoprd00008,SRV-DEV-04,Developpement,Site vitrine,1.000,2400.000,2400.000,1.0000,0.00,19.00,19.00,false,2400.000
demolfa00264,demofac00137,FAC-2024-0137,democli00030,2024-12-27,1,demoprd00004,SRV-CONS-04,Conseil,Etude de marche,1.000,4500.000,4500.000,1.0000,0.00,19.00,19.00,false,4500.000
demolfa00246,demofac00138,FAC-2024-0138,democli00019,2024-12-29,0,demoprd00039,PRD-BAT-02,Batiment,Carrelage (m2),800.000,38.000,38.000,1.0000,0.00,19.00,19.00,false,30400.000
demolfa00247,demofac00138,FAC-2024-0138,democli00019,2024-12-29,1,demoprd00038,PRD-BAT-01,Batiment,Ciment (tonne),45.000,310.000,310.000,1.0000,0.00,19.00,19.00,false,13950.000
demolfa00248,demofac00138,FAC-2024-0138,democli00019,2024-12-29,2,demoprd00035,PRD-MED-02,Medical,Gants nitrile (boite),400.000,18.000,18.000,1.0000,7.00,7.00,7.00,false,6696.000
demolfa00249,demofac00138,FAC-2024-0138,democli00019,2024-12-29,3,demoprd00034,PRD-MED-01,Medical,Kit de premiers secours,40.000,75.000,75.000,1.0000,0.00,7.00,7.00,false,3000.000
demolfa00272,demofac00139,FAC-2024-0139,democli00053,2024-12-29,0,demoprd00009,SRV-MNT-01,Maintenance,Maintenance mensuelle,2.000,380.000,380.000,1.0000,0.00,19.00,19.00,false,760.000
demolfa00273,demofac00139,FAC-2024-0139,democli00053,2024-12-29,1,demoprd00012,SRV-MNT-04,Maintenance,Sauvegarde externalisee,10.000,95.000,95.000,1.0000,12.00,19.00,19.00,false,836.000
demolfa00242,demofac00140,FAC-2024-0140,democli00041,2024-12-30,0,demoprd00006,SRV-DEV-02,Developpement,Application mobile (forfait),1.000,12000.000,12000.000,1.0000,0.00,19.00,19.00,false,12000.000
demolfa00243,demofac00140,FAC-2024-0140,democli00041,2024-12-30,1,demoprd00007,SRV-DEV-03,Developpement,Integration ERP (jour),14.000,600.000,600.000,1.0000,0.00,19.00,19.00,false,8400.000
demolfa00244,demofac00140,FAC-2024-0140,democli00041,2024-12-30,2,demoprd00003,SRV-CONS-03,Conseil,Accompagnement fiscal (heure),12.000,120.000,120.000,1.0000,0.00,19.00,19.00,false,1440.000
demolfa00172,demofac00141,FAC-2024-0141,democli00054,2024-12-31,0,demoprd00031,PRD-FOU-02,Fournitures,Cartouche toner,19.000,165.000,165.000,1.0000,0.00,19.00,19.00,false,3135.000
demolfa00176,demofac00142,FAC-2024-0142,democli00025,2024-12-31,0,demoprd00039,PRD-BAT-02,Batiment,Carrelage (m2),247.000,38.000,38.000,1.0000,0.00,19.00,19.00,false,9386.000
demolfa00189,demofac00143,FAC-2024-0143,democli00008,2024-12-31,0,demoprd00011,SRV-MNT-03,Maintenance,Support premium (annuel),1.000,3600.000,3600.000,1.0000,0.00,19.00,19.00,false,3600.000
demolfa00292,demofac00144,FAC-2025-0001,democli00043,2025-01-01,0,demoprd00020,SRV-TRA-02,Logistique,Stockage entrepot (m2/mois),186.000,12.000,12.000,1.0000,0.00,19.00,19.00,false,2232.000
demolfa00293,demofac00144,FAC-2025-0001,democli00043,2025-01-01,1,demoprd00017,SRV-HEB-02,Hebergement,Nom de domaine .tn,1.000,45.000,45.000,1.0000,0.00,19.00,19.00,false,45.000
demolfa00294,demofac00144,FAC-2025-0001,democli00043,2025-01-01,2,demoprd00019,SRV-TRA-01,Logistique,Transport de marchandises,2.000,210.000,210.000,1.0000,0.00,7.00,7.00,false,420.000
demolfa00315,demofac00145,FAC-2025-0002,democli00028,2025-01-01,0,demoprd00008,SRV-DEV-04,Developpement,Site vitrine,1.000,2400.000,2400.000,1.0000,13.00,19.00,19.00,false,2088.000
demolfa00335,demofac00146,FAC-2025-0003,democli00042,2025-01-02,0,demoprd00021,PRD-INF-01,Informatique,Ordinateur portable pro,3.000,2350.000,2350.000,1.0000,0.00,19.00,19.00,false,7050.000
demolfa00336,demofac00146,FAC-2025-0003,democli00042,2025-01-02,1,demoprd00022,PRD-INF-02,Informatique,Ecran 27 pouces,3.000,690.000,690.000,1.0000,0.00,19.00,19.00,false,2070.000
demolfa00337,demofac00146,FAC-2025-0003,democli00042,2025-01-02,2,demoprd00023,PRD-INF-03,Informatique,Imprimante laser,2.000,980.000,980.000,1.0000,0.00,19.00,19.00,false,1960.000
demolfa00343,demofac00147,FAC-2025-0004,democli00008,2025-01-02,0,demoprd00023,PRD-INF-03,Informatique,Imprimante laser,2.000,980.000,980.000,1.0000,0.00,19.00,19.00,false,1960.000
demolfa00344,demofac00147,FAC-2025-0004,democli00008,2025-01-02,1,demoprd00010,SRV-MNT-02,Maintenance,Intervention sur site,3.000,150.000,150.000,1.0000,0.00,19.00,19.00,false,450.000
demolfa00345,demofac00147,FAC-2025-0004,democli00008,2025-01-02,2,demoprd00011,SRV-MNT-03,Maintenance,Support premium (annuel),1.000,3600.000,3600.000,1.0000,0.00,19.00,19.00,false,3600.000
demolfa00360,demofac00148,FAC-2025-0005,democli00020,2025-01-02,0,demoprd00033,PRD-FOU-04,Fournitures,Mobilier de bureau (poste),3.000,1250.000,1250.000,1.0000,0.00,19.00,19.00,false,3750.000
demolfa00322,demofac00149,FAC-2025-0006,democli00018,2025-01-03,0,demoprd00013,SRV-FOR-01,Formation,Formation bureautique (jour),4.000,420.000,420.000,1.0000,0.00,19.00,19.00,false,1680.000
demolfa00346,demofac00150,FAC-2025-0007,democli00037,2025-01-05,0,demoprd00030,PRD-FOU-01,Fournitures,Ramette papier A4,63.000,14.500,14.500,1.0000,0.00,19.00,19.00,false,913.500
demolfa00347,demofac00150,FAC-2025-0007,democli00037,2025-01-05,1,demoprd00002,SRV-CONS-02,Conseil,Audit organisationnel,1.000,3200.000,3200.000,1.0000,0.00,19.00,19.00,false,3200.000
demolfa00348,demofac00150,FAC-2025-0007,democli00037,2025-01-05,2,demoprd00004,SRV-CONS-04,Conseil,Etude de marche,1.000,4500.000,4500.000,1.0000,0.00,19.00,19.00,false,4500.000
demolfa00290,demofac00151,FAC-2025-0008,democli00028,2025-01-06,0,demoprd00029,PRD-LOG-03,Logiciels,Logiciel de gestion commerciale,2.000,2900.000,2900.000,1.0000,15.00,19.00,19.00,false,4930.000
demolfa00291,demofac00151,FAC-2025-0008,democli00028,2025-01-06,1,demoprd00016,SRV-HEB-01,Hebergement,Hebergement web (annuel),3.000,540.000,540.000,1.0000,0.00,19.00,19.00,false,1620.000
demolfa00339,demofac00152,FAC-2025-0009,democli00042,2025-01-06,0,demoprd00035,PRD-MED-02,Medical,Gants nitrile (boite),70.000,18.000,18.000,1.0000,0.00,7.00,7.00,false,1260.000
demolfa00340,demofac00152,FAC-2025-0009,democli00042,2025-01-06,1,demoprd00026,PRD-INF-06,Informatique,Disque SSD 1To,5.000,310.000,310.000,1.0000,0.00,19.00,19.00,false,1550.000
demolfa00341,demofac00152,FAC-2025-0009,democli00042,2025-01-06,2,demoprd00024,PRD-INF-04,Informatique,Routeur professionnel,2.000,540.000,540.000,1.0000,0.00,19.00,19.00,false,1080.000
demolfa00342,demofac00152,FAC-2025-0009,democli00042,2025-01-06,3,demoprd00023,PRD-INF-03,Informatique,Imprimante laser,2.000,980.000,980.000,1.0000,0.00,19.00,19.00,false,1960.000
demolfa00358,demofac00153,FAC-2025-0010,democli00044,2025-01-07,0,demoprd00011,SRV-MNT-03,Maintenance,Support premium (annuel),1.000,3600.000,3600.000,1.0000,0.00,19.00,19.00,false,3600.000
demolfa00295,demofac00154,FAC-2025-0011,democli00014,2025-01-09,0,demoprd00009,SRV-MNT-01,Maintenance,Maintenance mensuelle,2.000,380.000,380.000,1.0000,0.00,19.00,19.00,false,760.000
demolfa00296,demofac00154,FAC-2025-0011,democli00014,2025-01-09,1,demoprd00012,SRV-MNT-04,Maintenance,Sauvegarde externalisee,7.000,95.000,95.000,1.0000,0.00,19.00,19.00,false,665.000
demolfa00329,demofac00155,FAC-2025-0012,democli00019,2025-01-09,0,demoprd00034,PRD-MED-01,Medical,Kit de premiers secours,40.000,75.000,75.000,1.0000,0.00,7.00,7.00,false,3000.000
demolfa00330,demofac00155,FAC-2025-0012,democli00019,2025-01-09,1,demoprd00039,PRD-BAT-02,Batiment,Carrelage (m2),800.000,38.000,38.000,1.0000,0.00,19.00,19.00,false,30400.000
demolfa00331,demofac00155,FAC-2025-0012,democli00019,2025-01-09,2,demoprd00023,PRD-INF-03,Informatique,Imprimante laser,2.000,980.000,980.000,1.0000,0.00,19.00,19.00,false,1960.000
demolfa00317,demofac00156,FAC-2025-0013,democli00021,2025-01-10,0,demoprd00013,SRV-FOR-01,Formation,Formation bureautique (jour),2.000,420.000,420.000,1.0000,0.00,19.00,19.00,false,840.000
demolfa00318,demofac00156,FAC-2025-0013,democli00021,2025-01-10,1,demoprd00028,PRD-LOG-02,Logiciels,Licence suite bureautique,14.000,320.000,320.000,1.0000,0.00,19.00,19.00,false,4480.000
demolfa00323,demofac00157,FAC-2025-0014,democli00027,2025-01-10,0,demoprd00030,PRD-FOU-01,Fournitures,Ramette papier A4,100.000,14.500,14.500,1.0000,0.00,19.00,19.00,false,1450.000
demolfa00287,demofac00158,FAC-2025-0015,democli00005,2025-01-11,0,demoprd00009,SRV-MNT-01,Maintenance,Maintenance mensuelle,1.000,380.000,380.000,1.0000,0.00,19.00,19.00,false,380.000
demolfa00288,demofac00158,FAC-2025-0015,democli00005,2025-01-11,1,demoprd00005,SRV-DEV-01,Developpement,Developpement web (jour),20.000,450.000,450.000,1.0000,0.00,19.00,19.00,false,9000.000
demolfa00289,demofac00158,FAC-2025-0015,democli00005,2025-01-11,2,demoprd00033,PRD-FOU-04,Fournitures,Mobilier de bureau (poste),11.000,1250.000,1250.000,1.0000,6.00,19.00,19.00,false,12925.000
demolfa00300,demofac00159,FAC-2025-0016,democli00040,2025-01-11,0,demoprd00013,SRV-FOR-01,Formation,Formation bureautique (jour),2.000,420.000,420.000,1.0000,0.00,19.00,19.00,false,840.000
demolfa00301,demofac00159,FAC-2025-0016,democli00040,2025-01-11,1,demoprd00015,SRV-FOR-03,Formation,Formation comptabilite,1.000,650.000,650.000,1.0000,0.00,19.00,19.00,false,650.000
demolfa00338,demofac00160,FAC-2025-0017,democli00020,2025-01-11,0,demoprd00030,PRD-FOU-01,Fournitures,Ramette papier A4,11.000,14.500,14.500,1.0000,0.00,19.00,19.00,false,159.500
demolfa00356,demofac00161,FAC-2025-0018,democli00019,2025-01-11,0,demoprd00012,SRV-MNT-04,Maintenance,Sauvegarde externalisee,12.000,95.000,95.000,1.0000,0.00,19.00,19.00,false,1140.000
demolfa00276,demofac00162,FAC-2025-0019,democli00025,2025-01-12,0,demoprd00039,PRD-BAT-02,Batiment,Carrelage (m2),83.000,38.000,38.000,1.0000,0.00,19.00,19.00,false,3154.000
demolfa00277,demofac00162,FAC-2025-0019,democli00025,2025-01-12,1,demoprd00038,PRD-BAT-01,Batiment,Ciment (tonne),6.000,310.000,310.000,1.0000,0.00,19.00,19.00,false,1860.000
demolfa00278,demofac00162,FAC-2025-0019,democli00025,2025-01-12,2,demoprd00013,SRV-FOR-01,Formation,Formation bureautique (jour),1.000,420.000,420.000,1.0000,6.00,19.00,19.00,false,394.800
demolfa00320,demofac00163,FAC-2025-0020,democli00055,2025-01-12,0,demoprd00027,PRD-LOG-01,Logiciels,Licence antivirus (poste),77.000,85.000,85.000,1.0000,0.00,19.00,19.00,false,6545.000
demolfa00321,demofac00163,FAC-2025-0020,democli00055,2025-01-12,1,demoprd00020,SRV-TRA-02,Logistique,Stockage entrepot (m2/mois),79.000,12.000,12.000,1.0000,0.00,19.00,19.00,false,948.000
demolfa00310,demofac00164,FAC-2025-0021,democli00008,2025-01-14,0,demoprd00022,PRD-INF-02,Informatique,Ecran 27 pouces,7.000,690.000,690.000,1.0000,9.00,19.00,19.00,false,4395.300
demolfa00311,demofac00164,FAC-2025-0021,democli00008,2025-01-14,1,demoprd00026,PRD-INF-06,Informatique,Disque SSD 1To,8.000,310.000,310.000,1.0000,0.00,19.00,19.00,false,2480.000
demolfa00332,demofac00165,FAC-2025-0022,democli00008,2025-01-15,0,demoprd00009,SRV-MNT-01,Maintenance,Maintenance mensuelle,1.000,380.000,380.000,1.0000,0.00,19.00,19.00,false,380.000
demolfa00333,demofac00165,FAC-2025-0022,democli00008,2025-01-15,1,demoprd00011,SRV-MNT-03,Maintenance,Support premium (annuel),1.000,3600.000,3600.000,1.0000,0.00,19.00,19.00,false,3600.000
demolfa00334,demofac00165,FAC-2025-0022,democli00008,2025-01-15,2,demoprd00025,PRD-INF-05,Informatique,Onduleur 1500VA,2.000,460.000,460.000,1.0000,0.00,19.00,19.00,false,920.000
demolfa00274,demofac00166,FAC-2025-0023,democli00052,2025-01-17,0,demoprd00011,SRV-MNT-03,Maintenance,Support premium (annuel),1.000,3600.000,3600.000,1.0000,0.00,19.00,19.00,false,3600.000
demolfa00275,demofac00166,FAC-2025-0023,democli00052,2025-01-17,1,demoprd00009,SRV-MNT-01,Maintenance,Maintenance mensuelle,2.000,380.000,380.000,1.0000,0.00,19.00,19.00,false,760.000
demolfa00302,demofac00167,FAC-2025-0024,democli00042,2025-01-17,0,demoprd00023,PRD-INF-03,Informatique,Imprimante laser,2.000,980.000,980.000,1.0000,0.00,19.00,19.00,false,1960.000
demolfa00303,demofac00167,FAC-2025-0024,democli00042,2025-01-17,1,demoprd00024,PRD-INF-04,Informatique,Routeur professionnel,2.000,540.000,540.000,1.0000,0.00,19.00,19.00,false,1080.000
demolfa00304,demofac00167,FAC-2025-0024,democli00042,2025-01-17,2,demoprd00021,PRD-INF-01,Informatique,Ordinateur portable pro,3.000,2350.000,2350.000,1.0000,0.00,19.00,19.00,false,7050.000
demolfa00324,demofac00168,FAC-2025-0025,democli00054,2025-01-17,0,demoprd00019,SRV-TRA-01,Logistique,Transport de marchandises,9.000,210.000,210.000,1.0000,0.00,7.00,7.00,false,1890.000
demolfa00325,demofac00168,FAC-2025-0025,democli00054,2025-01-17,1,demoprd00031,PRD-FOU-02,Fournitures,Cartouche toner,24.000,165.000,165.000,1.0000,0.00,19.00,19.00,false,3960.000
demolfa00326,demofac00168,FAC-2025-0025,democli00054,2025-01-17,2,demoprd00032,PRD-FOU-03,Fournitures,Classeur archive,217.000,6.800,6.800,1.0000,0.00,19.00,19.00,false,1475.600
demolfa00351,demofac00169,FAC-2025-0026,democli00013,2025-01-17,0,demoprd00001,SRV-CONS-01,Conseil,Conseil strategique (jour),3.000,850.000,850.000,1.0000,0.00,19.00,19.00,false,2550.000
demolfa00352,demofac00169,FAC-2025-0026,democli00013,2025-01-17,1,demoprd00004,SRV-CONS-04,Conseil,Etude de marche,1.000,4500.000,4500.000,1.0000,0.00,19.00,19.00,false,4500.000
demolfa00353,demofac00169,FAC-2025-0026,democli00013,2025-01-17,2,demoprd00030,PRD-FOU-01,Fournitures,Ramette papier A4,200.000,14.500,14.500,1.0000,0.00,19.00,19.00,false,2900.000
demolfa00305,demofac00170,FAC-2025-0027,democli00038,2025-01-18,0,demoprd00029,PRD-LOG-03,Logiciels,Logiciel de gestion commerciale,1.000,2900.000,2900.000,1.0000,0.00,19.00,19.00,false,2900.000
demolfa00361,demofac00172,FAC-2025-0029,democli00053,2025-01-18,0,demoprd00010,SRV-MNT-02,Maintenance,Intervention sur site,3.000,150.000,150.000,1.0000,0.00,19.00,19.00,false,450.000
demolfa00362,demofac00172,FAC-2025-0029,democli00053,2025-01-18,1,demoprd00012,SRV-MNT-04,Maintenance,Sauvegarde externalisee,7.000,95.000,95.000,1.0000,0.00,19.00,19.00,false,665.000
demolfa00363,demofac00172,FAC-2025-0029,democli00053,2025-01-18,2,demoprd00009,SRV-MNT-01,Maintenance,Maintenance mensuelle,2.000,380.000,380.000,1.0000,0.00,19.00,19.00,false,760.000
demolfa00364,demofac00173,FAC-2025-0030,democli00024,2025-01-18,0,demoprd00038,PRD-BAT-01,Batiment,Ciment (tonne),4.000,310.000,310.000,1.0000,0.00,19.00,19.00,false,1240.000
demolfa00367,demofac00174,FAC-2025-0031,democli00055,2025-01-18,0,demoprd00002,SRV-CONS-02,Conseil,Audit organisationnel,1.000,3200.000,3200.000,1.0000,0.00,19.00,19.00,false,3200.000
demolfa00368,demofac00174,FAC-2025-0031,democli00055,2025-01-18,1,demoprd00027,PRD-LOG-01,Logiciels,Licence antivirus (poste),80.000,85.000,85.000,1.0000,0.00,19.00,19.00,false,6800.000
demolfa00285,demofac00175,FAC-2025-0032,democli00026,2025-01-19,0,demoprd00028,PRD-LOG-02,Logiciels,Licence suite bureautique,10.000,320.000,320.000,1.0000,0.00,19.00,19.00,false,3200.000
demolfa00286,demofac00175,FAC-2025-0032,democli00026,2025-01-19,1,demoprd00021,PRD-INF-01,Informatique,Ordinateur portable pro,3.000,2350.000,2350.000,1.0000,12.00,19.00,19.00,false,6204.000
demolfa00308,demofac00176,FAC-2025-0033,democli00044,2025-01-19,0,demoprd00011,SRV-MNT-03,Maintenance,Support premium (annuel),1.000,3600.000,3600.000,1.0000,10.00,19.00,19.00,false,3240.000
demolfa00309,demofac00176,FAC-2025-0033,democli00044,2025-01-19,1,demoprd00009,SRV-MNT-01,Maintenance,Maintenance mensuelle,2.000,380.000,380.000,1.0000,0.00,19.00,19.00,false,760.000
demolfa00281,demofac00177,FAC-2025-0034,democli00031,2025-01-20,0,demoprd00004,SRV-CONS-04,Conseil,Etude de marche,1.000,4500.000,4500.000,1.0000,14.00,19.00,19.00,false,3870.000
demolfa00282,demofac00177,FAC-2025-0034,democli00031,2025-01-20,1,demoprd00010,SRV-MNT-02,Maintenance,Intervention sur site,3.000,150.000,150.000,1.0000,0.00,19.00,19.00,false,450.000
demolfa00283,demofac00177,FAC-2025-0034,democli00031,2025-01-20,2,demoprd00035,PRD-MED-02,Medical,Gants nitrile (boite),49.000,18.000,18.000,1.0000,0.00,7.00,7.00,false,882.000
demolfa00297,demofac00178,FAC-2025-0035,democli00030,2025-01-21,0,demoprd00006,SRV-DEV-02,Developpement,Application mobile (forfait),1.000,12000.000,12000.000,1.0000,10.00,19.00,19.00,false,10800.000
demolfa00349,demofac00179,FAC-2025-0036,democli00054,2025-01-21,0,demoprd00031,PRD-FOU-02,Fournitures,Cartouche toner,30.000,165.000,165.000,1.0000,0.00,19.00,19.00,false,4950.000
demolfa00350,demofac00179,FAC-2025-0036,democli00054,2025-01-21,1,demoprd00029,PRD-LOG-03,Logiciels,Logiciel de gestion commerciale,2.000,2900.000,2900.000,1.0000,0.00,19.00,19.00,false,5800.000
demolfa00284,demofac00180,FAC-2025-0037,democli00049,2025-01-22,0,demoprd00028,PRD-LOG-02,Logiciels,Licence suite bureautique,6.000,320.000,320.000,1.0000,0.00,19.00,19.00,false,1920.000
demolfa00279,demofac00181,FAC-2025-0038,democli00049,2025-01-23,0,demoprd00028,PRD-LOG-02,Logiciels,Licence suite bureautique,14.000,320.000,320.000,1.0000,0.00,19.00,19.00,false,4480.000
demolfa00280,demofac00181,FAC-2025-0038,democli00049,2025-01-23,1,demoprd00002,SRV-CONS-02,Conseil,Audit organisationnel,1.000,3200.000,3200.000,1.0000,0.00,19.00,19.00,false,3200.000
demolfa00327,demofac00182,FAC-2025-0039,democli00006,2025-01-24,0,demoprd00010,SRV-MNT-02,Maintenance,Intervention sur site,3.000,150.000,150.000,1.0000,0.00,19.00,19.00,false,450.000
demolfa00328,demofac00182,FAC-2025-0039,democli00006,2025-01-24,1,demoprd00022,PRD-INF-02,Informatique,Ecran 27 pouces,2.000,690.000,690.000,1.0000,0.00,19.00,19.00,false,1380.000
demolfa00319,demofac00183,FAC-2025-0040,democli00025,2025-01-25,0,demoprd00038,PRD-BAT-01,Batiment,Ciment (tonne),3.000,310.000,310.000,1.0000,0.00,19.00,19.00,false,930.000
demolfa00298,demofac00184,FAC-2025-0041,democli00042,2025-01-26,0,demoprd00026,PRD-INF-06,Informatique,Disque SSD 1To,6.000,310.000,310.000,1.0000,10.00,19.00,19.00,false,1674.000
demolfa00299,demofac00184,FAC-2025-0041,democli00042,2025-01-26,1,demoprd00022,PRD-INF-02,Informatique,Ecran 27 pouces,5.000,690.000,690.000,1.0000,0.00,19.00,19.00,false,3450.000
demolfa00359,demofac00185,FAC-2025-0042,democli00020,2025-01-27,0,demoprd00031,PRD-FOU-02,Fournitures,Cartouche toner,6.000,165.000,165.000,1.0000,0.00,19.00,19.00,false,990.000
demolfa00316,demofac00186,FAC-2025-0043,democli00054,2025-01-28,0,demoprd00024,PRD-INF-04,Informatique,Routeur professionnel,5.000,540.000,540.000,1.0000,0.00,19.00,19.00,false,2700.000
demolfa00354,demofac00187,FAC-2025-0044,democli00041,2025-01-28,0,demoprd00039,PRD-BAT-02,Batiment,Carrelage (m2),176.000,38.000,38.000,1.0000,0.00,19.00,19.00,false,6688.000
demolfa00355,demofac00187,FAC-2025-0044,democli00041,2025-01-28,1,demoprd00008,SRV-DEV-04,Developpement,Site vitrine,1.000,2400.000,2400.000,1.0000,0.00,19.00,19.00,false,2400.000
demolfa00306,demofac00188,FAC-2025-0045,democli00040,2025-01-30,0,demoprd00034,PRD-MED-01,Medical,Kit de premiers secours,15.000,75.000,75.000,1.0000,0.00,7.00,7.00,false,1125.000
demolfa00307,demofac00188,FAC-2025-0045,democli00040,2025-01-30,1,demoprd00014,SRV-FOR-02,Formation,Formation cybersecurite,1.000,1800.000,1800.000,1.0000,0.00,19.00,19.00,false,1800.000
demolfa00312,demofac00189,FAC-2025-0046,democli00027,2025-01-30,0,demoprd00026,PRD-INF-06,Informatique,Disque SSD 1To,8.000,310.000,310.000,1.0000,0.00,19.00,19.00,false,2480.000
demolfa00313,demofac00189,FAC-2025-0046,democli00027,2025-01-30,1,demoprd00006,SRV-DEV-02,Developpement,Application mobile (forfait),1.000,12000.000,12000.000,1.0000,0.00,19.00,19.00,false,12000.000
demolfa00314,demofac00189,FAC-2025-0046,democli00027,2025-01-30,2,demoprd00005,SRV-DEV-01,Developpement,Developpement web (jour),12.000,450.000,450.000,1.0000,0.00,19.00,19.00,false,5400.000
demolfa00365,demofac00190,FAC-2025-0047,democli00057,2025-01-30,0,demoprd00007,SRV-DEV-03,Developpement,Integration ERP (jour),6.000,600.000,600.000,1.0000,0.00,19.00,19.00,false,3600.000
demolfa00366,demofac00190,FAC-2025-0047,democli00057,2025-01-30,1,demoprd00023,PRD-INF-03,Informatique,Imprimante laser,2.000,980.000,980.000,1.0000,0.00,19.00,19.00,false,1960.000
demolfa00413,demofac00191,FAC-2025-0048,democli00019,2025-02-01,0,demoprd00034,PRD-MED-01,Medical,Kit de premiers secours,9.000,75.000,75.000,1.0000,0.00,7.00,7.00,false,675.000
demolfa00414,demofac00191,FAC-2025-0048,democli00019,2025-02-01,1,demoprd00040,PRD-BAT-03,Batiment,Peinture murale (pot 20L),60.000,145.000,145.000,1.0000,0.00,19.00,19.00,false,8700.000
demolfa00415,demofac00191,FAC-2025-0048,democli00019,2025-02-01,2,demoprd00035,PRD-MED-02,Medical,Gants nitrile (boite),400.000,18.000,18.000,1.0000,0.00,7.00,7.00,false,7200.000
demolfa00376,demofac00192,FAC-2025-0049,democli00026,2025-02-03,0,demoprd00037,PRD-AGR-02,Agroalimentaire,Dattes Deglet Nour (carton),232.000,42.000,42.000,1.0000,0.00,13.00,13.00,false,9744.000
demolfa00377,demofac00192,FAC-2025-0049,democli00026,2025-02-03,1,demoprd00027,PRD-LOG-01,Logiciels,Licence antivirus (poste),28.000,85.000,85.000,1.0000,0.00,19.00,19.00,false,2380.000
demolfa00382,demofac00193,FAC-2025-0050,democli00042,2025-02-03,0,demoprd00025,PRD-INF-05,Informatique,Onduleur 1500VA,3.000,460.000,460.000,1.0000,0.00,19.00,19.00,false,1380.000
demolfa00383,demofac00193,FAC-2025-0050,democli00042,2025-02-03,1,demoprd00024,PRD-INF-04,Informatique,Routeur professionnel,1.000,540.000,540.000,1.0000,0.00,19.00,19.00,false,540.000
demolfa00436,demofac00194,FAC-2025-0051,democli00024,2025-02-03,0,demoprd00027,PRD-LOG-01,Logiciels,Licence antivirus (poste),6.000,85.000,85.000,1.0000,0.00,19.00,19.00,false,510.000
demolfa00437,demofac00194,FAC-2025-0051,democli00024,2025-02-03,1,demoprd00029,PRD-LOG-03,Logiciels,Logiciel de gestion commerciale,1.000,2900.000,2900.000,1.0000,11.00,19.00,19.00,false,2581.000
demolfa00438,demofac00194,FAC-2025-0051,democli00024,2025-02-03,2,demoprd00018,SRV-HEB-03,Hebergement,Serveur dedie (mois),1.000,290.000,290.000,1.0000,0.00,19.00,19.00,false,290.000
demolfa00460,demofac00195,FAC-2025-0052,democli00047,2025-02-03,0,demoprd00011,SRV-MNT-03,Maintenance,Support premium (annuel),1.000,3600.000,3600.000,1.0000,0.00,19.00,19.00,false,3600.000
demolfa00461,demofac00195,FAC-2025-0052,democli00047,2025-02-03,1,demoprd00033,PRD-FOU-04,Fournitures,Mobilier de bureau (poste),4.000,1250.000,1250.000,1.0000,11.00,19.00,19.00,false,4450.000
demolfa00423,demofac00196,FAC-2025-0053,democli00051,2025-02-04,0,demoprd00001,SRV-CONS-01,Conseil,Conseil strategique (jour),3.000,850.000,850.000,1.0000,0.00,19.00,19.00,false,2550.000
demolfa00424,demofac00196,FAC-2025-0053,democli00051,2025-02-04,1,demoprd00008,SRV-DEV-04,Developpement,Site vitrine,1.000,2400.000,2400.000,1.0000,0.00,19.00,19.00,false,2400.000
demolfa00425,demofac00196,FAC-2025-0053,democli00051,2025-02-04,2,demoprd00007,SRV-DEV-03,Developpement,Integration ERP (jour),9.000,600.000,600.000,1.0000,0.00,19.00,19.00,false,5400.000
demolfa00439,demofac00197,FAC-2025-0054,democli00041,2025-02-04,0,demoprd00034,PRD-MED-01,Medical,Kit de premiers secours,40.000,75.000,75.000,1.0000,0.00,7.00,7.00,false,3000.000
demolfa00462,demofac00198,FAC-2025-0055,democli00019,2025-02-04,0,demoprd00038,PRD-BAT-01,Batiment,Ciment (tonne),60.000,310.000,310.000,1.0000,8.00,19.00,19.00,false,17112.000
demolfa00463,demofac00198,FAC-2025-0055,democli00019,2025-02-04,1,demoprd00008,SRV-DEV-04,Developpement,Site vitrine,1.000,2400.000,2400.000,1.0000,0.00,19.00,19.00,false,2400.000
demolfa00402,demofac00199,FAC-2025-0056,democli00042,2025-02-05,0,demoprd00023,PRD-INF-03,Informatique,Imprimante laser,2.000,980.000,980.000,1.0000,0.00,19.00,19.00,false,1960.000
demolfa00403,demofac00199,FAC-2025-0056,democli00042,2025-02-05,1,demoprd00026,PRD-INF-06,Informatique,Disque SSD 1To,2.000,310.000,310.000,1.0000,0.00,19.00,19.00,false,620.000
demolfa00420,demofac00200,FAC-2025-0057,democli00044,2025-02-05,0,demoprd00033,PRD-FOU-04,Fournitures,Mobilier de bureau (poste),5.000,1250.000,1250.000,1.0000,0.00,19.00,19.00,false,6250.000
demolfa00421,demofac00200,FAC-2025-0057,democli00044,2025-02-05,1,demoprd00019,SRV-TRA-01,Logistique,Transport de marchandises,3.000,210.000,210.000,1.0000,5.00,7.00,7.00,false,598.500
demolfa00422,demofac00200,FAC-2025-0057,democli00044,2025-02-05,2,demoprd00008,SRV-DEV-04,Developpement,Site vitrine,1.000,2400.000,2400.000,1.0000,0.00,19.00,19.00,false,2400.000
demolfa00371,demofac00201,FAC-2025-0058,democli00049,2025-02-06,0,demoprd00021,PRD-INF-01,Informatique,Ordinateur portable pro,1.000,2350.000,2350.000,1.0000,0.00,19.00,19.00,false,2350.000
demolfa00372,demofac00201,FAC-2025-0058,democli00049,2025-02-06,1,demoprd00013,SRV-FOR-01,Formation,Formation bureautique (jour),1.000,420.000,420.000,1.0000,0.00,19.00,19.00,false,420.000
demolfa00386,demofac00202,FAC-2025-0059,democli00041,2025-02-06,0,demoprd00034,PRD-MED-01,Medical,Kit de premiers secours,40.000,75.000,75.000,1.0000,0.00,7.00,7.00,false,3000.000
demolfa00389,demofac00203,FAC-2025-0060,democli00042,2025-02-06,0,demoprd00010,SRV-MNT-02,Maintenance,Intervention sur site,1.000,150.000,150.000,1.0000,0.00,19.00,19.00,false,150.000
demolfa00417,demofac00204,FAC-2025-0061,democli00013,2025-02-07,0,demoprd00032,PRD-FOU-03,Fournitures,Classeur archive,295.000,6.800,6.800,1.0000,0.00,19.00,19.00,false,2006.000
demolfa00418,demofac00204,FAC-2025-0061,democli00013,2025-02-07,1,demoprd00033,PRD-FOU-04,Fournitures,Mobilier de bureau (poste),8.000,1250.000,1250.000,1.0000,10.00,19.00,19.00,false,9000.000
demolfa00419,demofac00204,FAC-2025-0061,democli00013,2025-02-07,2,demoprd00004,SRV-CONS-04,Conseil,Etude de marche,1.000,4500.000,4500.000,1.0000,0.00,19.00,19.00,false,4500.000
demolfa00397,demofac00205,FAC-2025-0062,democli00044,2025-02-08,0,demoprd00020,SRV-TRA-02,Logistique,Stockage entrepot (m2/mois),150.000,12.000,12.000,1.0000,0.00,19.00,19.00,false,1800.000
demolfa00398,demofac00205,FAC-2025-0062,democli00044,2025-02-08,1,demoprd00010,SRV-MNT-02,Maintenance,Intervention sur site,4.000,150.000,150.000,1.0000,0.00,19.00,19.00,false,600.000
demolfa00399,demofac00205,FAC-2025-0062,democli00044,2025-02-08,2,demoprd00019,SRV-TRA-01,Logistique,Transport de marchandises,6.000,210.000,210.000,1.0000,0.00,7.00,7.00,false,1260.000
demolfa00433,demofac00206,FAC-2025-0063,democli00052,2025-02-08,0,demoprd00012,SRV-MNT-04,Maintenance,Sauvegarde externalisee,4.000,95.000,95.000,1.0000,0.00,19.00,19.00,false,380.000
demolfa00434,demofac00206,FAC-2025-0063,democli00052,2025-02-08,1,demoprd00011,SRV-MNT-03,Maintenance,Support premium (annuel),1.000,3600.000,3600.000,1.0000,0.00,19.00,19.00,false,3600.000
demolfa00435,demofac00206,FAC-2025-0063,democli00052,2025-02-08,2,demoprd00009,SRV-MNT-01,Maintenance,Maintenance mensuelle,1.000,380.000,380.000,1.0000,0.00,19.00,19.00,false,380.000
demolfa00404,demofac00207,FAC-2025-0064,democli00028,2025-02-09,0,demoprd00017,SRV-HEB-02,Hebergement,Nom de domaine .tn,3.000,45.000,45.000,1.0000,0.00,19.00,19.00,false,135.000
demolfa00405,demofac00207,FAC-2025-0064,democli00028,2025-02-09,1,demoprd00039,PRD-BAT-02,Batiment,Carrelage (m2),338.000,38.000,38.000,1.0000,6.00,19.00,19.00,false,12073.360
demolfa00408,demofac00208,FAC-2025-0065,democli00030,2025-02-09,0,demoprd00008,SRV-DEV-04,Developpement,Site vitrine,1.000,2400.000,2400.000,1.0000,8.00,19.00,19.00,false,2208.000
demolfa00400,demofac00209,FAC-2025-0066,democli00043,2025-02-10,0,demoprd00016,SRV-HEB-01,Hebergement,Hebergement web (annuel),2.000,540.000,540.000,1.0000,0.00,19.00,19.00,false,1080.000
demolfa00401,demofac00209,FAC-2025-0066,democli00043,2025-02-10,1,demoprd00019,SRV-TRA-01,Logistique,Transport de marchandises,3.000,210.000,210.000,1.0000,0.00,7.00,7.00,false,630.000
demolfa00411,demofac00210,FAC-2025-0067,democli00006,2025-02-11,0,demoprd00023,PRD-INF-03,Informatique,Imprimante laser,3.000,980.000,980.000,1.0000,0.00,19.00,19.00,false,2940.000
demolfa00412,demofac00210,FAC-2025-0067,democli00006,2025-02-11,1,demoprd00022,PRD-INF-02,Informatique,Ecran 27 pouces,2.000,690.000,690.000,1.0000,0.00,19.00,19.00,false,1380.000
demolfa00384,demofac00211,FAC-2025-0068,democli00033,2025-02-12,0,demoprd00028,PRD-LOG-02,Logiciels,Licence suite bureautique,41.000,320.000,320.000,1.0000,0.00,19.00,19.00,false,13120.000
demolfa00385,demofac00211,FAC-2025-0068,democli00033,2025-02-12,1,demoprd00029,PRD-LOG-03,Logiciels,Logiciel de gestion commerciale,3.000,2900.000,2900.000,1.0000,0.00,19.00,19.00,false,8700.000
demolfa00458,demofac00212,FAC-2025-0069,democli00019,2025-02-12,0,demoprd00034,PRD-MED-01,Medical,Kit de premiers secours,40.000,75.000,75.000,1.0000,12.00,7.00,7.00,false,2640.000
demolfa00459,demofac00212,FAC-2025-0069,democli00019,2025-02-12,1,demoprd00040,PRD-BAT-03,Batiment,Peinture murale (pot 20L),13.000,145.000,145.000,1.0000,0.00,19.00,19.00,false,1885.000
demolfa00390,demofac00213,FAC-2025-0070,democli00034,2025-02-13,0,demoprd00018,SRV-HEB-03,Hebergement,Serveur dedie (mois),3.000,290.000,290.000,1.0000,0.00,19.00,19.00,false,870.000
demolfa00392,demofac00214,FAC-2025-0071,democli00021,2025-02-13,0,demoprd00014,SRV-FOR-02,Formation,Formation cybersecurite,1.000,1800.000,1800.000,1.0000,0.00,19.00,19.00,false,1800.000
demolfa00393,demofac00214,FAC-2025-0071,democli00021,2025-02-13,1,demoprd00036,PRD-AGR-01,Agroalimentaire,Huile d'olive extra (bidon 5L),36.000,68.000,68.000,1.0000,0.00,13.00,13.00,false,2448.000
demolfa00394,demofac00214,FAC-2025-0071,democli00021,2025-02-13,2,demoprd00015,SRV-FOR-03,Formation,Formation comptabilite,1.000,650.000,650.000,1.0000,0.00,19.00,19.00,false,650.000
demolfa00395,demofac00215,FAC-2025-0072,democli00046,2025-02-13,0,demoprd00029,PRD-LOG-03,Logiciels,Logiciel de gestion commerciale,3.000,2900.000,2900.000,1.0000,0.00,19.00,19.00,false,8700.000
demolfa00396,demofac00215,FAC-2025-0072,democli00046,2025-02-13,1,demoprd00027,PRD-LOG-01,Logiciels,Licence antivirus (poste),83.000,85.000,85.000,1.0000,0.00,19.00,19.00,false,7055.000
demolfa00441,demofac00216,FAC-2025-0073,democli00005,2025-02-13,0,demoprd00033,PRD-FOU-04,Fournitures,Mobilier de bureau (poste),15.000,1250.000,1250.000,1.0000,0.00,19.00,19.00,false,18750.000
demolfa00442,demofac00216,FAC-2025-0073,democli00005,2025-02-13,1,demoprd00004,SRV-CONS-04,Conseil,Etude de marche,1.000,4500.000,4500.000,1.0000,0.00,19.00,19.00,false,4500.000
demolfa00443,demofac00216,FAC-2025-0073,democli00005,2025-02-13,2,demoprd00031,PRD-FOU-02,Fournitures,Cartouche toner,30.000,165.000,165.000,1.0000,0.00,19.00,19.00,false,4950.000
demolfa00444,demofac00216,FAC-2025-0073,democli00005,2025-02-13,3,demoprd00021,PRD-INF-01,Informatique,Ordinateur portable pro,8.000,2350.000,2350.000,1.0000,0.00,19.00,19.00,false,18800.000
demolfa00457,demofac00217,FAC-2025-0074,democli00044,2025-02-13,0,demoprd00009,SRV-MNT-01,Maintenance,Maintenance mensuelle,2.000,380.000,380.000,1.0000,0.00,19.00,19.00,false,760.000
demolfa00378,demofac00218,FAC-2025-0075,democli00040,2025-02-14,0,demoprd00007,SRV-DEV-03,Developpement,Integration ERP (jour),7.000,600.000,600.000,1.0000,0.00,19.00,19.00,false,4200.000
demolfa00426,demofac00219,FAC-2025-0076,democli00037,2025-02-14,0,demoprd00002,SRV-CONS-02,Conseil,Audit organisationnel,1.000,3200.000,3200.000,1.0000,0.00,19.00,19.00,false,3200.000
demolfa00427,demofac00219,FAC-2025-0076,democli00037,2025-02-14,1,demoprd00038,PRD-BAT-01,Batiment,Ciment (tonne),23.000,310.000,310.000,1.0000,5.00,19.00,19.00,false,6773.500
demolfa00445,demofac00220,FAC-2025-0077,democli00034,2025-02-14,0,demoprd00016,SRV-HEB-01,Hebergement,Hebergement web (annuel),3.000,540.000,540.000,1.0000,0.00,19.00,19.00,false,1620.000
demolfa00446,demofac00220,FAC-2025-0077,democli00034,2025-02-14,1,demoprd00017,SRV-HEB-02,Hebergement,Nom de domaine .tn,1.000,45.000,45.000,1.0000,0.00,19.00,19.00,false,45.000
demolfa00447,demofac00220,FAC-2025-0077,democli00034,2025-02-14,2,demoprd00039,PRD-BAT-02,Batiment,Carrelage (m2),329.000,38.000,38.000,1.0000,0.00,19.00,19.00,false,12502.000
demolfa00388,demofac00221,FAC-2025-0078,democli00030,2025-02-17,0,demoprd00009,SRV-MNT-01,Maintenance,Maintenance mensuelle,3.000,380.000,380.000,1.0000,14.00,19.00,19.00,false,980.400
demolfa00464,demofac00222,FAC-2025-0079,democli00042,2025-02-17,0,demoprd00021,PRD-INF-01,Informatique,Ordinateur portable pro,4.000,2350.000,2350.000,1.0000,0.00,19.00,19.00,false,9400.000
demolfa00465,demofac00222,FAC-2025-0079,democli00042,2025-02-17,1,demoprd00022,PRD-INF-02,Informatique,Ecran 27 pouces,2.000,690.000,690.000,1.0000,0.00,19.00,19.00,false,1380.000
demolfa00466,demofac00222,FAC-2025-0079,democli00042,2025-02-17,2,demoprd00037,PRD-AGR-02,Agroalimentaire,Dattes Deglet Nour (carton),77.000,42.000,42.000,1.0000,0.00,13.00,13.00,false,3234.000
demolfa00409,demofac00223,FAC-2025-0080,democli00010,2025-02-18,0,demoprd00020,SRV-TRA-02,Logistique,Stockage entrepot (m2/mois),246.000,12.000,12.000,1.0000,0.00,19.00,19.00,false,2952.000
demolfa00410,demofac00223,FAC-2025-0080,democli00010,2025-02-18,1,demoprd00014,SRV-FOR-02,Formation,Formation cybersecurite,2.000,1800.000,1800.000,1.0000,9.00,19.00,19.00,false,3276.000
demolfa00432,demofac00224,FAC-2025-0081,democli00019,2025-02-18,0,demoprd00034,PRD-MED-01,Medical,Kit de premiers secours,12.000,75.000,75.000,1.0000,0.00,7.00,7.00,false,900.000
demolfa00373,demofac00225,FAC-2025-0082,democli00043,2025-02-19,0,demoprd00019,SRV-TRA-01,Logistique,Transport de marchandises,3.000,210.000,210.000,1.0000,0.00,7.00,7.00,false,630.000
demolfa00449,demofac00226,FAC-2025-0083,democli00026,2025-02-20,0,demoprd00028,PRD-LOG-02,Logiciels,Licence suite bureautique,9.000,320.000,320.000,1.0000,0.00,19.00,19.00,false,2880.000
demolfa00450,demofac00226,FAC-2025-0083,democli00026,2025-02-20,1,demoprd00022,PRD-INF-02,Informatique,Ecran 27 pouces,2.000,690.000,690.000,1.0000,0.00,19.00,19.00,false,1380.000
demolfa00451,demofac00226,FAC-2025-0083,democli00026,2025-02-20,2,demoprd00036,PRD-AGR-01,Agroalimentaire,Huile d'olive extra (bidon 5L),66.000,68.000,68.000,1.0000,0.00,13.00,13.00,false,4488.000
demolfa00452,demofac00227,FAC-2025-0084,democli00048,2025-02-21,0,demoprd00030,PRD-FOU-01,Fournitures,Ramette papier A4,20.000,14.500,14.500,1.0000,0.00,19.00,19.00,false,290.000
demolfa00453,demofac00227,FAC-2025-0084,democli00048,2025-02-21,1,demoprd00014,SRV-FOR-02,Formation,Formation cybersecurite,1.000,1800.000,1800.000,1.0000,0.00,19.00,19.00,false,1800.000
demolfa00406,demofac00228,FAC-2025-0085,democli00048,2025-02-22,0,demoprd00033,PRD-FOU-04,Fournitures,Mobilier de bureau (poste),6.000,1250.000,1250.000,1.0000,0.00,19.00,19.00,false,7500.000
demolfa00407,demofac00228,FAC-2025-0085,democli00048,2025-02-22,1,demoprd00032,PRD-FOU-03,Fournitures,Classeur archive,196.000,6.800,6.800,1.0000,0.00,19.00,19.00,false,1332.800
demolfa00416,demofac00229,FAC-2025-0086,democli00059,2025-02-22,0,demoprd00036,PRD-AGR-01,Agroalimentaire,Huile d'olive extra (bidon 5L),74.000,68.000,68.000,1.0000,0.00,13.00,13.00,false,5032.000
demolfa00428,demofac00230,FAC-2025-0087,democli00050,2025-02-22,0,demoprd00025,PRD-INF-05,Informatique,Onduleur 1500VA,5.000,460.000,460.000,1.0000,0.00,19.00,19.00,false,2300.000
demolfa00429,demofac00230,FAC-2025-0087,democli00050,2025-02-22,1,demoprd00009,SRV-MNT-01,Maintenance,Maintenance mensuelle,3.000,380.000,380.000,1.0000,0.00,19.00,19.00,false,1140.000
demolfa00379,demofac00231,FAC-2025-0088,democli00037,2025-02-23,0,demoprd00002,SRV-CONS-02,Conseil,Audit organisationnel,1.000,3200.000,3200.000,1.0000,0.00,19.00,19.00,false,3200.000
demolfa00380,demofac00231,FAC-2025-0088,democli00037,2025-02-23,1,demoprd00004,SRV-CONS-04,Conseil,Etude de marche,1.000,4500.000,4500.000,1.0000,0.00,19.00,19.00,false,4500.000
demolfa00381,demofac00231,FAC-2025-0088,democli00037,2025-02-23,2,demoprd00039,PRD-BAT-02,Batiment,Carrelage (m2),324.000,38.000,38.000,1.0000,0.00,19.00,19.00,false,12312.000
demolfa00374,demofac00232,FAC-2025-0089,democli00020,2025-02-24,0,demoprd00018,SRV-HEB-03,Hebergement,Serveur dedie (mois),2.000,290.000,290.000,1.0000,0.00,19.00,19.00,false,580.000
demolfa00375,demofac00232,FAC-2025-0089,democli00020,2025-02-24,1,demoprd00030,PRD-FOU-01,Fournitures,Ramette papier A4,25.000,14.500,14.500,1.0000,0.00,19.00,19.00,false,362.500
demolfa00448,demofac00233,FAC-2025-0090,democli00028,2025-02-24,0,demoprd00038,PRD-BAT-01,Batiment,Ciment (tonne),30.000,310.000,310.000,1.0000,0.00,19.00,19.00,false,9300.000
demolfa00387,demofac00234,FAC-2025-0091,democli00010,2025-02-25,0,demoprd00015,SRV-FOR-03,Formation,Formation comptabilite,3.000,650.000,650.000,1.0000,0.00,19.00,19.00,false,1950.000
demolfa00440,demofac00235,FAC-2025-0092,democli00027,2025-02-25,0,demoprd00026,PRD-INF-06,Informatique,Disque SSD 1To,16.000,310.000,310.000,1.0000,0.00,19.00,19.00,false,4960.000
demolfa00369,demofac00236,FAC-2025-0093,democli00020,2025-02-28,0,demoprd00016,SRV-HEB-01,Hebergement,Hebergement web (annuel),1.000,540.000,540.000,1.0000,15.00,19.00,19.00,false,459.000
demolfa00370,demofac00236,FAC-2025-0093,democli00020,2025-02-28,1,demoprd00017,SRV-HEB-02,Hebergement,Nom de domaine .tn,1.000,45.000,45.000,1.0000,71.00,19.00,19.00,false,13.050
demolfa00391,demofac00237,FAC-2025-0094,democli00060,2025-02-28,0,demoprd00037,PRD-AGR-02,Agroalimentaire,Dattes Deglet Nour (carton),57.000,42.000,42.000,1.0000,0.00,13.00,13.00,false,2394.000
demolfa00430,demofac00238,FAC-2025-0095,democli00053,2025-02-28,0,demoprd00010,SRV-MNT-02,Maintenance,Intervention sur site,5.000,150.000,150.000,1.0000,0.00,19.00,19.00,false,750.000
demolfa00431,demofac00238,FAC-2025-0095,democli00053,2025-02-28,1,demoprd00011,SRV-MNT-03,Maintenance,Support premium (annuel),1.000,3600.000,3600.000,1.0000,0.00,19.00,19.00,false,3600.000
demolfa00454,demofac00239,FAC-2025-0096,democli00034,2025-02-28,0,demoprd00040,PRD-BAT-03,Batiment,Peinture murale (pot 20L),6.000,145.000,145.000,1.0000,10.00,19.00,19.00,false,783.000
demolfa00455,demofac00239,FAC-2025-0096,democli00034,2025-02-28,1,demoprd00013,SRV-FOR-01,Formation,Formation bureautique (jour),5.000,420.000,420.000,1.0000,0.00,19.00,19.00,false,2100.000
demolfa00456,demofac00239,FAC-2025-0096,democli00034,2025-02-28,2,demoprd00038,PRD-BAT-01,Batiment,Ciment (tonne),8.000,310.000,310.000,1.0000,0.00,19.00,19.00,false,2480.000
demolfa00541,demofac00240,FAC-2025-0097,democli00054,2025-03-01,0,demoprd00031,PRD-FOU-02,Fournitures,Cartouche toner,25.000,165.000,165.000,1.0000,0.00,19.00,19.00,false,4125.000
demolfa00542,demofac00240,FAC-2025-0097,democli00054,2025-03-01,1,demoprd00019,SRV-TRA-01,Logistique,Transport de marchandises,7.000,210.000,210.000,1.0000,7.00,7.00,7.00,false,1367.100
demolfa00555,demofac00241,FAC-2025-0098,democli00037,2025-03-01,0,demoprd00038,PRD-BAT-01,Batiment,Ciment (tonne),29.000,310.000,310.000,1.0000,0.00,19.00,19.00,false,8990.000
demolfa00520,demofac00242,FAC-2025-0099,democli00059,2025-03-03,0,demoprd00037,PRD-AGR-02,Agroalimentaire,Dattes Deglet Nour (carton),94.000,42.000,42.000,1.0000,0.00,13.00,13.00,false,3948.000
demolfa00559,demofac00243,FAC-2025-0100,democli00051,2025-03-03,0,demoprd00001,SRV-CONS-01,Conseil,Conseil strategique (jour),2.000,850.000,850.000,1.0000,14.00,19.00,19.00,false,1462.000
demolfa00560,demofac00243,FAC-2025-0100,democli00051,2025-03-03,1,demoprd00006,SRV-DEV-02,Developpement,Application mobile (forfait),1.000,12000.000,12000.000,1.0000,0.00,19.00,19.00,false,12000.000
demolfa00561,demofac00243,FAC-2025-0100,democli00051,2025-03-03,2,demoprd00014,SRV-FOR-02,Formation,Formation cybersecurite,2.000,1800.000,1800.000,1.0000,0.00,19.00,19.00,false,3600.000
demolfa00537,demofac00244,FAC-2025-0101,democli00037,2025-03-04,0,demoprd00040,PRD-BAT-03,Batiment,Peinture murale (pot 20L),62.000,145.000,145.000,1.0000,0.00,19.00,19.00,false,8990.000
demolfa00538,demofac00244,FAC-2025-0101,democli00037,2025-03-04,1,demoprd00002,SRV-CONS-02,Conseil,Audit organisationnel,1.000,3200.000,3200.000,1.0000,0.00,19.00,19.00,false,3200.000
demolfa00539,demofac00244,FAC-2025-0101,democli00037,2025-03-04,2,demoprd00001,SRV-CONS-01,Conseil,Conseil strategique (jour),4.000,850.000,850.000,1.0000,14.00,19.00,19.00,false,2924.000
demolfa00551,demofac00245,FAC-2025-0102,democli00009,2025-03-04,0,demoprd00038,PRD-BAT-01,Batiment,Ciment (tonne),10.000,310.000,310.000,1.0000,0.00,19.00,19.00,false,3100.000
demolfa00552,demofac00245,FAC-2025-0102,democli00009,2025-03-04,1,demoprd00040,PRD-BAT-03,Batiment,Peinture murale (pot 20L),4.000,145.000,145.000,1.0000,0.00,19.00,19.00,false,580.000
demolfa00553,demofac00245,FAC-2025-0102,democli00009,2025-03-04,2,demoprd00023,PRD-INF-03,Informatique,Imprimante laser,2.000,980.000,980.000,1.0000,0.00,19.00,19.00,false,1960.000
demolfa00554,demofac00245,FAC-2025-0102,democli00009,2025-03-04,3,demoprd00002,SRV-CONS-02,Conseil,Audit organisationnel,1.000,3200.000,3200.000,1.0000,0.00,19.00,19.00,false,3200.000
demolfa00526,demofac00246,FAC-2025-0103,democli00051,2025-03-05,0,demoprd00040,PRD-BAT-03,Batiment,Peinture murale (pot 20L),52.000,145.000,145.000,1.0000,0.00,19.00,19.00,false,7540.000
demolfa00527,demofac00246,FAC-2025-0103,democli00051,2025-03-05,1,demoprd00002,SRV-CONS-02,Conseil,Audit organisationnel,1.000,3200.000,3200.000,1.0000,0.00,19.00,19.00,false,3200.000
demolfa00528,demofac00246,FAC-2025-0103,democli00051,2025-03-05,2,demoprd00004,SRV-CONS-04,Conseil,Etude de marche,1.000,4500.000,4500.000,1.0000,0.00,19.00,19.00,false,4500.000
demolfa00529,demofac00246,FAC-2025-0103,democli00051,2025-03-05,3,demoprd00006,SRV-DEV-02,Developpement,Application mobile (forfait),1.000,12000.000,12000.000,1.0000,0.00,19.00,19.00,false,12000.000
demolfa00476,demofac00247,FAC-2025-0104,democli00040,2025-03-08,0,demoprd00015,SRV-FOR-03,Formation,Formation comptabilite,28.000,650.000,650.000,1.0000,0.00,19.00,19.00,false,18200.000
demolfa00477,demofac00247,FAC-2025-0104,democli00040,2025-03-08,1,demoprd00013,SRV-FOR-01,Formation,Formation bureautique (jour),4.000,420.000,420.000,1.0000,0.00,19.00,19.00,false,1680.000
demolfa00478,demofac00247,FAC-2025-0104,democli00040,2025-03-08,2,demoprd00034,PRD-MED-01,Medical,Kit de premiers secours,29.000,75.000,75.000,1.0000,0.00,7.00,7.00,false,2175.000
demolfa00480,demofac00248,FAC-2025-0105,democli00017,2025-03-08,0,demoprd00020,SRV-TRA-02,Logistique,Stockage entrepot (m2/mois),300.000,12.000,12.000,1.0000,0.00,19.00,19.00,false,3600.000
demolfa00522,demofac00249,FAC-2025-0106,democli00020,2025-03-08,0,demoprd00033,PRD-FOU-04,Fournitures,Mobilier de bureau (poste),1.000,1250.000,1250.000,1.0000,0.00,19.00,19.00,false,1250.000
demolfa00523,demofac00249,FAC-2025-0106,democli00020,2025-03-08,1,demoprd00032,PRD-FOU-03,Fournitures,Classeur archive,23.000,6.800,6.800,1.0000,0.00,19.00,19.00,false,156.400
demolfa00524,demofac00249,FAC-2025-0106,democli00020,2025-03-08,2,demoprd00035,PRD-MED-02,Medical,Gants nitrile (boite),52.000,18.000,18.000,1.0000,0.00,7.00,7.00,false,936.000
demolfa00525,demofac00249,FAC-2025-0106,democli00020,2025-03-08,3,demoprd00018,SRV-HEB-03,Hebergement,Serveur dedie (mois),2.000,290.000,290.000,1.0000,0.00,19.00,19.00,false,580.000
demolfa00467,demofac00250,FAC-2025-0107,democli00011,2025-03-09,0,demoprd00005,SRV-DEV-01,Developpement,Developpement web (jour),14.000,450.000,450.000,1.0000,7.00,19.00,19.00,false,5859.000
demolfa00468,demofac00250,FAC-2025-0107,democli00011,2025-03-09,1,demoprd00006,SRV-DEV-02,Developpement,Application mobile (forfait),1.000,12000.000,12000.000,1.0000,0.00,19.00,19.00,false,12000.000
demolfa00469,demofac00250,FAC-2025-0107,democli00011,2025-03-09,2,demoprd00011,SRV-MNT-03,Maintenance,Support premium (annuel),1.000,3600.000,3600.000,1.0000,0.00,19.00,19.00,false,3600.000
demolfa00470,demofac00250,FAC-2025-0107,democli00011,2025-03-09,3,demoprd00009,SRV-MNT-01,Maintenance,Maintenance mensuelle,2.000,380.000,380.000,1.0000,0.00,19.00,19.00,false,760.000
demolfa00496,demofac00251,FAC-2025-0108,democli00048,2025-03-09,0,demoprd00014,SRV-FOR-02,Formation,Formation cybersecurite,1.000,1800.000,1800.000,1.0000,0.00,19.00,19.00,false,1800.000
demolfa00497,demofac00251,FAC-2025-0108,democli00048,2025-03-09,1,demoprd00031,PRD-FOU-02,Fournitures,Cartouche toner,10.000,165.000,165.000,1.0000,0.00,19.00,19.00,false,1650.000
demolfa00498,demofac00251,FAC-2025-0108,democli00048,2025-03-09,2,demoprd00032,PRD-FOU-03,Fournitures,Classeur archive,114.000,6.800,6.800,1.0000,0.00,19.00,19.00,false,775.200
demolfa00472,demofac00252,FAC-2025-0109,democli00026,2025-03-10,0,demoprd00037,PRD-AGR-02,Agroalimentaire,Dattes Deglet Nour (carton),204.000,42.000,42.000,1.0000,0.00,13.00,13.00,false,8568.000
demolfa00473,demofac00252,FAC-2025-0109,democli00026,2025-03-10,1,demoprd00027,PRD-LOG-01,Logiciels,Licence antivirus (poste),13.000,85.000,85.000,1.0000,0.00,19.00,19.00,false,1105.000
demolfa00474,demofac00252,FAC-2025-0109,democli00026,2025-03-10,2,demoprd00012,SRV-MNT-04,Maintenance,Sauvegarde externalisee,1.000,95.000,95.000,1.0000,0.00,19.00,19.00,false,95.000
demolfa00475,demofac00252,FAC-2025-0109,democli00026,2025-03-10,3,demoprd00028,PRD-LOG-02,Logiciels,Licence suite bureautique,14.000,320.000,320.000,1.0000,0.00,19.00,19.00,false,4480.000
demolfa00514,demofac00254,FAC-2025-0111,democli00025,2025-03-11,0,demoprd00039,PRD-BAT-02,Batiment,Carrelage (m2),211.000,38.000,38.000,1.0000,0.00,19.00,19.00,false,8018.000
demolfa00515,demofac00254,FAC-2025-0111,democli00025,2025-03-11,1,demoprd00013,SRV-FOR-01,Formation,Formation bureautique (jour),1.000,420.000,420.000,1.0000,13.00,19.00,19.00,false,365.400
demolfa00556,demofac00256,FAC-2025-0113,democli00039,2025-03-12,0,demoprd00037,PRD-AGR-02,Agroalimentaire,Dattes Deglet Nour (carton),352.000,42.000,42.000,1.0000,12.00,13.00,13.00,false,13009.920
demolfa00557,demofac00256,FAC-2025-0113,democli00039,2025-03-12,1,demoprd00036,PRD-AGR-01,Agroalimentaire,Huile d'olive extra (bidon 5L),300.000,68.000,68.000,1.0000,0.00,13.00,13.00,false,20400.000
demolfa00567,demofac00257,FAC-2025-0114,democli00053,2025-03-12,0,demoprd00010,SRV-MNT-02,Maintenance,Intervention sur site,2.000,150.000,150.000,1.0000,0.00,19.00,19.00,false,300.000
demolfa00568,demofac00257,FAC-2025-0114,democli00053,2025-03-12,1,demoprd00035,PRD-MED-02,Medical,Gants nitrile (boite),155.000,18.000,18.000,1.0000,0.00,7.00,7.00,false,2790.000
demolfa00545,demofac00258,FAC-2025-0115,democli00042,2025-03-14,0,demoprd00026,PRD-INF-06,Informatique,Disque SSD 1To,4.000,310.000,310.000,1.0000,0.00,19.00,19.00,false,1240.000
demolfa00546,demofac00258,FAC-2025-0115,democli00042,2025-03-14,1,demoprd00021,PRD-INF-01,Informatique,Ordinateur portable pro,3.000,2350.000,2350.000,1.0000,0.00,19.00,19.00,false,7050.000
demolfa00484,demofac00259,FAC-2025-0116,democli00041,2025-03-15,0,demoprd00008,SRV-DEV-04,Developpement,Site vitrine,1.000,2400.000,2400.000,1.0000,0.00,19.00,19.00,false,2400.000
demolfa00485,demofac00259,FAC-2025-0116,democli00041,2025-03-15,1,demoprd00006,SRV-DEV-02,Developpement,Application mobile (forfait),1.000,12000.000,12000.000,1.0000,0.00,19.00,19.00,false,12000.000
demolfa00493,demofac00260,FAC-2025-0117,democli00057,2025-03-15,0,demoprd00023,PRD-INF-03,Informatique,Imprimante laser,1.000,980.000,980.000,1.0000,0.00,19.00,19.00,false,980.000
demolfa00494,demofac00260,FAC-2025-0117,democli00057,2025-03-15,1,demoprd00005,SRV-DEV-01,Developpement,Developpement web (jour),4.000,450.000,450.000,1.0000,0.00,19.00,19.00,false,1800.000
demolfa00495,demofac00260,FAC-2025-0117,democli00057,2025-03-15,2,demoprd00022,PRD-INF-02,Informatique,Ecran 27 pouces,8.000,690.000,690.000,1.0000,0.00,19.00,19.00,false,5520.000
demolfa00534,demofac00261,FAC-2025-0118,democli00037,2025-03-15,0,demoprd00004,SRV-CONS-04,Conseil,Etude de marche,1.000,4500.000,4500.000,1.0000,0.00,19.00,19.00,false,4500.000
demolfa00535,demofac00261,FAC-2025-0118,democli00037,2025-03-15,1,demoprd00039,PRD-BAT-02,Batiment,Carrelage (m2),647.000,38.000,38.000,1.0000,0.00,19.00,19.00,false,24586.000
demolfa00536,demofac00261,FAC-2025-0118,democli00037,2025-03-15,2,demoprd00002,SRV-CONS-02,Conseil,Audit organisationnel,1.000,3200.000,3200.000,1.0000,0.00,19.00,19.00,false,3200.000
demolfa00501,demofac00262,FAC-2025-0119,democli00006,2025-03-16,0,demoprd00014,SRV-FOR-02,Formation,Formation cybersecurite,1.000,1800.000,1800.000,1.0000,0.00,19.00,19.00,false,1800.000
demolfa00502,demofac00262,FAC-2025-0119,democli00006,2025-03-16,1,demoprd00015,SRV-FOR-03,Formation,Formation comptabilite,3.000,650.000,650.000,1.0000,0.00,19.00,19.00,false,1950.000
demolfa00503,demofac00262,FAC-2025-0119,democli00006,2025-03-16,2,demoprd00025,PRD-INF-05,Informatique,Onduleur 1500VA,2.000,460.000,460.000,1.0000,0.00,19.00,19.00,false,920.000
demolfa00512,demofac00263,FAC-2025-0120,democli00006,2025-03-19,0,demoprd00015,SRV-FOR-03,Formation,Formation comptabilite,3.000,650.000,650.000,1.0000,7.00,19.00,19.00,false,1813.500
demolfa00543,demofac00264,FAC-2025-0121,democli00049,2025-03-19,0,demoprd00028,PRD-LOG-02,Logiciels,Licence suite bureautique,13.000,320.000,320.000,1.0000,0.00,19.00,19.00,false,4160.000
demolfa00544,demofac00264,FAC-2025-0121,democli00049,2025-03-19,1,demoprd00004,SRV-CONS-04,Conseil,Etude de marche,1.000,4500.000,4500.000,1.0000,12.00,19.00,19.00,false,3960.000
demolfa00471,demofac00265,FAC-2025-0122,democli00020,2025-03-20,0,demoprd00014,SRV-FOR-02,Formation,Formation cybersecurite,1.000,1800.000,1800.000,1.0000,0.00,19.00,19.00,false,1800.000
demolfa00479,demofac00266,FAC-2025-0123,democli00028,2025-03-20,0,demoprd00040,PRD-BAT-03,Batiment,Peinture murale (pot 20L),3.000,145.000,145.000,1.0000,15.00,19.00,19.00,false,369.750
demolfa00504,demofac00267,FAC-2025-0124,democli00027,2025-03-22,0,demoprd00006,SRV-DEV-02,Developpement,Application mobile (forfait),1.000,12000.000,12000.000,1.0000,0.00,19.00,19.00,false,12000.000
demolfa00566,demofac00268,FAC-2025-0125,democli00031,2025-03-22,0,demoprd00001,SRV-CONS-01,Conseil,Conseil strategique (jour),3.000,850.000,850.000,1.0000,0.00,19.00,19.00,false,2550.000
demolfa00508,demofac00269,FAC-2025-0126,democli00026,2025-03-23,0,demoprd00036,PRD-AGR-01,Agroalimentaire,Huile d'olive extra (bidon 5L),135.000,68.000,68.000,1.0000,5.00,13.00,13.00,false,8721.000
demolfa00540,demofac00270,FAC-2025-0127,democli00034,2025-03-23,0,demoprd00039,PRD-BAT-02,Batiment,Carrelage (m2),695.000,38.000,38.000,1.0000,0.00,19.00,19.00,false,26410.000
demolfa00499,demofac00271,FAC-2025-0128,democli00038,2025-03-24,0,demoprd00028,PRD-LOG-02,Logiciels,Licence suite bureautique,22.000,320.000,320.000,1.0000,0.00,19.00,19.00,false,7040.000
demolfa00500,demofac00271,FAC-2025-0128,democli00038,2025-03-24,1,demoprd00029,PRD-LOG-03,Logiciels,Logiciel de gestion commerciale,1.000,2900.000,2900.000,1.0000,0.00,19.00,19.00,false,2900.000
demolfa00518,demofac00273,FAC-2025-0130,democli00059,2025-03-25,0,demoprd00018,SRV-HEB-03,Hebergement,Serveur dedie (mois),1.000,290.000,290.000,1.0000,7.00,19.00,19.00,false,269.700
demolfa00519,demofac00273,FAC-2025-0130,democli00059,2025-03-25,1,demoprd00025,PRD-INF-05,Informatique,Onduleur 1500VA,2.000,460.000,460.000,1.0000,0.00,19.00,19.00,false,920.000
demolfa00564,demofac00274,FAC-2025-0131,democli00014,2025-03-25,0,demoprd00006,SRV-DEV-02,Developpement,Application mobile (forfait),1.000,12000.000,12000.000,1.0000,0.00,19.00,19.00,false,12000.000
demolfa00565,demofac00274,FAC-2025-0131,democli00014,2025-03-25,1,demoprd00009,SRV-MNT-01,Maintenance,Maintenance mensuelle,1.000,380.000,380.000,1.0000,7.00,19.00,19.00,false,353.400
demolfa00481,demofac00275,FAC-2025-0132,democli00059,2025-03-26,0,demoprd00027,PRD-LOG-01,Logiciels,Licence antivirus (poste),19.000,85.000,85.000,1.0000,0.00,19.00,19.00,false,1615.000
demolfa00482,demofac00275,FAC-2025-0132,democli00059,2025-03-26,1,demoprd00008,SRV-DEV-04,Developpement,Site vitrine,1.000,2400.000,2400.000,1.0000,0.00,19.00,19.00,false,2400.000
demolfa00486,demofac00276,FAC-2025-0133,democli00042,2025-03-26,0,demoprd00024,PRD-INF-04,Informatique,Routeur professionnel,1.000,540.000,540.000,1.0000,0.00,19.00,19.00,false,540.000
demolfa00487,demofac00276,FAC-2025-0133,democli00042,2025-03-26,1,demoprd00022,PRD-INF-02,Informatique,Ecran 27 pouces,2.000,690.000,690.000,1.0000,0.00,19.00,19.00,false,1380.000
demolfa00488,demofac00276,FAC-2025-0133,democli00042,2025-03-26,2,demoprd00026,PRD-INF-06,Informatique,Disque SSD 1To,4.000,310.000,310.000,1.0000,0.00,19.00,19.00,false,1240.000
demolfa00489,demofac00277,FAC-2025-0134,democli00056,2025-03-26,0,demoprd00029,PRD-LOG-03,Logiciels,Logiciel de gestion commerciale,1.000,2900.000,2900.000,1.0000,0.00,19.00,19.00,false,2900.000
demolfa00490,demofac00277,FAC-2025-0134,democli00056,2025-03-26,1,demoprd00039,PRD-BAT-02,Batiment,Carrelage (m2),304.000,38.000,38.000,1.0000,15.00,19.00,19.00,false,9819.200
demolfa00558,demofac00278,FAC-2025-0135,democli00006,2025-03-26,0,demoprd00026,PRD-INF-06,Informatique,Disque SSD 1To,2.000,310.000,310.000,1.0000,0.00,19.00,19.00,false,620.000
demolfa00509,demofac00279,FAC-2025-0136,democli00055,2025-03-27,0,demoprd00027,PRD-LOG-01,Logiciels,Licence antivirus (poste),43.000,85.000,85.000,1.0000,0.00,19.00,19.00,false,3655.000
demolfa00510,demofac00279,FAC-2025-0136,democli00055,2025-03-27,1,demoprd00003,SRV-CONS-03,Conseil,Accompagnement fiscal (heure),15.000,120.000,120.000,1.0000,0.00,19.00,19.00,false,1800.000
demolfa00511,demofac00279,FAC-2025-0136,democli00055,2025-03-27,2,demoprd00004,SRV-CONS-04,Conseil,Etude de marche,1.000,4500.000,4500.000,1.0000,0.00,19.00,19.00,false,4500.000
demolfa00530,demofac00280,FAC-2025-0137,democli00018,2025-03-27,0,demoprd00020,SRV-TRA-02,Logistique,Stockage entrepot (m2/mois),168.000,12.000,12.000,1.0000,0.00,19.00,19.00,false,2016.000
demolfa00550,demofac00281,FAC-2025-0138,democli00015,2025-03-27,0,demoprd00009,SRV-MNT-01,Maintenance,Maintenance mensuelle,1.000,380.000,380.000,1.0000,0.00,19.00,19.00,false,380.000
demolfa00562,demofac00282,FAC-2025-0139,democli00053,2025-03-27,0,demoprd00011,SRV-MNT-03,Maintenance,Support premium (annuel),1.000,3600.000,3600.000,1.0000,0.00,19.00,19.00,false,3600.000
demolfa00563,demofac00282,FAC-2025-0139,democli00053,2025-03-27,1,demoprd00033,PRD-FOU-04,Fournitures,Mobilier de bureau (poste),5.000,1250.000,1250.000,1.0000,0.00,19.00,19.00,false,6250.000
demolfa00483,demofac00283,FAC-2025-0140,democli00032,2025-03-28,0,demoprd00009,SRV-MNT-01,Maintenance,Maintenance mensuelle,3.000,380.000,380.000,1.0000,0.00,19.00,19.00,false,1140.000
demolfa00517,demofac00284,FAC-2025-0141,democli00054,2025-03-28,0,demoprd00019,SRV-TRA-01,Logistique,Transport de marchandises,9.000,210.000,210.000,1.0000,0.00,7.00,7.00,false,1890.000
demolfa00521,demofac00285,FAC-2025-0142,democli00059,2025-03-28,0,demoprd00036,PRD-AGR-01,Agroalimentaire,Huile d'olive extra (bidon 5L),87.000,68.000,68.000,1.0000,0.00,13.00,13.00,false,5916.000
demolfa00569,demofac00286,FAC-2025-0143,democli00011,2025-03-28,0,demoprd00012,SRV-MNT-04,Maintenance,Sauvegarde externalisee,10.000,95.000,95.000,1.0000,0.00,19.00,19.00,false,950.000
demolfa00531,demofac00287,FAC-2025-0144,democli00021,2025-03-29,0,demoprd00014,SRV-FOR-02,Formation,Formation cybersecurite,1.000,1800.000,1800.000,1.0000,0.00,19.00,19.00,false,1800.000
demolfa00532,demofac00287,FAC-2025-0144,democli00021,2025-03-29,1,demoprd00013,SRV-FOR-01,Formation,Formation bureautique (jour),1.000,420.000,420.000,1.0000,0.00,19.00,19.00,false,420.000
demolfa00533,demofac00287,FAC-2025-0144,democli00021,2025-03-29,2,demoprd00015,SRV-FOR-03,Formation,Formation comptabilite,1.000,650.000,650.000,1.0000,0.00,19.00,19.00,false,650.000
demolfa00491,demofac00288,FAC-2025-0145,democli00019,2025-03-30,0,demoprd00035,PRD-MED-02,Medical,Gants nitrile (boite),400.000,18.000,18.000,1.0000,0.00,7.00,7.00,false,7200.000
demolfa00492,demofac00288,FAC-2025-0145,democli00019,2025-03-30,1,demoprd00034,PRD-MED-01,Medical,Kit de premiers secours,29.000,75.000,75.000,1.0000,0.00,7.00,7.00,false,2175.000
demolfa00547,demofac00289,FAC-2025-0146,democli00059,2025-03-31,0,demoprd00037,PRD-AGR-02,Agroalimentaire,Dattes Deglet Nour (carton),37.000,42.000,42.000,1.0000,0.00,13.00,13.00,false,1554.000
demolfa00548,demofac00289,FAC-2025-0146,democli00059,2025-03-31,1,demoprd00027,PRD-LOG-01,Logiciels,Licence antivirus (poste),12.000,85.000,85.000,1.0000,0.00,19.00,19.00,false,1020.000
demolfa00549,demofac00289,FAC-2025-0146,democli00059,2025-03-31,2,demoprd00016,SRV-HEB-01,Hebergement,Hebergement web (annuel),1.000,540.000,540.000,1.0000,5.00,19.00,19.00,false,513.000
demolfa00593,demofac00290,FAC-2025-0147,democli00053,2025-04-01,0,demoprd00012,SRV-MNT-04,Maintenance,Sauvegarde externalisee,5.000,95.000,95.000,1.0000,11.00,19.00,19.00,false,422.750
demolfa00594,demofac00290,FAC-2025-0147,democli00053,2025-04-01,1,demoprd00003,SRV-CONS-03,Conseil,Accompagnement fiscal (heure),7.000,120.000,120.000,1.0000,0.00,19.00,19.00,false,840.000
demolfa00595,demofac00290,FAC-2025-0147,democli00053,2025-04-01,2,demoprd00035,PRD-MED-02,Medical,Gants nitrile (boite),278.000,18.000,18.000,1.0000,0.00,7.00,7.00,false,5004.000
demolfa00628,demofac00291,FAC-2025-0148,democli00021,2025-04-02,0,demoprd00015,SRV-FOR-03,Formation,Formation comptabilite,1.000,650.000,650.000,1.0000,0.00,19.00,19.00,false,650.000
demolfa00629,demofac00291,FAC-2025-0148,democli00021,2025-04-02,1,demoprd00013,SRV-FOR-01,Formation,Formation bureautique (jour),2.000,420.000,420.000,1.0000,0.00,19.00,19.00,false,840.000
demolfa00630,demofac00291,FAC-2025-0148,democli00021,2025-04-02,2,demoprd00028,PRD-LOG-02,Logiciels,Licence suite bureautique,9.000,320.000,320.000,1.0000,0.00,19.00,19.00,false,2880.000
demolfa00631,demofac00291,FAC-2025-0148,democli00021,2025-04-02,3,demoprd00029,PRD-LOG-03,Logiciels,Logiciel de gestion commerciale,1.000,2900.000,2900.000,1.0000,0.00,19.00,19.00,false,2900.000
demolfa00659,demofac00292,FAC-2025-0149,democli00046,2025-04-02,0,demoprd00011,SRV-MNT-03,Maintenance,Support premium (annuel),1.000,3600.000,3600.000,1.0000,0.00,19.00,19.00,false,3600.000
demolfa00660,demofac00292,FAC-2025-0149,democli00046,2025-04-02,1,demoprd00029,PRD-LOG-03,Logiciels,Logiciel de gestion commerciale,3.000,2900.000,2900.000,1.0000,0.00,19.00,19.00,false,8700.000
demolfa00661,demofac00292,FAC-2025-0149,democli00046,2025-04-02,2,demoprd00022,PRD-INF-02,Informatique,Ecran 27 pouces,12.000,690.000,690.000,1.0000,0.00,19.00,19.00,false,8280.000
demolfa00570,demofac00293,FAC-2025-0150,democli00057,2025-04-03,0,demoprd00026,PRD-INF-06,Informatique,Disque SSD 1To,9.000,310.000,310.000,1.0000,9.00,19.00,19.00,false,2538.900
demolfa00610,demofac00294,FAC-2025-0151,democli00047,2025-04-03,0,demoprd00033,PRD-FOU-04,Fournitures,Mobilier de bureau (poste),4.000,1250.000,1250.000,1.0000,0.00,19.00,19.00,false,5000.000
demolfa00611,demofac00294,FAC-2025-0151,democli00047,2025-04-03,1,demoprd00032,PRD-FOU-03,Fournitures,Classeur archive,29.000,6.800,6.800,1.0000,0.00,19.00,19.00,false,197.200
demolfa00612,demofac00294,FAC-2025-0151,democli00047,2025-04-03,2,demoprd00006,SRV-DEV-02,Developpement,Application mobile (forfait),1.000,12000.000,12000.000,1.0000,0.00,19.00,19.00,false,12000.000
demolfa00656,demofac00295,FAC-2025-0152,democli00016,2025-04-05,0,demoprd00035,PRD-MED-02,Medical,Gants nitrile (boite),67.000,18.000,18.000,1.0000,0.00,7.00,7.00,false,1206.000
demolfa00624,demofac00296,FAC-2025-0153,democli00033,2025-04-06,0,demoprd00030,PRD-FOU-01,Fournitures,Ramette papier A4,200.000,14.500,14.500,1.0000,0.00,19.00,19.00,false,2900.000
demolfa00625,demofac00296,FAC-2025-0153,democli00033,2025-04-06,1,demoprd00005,SRV-DEV-01,Developpement,Developpement web (jour),7.000,450.000,450.000,1.0000,15.00,19.00,19.00,false,2677.500
demolfa00633,demofac00297,FAC-2025-0154,democli00033,2025-04-06,0,demoprd00031,PRD-FOU-02,Fournitures,Cartouche toner,16.000,165.000,165.000,1.0000,0.00,19.00,19.00,false,2640.000
demolfa00634,demofac00297,FAC-2025-0154,democli00033,2025-04-06,1,demoprd00032,PRD-FOU-03,Fournitures,Classeur archive,125.000,6.800,6.800,1.0000,7.00,19.00,19.00,false,790.500
demolfa00639,demofac00298,FAC-2025-0155,democli00059,2025-04-06,0,demoprd00027,PRD-LOG-01,Logiciels,Licence antivirus (poste),37.000,85.000,85.000,1.0000,0.00,19.00,19.00,false,3145.000
demolfa00614,demofac00299,FAC-2025-0156,democli00052,2025-04-07,0,demoprd00019,SRV-TRA-01,Logistique,Transport de marchandises,2.000,210.000,210.000,1.0000,0.00,7.00,7.00,false,420.000
demolfa00621,demofac00300,FAC-2025-0157,democli00006,2025-04-08,0,demoprd00013,SRV-FOR-01,Formation,Formation bureautique (jour),2.000,420.000,420.000,1.0000,0.00,19.00,19.00,false,840.000
demolfa00622,demofac00300,FAC-2025-0157,democli00006,2025-04-08,1,demoprd00030,PRD-FOU-01,Fournitures,Ramette papier A4,111.000,14.500,14.500,1.0000,0.00,19.00,19.00,false,1609.500
demolfa00615,demofac00301,FAC-2025-0158,democli00059,2025-04-09,0,demoprd00015,SRV-FOR-03,Formation,Formation comptabilite,2.000,650.000,650.000,1.0000,0.00,19.00,19.00,false,1300.000
demolfa00616,demofac00301,FAC-2025-0158,democli00059,2025-04-09,1,demoprd00036,PRD-AGR-01,Agroalimentaire,Huile d'olive extra (bidon 5L),71.000,68.000,68.000,1.0000,0.00,13.00,13.00,false,4828.000
demolfa00588,demofac00302,FAC-2025-0159,democli00058,2025-04-10,0,demoprd00020,SRV-TRA-02,Logistique,Stockage entrepot (m2/mois),101.000,12.000,12.000,1.0000,0.00,19.00,19.00,false,1212.000
demolfa00589,demofac00302,FAC-2025-0159,democli00058,2025-04-10,1,demoprd00040,PRD-BAT-03,Batiment,Peinture murale (pot 20L),62.000,145.000,145.000,1.0000,0.00,19.00,19.00,false,8990.000
demolfa00572,demofac00303,FAC-2025-0160,democli00050,2025-04-11,0,demoprd00038,PRD-BAT-01,Batiment,Ciment (tonne),11.000,310.000,310.000,1.0000,0.00,19.00,19.00,false,3410.000
demolfa00573,demofac00303,FAC-2025-0160,democli00050,2025-04-11,1,demoprd00024,PRD-INF-04,Informatique,Routeur professionnel,2.000,540.000,540.000,1.0000,0.00,19.00,19.00,false,1080.000
demolfa00640,demofac00304,FAC-2025-0161,democli00006,2025-04-11,0,demoprd00005,SRV-DEV-01,Developpement,Developpement web (jour),9.000,450.000,450.000,1.0000,0.00,19.00,19.00,false,4050.000
demolfa00641,demofac00304,FAC-2025-0161,democli00006,2025-04-11,1,demoprd00024,PRD-INF-04,Informatique,Routeur professionnel,3.000,540.000,540.000,1.0000,0.00,19.00,19.00,false,1620.000
demolfa00649,demofac00305,FAC-2025-0162,democli00016,2025-04-13,0,demoprd00034,PRD-MED-01,Medical,Kit de premiers secours,5.000,75.000,75.000,1.0000,0.00,7.00,7.00,false,375.000
demolfa00650,demofac00305,FAC-2025-0162,democli00016,2025-04-13,1,demoprd00009,SRV-MNT-01,Maintenance,Maintenance mensuelle,1.000,380.000,380.000,1.0000,0.00,19.00,19.00,false,380.000
demolfa00654,demofac00306,FAC-2025-0163,democli00053,2025-04-15,0,demoprd00028,PRD-LOG-02,Logiciels,Licence suite bureautique,16.000,320.000,320.000,1.0000,0.00,19.00,19.00,false,5120.000
demolfa00655,demofac00306,FAC-2025-0163,democli00053,2025-04-15,1,demoprd00010,SRV-MNT-02,Maintenance,Intervention sur site,4.000,150.000,150.000,1.0000,9.00,19.00,19.00,false,546.000
demolfa00580,demofac00307,FAC-2025-0164,democli00019,2025-04-17,0,demoprd00039,PRD-BAT-02,Batiment,Carrelage (m2),800.000,38.000,38.000,1.0000,0.00,19.00,19.00,false,30400.000
demolfa00581,demofac00307,FAC-2025-0164,democli00019,2025-04-17,1,demoprd00040,PRD-BAT-03,Batiment,Peinture murale (pot 20L),80.000,145.000,145.000,1.0000,0.00,19.00,19.00,false,11600.000
demolfa00582,demofac00307,FAC-2025-0164,democli00019,2025-04-17,2,demoprd00035,PRD-MED-02,Medical,Gants nitrile (boite),400.000,18.000,18.000,1.0000,0.00,7.00,7.00,false,7200.000
demolfa00599,demofac00308,FAC-2025-0165,democli00004,2025-04-17,0,demoprd00006,SRV-DEV-02,Developpement,Application mobile (forfait),1.000,12000.000,12000.000,1.0000,7.00,19.00,19.00,false,11160.000
demolfa00600,demofac00308,FAC-2025-0165,democli00004,2025-04-17,1,demoprd00037,PRD-AGR-02,Agroalimentaire,Dattes Deglet Nour (carton),117.000,42.000,42.000,1.0000,0.00,13.00,13.00,false,4914.000
demolfa00601,demofac00308,FAC-2025-0165,democli00004,2025-04-17,2,demoprd00036,PRD-AGR-01,Agroalimentaire,Huile d'olive extra (bidon 5L),300.000,68.000,68.000,1.0000,0.00,13.00,13.00,false,20400.000
demolfa00602,demofac00309,FAC-2025-0166,democli00025,2025-04-17,0,demoprd00003,SRV-CONS-03,Conseil,Accompagnement fiscal (heure),7.000,120.000,120.000,1.0000,0.00,19.00,19.00,false,840.000
demolfa00603,demofac00309,FAC-2025-0166,democli00025,2025-04-17,1,demoprd00014,SRV-FOR-02,Formation,Formation cybersecurite,1.000,1800.000,1800.000,1.0000,0.00,19.00,19.00,false,1800.000
demolfa00623,demofac00310,FAC-2025-0167,democli00026,2025-04-17,0,demoprd00002,SRV-CONS-02,Conseil,Audit organisationnel,1.000,3200.000,3200.000,1.0000,0.00,19.00,19.00,false,3200.000
demolfa00635,demofac00311,FAC-2025-0168,democli00042,2025-04-17,0,demoprd00023,PRD-INF-03,Informatique,Imprimante laser,1.000,980.000,980.000,1.0000,0.00,19.00,19.00,false,980.000
demolfa00617,demofac00312,FAC-2025-0169,democli00020,2025-04-18,0,demoprd00032,PRD-FOU-03,Fournitures,Classeur archive,25.000,6.800,6.800,1.0000,0.00,19.00,19.00,false,170.000
demolfa00618,demofac00312,FAC-2025-0169,democli00020,2025-04-18,1,demoprd00031,PRD-FOU-02,Fournitures,Cartouche toner,5.000,165.000,165.000,1.0000,14.00,19.00,19.00,false,709.500
demolfa00619,demofac00312,FAC-2025-0169,democli00020,2025-04-18,2,demoprd00016,SRV-HEB-01,Hebergement,Hebergement web (annuel),1.000,540.000,540.000,1.0000,0.00,19.00,19.00,false,540.000
demolfa00620,demofac00312,FAC-2025-0169,democli00020,2025-04-18,3,demoprd00033,PRD-FOU-04,Fournitures,Mobilier de bureau (poste),3.000,1250.000,1250.000,1.0000,0.00,19.00,19.00,false,3750.000
demolfa00666,demofac00313,FAC-2025-0170,democli00019,2025-04-19,0,demoprd00028,PRD-LOG-02,Logiciels,Licence suite bureautique,50.000,320.000,320.000,1.0000,9.00,19.00,19.00,false,14560.000
demolfa00667,demofac00313,FAC-2025-0170,democli00019,2025-04-19,1,demoprd00038,PRD-BAT-01,Batiment,Ciment (tonne),60.000,310.000,310.000,1.0000,0.00,19.00,19.00,false,18600.000
demolfa00642,demofac00314,FAC-2025-0171,democli00048,2025-04-20,0,demoprd00013,SRV-FOR-01,Formation,Formation bureautique (jour),2.000,420.000,420.000,1.0000,7.00,19.00,19.00,false,781.200
demolfa00643,demofac00314,FAC-2025-0171,democli00048,2025-04-20,1,demoprd00032,PRD-FOU-03,Fournitures,Classeur archive,121.000,6.800,6.800,1.0000,0.00,19.00,19.00,false,822.800
demolfa00644,demofac00314,FAC-2025-0171,democli00048,2025-04-20,2,demoprd00031,PRD-FOU-02,Fournitures,Cartouche toner,15.000,165.000,165.000,1.0000,0.00,19.00,19.00,false,2475.000
demolfa00645,demofac00314,FAC-2025-0171,democli00048,2025-04-20,3,demoprd00020,SRV-TRA-02,Logistique,Stockage entrepot (m2/mois),40.000,12.000,12.000,1.0000,0.00,19.00,19.00,false,480.000
demolfa00651,demofac00315,FAC-2025-0172,democli00049,2025-04-20,0,demoprd00001,SRV-CONS-01,Conseil,Conseil strategique (jour),2.000,850.000,850.000,1.0000,0.00,19.00,19.00,false,1700.000
demolfa00652,demofac00315,FAC-2025-0172,democli00049,2025-04-20,1,demoprd00004,SRV-CONS-04,Conseil,Etude de marche,1.000,4500.000,4500.000,1.0000,0.00,19.00,19.00,false,4500.000
demolfa00653,demofac00315,FAC-2025-0172,democli00049,2025-04-20,2,demoprd00020,SRV-TRA-02,Logistique,Stockage entrepot (m2/mois),93.000,12.000,12.000,1.0000,0.00,19.00,19.00,false,1116.000
demolfa00663,demofac00316,FAC-2025-0173,democli00019,2025-04-20,0,demoprd00039,PRD-BAT-02,Batiment,Carrelage (m2),524.000,38.000,38.000,1.0000,0.00,19.00,19.00,false,19912.000
demolfa00664,demofac00316,FAC-2025-0173,democli00019,2025-04-20,1,demoprd00040,PRD-BAT-03,Batiment,Peinture murale (pot 20L),80.000,145.000,145.000,1.0000,0.00,19.00,19.00,false,11600.000
demolfa00665,demofac00316,FAC-2025-0173,democli00019,2025-04-20,2,demoprd00034,PRD-MED-01,Medical,Kit de premiers secours,40.000,75.000,75.000,1.0000,10.00,7.00,7.00,false,2700.000
demolfa00571,demofac00317,FAC-2025-0174,democli00060,2025-04-21,0,demoprd00010,SRV-MNT-02,Maintenance,Intervention sur site,1.000,150.000,150.000,1.0000,0.00,19.00,19.00,false,150.000
demolfa00574,demofac00318,FAC-2025-0175,democli00041,2025-04-21,0,demoprd00008,SRV-DEV-04,Developpement,Site vitrine,1.000,2400.000,2400.000,1.0000,5.00,19.00,19.00,false,2280.000
demolfa00575,demofac00318,FAC-2025-0175,democli00041,2025-04-21,1,demoprd00035,PRD-MED-02,Medical,Gants nitrile (boite),388.000,18.000,18.000,1.0000,0.00,7.00,7.00,false,6984.000
demolfa00604,demofac00319,FAC-2025-0176,democli00039,2025-04-21,0,demoprd00040,PRD-BAT-03,Batiment,Peinture murale (pot 20L),10.000,145.000,145.000,1.0000,0.00,19.00,19.00,false,1450.000
demolfa00605,demofac00319,FAC-2025-0176,democli00039,2025-04-21,1,demoprd00004,SRV-CONS-04,Conseil,Etude de marche,1.000,4500.000,4500.000,1.0000,0.00,19.00,19.00,false,4500.000
demolfa00606,demofac00319,FAC-2025-0176,democli00039,2025-04-21,2,demoprd00005,SRV-DEV-01,Developpement,Developpement web (jour),12.000,450.000,450.000,1.0000,0.00,19.00,19.00,false,5400.000
demolfa00607,demofac00319,FAC-2025-0176,democli00039,2025-04-21,3,demoprd00036,PRD-AGR-01,Agroalimentaire,Huile d'olive extra (bidon 5L),232.000,68.000,68.000,1.0000,0.00,13.00,13.00,false,15776.000
demolfa00657,demofac00320,FAC-2025-0177,democli00041,2025-04-21,0,demoprd00034,PRD-MED-01,Medical,Kit de premiers secours,35.000,75.000,75.000,1.0000,12.00,7.00,7.00,false,2310.000
demolfa00658,demofac00320,FAC-2025-0177,democli00041,2025-04-21,1,demoprd00008,SRV-DEV-04,Developpement,Site vitrine,1.000,2400.000,2400.000,1.0000,0.00,19.00,19.00,false,2400.000
demolfa00613,demofac00321,FAC-2025-0178,democli00042,2025-04-23,0,demoprd00022,PRD-INF-02,Informatique,Ecran 27 pouces,1.000,690.000,690.000,1.0000,0.00,19.00,19.00,false,690.000
demolfa00626,demofac00322,FAC-2025-0179,democli00011,2025-04-24,0,demoprd00008,SRV-DEV-04,Developpement,Site vitrine,1.000,2400.000,2400.000,1.0000,0.00,19.00,19.00,false,2400.000
demolfa00627,demofac00322,FAC-2025-0179,democli00011,2025-04-24,1,demoprd00006,SRV-DEV-02,Developpement,Application mobile (forfait),1.000,12000.000,12000.000,1.0000,0.00,19.00,19.00,false,12000.000
demolfa00576,demofac00323,FAC-2025-0180,democli00039,2025-04-25,0,demoprd00024,PRD-INF-04,Informatique,Routeur professionnel,3.000,540.000,540.000,1.0000,0.00,19.00,19.00,false,1620.000
demolfa00577,demofac00323,FAC-2025-0180,democli00039,2025-04-25,1,demoprd00037,PRD-AGR-02,Agroalimentaire,Dattes Deglet Nour (carton),110.000,42.000,42.000,1.0000,0.00,13.00,13.00,false,4620.000
demolfa00585,demofac00324,FAC-2025-0181,democli00031,2025-04-25,0,demoprd00003,SRV-CONS-03,Conseil,Accompagnement fiscal (heure),9.000,120.000,120.000,1.0000,0.00,19.00,19.00,false,1080.000
demolfa00586,demofac00324,FAC-2025-0181,democli00031,2025-04-25,1,demoprd00035,PRD-MED-02,Medical,Gants nitrile (boite),101.000,18.000,18.000,1.0000,8.00,7.00,7.00,false,1672.560
demolfa00587,demofac00324,FAC-2025-0181,democli00031,2025-04-25,2,demoprd00004,SRV-CONS-04,Conseil,Etude de marche,1.000,4500.000,4500.000,1.0000,0.00,19.00,19.00,false,4500.000
demolfa00646,demofac00325,FAC-2025-0182,democli00041,2025-04-25,0,demoprd00005,SRV-DEV-01,Developpement,Developpement web (jour),20.000,450.000,450.000,1.0000,0.00,19.00,19.00,false,9000.000
demolfa00647,demofac00325,FAC-2025-0182,democli00041,2025-04-25,1,demoprd00006,SRV-DEV-02,Developpement,Application mobile (forfait),1.000,12000.000,12000.000,1.0000,0.00,19.00,19.00,false,12000.000
demolfa00578,demofac00326,FAC-2025-0183,democli00005,2025-04-26,0,demoprd00006,SRV-DEV-02,Developpement,Application mobile (forfait),1.000,12000.000,12000.000,1.0000,0.00,19.00,19.00,false,12000.000
demolfa00579,demofac00326,FAC-2025-0183,democli00005,2025-04-26,1,demoprd00005,SRV-DEV-01,Developpement,Developpement web (jour),20.000,450.000,450.000,1.0000,0.00,19.00,19.00,false,9000.000
demolfa00632,demofac00327,FAC-2025-0184,democli00021,2025-04-26,0,demoprd00014,SRV-FOR-02,Formation,Formation cybersecurite,1.000,1800.000,1800.000,1.0000,0.00,19.00,19.00,false,1800.000
demolfa00608,demofac00328,FAC-2025-0185,democli00044,2025-04-28,0,demoprd00020,SRV-TRA-02,Logistique,Stockage entrepot (m2/mois),86.000,12.000,12.000,1.0000,0.00,19.00,19.00,false,1032.000
demolfa00609,demofac00328,FAC-2025-0185,democli00044,2025-04-28,1,demoprd00010,SRV-MNT-02,Maintenance,Intervention sur site,2.000,150.000,150.000,1.0000,7.00,19.00,19.00,false,279.000
demolfa00636,demofac00329,FAC-2025-0186,democli00026,2025-04-29,0,demoprd00027,PRD-LOG-01,Logiciels,Licence antivirus (poste),51.000,85.000,85.000,1.0000,0.00,19.00,19.00,false,4335.000
demolfa00637,demofac00329,FAC-2025-0186,democli00026,2025-04-29,1,demoprd00037,PRD-AGR-02,Agroalimentaire,Dattes Deglet Nour (carton),153.000,42.000,42.000,1.0000,10.00,13.00,13.00,false,5783.400
demolfa00638,demofac00329,FAC-2025-0186,democli00026,2025-04-29,2,demoprd00036,PRD-AGR-01,Agroalimentaire,Huile d'olive extra (bidon 5L),44.000,68.000,68.000,1.0000,0.00,13.00,13.00,false,2992.000
demolfa00662,demofac00330,FAC-2025-0187,democli00049,2025-04-29,0,demoprd00004,SRV-CONS-04,Conseil,Etude de marche,1.000,4500.000,4500.000,1.0000,0.00,19.00,19.00,false,4500.000
demolfa00583,demofac00331,FAC-2025-0188,democli00032,2025-04-30,0,demoprd00022,PRD-INF-02,Informatique,Ecran 27 pouces,8.000,690.000,690.000,1.0000,0.00,19.00,19.00,false,5520.000
demolfa00584,demofac00331,FAC-2025-0188,democli00032,2025-04-30,1,demoprd00008,SRV-DEV-04,Developpement,Site vitrine,1.000,2400.000,2400.000,1.0000,0.00,19.00,19.00,false,2400.000
demolfa00590,demofac00332,FAC-2025-0189,democli00039,2025-04-30,0,demoprd00037,PRD-AGR-02,Agroalimentaire,Dattes Deglet Nour (carton),457.000,42.000,42.000,1.0000,0.00,13.00,13.00,false,19194.000
demolfa00591,demofac00332,FAC-2025-0189,democli00039,2025-04-30,1,demoprd00012,SRV-MNT-04,Maintenance,Sauvegarde externalisee,10.000,95.000,95.000,1.0000,0.00,19.00,19.00,false,950.000
demolfa00592,demofac00332,FAC-2025-0189,democli00039,2025-04-30,2,demoprd00036,PRD-AGR-01,Agroalimentaire,Huile d'olive extra (bidon 5L),300.000,68.000,68.000,1.0000,0.00,13.00,13.00,false,20400.000
demolfa00596,demofac00333,FAC-2025-0190,democli00049,2025-04-30,0,demoprd00027,PRD-LOG-01,Logiciels,Licence antivirus (poste),14.000,85.000,85.000,1.0000,0.00,19.00,19.00,false,1190.000
demolfa00597,demofac00333,FAC-2025-0190,democli00049,2025-04-30,1,demoprd00001,SRV-CONS-01,Conseil,Conseil strategique (jour),3.000,850.000,850.000,1.0000,0.00,19.00,19.00,false,2550.000
demolfa00598,demofac00333,FAC-2025-0190,democli00049,2025-04-30,2,demoprd00028,PRD-LOG-02,Logiciels,Licence suite bureautique,15.000,320.000,320.000,1.0000,0.00,19.00,19.00,false,4800.000
demolfa00648,demofac00334,FAC-2025-0191,democli00009,2025-04-30,0,demoprd00039,PRD-BAT-02,Batiment,Carrelage (m2),79.000,38.000,38.000,1.0000,0.00,19.00,19.00,false,3002.000
demolfa00756,demofac00335,FAC-2025-0192,democli00042,2025-05-01,0,demoprd00023,PRD-INF-03,Informatique,Imprimante laser,2.000,980.000,980.000,1.0000,0.00,19.00,19.00,false,1960.000
demolfa00757,demofac00335,FAC-2025-0192,democli00042,2025-05-01,1,demoprd00024,PRD-INF-04,Informatique,Routeur professionnel,2.000,540.000,540.000,1.0000,0.00,19.00,19.00,false,1080.000
demolfa00669,demofac00336,FAC-2025-0193,democli00001,2025-05-02,0,demoprd00010,SRV-MNT-02,Maintenance,Intervention sur site,2.000,150.000,150.000,1.0000,0.00,19.00,19.00,false,300.000
demolfa00670,demofac00336,FAC-2025-0193,democli00001,2025-05-02,1,demoprd00038,PRD-BAT-01,Batiment,Ciment (tonne),19.000,310.000,310.000,1.0000,0.00,19.00,19.00,false,5890.000
demolfa00724,demofac00337,FAC-2025-0194,democli00050,2025-05-02,0,demoprd00039,PRD-BAT-02,Batiment,Carrelage (m2),69.000,38.000,38.000,1.0000,0.00,19.00,19.00,false,2622.000
demolfa00734,demofac00338,FAC-2025-0195,democli00032,2025-05-02,0,demoprd00009,SRV-MNT-01,Maintenance,Maintenance mensuelle,3.000,380.000,380.000,1.0000,0.00,19.00,19.00,false,1140.000
demolfa00735,demofac00338,FAC-2025-0195,democli00032,2025-05-02,1,demoprd00005,SRV-DEV-01,Developpement,Developpement web (jour),20.000,450.000,450.000,1.0000,13.00,19.00,19.00,false,7830.000
demolfa00668,demofac00339,FAC-2025-0196,democli00039,2025-05-03,0,demoprd00030,PRD-FOU-01,Fournitures,Ramette papier A4,172.000,14.500,14.500,1.0000,0.00,19.00,19.00,false,2494.000
demolfa00722,demofac00340,FAC-2025-0197,democli00046,2025-05-03,0,demoprd00028,PRD-LOG-02,Logiciels,Licence suite bureautique,30.000,320.000,320.000,1.0000,0.00,19.00,19.00,false,9600.000
demolfa00743,demofac00341,FAC-2025-0198,democli00037,2025-05-03,0,demoprd00012,SRV-MNT-04,Maintenance,Sauvegarde externalisee,6.000,95.000,95.000,1.0000,0.00,19.00,19.00,false,570.000
demolfa00744,demofac00341,FAC-2025-0198,democli00037,2025-05-03,1,demoprd00038,PRD-BAT-01,Batiment,Ciment (tonne),33.000,310.000,310.000,1.0000,0.00,19.00,19.00,false,10230.000
demolfa00682,demofac00342,FAC-2025-0199,democli00041,2025-05-04,0,demoprd00006,SRV-DEV-02,Developpement,Application mobile (forfait),1.000,12000.000,12000.000,1.0000,0.00,19.00,19.00,false,12000.000
demolfa00683,demofac00342,FAC-2025-0199,democli00041,2025-05-04,1,demoprd00008,SRV-DEV-04,Developpement,Site vitrine,1.000,2400.000,2400.000,1.0000,0.00,19.00,19.00,false,2400.000
demolfa00684,demofac00342,FAC-2025-0199,democli00041,2025-05-04,2,demoprd00034,PRD-MED-01,Medical,Kit de premiers secours,32.000,75.000,75.000,1.0000,0.00,7.00,7.00,false,2400.000
demolfa00758,demofac00343,FAC-2025-0200,democli00040,2025-05-04,0,demoprd00038,PRD-BAT-01,Batiment,Ciment (tonne),25.000,310.000,310.000,1.0000,0.00,19.00,19.00,false,7750.000
demolfa00705,demofac00344,FAC-2025-0201,democli00037,2025-05-05,0,demoprd00038,PRD-BAT-01,Batiment,Ciment (tonne),18.000,310.000,310.000,1.0000,0.00,19.00,19.00,false,5580.000
demolfa00706,demofac00344,FAC-2025-0201,democli00037,2025-05-05,1,demoprd00023,PRD-INF-03,Informatique,Imprimante laser,4.000,980.000,980.000,1.0000,0.00,19.00,19.00,false,3920.000
demolfa00707,demofac00344,FAC-2025-0201,democli00037,2025-05-05,2,demoprd00002,SRV-CONS-02,Conseil,Audit organisationnel,1.000,3200.000,3200.000,1.0000,0.00,19.00,19.00,false,3200.000
demolfa00708,demofac00344,FAC-2025-0201,democli00037,2025-05-05,3,demoprd00001,SRV-CONS-01,Conseil,Conseil strategique (jour),7.000,850.000,850.000,1.0000,0.00,19.00,19.00,false,5950.000
demolfa00717,demofac00345,FAC-2025-0202,democli00024,2025-05-05,0,demoprd00039,PRD-BAT-02,Batiment,Carrelage (m2),25.000,38.000,38.000,1.0000,0.00,19.00,19.00,false,950.000
demolfa00736,demofac00346,FAC-2025-0203,democli00019,2025-05-05,0,demoprd00013,SRV-FOR-01,Formation,Formation bureautique (jour),5.000,420.000,420.000,1.0000,0.00,19.00,19.00,false,2100.000
demolfa00737,demofac00346,FAC-2025-0203,democli00019,2025-05-05,1,demoprd00034,PRD-MED-01,Medical,Kit de premiers secours,2.000,75.000,75.000,1.0000,0.00,7.00,7.00,false,150.000
demolfa00745,demofac00347,FAC-2025-0204,democli00059,2025-05-05,0,demoprd00016,SRV-HEB-01,Hebergement,Hebergement web (annuel),1.000,540.000,540.000,1.0000,0.00,19.00,19.00,false,540.000
demolfa00753,demofac00348,FAC-2025-0205,democli00047,2025-05-05,0,demoprd00009,SRV-MNT-01,Maintenance,Maintenance mensuelle,2.000,380.000,380.000,1.0000,0.00,19.00,19.00,false,760.000
demolfa00701,demofac00349,FAC-2025-0206,democli00053,2025-05-07,0,demoprd00035,PRD-MED-02,Medical,Gants nitrile (boite),143.000,18.000,18.000,1.0000,0.00,7.00,7.00,false,2574.000
demolfa00702,demofac00349,FAC-2025-0206,democli00053,2025-05-07,1,demoprd00034,PRD-MED-01,Medical,Kit de premiers secours,9.000,75.000,75.000,1.0000,0.00,7.00,7.00,false,675.000
demolfa00703,demofac00349,FAC-2025-0206,democli00053,2025-05-07,2,demoprd00011,SRV-MNT-03,Maintenance,Support premium (annuel),1.000,3600.000,3600.000,1.0000,0.00,19.00,19.00,false,3600.000
demolfa00754,demofac00350,FAC-2025-0207,democli00019,2025-05-07,0,demoprd00029,PRD-LOG-03,Logiciels,Logiciel de gestion commerciale,3.000,2900.000,2900.000,1.0000,0.00,19.00,19.00,false,8700.000
demolfa00755,demofac00350,FAC-2025-0207,democli00019,2025-05-07,1,demoprd00034,PRD-MED-01,Medical,Kit de premiers secours,40.000,75.000,75.000,1.0000,11.00,7.00,7.00,false,2670.000
demolfa02377,demofac00351,FAC-2025-0208,democli00053,2025-05-07,0,demoprd00035,PRD-MED-02,Medical,Gants nitrile (boite),143.000,18.000,18.000,1.0000,0.00,7.00,7.00,false,2574.000
demolfa02378,demofac00351,FAC-2025-0208,democli00053,2025-05-07,1,demoprd00034,PRD-MED-01,Medical,Kit de premiers secours,9.000,75.000,75.000,1.0000,0.00,7.00,7.00,false,675.000
demolfa02379,demofac00351,FAC-2025-0208,democli00053,2025-05-07,2,demoprd00011,SRV-MNT-03,Maintenance,Support premium (annuel),1.000,3600.000,3600.000,1.0000,0.00,19.00,19.00,false,3600.000
demolfa00680,demofac00352,FAC-2025-0209,democli00032,2025-05-08,0,demoprd00005,SRV-DEV-01,Developpement,Developpement web (jour),20.000,450.000,450.000,1.0000,7.00,19.00,19.00,false,8370.000
demolfa00681,demofac00352,FAC-2025-0209,democli00032,2025-05-08,1,demoprd00010,SRV-MNT-02,Maintenance,Intervention sur site,3.000,150.000,150.000,1.0000,5.00,19.00,19.00,false,427.500
demolfa00723,demofac00353,FAC-2025-0210,democli00019,2025-05-09,0,demoprd00040,PRD-BAT-03,Batiment,Peinture murale (pot 20L),80.000,145.000,145.000,1.0000,0.00,19.00,19.00,false,11600.000
demolfa00687,demofac00354,FAC-2025-0211,democli00042,2025-05-10,0,demoprd00021,PRD-INF-01,Informatique,Ordinateur portable pro,3.000,2350.000,2350.000,1.0000,7.00,19.00,19.00,false,6556.500
demolfa00719,demofac00355,FAC-2025-0212,democli00055,2025-05-10,0,demoprd00002,SRV-CONS-02,Conseil,Audit organisationnel,1.000,3200.000,3200.000,1.0000,0.00,19.00,19.00,false,3200.000
demolfa00720,demofac00355,FAC-2025-0212,democli00055,2025-05-10,1,demoprd00003,SRV-CONS-03,Conseil,Accompagnement fiscal (heure),4.000,120.000,120.000,1.0000,0.00,19.00,19.00,false,480.000
demolfa00676,demofac00356,FAC-2025-0213,democli00032,2025-05-11,0,demoprd00010,SRV-MNT-02,Maintenance,Intervention sur site,6.000,150.000,150.000,1.0000,0.00,19.00,19.00,false,900.000
demolfa00677,demofac00356,FAC-2025-0213,democli00032,2025-05-11,1,demoprd00009,SRV-MNT-01,Maintenance,Maintenance mensuelle,3.000,380.000,380.000,1.0000,0.00,19.00,19.00,false,1140.000
demolfa00726,demofac00357,FAC-2025-0214,democli00047,2025-05-11,0,demoprd00032,PRD-FOU-03,Fournitures,Classeur archive,43.000,6.800,6.800,1.0000,0.00,19.00,19.00,false,292.400
demolfa00727,demofac00357,FAC-2025-0214,democli00047,2025-05-11,1,demoprd00011,SRV-MNT-03,Maintenance,Support premium (annuel),1.000,3600.000,3600.000,1.0000,0.00,19.00,19.00,false,3600.000
demolfa00738,demofac00358,FAC-2025-0215,democli00027,2025-05-11,0,demoprd00033,PRD-FOU-04,Fournitures,Mobilier de bureau (poste),6.000,1250.000,1250.000,1.0000,0.00,19.00,19.00,false,7500.000
demolfa00739,demofac00358,FAC-2025-0215,democli00027,2025-05-11,1,demoprd00030,PRD-FOU-01,Fournitures,Ramette papier A4,200.000,14.500,14.500,1.0000,5.00,19.00,19.00,false,2755.000
demolfa00751,demofac00359,FAC-2025-0216,democli00057,2025-05-12,0,demoprd00006,SRV-DEV-02,Developpement,Application mobile (forfait),1.000,12000.000,12000.000,1.0000,0.00,19.00,19.00,false,12000.000
demolfa00752,demofac00359,FAC-2025-0216,democli00057,2025-05-12,1,demoprd00022,PRD-INF-02,Informatique,Ecran 27 pouces,5.000,690.000,690.000,1.0000,0.00,19.00,19.00,false,3450.000
demolfa00759,demofac00360,FAC-2025-0217,democli00019,2025-05-13,0,demoprd00039,PRD-BAT-02,Batiment,Carrelage (m2),800.000,38.000,38.000,1.0000,0.00,19.00,19.00,false,30400.000
demolfa00760,demofac00360,FAC-2025-0217,democli00019,2025-05-13,1,demoprd00035,PRD-MED-02,Medical,Gants nitrile (boite),400.000,18.000,18.000,1.0000,0.00,7.00,7.00,false,7200.000
demolfa00711,demofac00361,FAC-2025-0218,democli00026,2025-05-14,0,demoprd00036,PRD-AGR-01,Agroalimentaire,Huile d'olive extra (bidon 5L),59.000,68.000,68.000,1.0000,0.00,13.00,13.00,false,4012.000
demolfa00721,demofac00362,FAC-2025-0219,democli00040,2025-05-15,0,demoprd00034,PRD-MED-01,Medical,Kit de premiers secours,8.000,75.000,75.000,1.0000,0.00,29.00,7.00,true,600.000
demolfa00761,demofac00363,FAC-2025-0220,democli00059,2025-05-16,0,demoprd00007,SRV-DEV-03,Developpement,Integration ERP (jour),2.000,600.000,600.000,1.0000,8.00,19.00,19.00,false,1104.000
demolfa00678,demofac00364,FAC-2025-0221,democli00033,2025-05-17,0,demoprd00033,PRD-FOU-04,Fournitures,Mobilier de bureau (poste),2.000,1250.000,1250.000,1.0000,0.00,19.00,19.00,false,2500.000
demolfa00679,demofac00364,FAC-2025-0221,democli00033,2025-05-17,1,demoprd00030,PRD-FOU-01,Fournitures,Ramette papier A4,18.000,14.500,14.500,1.0000,0.00,19.00,19.00,false,261.000
demolfa00697,demofac00365,FAC-2025-0222,democli00042,2025-05-19,0,demoprd00025,PRD-INF-05,Informatique,Onduleur 1500VA,2.000,460.000,460.000,1.0000,0.00,19.00,19.00,false,920.000
demolfa00714,demofac00366,FAC-2025-0223,democli00012,2025-05-19,0,demoprd00014,SRV-FOR-02,Formation,Formation cybersecurite,2.000,1800.000,1800.000,1.0000,0.00,19.00,19.00,false,3600.000
demolfa00715,demofac00366,FAC-2025-0223,democli00012,2025-05-19,1,demoprd00013,SRV-FOR-01,Formation,Formation bureautique (jour),2.000,420.000,420.000,1.0000,0.00,19.00,19.00,false,840.000
demolfa00716,demofac00366,FAC-2025-0223,democli00012,2025-05-19,2,demoprd00015,SRV-FOR-03,Formation,Formation comptabilite,3.000,650.000,650.000,1.0000,0.00,19.00,19.00,false,1950.000
demolfa00746,demofac00367,FAC-2025-0224,democli00049,2025-05-20,0,demoprd00004,SRV-CONS-04,Conseil,Etude de marche,1.000,4500.000,4500.000,1.0000,0.00,19.00,19.00,false,4500.000
demolfa00718,demofac00368,FAC-2025-0225,democli00052,2025-05-22,0,demoprd00020,SRV-TRA-02,Logistique,Stockage entrepot (m2/mois),59.000,12.000,12.000,1.0000,0.00,19.00,19.00,false,708.000
demolfa00725,demofac00369,FAC-2025-0226,democli00044,2025-05-22,0,demoprd00009,SRV-MNT-01,Maintenance,Maintenance mensuelle,1.000,380.000,380.000,1.0000,5.00,19.00,19.00,false,361.000
demolfa00688,demofac00370,FAC-2025-0227,democli00049,2025-05-23,0,demoprd00031,PRD-FOU-02,Fournitures,Cartouche toner,5.000,165.000,165.000,1.0000,0.00,19.00,19.00,false,825.000
demolfa00689,demofac00370,FAC-2025-0227,democli00049,2025-05-23,1,demoprd00017,SRV-HEB-02,Hebergement,Nom de domaine .tn,1.000,45.000,45.000,1.0000,0.00,19.00,19.00,false,45.000
demolfa00690,demofac00370,FAC-2025-0227,democli00049,2025-05-23,2,demoprd00004,SRV-CONS-04,Conseil,Etude de marche,1.000,4500.000,4500.000,1.0000,0.00,19.00,19.00,false,4500.000
demolfa00691,demofac00370,FAC-2025-0227,democli00049,2025-05-23,3,demoprd00002,SRV-CONS-02,Conseil,Audit organisationnel,1.000,3200.000,3200.000,1.0000,0.00,19.00,19.00,false,3200.000
demolfa00671,demofac00371,FAC-2025-0228,democli00051,2025-05-24,0,demoprd00034,PRD-MED-01,Medical,Kit de premiers secours,15.000,75.000,75.000,1.0000,0.00,7.00,7.00,false,1125.000
demolfa00672,demofac00371,FAC-2025-0228,democli00051,2025-05-24,1,demoprd00007,SRV-DEV-03,Developpement,Integration ERP (jour),9.000,600.000,600.000,1.0000,0.00,19.00,19.00,false,5400.000
demolfa00685,demofac00372,FAC-2025-0229,democli00027,2025-05-24,0,demoprd00030,PRD-FOU-01,Fournitures,Ramette papier A4,15.000,14.500,14.500,1.0000,0.00,19.00,19.00,false,217.500
demolfa00686,demofac00372,FAC-2025-0229,democli00027,2025-05-24,1,demoprd00008,SRV-DEV-04,Developpement,Site vitrine,1.000,2400.000,2400.000,1.0000,0.00,19.00,19.00,false,2400.000
demolfa00731,demofac00373,FAC-2025-0230,democli00036,2025-05-24,0,demoprd00007,SRV-DEV-03,Developpement,Integration ERP (jour),13.000,600.000,600.000,1.0000,0.00,19.00,19.00,false,7800.000
demolfa00732,demofac00373,FAC-2025-0230,democli00036,2025-05-24,1,demoprd00006,SRV-DEV-02,Developpement,Application mobile (forfait),1.000,12000.000,12000.000,1.0000,0.00,19.00,19.00,false,12000.000
demolfa00747,demofac00374,FAC-2025-0231,democli00024,2025-05-25,0,demoprd00039,PRD-BAT-02,Batiment,Carrelage (m2),71.000,38.000,38.000,1.0000,0.00,19.00,19.00,false,2698.000
demolfa00748,demofac00374,FAC-2025-0231,democli00024,2025-05-25,1,demoprd00029,PRD-LOG-03,Logiciels,Logiciel de gestion commerciale,1.000,2900.000,2900.000,1.0000,7.00,19.00,19.00,false,2697.000
demolfa00749,demofac00374,FAC-2025-0231,democli00024,2025-05-25,2,demoprd00026,PRD-INF-06,Informatique,Disque SSD 1To,2.000,310.000,310.000,1.0000,0.00,19.00,19.00,false,620.000
demolfa00698,demofac00375,FAC-2025-0232,democli00043,2025-05-26,0,demoprd00002,SRV-CONS-02,Conseil,Audit organisationnel,1.000,3200.000,3200.000,1.0000,0.00,19.00,19.00,false,3200.000
demolfa00699,demofac00375,FAC-2025-0232,democli00043,2025-05-26,1,demoprd00017,SRV-HEB-02,Hebergement,Nom de domaine .tn,3.000,45.000,45.000,1.0000,0.00,19.00,19.00,false,135.000
demolfa00700,demofac00375,FAC-2025-0232,democli00043,2025-05-26,2,demoprd00020,SRV-TRA-02,Logistique,Stockage entrepot (m2/mois),120.000,12.000,12.000,1.0000,0.00,19.00,19.00,false,1440.000
demolfa00728,demofac00376,FAC-2025-0233,democli00006,2025-05-26,0,demoprd00013,SRV-FOR-01,Formation,Formation bureautique (jour),3.000,420.000,420.000,1.0000,0.00,19.00,19.00,false,1260.000
demolfa00729,demofac00376,FAC-2025-0233,democli00006,2025-05-26,1,demoprd00022,PRD-INF-02,Informatique,Ecran 27 pouces,2.000,690.000,690.000,1.0000,0.00,19.00,19.00,false,1380.000
demolfa00733,demofac00377,FAC-2025-0234,democli00006,2025-05-26,0,demoprd00026,PRD-INF-06,Informatique,Disque SSD 1To,2.000,310.000,310.000,1.0000,0.00,19.00,19.00,false,620.000
demolfa00750,demofac00378,FAC-2025-0235,democli00055,2025-05-26,0,demoprd00001,SRV-CONS-01,Conseil,Conseil strategique (jour),7.000,850.000,850.000,1.0000,7.00,19.00,19.00,false,5533.500
demolfa00730,demofac00379,FAC-2025-0236,democli00055,2025-05-27,0,demoprd00002,SRV-CONS-02,Conseil,Audit organisationnel,1.000,3200.000,3200.000,1.0000,0.00,19.00,19.00,false,3200.000
demolfa00740,demofac00380,FAC-2025-0237,democli00034,2025-05-27,0,demoprd00040,PRD-BAT-03,Batiment,Peinture murale (pot 20L),64.000,145.000,145.000,1.0000,0.00,19.00,19.00,false,9280.000
demolfa00741,demofac00380,FAC-2025-0237,democli00034,2025-05-27,1,demoprd00016,SRV-HEB-01,Hebergement,Hebergement web (annuel),2.000,540.000,540.000,1.0000,0.00,19.00,19.00,false,1080.000
demolfa00742,demofac00380,FAC-2025-0237,democli00034,2025-05-27,2,demoprd00031,PRD-FOU-02,Fournitures,Cartouche toner,11.000,165.000,165.000,1.0000,0.00,19.00,19.00,false,1815.000
demolfa00709,demofac00381,FAC-2025-0238,democli00052,2025-05-28,0,demoprd00010,SRV-MNT-02,Maintenance,Intervention sur site,54.000,150.000,150.000,1.0000,0.00,19.00,19.00,false,8100.000
demolfa00710,demofac00381,FAC-2025-0238,democli00052,2025-05-28,1,demoprd00019,SRV-TRA-01,Logistique,Transport de marchandises,4.000,210.000,210.000,1.0000,0.00,7.00,7.00,false,840.000
demolfa00712,demofac00382,FAC-2025-0239,democli00004,2025-05-28,0,demoprd00016,SRV-HEB-01,Hebergement,Hebergement web (annuel),3.000,540.000,540.000,1.0000,7.00,19.00,19.00,false,1506.600
demolfa00713,demofac00382,FAC-2025-0239,democli00004,2025-05-28,1,demoprd00036,PRD-AGR-01,Agroalimentaire,Huile d'olive extra (bidon 5L),268.000,68.000,68.000,1.0000,0.00,13.00,13.00,false,18224.000
demolfa00673,demofac00383,FAC-2025-0240,democli00030,2025-05-30,0,demoprd00025,PRD-INF-05,Informatique,Onduleur 1500VA,3.000,460.000,460.000,1.0000,0.00,19.00,19.00,false,1380.000
demolfa00674,demofac00383,FAC-2025-0240,democli00030,2025-05-30,1,demoprd00001,SRV-CONS-01,Conseil,Conseil strategique (jour),4.000,850.000,850.000,1.0000,0.00,19.00,19.00,false,3400.000
demolfa00675,demofac00383,FAC-2025-0240,democli00030,2025-05-30,2,demoprd00003,SRV-CONS-03,Conseil,Accompagnement fiscal (heure),19.000,120.000,120.000,1.0000,0.00,19.00,19.00,false,2280.000
demolfa00692,demofac00384,FAC-2025-0241,democli00030,2025-05-30,0,demoprd00005,SRV-DEV-01,Developpement,Developpement web (jour),19.000,450.000,450.000,1.0000,0.00,19.00,19.00,false,8550.000
demolfa00693,demofac00384,FAC-2025-0241,democli00030,2025-05-30,1,demoprd00008,SRV-DEV-04,Developpement,Site vitrine,1.000,2400.000,2400.000,1.0000,15.00,19.00,19.00,false,2040.000
demolfa00704,demofac00385,FAC-2025-0242,democli00038,2025-05-30,0,demoprd00029,PRD-LOG-03,Logiciels,Logiciel de gestion commerciale,2.000,2900.000,2900.000,1.0000,0.00,19.00,19.00,false,5800.000
demolfa00694,demofac00386,FAC-2025-0243,democli00039,2025-05-31,0,demoprd00018,SRV-HEB-03,Hebergement,Serveur dedie (mois),12.000,290.000,290.000,1.0000,5.00,19.00,19.00,false,3306.000
demolfa00695,demofac00386,FAC-2025-0243,democli00039,2025-05-31,1,demoprd00006,SRV-DEV-02,Developpement,Application mobile (forfait),1.000,12000.000,12000.000,1.0000,14.00,19.00,19.00,false,10320.000
demolfa00696,demofac00386,FAC-2025-0243,democli00039,2025-05-31,2,demoprd00037,PRD-AGR-02,Agroalimentaire,Dattes Deglet Nour (carton),446.000,42.000,42.000,1.0000,0.00,13.00,13.00,false,18732.000
demolfa00780,demofac00387,FAC-2025-0244,democli00010,2025-06-01,0,demoprd00017,SRV-HEB-02,Hebergement,Nom de domaine .tn,2.000,45.000,45.000,1.0000,0.00,19.00,19.00,false,90.000
demolfa00781,demofac00387,FAC-2025-0244,democli00010,2025-06-01,1,demoprd00020,SRV-TRA-02,Logistique,Stockage entrepot (m2/mois),300.000,12.000,12.000,1.0000,0.00,19.00,19.00,false,3600.000
demolfa00782,demofac00388,FAC-2025-0245,democli00039,2025-06-01,0,demoprd00015,SRV-FOR-03,Formation,Formation comptabilite,2.000,650.000,650.000,1.0000,0.00,19.00,19.00,false,1300.000
demolfa00783,demofac00388,FAC-2025-0245,democli00039,2025-06-01,1,demoprd00037,PRD-AGR-02,Agroalimentaire,Dattes Deglet Nour (carton),27.000,42.000,42.000,1.0000,0.00,13.00,13.00,false,1134.000
demolfa00789,demofac00389,FAC-2025-0246,democli00044,2025-06-02,0,demoprd00011,SRV-MNT-03,Maintenance,Support premium (annuel),1.000,3600.000,3600.000,1.0000,0.00,19.00,19.00,false,3600.000
demolfa00790,demofac00389,FAC-2025-0246,democli00044,2025-06-02,1,demoprd00019,SRV-TRA-01,Logistique,Transport de marchandises,9.000,210.000,210.000,1.0000,9.00,7.00,7.00,false,1719.900
demolfa00798,demofac00390,FAC-2025-0247,democli00011,2025-06-02,0,demoprd00011,SRV-MNT-03,Maintenance,Support premium (annuel),1.000,3600.000,3600.000,1.0000,0.00,19.00,19.00,false,3600.000
demolfa00799,demofac00390,FAC-2025-0247,democli00011,2025-06-02,1,demoprd00008,SRV-DEV-04,Developpement,Site vitrine,1.000,2400.000,2400.000,1.0000,0.00,19.00,19.00,false,2400.000
demolfa00828,demofac00391,FAC-2025-0248,democli00028,2025-06-02,0,demoprd00040,PRD-BAT-03,Batiment,Peinture murale (pot 20L),31.000,145.000,145.000,1.0000,0.00,19.00,19.00,false,4495.000
demolfa00814,demofac00392,FAC-2025-0249,democli00018,2025-06-03,0,demoprd00011,SRV-MNT-03,Maintenance,Support premium (annuel),1.000,3600.000,3600.000,1.0000,0.00,19.00,19.00,false,3600.000
demolfa00815,demofac00392,FAC-2025-0249,democli00018,2025-06-03,1,demoprd00019,SRV-TRA-01,Logistique,Transport de marchandises,8.000,210.000,210.000,1.0000,0.00,7.00,7.00,false,1680.000
demolfa00816,demofac00392,FAC-2025-0249,democli00018,2025-06-03,2,demoprd00034,PRD-MED-01,Medical,Kit de premiers secours,25.000,75.000,75.000,1.0000,0.00,7.00,7.00,false,1875.000
demolfa00818,demofac00393,FAC-2025-0250,democli00025,2025-06-03,0,demoprd00013,SRV-FOR-01,Formation,Formation bureautique (jour),1.000,420.000,420.000,1.0000,11.00,19.00,19.00,false,373.800
demolfa00819,demofac00393,FAC-2025-0250,democli00025,2025-06-03,1,demoprd00040,PRD-BAT-03,Batiment,Peinture murale (pot 20L),25.000,145.000,145.000,1.0000,0.00,19.00,19.00,false,3625.000
demolfa00823,demofac00394,FAC-2025-0251,democli00031,2025-06-03,0,demoprd00031,PRD-FOU-02,Fournitures,Cartouche toner,8.000,165.000,165.000,1.0000,0.00,19.00,19.00,false,1320.000
demolfa00824,demofac00394,FAC-2025-0251,democli00031,2025-06-03,1,demoprd00022,PRD-INF-02,Informatique,Ecran 27 pouces,3.000,690.000,690.000,1.0000,0.00,19.00,19.00,false,2070.000
demolfa00844,demofac00395,FAC-2025-0252,democli00025,2025-06-03,0,demoprd00038,PRD-BAT-01,Batiment,Ciment (tonne),14.000,310.000,310.000,1.0000,0.00,19.00,19.00,false,4340.000
demolfa00838,demofac00396,FAC-2025-0253,democli00060,2025-06-04,0,demoprd00012,SRV-MNT-04,Maintenance,Sauvegarde externalisee,2.000,95.000,95.000,1.0000,0.00,19.00,19.00,false,190.000
demolfa00839,demofac00396,FAC-2025-0253,democli00060,2025-06-04,1,demoprd00009,SRV-MNT-01,Maintenance,Maintenance mensuelle,1.000,380.000,380.000,1.0000,0.00,19.00,19.00,false,380.000
demolfa00765,demofac00397,FAC-2025-0254,democli00010,2025-06-05,0,demoprd00020,SRV-TRA-02,Logistique,Stockage entrepot (m2/mois),227.000,12.000,12.000,1.0000,0.00,19.00,19.00,false,2724.000
demolfa00766,demofac00397,FAC-2025-0254,democli00010,2025-06-05,1,demoprd00019,SRV-TRA-01,Logistique,Transport de marchandises,4.000,210.000,210.000,1.0000,0.00,7.00,7.00,false,840.000
demolfa00767,demofac00397,FAC-2025-0254,democli00010,2025-06-05,2,demoprd00009,SRV-MNT-01,Maintenance,Maintenance mensuelle,3.000,380.000,380.000,1.0000,0.00,19.00,19.00,false,1140.000
demolfa00840,demofac00398,FAC-2025-0255,democli00041,2025-06-05,0,demoprd00005,SRV-DEV-01,Developpement,Developpement web (jour),19.000,450.000,450.000,1.0000,0.00,19.00,19.00,false,8550.000
demolfa00841,demofac00398,FAC-2025-0255,democli00041,2025-06-05,1,demoprd00034,PRD-MED-01,Medical,Kit de premiers secours,17.000,75.000,75.000,1.0000,0.00,7.00,7.00,false,1275.000
demolfa00800,demofac00399,FAC-2025-0256,democli00042,2025-06-06,0,demoprd00021,PRD-INF-01,Informatique,Ordinateur portable pro,4.000,2350.000,2350.000,1.0000,0.00,19.00,19.00,false,9400.000
demolfa00801,demofac00399,FAC-2025-0256,democli00042,2025-06-06,1,demoprd00024,PRD-INF-04,Informatique,Routeur professionnel,2.000,540.000,540.000,1.0000,0.00,19.00,19.00,false,1080.000
demolfa00837,demofac00400,FAC-2025-0257,democli00019,2025-06-06,0,demoprd00034,PRD-MED-01,Medical,Kit de premiers secours,40.000,75.000,75.000,1.0000,15.00,7.00,7.00,false,2550.000
demolfa00778,demofac00401,FAC-2025-0258,democli00001,2025-06-07,0,demoprd00024,PRD-INF-04,Informatique,Routeur professionnel,2.000,540.000,540.000,1.0000,0.00,19.00,19.00,false,1080.000
demolfa00779,demofac00401,FAC-2025-0258,democli00001,2025-06-07,1,demoprd00005,SRV-DEV-01,Developpement,Developpement web (jour),14.000,450.000,450.000,1.0000,0.00,19.00,19.00,false,6300.000
demolfa00829,demofac00402,FAC-2025-0259,democli00024,2025-06-07,0,demoprd00038,PRD-BAT-01,Batiment,Ciment (tonne),4.000,310.000,310.000,1.0000,0.00,19.00,19.00,false,1240.000
demolfa00763,demofac00403,FAC-2025-0260,democli00002,2025-06-08,0,demoprd00030,PRD-FOU-01,Fournitures,Ramette papier A4,72.000,14.500,14.500,1.0000,0.00,19.00,19.00,false,1044.000
demolfa00764,demofac00403,FAC-2025-0260,democli00002,2025-06-08,1,demoprd00022,PRD-INF-02,Informatique,Ecran 27 pouces,1.000,690.000,690.000,1.0000,6.00,19.00,19.00,false,648.600
demolfa00793,demofac00404,FAC-2025-0261,democli00011,2025-06-08,0,demoprd00009,SRV-MNT-01,Maintenance,Maintenance mensuelle,2.000,380.000,380.000,1.0000,0.00,19.00,19.00,false,760.000
demolfa00794,demofac00404,FAC-2025-0261,democli00011,2025-06-08,1,demoprd00003,SRV-CONS-03,Conseil,Accompagnement fiscal (heure),7.000,120.000,120.000,1.0000,0.00,19.00,19.00,false,840.000
demolfa00795,demofac00404,FAC-2025-0261,democli00011,2025-06-08,2,demoprd00007,SRV-DEV-03,Developpement,Integration ERP (jour),10.000,600.000,600.000,1.0000,0.00,19.00,19.00,false,6000.000
demolfa00796,demofac00405,FAC-2025-0262,democli00052,2025-06-08,0,demoprd00011,SRV-MNT-03,Maintenance,Support premium (annuel),1.000,3600.000,3600.000,1.0000,0.00,19.00,19.00,false,3600.000
demolfa00797,demofac00405,FAC-2025-0262,democli00052,2025-06-08,1,demoprd00019,SRV-TRA-01,Logistique,Transport de marchandises,7.000,210.000,210.000,1.0000,0.00,7.00,7.00,false,1470.000
demolfa00808,demofac00406,FAC-2025-0263,democli00019,2025-06-08,0,demoprd00039,PRD-BAT-02,Batiment,Carrelage (m2),549.000,38.000,38.000,1.0000,0.00,19.00,19.00,false,20862.000
demolfa00809,demofac00406,FAC-2025-0263,democli00019,2025-06-08,1,demoprd00034,PRD-MED-01,Medical,Kit de premiers secours,40.000,75.000,75.000,1.0000,0.00,7.00,7.00,false,3000.000
demolfa00842,demofac00407,FAC-2025-0264,democli00011,2025-06-08,0,demoprd00005,SRV-DEV-01,Developpement,Developpement web (jour),15.000,450.000,450.000,1.0000,0.00,19.00,19.00,false,6750.000
demolfa00843,demofac00407,FAC-2025-0264,democli00011,2025-06-08,1,demoprd00009,SRV-MNT-01,Maintenance,Maintenance mensuelle,2.000,380.000,380.000,1.0000,0.00,19.00,19.00,false,760.000
demolfa00820,demofac00408,FAC-2025-0265,democli00031,2025-06-09,0,demoprd00004,SRV-CONS-04,Conseil,Etude de marche,1.000,4500.000,4500.000,1.0000,0.00,19.00,19.00,false,4500.000
demolfa00768,demofac00409,FAC-2025-0266,democli00054,2025-06-10,0,demoprd00020,SRV-TRA-02,Logistique,Stockage entrepot (m2/mois),261.000,12.000,12.000,1.0000,9.00,19.00,19.00,false,2850.120
demolfa00769,demofac00409,FAC-2025-0266,democli00054,2025-06-10,1,demoprd00019,SRV-TRA-01,Logistique,Transport de marchandises,5.000,210.000,210.000,1.0000,0.00,7.00,7.00,false,1050.000
demolfa00855,demofac00410,FAC-2025-0267,democli00048,2025-06-10,0,demoprd00031,PRD-FOU-02,Fournitures,Cartouche toner,15.000,165.000,165.000,1.0000,0.00,19.00,19.00,false,2475.000
demolfa00821,demofac00411,FAC-2025-0268,democli00013,2025-06-12,0,demoprd00002,SRV-CONS-02,Conseil,Audit organisationnel,1.000,3200.000,3200.000,1.0000,0.00,19.00,19.00,false,3200.000
demolfa00822,demofac00411,FAC-2025-0268,democli00013,2025-06-12,1,demoprd00031,PRD-FOU-02,Fournitures,Cartouche toner,15.000,165.000,165.000,1.0000,14.00,19.00,19.00,false,2128.500
demolfa00791,demofac00412,FAC-2025-0269,democli00039,2025-06-13,0,demoprd00037,PRD-AGR-02,Agroalimentaire,Dattes Deglet Nour (carton),328.000,42.000,42.000,1.0000,0.00,13.00,13.00,false,13776.000
demolfa00792,demofac00412,FAC-2025-0269,democli00039,2025-06-13,1,demoprd00036,PRD-AGR-01,Agroalimentaire,Huile d'olive extra (bidon 5L),217.000,68.000,68.000,1.0000,0.00,13.00,13.00,false,14756.000
demolfa00817,demofac00413,FAC-2025-0270,democli00050,2025-06-13,0,demoprd00023,PRD-INF-03,Informatique,Imprimante laser,2.000,980.000,980.000,1.0000,15.00,19.00,19.00,false,1666.000
demolfa00835,demofac00414,FAC-2025-0271,democli00048,2025-06-15,0,demoprd00032,PRD-FOU-03,Fournitures,Classeur archive,164.000,6.800,6.800,1.0000,0.00,19.00,19.00,false,1115.200
demolfa00836,demofac00414,FAC-2025-0271,democli00048,2025-06-15,1,demoprd00016,SRV-HEB-01,Hebergement,Hebergement web (annuel),1.000,540.000,540.000,1.0000,0.00,19.00,19.00,false,540.000
demolfa00848,demofac00415,FAC-2025-0272,democli00013,2025-06-15,0,demoprd00001,SRV-CONS-01,Conseil,Conseil strategique (jour),6.000,850.000,850.000,1.0000,0.00,19.00,19.00,false,5100.000
demolfa00762,demofac00416,FAC-2025-0273,democli00019,2025-06-16,0,demoprd00035,PRD-MED-02,Medical,Gants nitrile (boite),400.000,18.000,18.000,1.0000,0.00,7.00,7.00,false,7200.000
demolfa00786,demofac00417,FAC-2025-0274,democli00025,2025-06-16,0,demoprd00013,SRV-FOR-01,Formation,Formation bureautique (jour),2.000,420.000,420.000,1.0000,0.00,19.00,19.00,false,840.000
demolfa00770,demofac00418,FAC-2025-0275,democli00030,2025-06-17,0,demoprd00005,SRV-DEV-01,Developpement,Developpement web (jour),11.000,450.000,450.000,1.0000,0.00,19.00,19.00,false,4950.000
demolfa00771,demofac00418,FAC-2025-0275,democli00030,2025-06-17,1,demoprd00008,SRV-DEV-04,Developpement,Site vitrine,1.000,2400.000,2400.000,1.0000,0.00,19.00,19.00,false,2400.000
demolfa00772,demofac00418,FAC-2025-0275,democli00030,2025-06-17,2,demoprd00001,SRV-CONS-01,Conseil,Conseil strategique (jour),7.000,850.000,850.000,1.0000,0.00,19.00,19.00,false,5950.000
demolfa00810,demofac00419,FAC-2025-0276,democli00043,2025-06-17,0,demoprd00019,SRV-TRA-01,Logistique,Transport de marchandises,4.000,210.000,210.000,1.0000,0.00,7.00,7.00,false,840.000
demolfa00811,demofac00419,FAC-2025-0276,democli00043,2025-06-17,1,demoprd00017,SRV-HEB-02,Hebergement,Nom de domaine .tn,2.000,45.000,45.000,1.0000,0.00,19.00,19.00,false,90.000
demolfa00830,demofac00420,FAC-2025-0277,democli00016,2025-06-17,0,demoprd00034,PRD-MED-01,Medical,Kit de premiers secours,2.000,75.000,75.000,1.0000,0.00,7.00,7.00,false,150.000
demolfa00831,demofac00420,FAC-2025-0277,democli00016,2025-06-17,1,demoprd00018,SRV-HEB-03,Hebergement,Serveur dedie (mois),2.000,290.000,290.000,1.0000,0.00,19.00,19.00,false,580.000
demolfa00832,demofac00420,FAC-2025-0277,democli00016,2025-06-17,2,demoprd00019,SRV-TRA-01,Logistique,Transport de marchandises,1.000,210.000,210.000,1.0000,0.00,7.00,7.00,false,210.000
demolfa00850,demofac00421,FAC-2025-0278,democli00059,2025-06-17,0,demoprd00029,PRD-LOG-03,Logiciels,Logiciel de gestion commerciale,2.000,2900.000,2900.000,1.0000,0.00,19.00,19.00,false,5800.000
demolfa00851,demofac00421,FAC-2025-0278,democli00059,2025-06-17,1,demoprd00037,PRD-AGR-02,Agroalimentaire,Dattes Deglet Nour (carton),180.000,42.000,42.000,1.0000,0.00,13.00,13.00,false,7560.000
demolfa00852,demofac00421,FAC-2025-0278,democli00059,2025-06-17,2,demoprd00036,PRD-AGR-01,Agroalimentaire,Huile d'olive extra (bidon 5L),57.000,68.000,68.000,1.0000,0.00,13.00,13.00,false,3876.000
demolfa00833,demofac00422,FAC-2025-0279,democli00019,2025-06-18,0,demoprd00034,PRD-MED-01,Medical,Kit de premiers secours,40.000,75.000,75.000,1.0000,0.00,7.00,7.00,false,3000.000
demolfa00834,demofac00422,FAC-2025-0279,democli00019,2025-06-18,1,demoprd00038,PRD-BAT-01,Batiment,Ciment (tonne),14.000,310.000,310.000,1.0000,0.00,19.00,19.00,false,4340.000
demolfa00787,demofac00424,FAC-2025-0281,democli00042,2025-06-20,0,demoprd00008,SRV-DEV-04,Developpement,Site vitrine,1.000,2400.000,2400.000,1.0000,0.00,19.00,19.00,false,2400.000
demolfa00788,demofac00424,FAC-2025-0281,democli00042,2025-06-20,1,demoprd00004,SRV-CONS-04,Conseil,Etude de marche,1.000,4500.000,4500.000,1.0000,0.00,19.00,19.00,false,4500.000
demolfa00804,demofac00425,FAC-2025-0282,democli00054,2025-06-20,0,demoprd00038,PRD-BAT-01,Batiment,Ciment (tonne),60.000,310.000,310.000,1.0000,0.00,19.00,19.00,false,18600.000
demolfa00805,demofac00425,FAC-2025-0282,democli00054,2025-06-20,1,demoprd00033,PRD-FOU-04,Fournitures,Mobilier de bureau (poste),15.000,1250.000,1250.000,1.0000,0.00,19.00,19.00,false,18750.000
demolfa00806,demofac00425,FAC-2025-0282,democli00054,2025-06-20,2,demoprd00031,PRD-FOU-02,Fournitures,Cartouche toner,19.000,165.000,165.000,1.0000,0.00,19.00,19.00,false,3135.000
demolfa00777,demofac00426,FAC-2025-0283,democli00021,2025-06-22,0,demoprd00027,PRD-LOG-01,Logiciels,Licence antivirus (poste),6.000,85.000,85.000,1.0000,0.00,19.00,19.00,false,510.000
demolfa00827,demofac00427,FAC-2025-0284,democli00039,2025-06-22,0,demoprd00037,PRD-AGR-02,Agroalimentaire,Dattes Deglet Nour (carton),196.000,42.000,42.000,1.0000,0.00,13.00,13.00,false,8232.000
demolfa00807,demofac00428,FAC-2025-0285,democli00020,2025-06-23,0,demoprd00032,PRD-FOU-03,Fournitures,Classeur archive,65.000,6.800,6.800,1.0000,0.00,19.00,19.00,false,442.000
demolfa00847,demofac00429,FAC-2025-0286,democli00028,2025-06-23,0,demoprd00016,SRV-HEB-01,Hebergement,Hebergement web (annuel),2.000,540.000,540.000,1.0000,0.00,19.00,19.00,false,1080.000
demolfa00845,demofac00430,FAC-2025-0287,democli00042,2025-06-24,0,demoprd00014,SRV-FOR-02,Formation,Formation cybersecurite,1.000,1800.000,1800.000,1.0000,10.00,19.00,19.00,false,1620.000
demolfa00846,demofac00430,FAC-2025-0287,democli00042,2025-06-24,1,demoprd00025,PRD-INF-05,Informatique,Onduleur 1500VA,1.000,460.000,460.000,1.0000,9.00,19.00,19.00,false,418.600
demolfa00802,demofac00431,FAC-2025-0288,democli00042,2025-06-25,0,demoprd00023,PRD-INF-03,Informatique,Imprimante laser,2.000,980.000,980.000,1.0000,0.00,19.00,19.00,false,1960.000
demolfa00803,demofac00431,FAC-2025-0288,democli00042,2025-06-25,1,demoprd00022,PRD-INF-02,Informatique,Ecran 27 pouces,1.000,690.000,690.000,1.0000,15.00,19.00,19.00,false,586.500
demolfa00825,demofac00432,FAC-2025-0289,democli00008,2025-06-27,0,demoprd00023,PRD-INF-03,Informatique,Imprimante laser,2.000,980.000,980.000,1.0000,0.00,19.00,19.00,false,1960.000
demolfa00826,demofac00432,FAC-2025-0289,democli00008,2025-06-27,1,demoprd00018,SRV-HEB-03,Hebergement,Serveur dedie (mois),1.000,290.000,290.000,1.0000,0.00,19.00,19.00,false,290.000
demolfa00784,demofac00433,FAC-2025-0290,democli00034,2025-06-28,0,demoprd00039,PRD-BAT-02,Batiment,Carrelage (m2),57.000,38.000,38.000,1.0000,0.00,19.00,19.00,false,2166.000
demolfa00785,demofac00433,FAC-2025-0290,democli00034,2025-06-28,1,demoprd00018,SRV-HEB-03,Hebergement,Serveur dedie (mois),6.000,290.000,290.000,1.0000,0.00,19.00,19.00,false,1740.000
demolfa00773,demofac00434,FAC-2025-0291,democli00030,2025-06-29,0,demoprd00008,SRV-DEV-04,Developpement,Site vitrine,1.000,2400.000,2400.000,1.0000,0.00,19.00,19.00,false,2400.000
demolfa00774,demofac00434,FAC-2025-0291,democli00030,2025-06-29,1,demoprd00016,SRV-HEB-01,Hebergement,Hebergement web (annuel),2.000,540.000,540.000,1.0000,0.00,19.00,19.00,false,1080.000
demolfa00775,demofac00434,FAC-2025-0291,democli00030,2025-06-29,2,demoprd00006,SRV-DEV-02,Developpement,Application mobile (forfait),1.000,12000.000,12000.000,1.0000,0.00,19.00,19.00,false,12000.000
demolfa00776,demofac00434,FAC-2025-0291,democli00030,2025-06-29,3,demoprd00005,SRV-DEV-01,Developpement,Developpement web (jour),17.000,450.000,450.000,1.0000,9.00,19.00,19.00,false,6961.500
demolfa00853,demofac00435,FAC-2025-0292,democli00041,2025-06-29,0,demoprd00034,PRD-MED-01,Medical,Kit de premiers secours,24.000,75.000,75.000,1.0000,5.00,7.00,7.00,false,1710.000
demolfa00854,demofac00435,FAC-2025-0292,democli00041,2025-06-29,1,demoprd00005,SRV-DEV-01,Developpement,Developpement web (jour),20.000,450.000,450.000,1.0000,14.00,19.00,19.00,false,7740.000
demolfa00812,demofac00436,FAC-2025-0293,democli00034,2025-06-30,0,demoprd00017,SRV-HEB-02,Hebergement,Nom de domaine .tn,4.000,45.000,45.000,1.0000,0.00,19.00,19.00,false,180.000
demolfa00813,demofac00436,FAC-2025-0293,democli00034,2025-06-30,1,demoprd00038,PRD-BAT-01,Batiment,Ciment (tonne),16.000,310.000,310.000,1.0000,0.00,19.00,19.00,false,4960.000
demolfa00892,demofac00437,FAC-2025-0294,democli00019,2025-07-02,0,demoprd00040,PRD-BAT-03,Batiment,Peinture murale (pot 20L),80.000,145.000,145.000,1.0000,0.00,19.00,19.00,false,11600.000
demolfa00893,demofac00437,FAC-2025-0294,democli00019,2025-07-02,1,demoprd00034,PRD-MED-01,Medical,Kit de premiers secours,18.000,75.000,75.000,1.0000,0.00,7.00,7.00,false,1350.000
demolfa00894,demofac00437,FAC-2025-0294,democli00019,2025-07-02,2,demoprd00026,PRD-INF-06,Informatique,Disque SSD 1To,20.000,310.000,310.000,1.0000,0.00,19.00,19.00,false,6200.000
demolfa00895,demofac00437,FAC-2025-0294,democli00019,2025-07-02,3,demoprd00035,PRD-MED-02,Medical,Gants nitrile (boite),400.000,18.000,18.000,1.0000,0.00,7.00,7.00,false,7200.000
demolfa00904,demofac00438,FAC-2025-0295,democli00042,2025-07-02,0,demoprd00021,PRD-INF-01,Informatique,Ordinateur portable pro,1.000,2350.000,2350.000,1.0000,0.00,19.00,19.00,false,2350.000
demolfa00905,demofac00438,FAC-2025-0295,democli00042,2025-07-02,1,demoprd00012,SRV-MNT-04,Maintenance,Sauvegarde externalisee,2.000,95.000,95.000,1.0000,0.00,19.00,19.00,false,190.000
demolfa00906,demofac00438,FAC-2025-0295,democli00042,2025-07-02,2,demoprd00023,PRD-INF-03,Informatique,Imprimante laser,1.000,980.000,980.000,1.0000,0.00,19.00,19.00,false,980.000
demolfa00877,demofac00439,FAC-2025-0296,democli00041,2025-07-03,0,demoprd00007,SRV-DEV-03,Developpement,Integration ERP (jour),15.000,600.000,600.000,1.0000,0.00,19.00,19.00,false,9000.000
demolfa00878,demofac00439,FAC-2025-0296,democli00041,2025-07-03,1,demoprd00008,SRV-DEV-04,Developpement,Site vitrine,1.000,2400.000,2400.000,1.0000,0.00,19.00,19.00,false,2400.000
demolfa00901,demofac00440,FAC-2025-0297,democli00056,2025-07-03,0,demoprd00038,PRD-BAT-01,Batiment,Ciment (tonne),15.000,310.000,310.000,1.0000,0.00,19.00,19.00,false,4650.000
demolfa00909,demofac00441,FAC-2025-0298,democli00006,2025-07-03,0,demoprd00026,PRD-INF-06,Informatique,Disque SSD 1To,14.000,310.000,310.000,1.0000,0.00,19.00,19.00,false,4340.000
demolfa00910,demofac00441,FAC-2025-0298,democli00006,2025-07-03,1,demoprd00029,PRD-LOG-03,Logiciels,Logiciel de gestion commerciale,2.000,2900.000,2900.000,1.0000,0.00,19.00,19.00,false,5800.000
demolfa00911,demofac00441,FAC-2025-0298,democli00006,2025-07-03,2,demoprd00014,SRV-FOR-02,Formation,Formation cybersecurite,1.000,1800.000,1800.000,1.0000,0.00,19.00,19.00,false,1800.000
demolfa00912,demofac00441,FAC-2025-0298,democli00006,2025-07-03,3,demoprd00013,SRV-FOR-01,Formation,Formation bureautique (jour),1.000,420.000,420.000,1.0000,8.00,19.00,19.00,false,386.400
demolfa00922,demofac00442,FAC-2025-0299,democli00048,2025-07-04,0,demoprd00010,SRV-MNT-02,Maintenance,Intervention sur site,4.000,150.000,150.000,1.0000,12.00,19.00,19.00,false,528.000
demolfa00923,demofac00442,FAC-2025-0299,democli00048,2025-07-04,1,demoprd00013,SRV-FOR-01,Formation,Formation bureautique (jour),2.000,420.000,420.000,1.0000,0.00,19.00,19.00,false,840.000
demolfa00955,demofac00443,FAC-2025-0300,democli00040,2025-07-04,0,demoprd00020,SRV-TRA-02,Logistique,Stockage entrepot (m2/mois),169.000,12.000,12.000,1.0000,0.00,19.00,19.00,false,2028.000
demolfa00919,demofac00445,FAC-2025-0302,democli00047,2025-07-06,0,demoprd00012,SRV-MNT-04,Maintenance,Sauvegarde externalisee,1.000,95.000,95.000,1.0000,0.00,19.00,19.00,false,95.000
demolfa00920,demofac00445,FAC-2025-0302,democli00047,2025-07-06,1,demoprd00011,SRV-MNT-03,Maintenance,Support premium (annuel),1.000,3600.000,3600.000,1.0000,0.00,19.00,19.00,false,3600.000
demolfa00885,demofac00446,FAC-2025-0303,democli00010,2025-07-08,0,demoprd00014,SRV-FOR-02,Formation,Formation cybersecurite,2.000,1800.000,1800.000,1.0000,0.00,19.00,19.00,false,3600.000
demolfa00944,demofac00447,FAC-2025-0304,democli00002,2025-07-08,0,demoprd00012,SRV-MNT-04,Maintenance,Sauvegarde externalisee,4.000,95.000,95.000,1.0000,0.00,19.00,19.00,false,380.000
demolfa00945,demofac00447,FAC-2025-0304,democli00002,2025-07-08,1,demoprd00032,PRD-FOU-03,Fournitures,Classeur archive,50.000,6.800,6.800,1.0000,0.00,19.00,19.00,false,340.000
demolfa00952,demofac00448,FAC-2025-0305,democli00020,2025-07-08,0,demoprd00032,PRD-FOU-03,Fournitures,Classeur archive,60.000,6.800,6.800,1.0000,0.00,19.00,19.00,false,408.000
demolfa00953,demofac00448,FAC-2025-0305,democli00020,2025-07-08,1,demoprd00016,SRV-HEB-01,Hebergement,Hebergement web (annuel),1.000,540.000,540.000,1.0000,0.00,19.00,19.00,false,540.000
demolfa00954,demofac00448,FAC-2025-0305,democli00020,2025-07-08,2,demoprd00030,PRD-FOU-01,Fournitures,Ramette papier A4,16.000,14.500,14.500,1.0000,0.00,19.00,19.00,false,232.000
demolfa00879,demofac00449,FAC-2025-0306,democli00057,2025-07-09,0,demoprd00023,PRD-INF-03,Informatique,Imprimante laser,2.000,980.000,980.000,1.0000,0.00,19.00,19.00,false,1960.000
demolfa00880,demofac00449,FAC-2025-0306,democli00057,2025-07-09,1,demoprd00008,SRV-DEV-04,Developpement,Site vitrine,1.000,2400.000,2400.000,1.0000,0.00,19.00,19.00,false,2400.000
demolfa00881,demofac00450,FAC-2025-0307,democli00040,2025-07-09,0,demoprd00013,SRV-FOR-01,Formation,Formation bureautique (jour),4.000,420.000,420.000,1.0000,0.00,19.00,19.00,false,1680.000
demolfa00882,demofac00450,FAC-2025-0307,democli00040,2025-07-09,1,demoprd00015,SRV-FOR-03,Formation,Formation comptabilite,2.000,650.000,650.000,1.0000,0.00,19.00,19.00,false,1300.000
demolfa00946,demofac00451,FAC-2025-0308,democli00042,2025-07-09,0,demoprd00003,SRV-CONS-03,Conseil,Accompagnement fiscal (heure),7.000,120.000,120.000,1.0000,0.00,19.00,19.00,false,840.000
demolfa00947,demofac00451,FAC-2025-0308,democli00042,2025-07-09,1,demoprd00026,PRD-INF-06,Informatique,Disque SSD 1To,2.000,310.000,310.000,1.0000,0.00,19.00,19.00,false,620.000
demolfa00866,demofac00452,FAC-2025-0309,democli00034,2025-07-10,0,demoprd00010,SRV-MNT-02,Maintenance,Intervention sur site,3.000,150.000,150.000,1.0000,14.00,19.00,19.00,false,387.000
demolfa00867,demofac00452,FAC-2025-0309,democli00034,2025-07-10,1,demoprd00038,PRD-BAT-01,Batiment,Ciment (tonne),59.000,310.000,310.000,1.0000,0.00,19.00,19.00,false,18290.000
demolfa00868,demofac00453,FAC-2025-0310,democli00015,2025-07-10,0,demoprd00008,SRV-DEV-04,Developpement,Site vitrine,1.000,2400.000,2400.000,1.0000,8.00,19.00,19.00,false,2208.000
demolfa00915,demofac00454,FAC-2025-0311,democli00055,2025-07-10,0,demoprd00004,SRV-CONS-04,Conseil,Etude de marche,1.000,4500.000,4500.000,1.0000,0.00,19.00,19.00,false,4500.000
demolfa00916,demofac00454,FAC-2025-0311,democli00055,2025-07-10,1,demoprd00001,SRV-CONS-01,Conseil,Conseil strategique (jour),2.000,850.000,850.000,1.0000,0.00,19.00,19.00,false,1700.000
demolfa00886,demofac00455,FAC-2025-0312,democli00033,2025-07-13,0,demoprd00030,PRD-FOU-01,Fournitures,Ramette papier A4,119.000,14.500,14.500,1.0000,0.00,19.00,19.00,false,1725.500
demolfa00887,demofac00455,FAC-2025-0312,democli00033,2025-07-13,1,demoprd00018,SRV-HEB-03,Hebergement,Serveur dedie (mois),10.000,290.000,290.000,1.0000,10.00,19.00,19.00,false,2610.000
demolfa00888,demofac00455,FAC-2025-0312,democli00033,2025-07-13,2,demoprd00028,PRD-LOG-02,Logiciels,Licence suite bureautique,12.000,320.000,320.000,1.0000,0.00,19.00,19.00,false,3840.000
demolfa00891,demofac00456,FAC-2025-0313,democli00019,2025-07-13,0,demoprd00039,PRD-BAT-02,Batiment,Carrelage (m2),116.000,38.000,38.000,1.0000,0.00,19.00,19.00,false,4408.000
demolfa00934,demofac00457,FAC-2025-0314,democli00015,2025-07-13,0,demoprd00024,PRD-INF-04,Informatique,Routeur professionnel,2.000,540.000,540.000,1.0000,0.00,19.00,19.00,false,1080.000
demolfa00935,demofac00457,FAC-2025-0314,democli00015,2025-07-13,1,demoprd00022,PRD-INF-02,Informatique,Ecran 27 pouces,2.000,690.000,690.000,1.0000,0.00,19.00,19.00,false,1380.000
demolfa00858,demofac00458,FAC-2025-0315,democli00034,2025-07-14,0,demoprd00017,SRV-HEB-02,Hebergement,Nom de domaine .tn,2.000,45.000,45.000,1.0000,0.00,19.00,19.00,false,90.000
demolfa00869,demofac00459,FAC-2025-0316,democli00019,2025-07-14,0,demoprd00034,PRD-MED-01,Medical,Kit de premiers secours,17.000,75.000,75.000,1.0000,0.00,7.00,7.00,false,1275.000
demolfa00870,demofac00459,FAC-2025-0316,democli00019,2025-07-14,1,demoprd00038,PRD-BAT-01,Batiment,Ciment (tonne),49.000,310.000,310.000,1.0000,0.00,19.00,19.00,false,15190.000
demolfa00871,demofac00459,FAC-2025-0316,democli00019,2025-07-14,2,demoprd00035,PRD-MED-02,Medical,Gants nitrile (boite),150.000,18.000,18.000,1.0000,0.00,7.00,7.00,false,2700.000
demolfa00872,demofac00459,FAC-2025-0316,democli00019,2025-07-14,3,demoprd00037,PRD-AGR-02,Agroalimentaire,Dattes Deglet Nour (carton),500.000,42.000,42.000,1.0000,0.00,13.00,13.00,false,21000.000
demolfa00929,demofac00460,FAC-2025-0317,democli00027,2025-07-14,0,demoprd00030,PRD-FOU-01,Fournitures,Ramette papier A4,171.000,14.500,14.500,1.0000,0.00,19.00,19.00,false,2479.500
demolfa00930,demofac00460,FAC-2025-0317,democli00027,2025-07-14,1,demoprd00005,SRV-DEV-01,Developpement,Developpement web (jour),9.000,450.000,450.000,1.0000,0.00,19.00,19.00,false,4050.000
demolfa00856,demofac00461,FAC-2025-0318,democli00030,2025-07-15,0,demoprd00008,SRV-DEV-04,Developpement,Site vitrine,1.000,2400.000,2400.000,1.0000,0.00,19.00,19.00,false,2400.000
demolfa00857,demofac00461,FAC-2025-0318,democli00030,2025-07-15,1,demoprd00005,SRV-DEV-01,Developpement,Developpement web (jour),13.000,450.000,450.000,1.0000,0.00,19.00,19.00,false,5850.000
demolfa00873,demofac00462,FAC-2025-0319,democli00041,2025-07-15,0,demoprd00035,PRD-MED-02,Medical,Gants nitrile (boite),400.000,18.000,18.000,1.0000,0.00,7.00,7.00,false,7200.000
demolfa00900,demofac00463,FAC-2025-0320,democli00057,2025-07-15,0,demoprd00033,PRD-FOU-04,Fournitures,Mobilier de bureau (poste),9.000,1250.000,1250.000,1.0000,0.00,19.00,19.00,false,11250.000
demolfa00902,demofac00464,FAC-2025-0321,democli00031,2025-07-15,0,demoprd00001,SRV-CONS-01,Conseil,Conseil strategique (jour),1.000,850.000,850.000,1.0000,0.00,19.00,19.00,false,850.000
demolfa00903,demofac00464,FAC-2025-0321,democli00031,2025-07-15,1,demoprd00003,SRV-CONS-03,Conseil,Accompagnement fiscal (heure),9.000,120.000,120.000,1.0000,0.00,19.00,19.00,false,1080.000
demolfa00949,demofac00465,FAC-2025-0322,democli00035,2025-07-15,0,demoprd00010,SRV-MNT-02,Maintenance,Intervention sur site,2.000,150.000,150.000,1.0000,0.00,19.00,19.00,false,300.000
demolfa00862,demofac00466,FAC-2025-0323,democli00013,2025-07-17,0,demoprd00002,SRV-CONS-02,Conseil,Audit organisationnel,1.000,3200.000,3200.000,1.0000,0.00,19.00,19.00,false,3200.000
demolfa00863,demofac00466,FAC-2025-0323,democli00013,2025-07-17,1,demoprd00004,SRV-CONS-04,Conseil,Etude de marche,1.000,4500.000,4500.000,1.0000,0.00,19.00,19.00,false,4500.000
demolfa00864,demofac00466,FAC-2025-0323,democli00013,2025-07-17,2,demoprd00015,SRV-FOR-03,Formation,Formation comptabilite,2.000,650.000,650.000,1.0000,6.00,19.00,19.00,false,1222.000
demolfa00865,demofac00466,FAC-2025-0323,democli00013,2025-07-17,3,demoprd00033,PRD-FOU-04,Fournitures,Mobilier de bureau (poste),6.000,1250.000,1250.000,1.0000,0.00,19.00,19.00,false,7500.000
demolfa00889,demofac00467,FAC-2025-0324,democli00006,2025-07-19,0,demoprd00008,SRV-DEV-04,Developpement,Site vitrine,1.000,2400.000,2400.000,1.0000,0.00,19.00,19.00,false,2400.000
demolfa00890,demofac00467,FAC-2025-0324,democli00006,2025-07-19,1,demoprd00013,SRV-FOR-01,Formation,Formation bureautique (jour),2.000,420.000,420.000,1.0000,0.00,19.00,19.00,false,840.000
demolfa00883,demofac00468,FAC-2025-0325,democli00002,2025-07-20,0,demoprd00012,SRV-MNT-04,Maintenance,Sauvegarde externalisee,2.000,95.000,95.000,1.0000,0.00,19.00,19.00,false,190.000
demolfa00884,demofac00468,FAC-2025-0325,democli00002,2025-07-20,1,demoprd00033,PRD-FOU-04,Fournitures,Mobilier de bureau (poste),3.000,1250.000,1250.000,1.0000,14.00,19.00,19.00,false,3225.000
demolfa00907,demofac00469,FAC-2025-0326,democli00054,2025-07-20,0,demoprd00030,PRD-FOU-01,Fournitures,Ramette papier A4,101.000,14.500,14.500,1.0000,0.00,19.00,19.00,false,1464.500
demolfa00917,demofac00470,FAC-2025-0327,democli00027,2025-07-20,0,demoprd00011,SRV-MNT-03,Maintenance,Support premium (annuel),1.000,3600.000,3600.000,1.0000,0.00,19.00,19.00,false,3600.000
demolfa00918,demofac00470,FAC-2025-0327,democli00027,2025-07-20,1,demoprd00029,PRD-LOG-03,Logiciels,Logiciel de gestion commerciale,2.000,2900.000,2900.000,1.0000,0.00,19.00,19.00,false,5800.000
demolfa00956,demofac00471,FAC-2025-0328,democli00026,2025-07-20,0,demoprd00028,PRD-LOG-02,Logiciels,Licence suite bureautique,13.000,320.000,320.000,1.0000,12.00,19.00,19.00,false,3660.800
demolfa00896,demofac00472,FAC-2025-0329,democli00037,2025-07-21,0,demoprd00038,PRD-BAT-01,Batiment,Ciment (tonne),32.000,310.000,310.000,1.0000,0.00,19.00,19.00,false,9920.000
demolfa00897,demofac00472,FAC-2025-0329,democli00037,2025-07-21,1,demoprd00006,SRV-DEV-02,Developpement,Application mobile (forfait),1.000,12000.000,12000.000,1.0000,11.00,19.00,19.00,false,10680.000
demolfa00898,demofac00472,FAC-2025-0329,democli00037,2025-07-21,2,demoprd00040,PRD-BAT-03,Batiment,Peinture murale (pot 20L),62.000,145.000,145.000,1.0000,0.00,19.00,19.00,false,8990.000
demolfa00899,demofac00472,FAC-2025-0329,democli00037,2025-07-21,3,demoprd00012,SRV-MNT-04,Maintenance,Sauvegarde externalisee,5.000,95.000,95.000,1.0000,0.00,19.00,19.00,false,475.000
demolfa00924,demofac00473,FAC-2025-0330,democli00025,2025-07-21,0,demoprd00015,SRV-FOR-03,Formation,Formation comptabilite,1.000,650.000,650.000,1.0000,0.00,19.00,19.00,false,650.000
demolfa00925,demofac00473,FAC-2025-0330,democli00025,2025-07-21,1,demoprd00013,SRV-FOR-01,Formation,Formation bureautique (jour),1.000,420.000,420.000,1.0000,0.00,19.00,19.00,false,420.000
demolfa00926,demofac00474,FAC-2025-0331,democli00050,2025-07-21,0,demoprd00039,PRD-BAT-02,Batiment,Carrelage (m2),59.000,38.000,38.000,1.0000,0.00,19.00,19.00,false,2242.000
demolfa00936,demofac00475,FAC-2025-0332,democli00006,2025-07-21,0,demoprd00024,PRD-INF-04,Informatique,Routeur professionnel,3.000,540.000,540.000,1.0000,0.00,19.00,19.00,false,1620.000
demolfa00942,demofac00476,FAC-2025-0333,democli00002,2025-07-21,0,demoprd00030,PRD-FOU-01,Fournitures,Ramette papier A4,59.000,14.500,14.500,1.0000,0.00,19.00,19.00,false,855.500
demolfa00931,demofac00477,FAC-2025-0334,democli00020,2025-07-22,0,demoprd00016,SRV-HEB-01,Hebergement,Hebergement web (annuel),1.000,540.000,540.000,1.0000,0.00,19.00,19.00,false,540.000
demolfa00932,demofac00477,FAC-2025-0334,democli00020,2025-07-22,1,demoprd00017,SRV-HEB-02,Hebergement,Nom de domaine .tn,1.000,45.000,45.000,1.0000,0.00,19.00,19.00,false,45.000
demolfa00933,demofac00477,FAC-2025-0334,democli00020,2025-07-22,2,demoprd00032,PRD-FOU-03,Fournitures,Classeur archive,38.000,6.800,6.800,1.0000,0.00,19.00,19.00,false,258.400
demolfa00913,demofac00478,FAC-2025-0335,democli00043,2025-07-24,0,demoprd00016,SRV-HEB-01,Hebergement,Hebergement web (annuel),1.000,540.000,540.000,1.0000,0.00,19.00,19.00,false,540.000
demolfa00914,demofac00478,FAC-2025-0335,democli00043,2025-07-24,1,demoprd00019,SRV-TRA-01,Logistique,Transport de marchandises,4.000,210.000,210.000,1.0000,12.00,7.00,7.00,false,739.200
demolfa00941,demofac00479,FAC-2025-0336,democli00039,2025-07-26,0,demoprd00036,PRD-AGR-01,Agroalimentaire,Huile d'olive extra (bidon 5L),232.000,68.000,68.000,1.0000,0.00,13.00,13.00,false,15776.000
demolfa00951,demofac00480,FAC-2025-0337,democli00054,2025-07-26,0,demoprd00031,PRD-FOU-02,Fournitures,Cartouche toner,27.000,165.000,165.000,1.0000,0.00,19.00,19.00,false,4455.000
demolfa00937,demofac00481,FAC-2025-0338,democli00019,2025-07-27,0,demoprd00039,PRD-BAT-02,Batiment,Carrelage (m2),787.000,38.000,38.000,1.0000,0.00,19.00,19.00,false,29906.000
demolfa00938,demofac00481,FAC-2025-0338,democli00019,2025-07-27,1,demoprd00035,PRD-MED-02,Medical,Gants nitrile (boite),400.000,18.000,18.000,1.0000,11.00,7.00,7.00,false,6408.000
demolfa00939,demofac00481,FAC-2025-0338,democli00019,2025-07-27,2,demoprd00034,PRD-MED-01,Medical,Kit de premiers secours,40.000,75.000,75.000,1.0000,0.00,7.00,7.00,false,3000.000
demolfa00940,demofac00481,FAC-2025-0338,democli00019,2025-07-27,3,demoprd00038,PRD-BAT-01,Batiment,Ciment (tonne),60.000,310.000,310.000,1.0000,0.00,19.00,19.00,false,18600.000
demolfa00943,demofac00482,FAC-2025-0339,democli00039,2025-07-27,0,demoprd00036,PRD-AGR-01,Agroalimentaire,Huile d'olive extra (bidon 5L),190.000,68.000,68.000,1.0000,0.00,13.00,13.00,false,12920.000
demolfa00874,demofac00483,FAC-2025-0340,democli00042,2025-07-28,0,demoprd00039,PRD-BAT-02,Batiment,Carrelage (m2),194.000,38.000,38.000,1.0000,0.00,19.00,19.00,false,7372.000
demolfa00875,demofac00483,FAC-2025-0340,democli00042,2025-07-28,1,demoprd00023,PRD-INF-03,Informatique,Imprimante laser,2.000,980.000,980.000,1.0000,0.00,19.00,19.00,false,1960.000
demolfa00876,demofac00483,FAC-2025-0340,democli00042,2025-07-28,2,demoprd00022,PRD-INF-02,Informatique,Ecran 27 pouces,2.000,690.000,690.000,1.0000,0.00,19.00,19.00,false,1380.000
demolfa00908,demofac00484,FAC-2025-0341,democli00002,2025-07-28,0,demoprd00011,SRV-MNT-03,Maintenance,Support premium (annuel),1.000,3600.000,3600.000,1.0000,0.00,19.00,19.00,false,3600.000
demolfa00950,demofac00485,FAC-2025-0342,democli00042,2025-07-28,0,demoprd00024,PRD-INF-04,Informatique,Routeur professionnel,2.000,540.000,540.000,1.0000,0.00,19.00,19.00,false,1080.000
demolfa00921,demofac00486,FAC-2025-0343,democli00045,2025-07-30,0,demoprd00032,PRD-FOU-03,Fournitures,Classeur archive,267.000,6.800,6.800,1.0000,11.00,19.00,19.00,false,1615.884
demolfa00927,demofac00487,FAC-2025-0344,democli00047,2025-07-31,0,demoprd00030,PRD-FOU-01,Fournitures,Ramette papier A4,47.000,14.500,14.500,1.0000,0.00,19.00,19.00,false,681.500
demolfa00928,demofac00487,FAC-2025-0344,democli00047,2025-07-31,1,demoprd00012,SRV-MNT-04,Maintenance,Sauvegarde externalisee,4.000,95.000,95.000,1.0000,6.00,19.00,19.00,false,357.200
demolfa00948,demofac00488,FAC-2025-0345,democli00021,2025-07-31,0,demoprd00005,SRV-DEV-01,Developpement,Developpement web (jour),6.000,450.000,450.000,1.0000,0.00,19.00,19.00,false,2700.000
demolfa00958,demofac00489,FAC-2025-0346,democli00038,2025-08-01,0,demoprd00030,PRD-FOU-01,Fournitures,Ramette papier A4,50.000,14.500,14.500,1.0000,0.00,19.00,19.00,false,725.000
demolfa00959,demofac00489,FAC-2025-0346,democli00038,2025-08-01,1,demoprd00013,SRV-FOR-01,Formation,Formation bureautique (jour),2.000,420.000,420.000,1.0000,0.00,19.00,19.00,false,840.000
demolfa00960,demofac00489,FAC-2025-0346,democli00038,2025-08-01,2,demoprd00014,SRV-FOR-02,Formation,Formation cybersecurite,1.000,1800.000,1800.000,1.0000,0.00,19.00,19.00,false,1800.000
demolfa00964,demofac00490,FAC-2025-0347,democli00038,2025-08-01,0,demoprd00029,PRD-LOG-03,Logiciels,Logiciel de gestion commerciale,2.000,2900.000,2900.000,1.0000,0.00,19.00,19.00,false,5800.000
demolfa00965,demofac00490,FAC-2025-0347,democli00038,2025-08-01,1,demoprd00016,SRV-HEB-01,Hebergement,Hebergement web (annuel),1.000,540.000,540.000,1.0000,0.00,19.00,19.00,false,540.000
demolfa00962,demofac00491,FAC-2025-0348,democli00010,2025-08-02,0,demoprd00013,SRV-FOR-01,Formation,Formation bureautique (jour),3.000,420.000,420.000,1.0000,0.00,19.00,19.00,false,1260.000
demolfa00998,demofac00492,FAC-2025-0349,democli00040,2025-08-03,0,demoprd00035,PRD-MED-02,Medical,Gants nitrile (boite),317.000,18.000,18.000,1.0000,0.00,7.00,7.00,false,5706.000
demolfa00999,demofac00492,FAC-2025-0349,democli00040,2025-08-03,1,demoprd00034,PRD-MED-01,Medical,Kit de premiers secours,17.000,75.000,75.000,1.0000,0.00,7.00,7.00,false,1275.000
demolfa01000,demofac00493,FAC-2025-0350,democli00042,2025-08-04,0,demoprd00024,PRD-INF-04,Informatique,Routeur professionnel,2.000,540.000,540.000,1.0000,0.00,19.00,19.00,false,1080.000
demolfa01001,demofac00493,FAC-2025-0350,democli00042,2025-08-04,1,demoprd00023,PRD-INF-03,Informatique,Imprimante laser,1.000,980.000,980.000,1.0000,0.00,19.00,19.00,false,980.000
demolfa01002,demofac00493,FAC-2025-0350,democli00042,2025-08-04,2,demoprd00022,PRD-INF-02,Informatique,Ecran 27 pouces,3.000,690.000,690.000,1.0000,8.00,19.00,19.00,false,1904.400
demolfa00972,demofac00494,FAC-2025-0351,democli00042,2025-08-05,0,demoprd00022,PRD-INF-02,Informatique,Ecran 27 pouces,3.000,690.000,690.000,1.0000,0.00,19.00,19.00,false,2070.000
demolfa01007,demofac00495,FAC-2025-0352,democli00053,2025-08-07,0,demoprd00009,SRV-MNT-01,Maintenance,Maintenance mensuelle,1.000,380.000,380.000,1.0000,0.00,19.00,19.00,false,380.000
demolfa00966,demofac00496,FAC-2025-0353,democli00030,2025-08-08,0,demoprd00037,PRD-AGR-02,Agroalimentaire,Dattes Deglet Nour (carton),14.000,42.000,42.000,1.0000,0.00,13.00,13.00,false,588.000
demolfa00967,demofac00496,FAC-2025-0353,democli00030,2025-08-08,1,demoprd00029,PRD-LOG-03,Logiciels,Logiciel de gestion commerciale,3.000,2900.000,2900.000,1.0000,0.00,19.00,19.00,false,8700.000
demolfa00968,demofac00496,FAC-2025-0353,democli00030,2025-08-08,2,demoprd00038,PRD-BAT-01,Batiment,Ciment (tonne),60.000,310.000,310.000,1.0000,0.00,19.00,19.00,false,18600.000
demolfa00973,demofac00497,FAC-2025-0354,democli00040,2025-08-08,0,demoprd00013,SRV-FOR-01,Formation,Formation bureautique (jour),3.000,420.000,420.000,1.0000,0.00,19.00,19.00,false,1260.000
demolfa00996,demofac00498,FAC-2025-0355,democli00033,2025-08-08,0,demoprd00032,PRD-FOU-03,Fournitures,Classeur archive,300.000,6.800,6.800,1.0000,12.00,19.00,19.00,false,1795.200
demolfa00997,demofac00498,FAC-2025-0355,democli00033,2025-08-08,1,demoprd00010,SRV-MNT-02,Maintenance,Intervention sur site,6.000,150.000,150.000,1.0000,0.00,19.00,19.00,false,900.000
demolfa00974,demofac00499,FAC-2025-0356,democli00019,2025-08-11,0,demoprd00039,PRD-BAT-02,Batiment,Carrelage (m2),800.000,38.000,38.000,1.0000,0.00,19.00,19.00,false,30400.000
demolfa00975,demofac00499,FAC-2025-0356,democli00019,2025-08-11,1,demoprd00038,PRD-BAT-01,Batiment,Ciment (tonne),60.000,310.000,310.000,1.0000,0.00,19.00,19.00,false,18600.000
demolfa01015,demofac00500,FAC-2025-0357,democli00004,2025-08-12,0,demoprd00037,PRD-AGR-02,Agroalimentaire,Dattes Deglet Nour (carton),500.000,42.000,42.000,1.0000,0.00,13.00,13.00,false,21000.000
demolfa01016,demofac00500,FAC-2025-0357,democli00004,2025-08-12,1,demoprd00036,PRD-AGR-01,Agroalimentaire,Huile d'olive extra (bidon 5L),300.000,68.000,68.000,1.0000,0.00,13.00,13.00,false,20400.000
demolfa01018,demofac00501,FAC-2025-0358,democli00025,2025-08-12,0,demoprd00002,SRV-CONS-02,Conseil,Audit organisationnel,1.000,3200.000,3200.000,1.0000,0.00,19.00,19.00,false,3200.000
demolfa00990,demofac00502,FAC-2025-0359,democli00033,2025-08-13,0,demoprd00001,SRV-CONS-01,Conseil,Conseil strategique (jour),7.000,850.000,850.000,1.0000,0.00,19.00,19.00,false,5950.000
demolfa01017,demofac00503,FAC-2025-0360,democli00041,2025-08-14,0,demoprd00007,SRV-DEV-03,Developpement,Integration ERP (jour),3.000,600.000,600.000,1.0000,0.00,19.00,19.00,false,1800.000
demolfa00983,demofac00504,FAC-2025-0361,democli00029,2025-08-15,0,demoprd00016,SRV-HEB-01,Hebergement,Hebergement web (annuel),3.000,540.000,540.000,1.0000,0.00,19.00,19.00,false,1620.000
demolfa00984,demofac00504,FAC-2025-0361,democli00029,2025-08-15,1,demoprd00033,PRD-FOU-04,Fournitures,Mobilier de bureau (poste),6.000,1250.000,1250.000,1.0000,0.00,19.00,19.00,false,7500.000
demolfa00957,demofac00505,FAC-2025-0362,democli00043,2025-08-17,0,demoprd00016,SRV-HEB-01,Hebergement,Hebergement web (annuel),1.000,540.000,540.000,1.0000,0.00,19.00,19.00,false,540.000
demolfa00963,demofac00506,FAC-2025-0363,democli00001,2025-08-17,0,demoprd00040,PRD-BAT-03,Batiment,Peinture murale (pot 20L),69.000,145.000,145.000,1.0000,0.00,19.00,19.00,false,10005.000
demolfa01004,demofac00507,FAC-2025-0364,democli00017,2025-08-18,0,demoprd00021,PRD-INF-01,Informatique,Ordinateur portable pro,9.000,2350.000,2350.000,1.0000,0.00,19.00,19.00,false,21150.000
demolfa01005,demofac00507,FAC-2025-0364,democli00017,2025-08-18,1,demoprd00024,PRD-INF-04,Informatique,Routeur professionnel,5.000,540.000,540.000,1.0000,6.00,19.00,19.00,false,2538.000
demolfa01006,demofac00507,FAC-2025-0364,democli00017,2025-08-18,2,demoprd00026,PRD-INF-06,Informatique,Disque SSD 1To,20.000,310.000,310.000,1.0000,0.00,19.00,19.00,false,6200.000
demolfa00985,demofac00508,FAC-2025-0365,democli00029,2025-08-19,0,demoprd00040,PRD-BAT-03,Batiment,Peinture murale (pot 20L),47.000,145.000,145.000,1.0000,0.00,19.00,19.00,false,6815.000
demolfa00986,demofac00508,FAC-2025-0365,democli00029,2025-08-19,1,demoprd00033,PRD-FOU-04,Fournitures,Mobilier de bureau (poste),5.000,1250.000,1250.000,1.0000,0.00,19.00,19.00,false,6250.000
demolfa01011,demofac00509,FAC-2025-0366,democli00047,2025-08-19,0,demoprd00031,PRD-FOU-02,Fournitures,Cartouche toner,13.000,165.000,165.000,1.0000,0.00,19.00,19.00,false,2145.000
demolfa01012,demofac00509,FAC-2025-0366,democli00047,2025-08-19,1,demoprd00009,SRV-MNT-01,Maintenance,Maintenance mensuelle,2.000,380.000,380.000,1.0000,14.00,19.00,19.00,false,653.600
demolfa01013,demofac00510,FAC-2025-0367,democli00031,2025-08-19,0,demoprd00002,SRV-CONS-02,Conseil,Audit organisationnel,1.000,3200.000,3200.000,1.0000,0.00,19.00,19.00,false,3200.000
demolfa01014,demofac00510,FAC-2025-0367,democli00031,2025-08-19,1,demoprd00001,SRV-CONS-01,Conseil,Conseil strategique (jour),2.000,850.000,850.000,1.0000,0.00,19.00,19.00,false,1700.000
demolfa00991,demofac00511,FAC-2025-0368,democli00044,2025-08-20,0,demoprd00008,SRV-DEV-04,Developpement,Site vitrine,1.000,2400.000,2400.000,1.0000,0.00,19.00,19.00,false,2400.000
demolfa00992,demofac00511,FAC-2025-0368,democli00044,2025-08-20,1,demoprd00017,SRV-HEB-02,Hebergement,Nom de domaine .tn,1.000,45.000,45.000,1.0000,8.00,19.00,19.00,false,41.400
demolfa00976,demofac00512,FAC-2025-0369,democli00039,2025-08-21,0,demoprd00037,PRD-AGR-02,Agroalimentaire,Dattes Deglet Nour (carton),111.000,42.000,42.000,1.0000,0.00,13.00,13.00,false,4662.000
demolfa00978,demofac00513,FAC-2025-0370,democli00027,2025-08-21,0,demoprd00032,PRD-FOU-03,Fournitures,Classeur archive,300.000,6.800,6.800,1.0000,0.00,19.00,19.00,false,2040.000
demolfa00979,demofac00514,FAC-2025-0371,democli00039,2025-08-21,0,demoprd00037,PRD-AGR-02,Agroalimentaire,Dattes Deglet Nour (carton),89.000,42.000,42.000,1.0000,0.00,13.00,13.00,false,3738.000
demolfa00980,demofac00514,FAC-2025-0371,democli00039,2025-08-21,1,demoprd00036,PRD-AGR-01,Agroalimentaire,Huile d'olive extra (bidon 5L),293.000,68.000,68.000,1.0000,5.00,13.00,13.00,false,18927.800
demolfa00981,demofac00515,FAC-2025-0372,democli00010,2025-08-24,0,demoprd00021,PRD-INF-01,Informatique,Ordinateur portable pro,10.000,2350.000,2350.000,1.0000,0.00,19.00,19.00,false,23500.000
demolfa00982,demofac00515,FAC-2025-0372,democli00010,2025-08-24,1,demoprd00014,SRV-FOR-02,Formation,Formation cybersecurite,2.000,1800.000,1800.000,1.0000,0.00,19.00,19.00,false,3600.000
demolfa00969,demofac00516,FAC-2025-0373,democli00037,2025-08-27,0,demoprd00004,SRV-CONS-04,Conseil,Etude de marche,1.000,4500.000,4500.000,1.0000,0.00,0.00,19.00,true,4500.000
demolfa00970,demofac00516,FAC-2025-0373,democli00037,2025-08-27,1,demoprd00040,PRD-BAT-03,Batiment,Peinture murale (pot 20L),26.000,145.000,145.000,1.0000,0.00,19.00,19.00,false,3770.000
demolfa00971,demofac00516,FAC-2025-0373,democli00037,2025-08-27,2,demoprd00039,PRD-BAT-02,Batiment,Carrelage (m2),212.000,38.000,38.000,1.0000,11.00,19.00,19.00,false,7169.840
demolfa00977,demofac00517,FAC-2025-0374,democli00042,2025-08-27,0,demoprd00021,PRD-INF-01,Informatique,Ordinateur portable pro,3.000,2350.000,2350.000,1.0000,0.00,19.00,19.00,false,7050.000
demolfa01009,demofac00518,FAC-2025-0375,democli00052,2025-08-28,0,demoprd00020,SRV-TRA-02,Logistique,Stockage entrepot (m2/mois),67.000,12.000,12.000,1.0000,0.00,19.00,19.00,false,804.000
demolfa01010,demofac00518,FAC-2025-0375,democli00052,2025-08-28,1,demoprd00012,SRV-MNT-04,Maintenance,Sauvegarde externalisee,3.000,95.000,95.000,1.0000,0.00,19.00,19.00,false,285.000
demolfa00961,demofac00519,FAC-2025-0376,democli00030,2025-08-29,0,demoprd00007,SRV-DEV-03,Developpement,Integration ERP (jour),12.000,600.000,600.000,1.0000,6.00,19.00,19.00,false,6768.000
demolfa00987,demofac00520,FAC-2025-0377,democli00038,2025-08-30,0,demoprd00028,PRD-LOG-02,Logiciels,Licence suite bureautique,17.000,320.000,320.000,1.0000,0.00,19.00,19.00,false,5440.000
demolfa00988,demofac00520,FAC-2025-0377,democli00038,2025-08-30,1,demoprd00027,PRD-LOG-01,Logiciels,Licence antivirus (poste),26.000,85.000,85.000,1.0000,0.00,19.00,19.00,false,2210.000
demolfa00989,demofac00520,FAC-2025-0377,democli00038,2025-08-30,2,demoprd00013,SRV-FOR-01,Formation,Formation bureautique (jour),2.000,420.000,420.000,1.0000,0.00,19.00,19.00,false,840.000
demolfa00993,demofac00521,FAC-2025-0378,democli00025,2025-08-30,0,demoprd00014,SRV-FOR-02,Formation,Formation cybersecurite,1.000,1800.000,1800.000,1.0000,0.00,19.00,19.00,false,1800.000
demolfa00994,demofac00521,FAC-2025-0378,democli00025,2025-08-30,1,demoprd00040,PRD-BAT-03,Batiment,Peinture murale (pot 20L),12.000,145.000,145.000,1.0000,12.00,19.00,19.00,false,1531.200
demolfa00995,demofac00521,FAC-2025-0378,democli00025,2025-08-30,2,demoprd00038,PRD-BAT-01,Batiment,Ciment (tonne),8.000,310.000,310.000,1.0000,0.00,19.00,19.00,false,2480.000
demolfa01003,demofac00522,FAC-2025-0379,democli00052,2025-08-31,0,demoprd00020,SRV-TRA-02,Logistique,Stockage entrepot (m2/mois),214.000,12.000,12.000,1.0000,9.00,19.00,19.00,false,2336.880
demolfa01008,demofac00523,FAC-2025-0380,democli00013,2025-08-31,0,demoprd00032,PRD-FOU-03,Fournitures,Classeur archive,202.000,6.800,6.800,1.0000,0.00,19.00,19.00,false,1373.600
demolfa01091,demofac00524,FAC-2025-0381,democli00042,2025-09-01,0,demoprd00023,PRD-INF-03,Informatique,Imprimante laser,1.000,980.000,980.000,1.0000,8.00,19.00,19.00,false,901.600
demolfa01092,demofac00524,FAC-2025-0381,democli00042,2025-09-01,1,demoprd00022,PRD-INF-02,Informatique,Ecran 27 pouces,2.000,690.000,690.000,1.0000,0.00,19.00,19.00,false,1380.000
demolfa01052,demofac00525,FAC-2025-0382,democli00047,2025-09-02,0,demoprd00010,SRV-MNT-02,Maintenance,Intervention sur site,2.000,150.000,150.000,1.0000,0.00,19.00,19.00,false,300.000
demolfa01056,demofac00526,FAC-2025-0383,democli00002,2025-09-02,0,demoprd00033,PRD-FOU-04,Fournitures,Mobilier de bureau (poste),6.000,1250.000,1250.000,1.0000,0.00,19.00,19.00,false,7500.000
demolfa01057,demofac00526,FAC-2025-0383,democli00002,2025-09-02,1,demoprd00031,PRD-FOU-02,Fournitures,Cartouche toner,23.000,165.000,165.000,1.0000,0.00,19.00,19.00,false,3795.000
demolfa01058,demofac00526,FAC-2025-0383,democli00002,2025-09-02,2,demoprd00009,SRV-MNT-01,Maintenance,Maintenance mensuelle,1.000,380.000,380.000,1.0000,0.00,19.00,19.00,false,380.000
demolfa01037,demofac00527,FAC-2025-0384,democli00041,2025-09-03,0,demoprd00030,PRD-FOU-01,Fournitures,Ramette papier A4,200.000,14.500,14.500,1.0000,0.00,19.00,19.00,false,2900.000
demolfa01066,demofac00528,FAC-2025-0385,democli00019,2025-09-04,0,demoprd00036,PRD-AGR-01,Agroalimentaire,Huile d'olive extra (bidon 5L),300.000,68.000,68.000,1.0000,0.00,13.00,13.00,false,20400.000
demolfa01067,demofac00528,FAC-2025-0385,democli00019,2025-09-04,1,demoprd00035,PRD-MED-02,Medical,Gants nitrile (boite),400.000,18.000,18.000,1.0000,15.00,7.00,7.00,false,6120.000
demolfa01068,demofac00528,FAC-2025-0385,democli00019,2025-09-04,2,demoprd00009,SRV-MNT-01,Maintenance,Maintenance mensuelle,3.000,380.000,380.000,1.0000,0.00,19.00,19.00,false,1140.000
demolfa01081,demofac00529,FAC-2025-0386,democli00046,2025-09-04,0,demoprd00024,PRD-INF-04,Informatique,Routeur professionnel,4.000,540.000,540.000,1.0000,14.00,19.00,19.00,false,1857.600
demolfa01082,demofac00529,FAC-2025-0386,democli00046,2025-09-04,1,demoprd00025,PRD-INF-05,Informatique,Onduleur 1500VA,6.000,460.000,460.000,1.0000,0.00,19.00,19.00,false,2760.000
demolfa01083,demofac00529,FAC-2025-0386,democli00046,2025-09-04,2,demoprd00026,PRD-INF-06,Informatique,Disque SSD 1To,4.000,310.000,310.000,1.0000,0.00,19.00,19.00,false,1240.000
demolfa01090,demofac00530,FAC-2025-0387,democli00049,2025-09-04,0,demoprd00017,SRV-HEB-02,Hebergement,Nom de domaine .tn,1.000,45.000,45.000,1.0000,0.00,19.00,19.00,false,45.000
demolfa01059,demofac00531,FAC-2025-0388,democli00049,2025-09-05,0,demoprd00007,SRV-DEV-03,Developpement,Integration ERP (jour),6.000,600.000,600.000,1.0000,0.00,19.00,19.00,false,3600.000
demolfa01060,demofac00531,FAC-2025-0388,democli00049,2025-09-05,1,demoprd00029,PRD-LOG-03,Logiciels,Logiciel de gestion commerciale,1.000,2900.000,2900.000,1.0000,12.00,19.00,19.00,false,2552.000
demolfa01024,demofac00532,FAC-2025-0389,democli00030,2025-09-08,0,demoprd00006,SRV-DEV-02,Developpement,Application mobile (forfait),1.000,12000.000,12000.000,1.0000,0.00,19.00,19.00,false,12000.000
demolfa01025,demofac00532,FAC-2025-0389,democli00030,2025-09-08,1,demoprd00005,SRV-DEV-01,Developpement,Developpement web (jour),3.000,450.000,450.000,1.0000,11.00,19.00,19.00,false,1201.500
demolfa01093,demofac00533,FAC-2025-0390,democli00026,2025-09-09,0,demoprd00036,PRD-AGR-01,Agroalimentaire,Huile d'olive extra (bidon 5L),40.000,68.000,68.000,1.0000,9.00,13.00,13.00,false,2475.200
demolfa01041,demofac00534,FAC-2025-0391,democli00049,2025-09-11,0,demoprd00027,PRD-LOG-01,Logiciels,Licence antivirus (poste),31.000,85.000,85.000,1.0000,0.00,19.00,19.00,false,2635.000
demolfa01042,demofac00534,FAC-2025-0391,democli00049,2025-09-11,1,demoprd00029,PRD-LOG-03,Logiciels,Logiciel de gestion commerciale,1.000,2900.000,2900.000,1.0000,0.00,19.00,19.00,false,2900.000
demolfa01043,demofac00534,FAC-2025-0391,democli00049,2025-09-11,2,demoprd00002,SRV-CONS-02,Conseil,Audit organisationnel,1.000,3200.000,3200.000,1.0000,0.00,19.00,19.00,false,3200.000
demolfa01053,demofac00535,FAC-2025-0392,democli00028,2025-09-11,0,demoprd00016,SRV-HEB-01,Hebergement,Hebergement web (annuel),1.000,540.000,540.000,1.0000,0.00,19.00,19.00,false,540.000
demolfa01054,demofac00535,FAC-2025-0392,democli00028,2025-09-11,1,demoprd00038,PRD-BAT-01,Batiment,Ciment (tonne),21.000,310.000,310.000,1.0000,0.00,19.00,19.00,false,6510.000
demolfa01114,demofac00536,FAC-2025-0393,democli00019,2025-09-11,0,demoprd00001,SRV-CONS-01,Conseil,Conseil strategique (jour),8.000,850.000,850.000,1.0000,0.00,19.00,19.00,false,6800.000
demolfa01111,demofac00537,FAC-2025-0394,democli00029,2025-09-12,0,demoprd00031,PRD-FOU-02,Fournitures,Cartouche toner,30.000,165.000,165.000,1.0000,0.00,19.00,19.00,false,4950.000
demolfa01112,demofac00537,FAC-2025-0394,democli00029,2025-09-12,1,demoprd00018,SRV-HEB-03,Hebergement,Serveur dedie (mois),12.000,290.000,290.000,1.0000,0.00,19.00,19.00,false,3480.000
demolfa01065,demofac00538,FAC-2025-0395,democli00053,2025-09-13,0,demoprd00009,SRV-MNT-01,Maintenance,Maintenance mensuelle,1.000,380.000,380.000,1.0000,0.00,19.00,19.00,false,380.000
demolfa01102,demofac00539,FAC-2025-0396,democli00004,2025-09-13,0,demoprd00037,PRD-AGR-02,Agroalimentaire,Dattes Deglet Nour (carton),500.000,42.000,42.000,1.0000,0.00,13.00,13.00,false,21000.000
demolfa01103,demofac00539,FAC-2025-0396,democli00004,2025-09-13,1,demoprd00036,PRD-AGR-01,Agroalimentaire,Huile d'olive extra (bidon 5L),244.000,68.000,68.000,1.0000,0.00,13.00,13.00,false,16592.000
demolfa01109,demofac00540,FAC-2025-0397,democli00052,2025-09-13,0,demoprd00010,SRV-MNT-02,Maintenance,Intervention sur site,4.000,150.000,150.000,1.0000,0.00,19.00,19.00,false,600.000
demolfa01110,demofac00540,FAC-2025-0397,democli00052,2025-09-13,1,demoprd00029,PRD-LOG-03,Logiciels,Logiciel de gestion commerciale,2.000,2900.000,2900.000,1.0000,0.00,19.00,19.00,false,5800.000
demolfa01027,demofac00541,FAC-2025-0398,democli00005,2025-09-14,0,demoprd00030,PRD-FOU-01,Fournitures,Ramette papier A4,200.000,14.500,14.500,1.0000,0.00,19.00,19.00,false,2900.000
demolfa01028,demofac00541,FAC-2025-0398,democli00005,2025-09-14,1,demoprd00032,PRD-FOU-03,Fournitures,Classeur archive,224.000,6.800,6.800,1.0000,0.00,19.00,19.00,false,1523.200
demolfa01077,demofac00542,FAC-2025-0399,democli00011,2025-09-15,0,demoprd00009,SRV-MNT-01,Maintenance,Maintenance mensuelle,2.000,380.000,380.000,1.0000,0.00,19.00,19.00,false,760.000
demolfa01078,demofac00542,FAC-2025-0399,democli00011,2025-09-15,1,demoprd00005,SRV-DEV-01,Developpement,Developpement web (jour),3.000,450.000,450.000,1.0000,0.00,19.00,19.00,false,1350.000
demolfa01079,demofac00542,FAC-2025-0399,democli00011,2025-09-15,2,demoprd00011,SRV-MNT-03,Maintenance,Support premium (annuel),1.000,3600.000,3600.000,1.0000,0.00,19.00,19.00,false,3600.000
demolfa01069,demofac00543,FAC-2025-0400,democli00039,2025-09-16,0,demoprd00036,PRD-AGR-01,Agroalimentaire,Huile d'olive extra (bidon 5L),206.000,68.000,68.000,1.0000,0.00,13.00,13.00,false,14008.000
demolfa01034,demofac00544,FAC-2025-0401,democli00006,2025-09-17,0,demoprd00014,SRV-FOR-02,Formation,Formation cybersecurite,1.000,1800.000,1800.000,1.0000,0.00,19.00,19.00,false,1800.000
demolfa01035,demofac00544,FAC-2025-0401,democli00006,2025-09-17,1,demoprd00020,SRV-TRA-02,Logistique,Stockage entrepot (m2/mois),112.000,12.000,12.000,1.0000,9.00,19.00,19.00,false,1223.040
demolfa01036,demofac00544,FAC-2025-0401,democli00006,2025-09-17,2,demoprd00026,PRD-INF-06,Informatique,Disque SSD 1To,13.000,310.000,310.000,1.0000,0.00,19.00,19.00,false,4030.000
demolfa01086,demofac00545,FAC-2025-0402,democli00019,2025-09-18,0,demoprd00014,SRV-FOR-02,Formation,Formation cybersecurite,2.000,1800.000,1800.000,1.0000,0.00,19.00,19.00,false,3600.000
demolfa01087,demofac00545,FAC-2025-0402,democli00019,2025-09-18,1,demoprd00034,PRD-MED-01,Medical,Kit de premiers secours,21.000,75.000,75.000,1.0000,0.00,7.00,7.00,false,1575.000
demolfa01088,demofac00545,FAC-2025-0402,democli00019,2025-09-18,2,demoprd00035,PRD-MED-02,Medical,Gants nitrile (boite),225.000,18.000,18.000,1.0000,0.00,7.00,7.00,false,4050.000
demolfa01089,demofac00545,FAC-2025-0402,democli00019,2025-09-18,3,demoprd00030,PRD-FOU-01,Fournitures,Ramette papier A4,200.000,14.500,14.500,1.0000,0.00,19.00,19.00,false,2900.000
demolfa01030,demofac00546,FAC-2025-0403,democli00017,2025-09-19,0,demoprd00024,PRD-INF-04,Informatique,Routeur professionnel,5.000,540.000,540.000,1.0000,0.00,19.00,19.00,false,2700.000
demolfa01031,demofac00546,FAC-2025-0403,democli00017,2025-09-19,1,demoprd00026,PRD-INF-06,Informatique,Disque SSD 1To,6.000,310.000,310.000,1.0000,0.00,19.00,19.00,false,1860.000
demolfa01094,demofac00547,FAC-2025-0404,democli00032,2025-09-19,0,demoprd00011,SRV-MNT-03,Maintenance,Support premium (annuel),1.000,3600.000,3600.000,1.0000,0.00,19.00,19.00,false,3600.000
demolfa01095,demofac00547,FAC-2025-0404,democli00032,2025-09-19,1,demoprd00008,SRV-DEV-04,Developpement,Site vitrine,1.000,2400.000,2400.000,1.0000,0.00,19.00,19.00,false,2400.000
demolfa01096,demofac00547,FAC-2025-0404,democli00032,2025-09-19,2,demoprd00028,PRD-LOG-02,Logiciels,Licence suite bureautique,26.000,320.000,320.000,1.0000,14.00,19.00,19.00,false,7155.200
demolfa01108,demofac00548,FAC-2025-0405,democli00041,2025-09-19,0,demoprd00034,PRD-MED-01,Medical,Kit de premiers secours,18.000,75.000,75.000,1.0000,0.00,7.00,7.00,false,1350.000
demolfa01029,demofac00549,FAC-2025-0406,democli00002,2025-09-20,0,demoprd00032,PRD-FOU-03,Fournitures,Classeur archive,56.000,6.800,6.800,1.0000,0.00,19.00,19.00,false,380.800
demolfa01019,demofac00550,FAC-2025-0407,democli00059,2025-09-21,0,demoprd00036,PRD-AGR-01,Agroalimentaire,Huile d'olive extra (bidon 5L),55.000,68.000,68.000,1.0000,10.00,13.00,13.00,false,3366.000
demolfa01020,demofac00551,FAC-2025-0408,democli00048,2025-09-21,0,demoprd00031,PRD-FOU-02,Fournitures,Cartouche toner,21.000,165.000,165.000,1.0000,0.00,19.00,19.00,false,3465.000
demolfa01021,demofac00551,FAC-2025-0408,democli00048,2025-09-21,1,demoprd00030,PRD-FOU-01,Fournitures,Ramette papier A4,40.000,14.500,14.500,1.0000,13.00,19.00,19.00,false,504.600
demolfa01022,demofac00551,FAC-2025-0408,democli00048,2025-09-21,2,demoprd00033,PRD-FOU-04,Fournitures,Mobilier de bureau (poste),9.000,1250.000,1250.000,1.0000,0.00,19.00,19.00,false,11250.000
demolfa01038,demofac00552,FAC-2025-0409,democli00034,2025-09-21,0,demoprd00039,PRD-BAT-02,Batiment,Carrelage (m2),246.000,38.000,38.000,1.0000,0.00,19.00,19.00,false,9348.000
demolfa01040,demofac00553,FAC-2025-0410,democli00002,2025-09-21,0,demoprd00011,SRV-MNT-03,Maintenance,Support premium (annuel),1.000,3600.000,3600.000,1.0000,0.00,19.00,19.00,false,3600.000
demolfa01049,demofac00554,FAC-2025-0411,democli00008,2025-09-21,0,demoprd00024,PRD-INF-04,Informatique,Routeur professionnel,2.000,540.000,540.000,1.0000,0.00,19.00,19.00,false,1080.000
demolfa01050,demofac00554,FAC-2025-0411,democli00008,2025-09-21,1,demoprd00009,SRV-MNT-01,Maintenance,Maintenance mensuelle,2.000,380.000,380.000,1.0000,0.00,19.00,19.00,false,760.000
demolfa01039,demofac00555,FAC-2025-0412,democli00041,2025-09-22,0,demoprd00005,SRV-DEV-01,Developpement,Developpement web (jour),20.000,450.000,450.000,1.0000,0.00,19.00,19.00,false,9000.000
demolfa01080,demofac00556,FAC-2025-0413,democli00052,2025-09-22,0,demoprd00011,SRV-MNT-03,Maintenance,Support premium (annuel),1.000,3600.000,3600.000,1.0000,12.00,19.00,19.00,false,3168.000
demolfa01026,demofac00557,FAC-2025-0414,democli00019,2025-09-23,0,demoprd00038,PRD-BAT-01,Batiment,Ciment (tonne),60.000,310.000,310.000,1.0000,15.00,19.00,19.00,false,15810.000
demolfa01032,demofac00558,FAC-2025-0415,democli00026,2025-09-23,0,demoprd00037,PRD-AGR-02,Agroalimentaire,Dattes Deglet Nour (carton),249.000,42.000,42.000,1.0000,6.00,13.00,13.00,false,9830.520
demolfa01033,demofac00558,FAC-2025-0415,democli00026,2025-09-23,1,demoprd00029,PRD-LOG-03,Logiciels,Logiciel de gestion commerciale,1.000,2900.000,2900.000,1.0000,0.00,19.00,19.00,false,2900.000
demolfa01061,demofac00559,FAC-2025-0416,democli00040,2025-09-23,0,demoprd00034,PRD-MED-01,Medical,Kit de premiers secours,15.000,75.000,75.000,1.0000,0.00,7.00,7.00,false,1125.000
demolfa01084,demofac00560,FAC-2025-0417,democli00026,2025-09-23,0,demoprd00027,PRD-LOG-01,Logiciels,Licence antivirus (poste),48.000,85.000,85.000,1.0000,0.00,19.00,19.00,false,4080.000
demolfa01085,demofac00560,FAC-2025-0417,democli00026,2025-09-23,1,demoprd00029,PRD-LOG-03,Logiciels,Logiciel de gestion commerciale,2.000,2900.000,2900.000,1.0000,0.00,19.00,19.00,false,5800.000
demolfa01113,demofac00561,FAC-2025-0418,democli00032,2025-09-23,0,demoprd00011,SRV-MNT-03,Maintenance,Support premium (annuel),1.000,3600.000,3600.000,1.0000,0.00,19.00,19.00,false,3600.000
demolfa01023,demofac00562,FAC-2025-0419,democli00059,2025-09-24,0,demoprd00016,SRV-HEB-01,Hebergement,Hebergement web (annuel),1.000,540.000,540.000,1.0000,0.00,19.00,19.00,false,540.000
demolfa01044,demofac00563,FAC-2025-0420,democli00047,2025-09-24,0,demoprd00032,PRD-FOU-03,Fournitures,Classeur archive,51.000,6.800,6.800,1.0000,0.00,19.00,19.00,false,346.800
demolfa01045,demofac00563,FAC-2025-0420,democli00047,2025-09-24,1,demoprd00038,PRD-BAT-01,Batiment,Ciment (tonne),4.000,310.000,310.000,1.0000,0.00,19.00,19.00,false,1240.000
demolfa01046,demofac00563,FAC-2025-0420,democli00047,2025-09-24,2,demoprd00033,PRD-FOU-04,Fournitures,Mobilier de bureau (poste),6.000,1250.000,1250.000,1.0000,0.00,19.00,19.00,false,7500.000
demolfa01047,demofac00563,FAC-2025-0420,democli00047,2025-09-24,3,demoprd00009,SRV-MNT-01,Maintenance,Maintenance mensuelle,2.000,380.000,380.000,1.0000,0.00,19.00,19.00,false,760.000
demolfa01051,demofac00564,FAC-2025-0421,democli00019,2025-09-24,0,demoprd00038,PRD-BAT-01,Batiment,Ciment (tonne),60.000,310.000,310.000,1.0000,0.00,19.00,19.00,false,18600.000
demolfa01073,demofac00565,FAC-2025-0422,democli00055,2025-09-24,0,demoprd00007,SRV-DEV-03,Developpement,Integration ERP (jour),6.000,600.000,600.000,1.0000,0.00,19.00,19.00,false,3600.000
demolfa01074,demofac00565,FAC-2025-0422,democli00055,2025-09-24,1,demoprd00002,SRV-CONS-02,Conseil,Audit organisationnel,1.000,3200.000,3200.000,1.0000,0.00,19.00,19.00,false,3200.000
demolfa01104,demofac00566,FAC-2025-0423,democli00017,2025-09-24,0,demoprd00024,PRD-INF-04,Informatique,Routeur professionnel,1.000,540.000,540.000,1.0000,0.00,19.00,19.00,false,540.000
demolfa01105,demofac00566,FAC-2025-0423,democli00017,2025-09-24,1,demoprd00017,SRV-HEB-02,Hebergement,Nom de domaine .tn,1.000,45.000,45.000,1.0000,0.00,19.00,19.00,false,45.000
demolfa01106,demofac00566,FAC-2025-0423,democli00017,2025-09-24,2,demoprd00021,PRD-INF-01,Informatique,Ordinateur portable pro,10.000,2350.000,2350.000,1.0000,6.00,19.00,19.00,false,22090.000
demolfa01107,demofac00566,FAC-2025-0423,democli00017,2025-09-24,3,demoprd00031,PRD-FOU-02,Fournitures,Cartouche toner,30.000,165.000,165.000,1.0000,0.00,19.00,19.00,false,4950.000
demolfa01099,demofac00567,FAC-2025-0424,democli00037,2025-09-25,0,demoprd00001,SRV-CONS-01,Conseil,Conseil strategique (jour),7.000,850.000,850.000,1.0000,10.00,19.00,19.00,false,5355.000
demolfa01100,demofac00567,FAC-2025-0424,democli00037,2025-09-25,1,demoprd00004,SRV-CONS-04,Conseil,Etude de marche,1.000,4500.000,4500.000,1.0000,0.00,19.00,19.00,false,4500.000
demolfa01101,demofac00567,FAC-2025-0424,democli00037,2025-09-25,2,demoprd00040,PRD-BAT-03,Batiment,Peinture murale (pot 20L),8.000,145.000,145.000,1.0000,0.00,19.00,19.00,false,1160.000
demolfa01055,demofac00568,FAC-2025-0425,democli00044,2025-09-26,0,demoprd00012,SRV-MNT-04,Maintenance,Sauvegarde externalisee,2.000,95.000,95.000,1.0000,0.00,19.00,19.00,false,190.000
demolfa01097,demofac00569,FAC-2025-0426,democli00047,2025-09-28,0,demoprd00009,SRV-MNT-01,Maintenance,Maintenance mensuelle,1.000,380.000,380.000,1.0000,0.00,19.00,19.00,false,380.000
demolfa01098,demofac00569,FAC-2025-0426,democli00047,2025-09-28,1,demoprd00033,PRD-FOU-04,Fournitures,Mobilier de bureau (poste),6.000,1250.000,1250.000,1.0000,0.00,19.00,19.00,false,7500.000
demolfa01070,demofac00570,FAC-2025-0427,democli00044,2025-09-29,0,demoprd00010,SRV-MNT-02,Maintenance,Intervention sur site,2.000,150.000,150.000,1.0000,0.00,19.00,19.00,false,300.000
demolfa01071,demofac00570,FAC-2025-0427,democli00044,2025-09-29,1,demoprd00009,SRV-MNT-01,Maintenance,Maintenance mensuelle,2.000,380.000,380.000,1.0000,0.00,19.00,19.00,false,760.000
demolfa01072,demofac00570,FAC-2025-0427,democli00044,2025-09-29,2,demoprd00019,SRV-TRA-01,Logistique,Transport de marchandises,5.000,210.000,210.000,1.0000,0.00,7.00,7.00,false,1050.000
demolfa01062,demofac00572,FAC-2025-0429,democli00010,2025-09-30,0,demoprd00015,SRV-FOR-03,Formation,Formation comptabilite,4.000,650.000,650.000,1.0000,0.00,19.00,19.00,false,2600.000
demolfa01063,demofac00572,FAC-2025-0429,democli00010,2025-09-30,1,demoprd00013,SRV-FOR-01,Formation,Formation bureautique (jour),3.000,420.000,420.000,1.0000,12.00,19.00,19.00,false,1108.800
demolfa01064,demofac00572,FAC-2025-0429,democli00010,2025-09-30,2,demoprd00014,SRV-FOR-02,Formation,Formation cybersecurite,2.000,1800.000,1800.000,1.0000,0.00,19.00,19.00,false,3600.000
demolfa01075,demofac00573,FAC-2025-0430,democli00053,2025-09-30,0,demoprd00007,SRV-DEV-03,Developpement,Integration ERP (jour),7.000,600.000,600.000,1.0000,14.00,19.00,19.00,false,3612.000
demolfa01076,demofac00573,FAC-2025-0430,democli00053,2025-09-30,1,demoprd00009,SRV-MNT-01,Maintenance,Maintenance mensuelle,1.000,380.000,380.000,1.0000,0.00,19.00,19.00,false,380.000
demolfa01115,demofac00574,FAC-2025-0431,democli00025,2025-10-01,0,demoprd00039,PRD-BAT-02,Batiment,Carrelage (m2),97.000,38.000,38.000,1.0000,0.00,19.00,19.00,false,3686.000
demolfa01116,demofac00574,FAC-2025-0431,democli00025,2025-10-01,1,demoprd00013,SRV-FOR-01,Formation,Formation bureautique (jour),2.000,420.000,420.000,1.0000,0.00,19.00,19.00,false,840.000
demolfa01117,demofac00574,FAC-2025-0431,democli00025,2025-10-01,2,demoprd00015,SRV-FOR-03,Formation,Formation comptabilite,2.000,650.000,650.000,1.0000,0.00,19.00,19.00,false,1300.000
demolfa01137,demofac00575,FAC-2025-0432,democli00031,2025-10-02,0,demoprd00019,SRV-TRA-01,Logistique,Transport de marchandises,5.000,210.000,210.000,1.0000,0.00,7.00,7.00,false,1050.000
demolfa01138,demofac00575,FAC-2025-0432,democli00031,2025-10-02,1,demoprd00035,PRD-MED-02,Medical,Gants nitrile (boite),132.000,18.000,18.000,1.0000,0.00,7.00,7.00,false,2376.000
demolfa01139,demofac00575,FAC-2025-0432,democli00031,2025-10-02,2,demoprd00001,SRV-CONS-01,Conseil,Conseil strategique (jour),3.000,850.000,850.000,1.0000,0.00,19.00,19.00,false,2550.000
demolfa01140,demofac00575,FAC-2025-0432,democli00031,2025-10-02,3,demoprd00018,SRV-HEB-03,Hebergement,Serveur dedie (mois),1.000,290.000,290.000,1.0000,0.00,19.00,19.00,false,290.000
demolfa01201,demofac00576,FAC-2025-0433,democli00008,2025-10-02,0,demoprd00008,SRV-DEV-04,Developpement,Site vitrine,1.000,2400.000,2400.000,1.0000,0.00,19.00,19.00,false,2400.000
demolfa01202,demofac00576,FAC-2025-0433,democli00008,2025-10-02,1,demoprd00021,PRD-INF-01,Informatique,Ordinateur portable pro,2.000,2350.000,2350.000,1.0000,9.00,19.00,19.00,false,4277.000
demolfa01203,demofac00576,FAC-2025-0433,democli00008,2025-10-02,2,demoprd00012,SRV-MNT-04,Maintenance,Sauvegarde externalisee,3.000,95.000,95.000,1.0000,0.00,19.00,19.00,false,285.000
demolfa01217,demofac00577,FAC-2025-0434,democli00059,2025-10-02,0,demoprd00037,PRD-AGR-02,Agroalimentaire,Dattes Deglet Nour (carton),184.000,42.000,42.000,1.0000,0.00,13.00,13.00,false,7728.000
demolfa01218,demofac00577,FAC-2025-0434,democli00059,2025-10-02,1,demoprd00017,SRV-HEB-02,Hebergement,Nom de domaine .tn,2.000,45.000,45.000,1.0000,5.00,19.00,19.00,false,85.500
demolfa01152,demofac00578,FAC-2025-0435,democli00012,2025-10-03,0,demoprd00013,SRV-FOR-01,Formation,Formation bureautique (jour),1.000,420.000,420.000,1.0000,0.00,19.00,19.00,false,420.000
demolfa01153,demofac00578,FAC-2025-0435,democli00012,2025-10-03,1,demoprd00014,SRV-FOR-02,Formation,Formation cybersecurite,1.000,1800.000,1800.000,1.0000,10.00,19.00,19.00,false,1620.000
demolfa01200,demofac00579,FAC-2025-0436,democli00038,2025-10-04,0,demoprd00015,SRV-FOR-03,Formation,Formation comptabilite,2.000,650.000,650.000,1.0000,6.00,19.00,19.00,false,1222.000
demolfa01130,demofac00580,FAC-2025-0437,democli00014,2025-10-05,0,demoprd00006,SRV-DEV-02,Developpement,Application mobile (forfait),1.000,12000.000,12000.000,1.0000,0.00,19.00,19.00,false,12000.000
demolfa01131,demofac00580,FAC-2025-0437,democli00014,2025-10-05,1,demoprd00009,SRV-MNT-01,Maintenance,Maintenance mensuelle,1.000,380.000,380.000,1.0000,0.00,19.00,19.00,false,380.000
demolfa01132,demofac00580,FAC-2025-0437,democli00014,2025-10-05,2,demoprd00011,SRV-MNT-03,Maintenance,Support premium (annuel),1.000,3600.000,3600.000,1.0000,0.00,19.00,19.00,false,3600.000
demolfa01151,demofac00581,FAC-2025-0438,democli00019,2025-10-05,0,demoprd00040,PRD-BAT-03,Batiment,Peinture murale (pot 20L),59.000,145.000,145.000,1.0000,0.00,19.00,19.00,false,8555.000
demolfa01160,demofac00582,FAC-2025-0439,democli00047,2025-10-05,0,demoprd00010,SRV-MNT-02,Maintenance,Intervention sur site,1.000,150.000,150.000,1.0000,0.00,19.00,19.00,false,150.000
demolfa01161,demofac00582,FAC-2025-0439,democli00047,2025-10-05,1,demoprd00012,SRV-MNT-04,Maintenance,Sauvegarde externalisee,5.000,95.000,95.000,1.0000,0.00,19.00,19.00,false,475.000
demolfa01154,demofac00583,FAC-2025-0440,democli00042,2025-10-06,0,demoprd00025,PRD-INF-05,Informatique,Onduleur 1500VA,1.000,460.000,460.000,1.0000,0.00,19.00,19.00,false,460.000
demolfa01155,demofac00583,FAC-2025-0440,democli00042,2025-10-06,1,demoprd00022,PRD-INF-02,Informatique,Ecran 27 pouces,3.000,690.000,690.000,1.0000,12.00,19.00,19.00,false,1821.600
demolfa01156,demofac00583,FAC-2025-0440,democli00042,2025-10-06,2,demoprd00023,PRD-INF-03,Informatique,Imprimante laser,2.000,980.000,980.000,1.0000,0.00,19.00,19.00,false,1960.000
demolfa01215,demofac00584,FAC-2025-0441,democli00039,2025-10-06,0,demoprd00036,PRD-AGR-01,Agroalimentaire,Huile d'olive extra (bidon 5L),142.000,68.000,68.000,1.0000,0.00,13.00,13.00,false,9656.000
demolfa01216,demofac00584,FAC-2025-0441,democli00039,2025-10-06,1,demoprd00037,PRD-AGR-02,Agroalimentaire,Dattes Deglet Nour (carton),309.000,42.000,42.000,1.0000,0.00,13.00,13.00,false,12978.000
demolfa01192,demofac00585,FAC-2025-0442,democli00055,2025-10-07,0,demoprd00027,PRD-LOG-01,Logiciels,Licence antivirus (poste),24.000,85.000,85.000,1.0000,15.00,19.00,19.00,false,1734.000
demolfa01193,demofac00585,FAC-2025-0442,democli00055,2025-10-07,1,demoprd00028,PRD-LOG-02,Logiciels,Licence suite bureautique,13.000,320.000,320.000,1.0000,0.00,19.00,19.00,false,4160.000
demolfa01142,demofac00586,FAC-2025-0443,democli00041,2025-10-08,0,demoprd00008,SRV-DEV-04,Developpement,Site vitrine,1.000,2400.000,2400.000,1.0000,0.00,19.00,19.00,false,2400.000
demolfa01143,demofac00586,FAC-2025-0443,democli00041,2025-10-08,1,demoprd00034,PRD-MED-01,Medical,Kit de premiers secours,32.000,75.000,75.000,1.0000,0.00,7.00,7.00,false,2400.000
demolfa01144,demofac00586,FAC-2025-0443,democli00041,2025-10-08,2,demoprd00021,PRD-INF-01,Informatique,Ordinateur portable pro,10.000,2350.000,2350.000,1.0000,0.00,19.00,19.00,false,23500.000
demolfa01167,demofac00587,FAC-2025-0444,democli00042,2025-10-08,0,demoprd00025,PRD-INF-05,Informatique,Onduleur 1500VA,1.000,460.000,460.000,1.0000,15.00,19.00,19.00,false,391.000
demolfa01175,demofac00588,FAC-2025-0445,democli00019,2025-10-08,0,demoprd00035,PRD-MED-02,Medical,Gants nitrile (boite),400.000,18.000,18.000,1.0000,0.00,7.00,7.00,false,7200.000
demolfa01157,demofac00589,FAC-2025-0446,democli00008,2025-10-10,0,demoprd00010,SRV-MNT-02,Maintenance,Intervention sur site,4.000,150.000,150.000,1.0000,6.00,19.00,19.00,false,564.000
demolfa01158,demofac00589,FAC-2025-0446,democli00008,2025-10-10,1,demoprd00022,PRD-INF-02,Informatique,Ecran 27 pouces,1.000,690.000,690.000,1.0000,0.00,19.00,19.00,false,690.000
demolfa01186,demofac00590,FAC-2025-0447,democli00030,2025-10-10,0,demoprd00003,SRV-CONS-03,Conseil,Accompagnement fiscal (heure),11.000,120.000,120.000,1.0000,0.00,19.00,19.00,false,1320.000
demolfa01187,demofac00590,FAC-2025-0447,democli00030,2025-10-10,1,demoprd00008,SRV-DEV-04,Developpement,Site vitrine,1.000,2400.000,2400.000,1.0000,0.00,19.00,19.00,false,2400.000
demolfa01188,demofac00590,FAC-2025-0447,democli00030,2025-10-10,2,demoprd00002,SRV-CONS-02,Conseil,Audit organisationnel,1.000,3200.000,3200.000,1.0000,13.00,19.00,19.00,false,2784.000
demolfa01208,demofac00591,FAC-2025-0448,democli00011,2025-10-10,0,demoprd00019,SRV-TRA-01,Logistique,Transport de marchandises,6.000,210.000,210.000,1.0000,8.00,7.00,7.00,false,1159.200
demolfa01209,demofac00591,FAC-2025-0448,democli00011,2025-10-10,1,demoprd00005,SRV-DEV-01,Developpement,Developpement web (jour),6.000,450.000,450.000,1.0000,0.00,19.00,19.00,false,2700.000
demolfa01213,demofac00592,FAC-2025-0449,democli00039,2025-10-10,0,demoprd00036,PRD-AGR-01,Agroalimentaire,Huile d'olive extra (bidon 5L),97.000,68.000,68.000,1.0000,0.00,13.00,13.00,false,6596.000
demolfa01123,demofac00593,FAC-2025-0450,democli00052,2025-10-11,0,demoprd00035,PRD-MED-02,Medical,Gants nitrile (boite),247.000,18.000,18.000,1.0000,0.00,7.00,7.00,false,4446.000
demolfa01124,demofac00593,FAC-2025-0450,democli00052,2025-10-11,1,demoprd00010,SRV-MNT-02,Maintenance,Intervention sur site,1.000,150.000,150.000,1.0000,0.00,19.00,19.00,false,150.000
demolfa01125,demofac00593,FAC-2025-0450,democli00052,2025-10-11,2,demoprd00015,SRV-FOR-03,Formation,Formation comptabilite,2.000,650.000,650.000,1.0000,10.00,19.00,19.00,false,1170.000
demolfa01126,demofac00593,FAC-2025-0450,democli00052,2025-10-11,3,demoprd00019,SRV-TRA-01,Logistique,Transport de marchandises,4.000,210.000,210.000,1.0000,0.00,7.00,7.00,false,840.000
demolfa01133,demofac00594,FAC-2025-0451,democli00032,2025-10-11,0,demoprd00022,PRD-INF-02,Informatique,Ecran 27 pouces,9.000,690.000,690.000,1.0000,0.00,19.00,19.00,false,6210.000
demolfa01134,demofac00594,FAC-2025-0451,democli00032,2025-10-11,1,demoprd00010,SRV-MNT-02,Maintenance,Intervention sur site,6.000,150.000,150.000,1.0000,0.00,19.00,19.00,false,900.000
demolfa01135,demofac00594,FAC-2025-0451,democli00032,2025-10-11,2,demoprd00037,PRD-AGR-02,Agroalimentaire,Dattes Deglet Nour (carton),296.000,42.000,42.000,1.0000,0.00,13.00,13.00,false,12432.000
demolfa01136,demofac00594,FAC-2025-0451,democli00032,2025-10-11,3,demoprd00018,SRV-HEB-03,Hebergement,Serveur dedie (mois),8.000,290.000,290.000,1.0000,0.00,19.00,19.00,false,2320.000
demolfa01210,demofac00595,FAC-2025-0452,democli00051,2025-10-11,0,demoprd00008,SRV-DEV-04,Developpement,Site vitrine,1.000,2400.000,2400.000,1.0000,0.00,19.00,19.00,false,2400.000
demolfa01211,demofac00595,FAC-2025-0452,democli00051,2025-10-11,1,demoprd00036,PRD-AGR-01,Agroalimentaire,Huile d'olive extra (bidon 5L),300.000,68.000,68.000,1.0000,0.00,13.00,13.00,false,20400.000
demolfa01212,demofac00595,FAC-2025-0452,democli00051,2025-10-11,2,demoprd00004,SRV-CONS-04,Conseil,Etude de marche,1.000,4500.000,4500.000,1.0000,0.00,19.00,19.00,false,4500.000
demolfa01177,demofac00596,FAC-2025-0453,democli00042,2025-10-12,0,demoprd00025,PRD-INF-05,Informatique,Onduleur 1500VA,1.000,460.000,460.000,1.0000,0.00,19.00,19.00,false,460.000
demolfa01178,demofac00596,FAC-2025-0453,democli00042,2025-10-12,1,demoprd00039,PRD-BAT-02,Batiment,Carrelage (m2),56.000,38.000,38.000,1.0000,8.00,19.00,19.00,false,1957.760
demolfa01146,demofac00597,FAC-2025-0454,democli00054,2025-10-14,0,demoprd00026,PRD-INF-06,Informatique,Disque SSD 1To,8.000,310.000,310.000,1.0000,0.00,19.00,19.00,false,2480.000
demolfa01204,demofac00598,FAC-2025-0455,democli00019,2025-10-15,0,demoprd00012,SRV-MNT-04,Maintenance,Sauvegarde externalisee,12.000,95.000,95.000,1.0000,0.00,19.00,19.00,false,1140.000
demolfa01122,demofac00599,FAC-2025-0456,democli00044,2025-10-16,0,demoprd00020,SRV-TRA-02,Logistique,Stockage entrepot (m2/mois),182.000,12.000,12.000,1.0000,0.00,19.00,19.00,false,2184.000
demolfa01176,demofac00600,FAC-2025-0457,democli00043,2025-10-16,0,demoprd00018,SRV-HEB-03,Hebergement,Serveur dedie (mois),8.000,290.000,290.000,1.0000,0.00,19.00,19.00,false,2320.000
demolfa01147,demofac00601,FAC-2025-0458,democli00034,2025-10-18,0,demoprd00038,PRD-BAT-01,Batiment,Ciment (tonne),14.000,310.000,310.000,1.0000,0.00,19.00,19.00,false,4340.000
demolfa01148,demofac00601,FAC-2025-0458,democli00034,2025-10-18,1,demoprd00039,PRD-BAT-02,Batiment,Carrelage (m2),136.000,38.000,38.000,1.0000,0.00,19.00,19.00,false,5168.000
demolfa01128,demofac00602,FAC-2025-0459,democli00021,2025-10-19,0,demoprd00032,PRD-FOU-03,Fournitures,Classeur archive,26.000,6.800,6.800,1.0000,0.00,19.00,19.00,false,176.800
demolfa01129,demofac00602,FAC-2025-0459,democli00021,2025-10-19,1,demoprd00014,SRV-FOR-02,Formation,Formation cybersecurite,1.000,1800.000,1800.000,1.0000,0.00,19.00,19.00,false,1800.000
demolfa01168,demofac00603,FAC-2025-0460,democli00010,2025-10-19,0,demoprd00019,SRV-TRA-01,Logistique,Transport de marchandises,10.000,210.000,210.000,1.0000,0.00,7.00,7.00,false,2100.000
demolfa01179,demofac00604,FAC-2025-0461,democli00052,2025-10-19,0,demoprd00027,PRD-LOG-01,Logiciels,Licence antivirus (poste),72.000,85.000,85.000,1.0000,0.00,19.00,19.00,false,6120.000
demolfa01180,demofac00604,FAC-2025-0461,democli00052,2025-10-19,1,demoprd00012,SRV-MNT-04,Maintenance,Sauvegarde externalisee,5.000,95.000,95.000,1.0000,0.00,19.00,19.00,false,475.000
demolfa01181,demofac00604,FAC-2025-0461,democli00052,2025-10-19,2,demoprd00004,SRV-CONS-04,Conseil,Etude de marche,1.000,4500.000,4500.000,1.0000,0.00,19.00,19.00,false,4500.000
demolfa01182,demofac00604,FAC-2025-0461,democli00052,2025-10-19,3,demoprd00028,PRD-LOG-02,Logiciels,Licence suite bureautique,19.000,320.000,320.000,1.0000,14.00,19.00,19.00,false,5228.800
demolfa01183,demofac00605,FAC-2025-0462,democli00006,2025-10-19,0,demoprd00022,PRD-INF-02,Informatique,Ecran 27 pouces,1.000,690.000,690.000,1.0000,0.00,19.00,19.00,false,690.000
demolfa01184,demofac00606,FAC-2025-0463,democli00027,2025-10-19,0,demoprd00032,PRD-FOU-03,Fournitures,Classeur archive,90.000,6.800,6.800,1.0000,11.00,19.00,19.00,false,544.680
demolfa01185,demofac00606,FAC-2025-0463,democli00027,2025-10-19,1,demoprd00014,SRV-FOR-02,Formation,Formation cybersecurite,2.000,1800.000,1800.000,1.0000,0.00,19.00,19.00,false,3600.000
demolfa01118,demofac00607,FAC-2025-0464,democli00015,2025-10-22,0,demoprd00023,PRD-INF-03,Informatique,Imprimante laser,2.000,980.000,980.000,1.0000,0.00,19.00,19.00,false,1960.000
demolfa01119,demofac00607,FAC-2025-0464,democli00015,2025-10-22,1,demoprd00024,PRD-INF-04,Informatique,Routeur professionnel,2.000,540.000,540.000,1.0000,0.00,19.00,19.00,false,1080.000
demolfa01120,demofac00607,FAC-2025-0464,democli00015,2025-10-22,2,demoprd00020,SRV-TRA-02,Logistique,Stockage entrepot (m2/mois),92.000,12.000,12.000,1.0000,0.00,19.00,19.00,false,1104.000
demolfa01121,demofac00607,FAC-2025-0464,democli00015,2025-10-22,3,demoprd00022,PRD-INF-02,Informatique,Ecran 27 pouces,2.000,690.000,690.000,1.0000,0.00,19.00,19.00,false,1380.000
demolfa01145,demofac00608,FAC-2025-0465,democli00008,2025-10-22,0,demoprd00013,SRV-FOR-01,Formation,Formation bureautique (jour),4.000,420.000,420.000,1.0000,0.00,19.00,19.00,false,1680.000
demolfa01162,demofac00609,FAC-2025-0466,democli00034,2025-10-22,0,demoprd00016,SRV-HEB-01,Hebergement,Hebergement web (annuel),3.000,540.000,540.000,1.0000,0.00,19.00,19.00,false,1620.000
demolfa01163,demofac00609,FAC-2025-0466,democli00034,2025-10-22,1,demoprd00018,SRV-HEB-03,Hebergement,Serveur dedie (mois),4.000,290.000,290.000,1.0000,0.00,19.00,19.00,false,1160.000
demolfa01173,demofac00610,FAC-2025-0467,democli00012,2025-10-22,0,demoprd00015,SRV-FOR-03,Formation,Formation comptabilite,3.000,650.000,650.000,1.0000,0.00,19.00,19.00,false,1950.000
demolfa01174,demofac00610,FAC-2025-0467,democli00012,2025-10-22,1,demoprd00014,SRV-FOR-02,Formation,Formation cybersecurite,2.000,1800.000,1800.000,1.0000,0.00,19.00,19.00,false,3600.000
demolfa01205,demofac00611,FAC-2025-0468,democli00030,2025-10-23,0,demoprd00008,SRV-DEV-04,Developpement,Site vitrine,1.000,2400.000,2400.000,1.0000,0.00,19.00,19.00,false,2400.000
demolfa01206,demofac00611,FAC-2025-0468,democli00030,2025-10-23,1,demoprd00004,SRV-CONS-04,Conseil,Etude de marche,1.000,4500.000,4500.000,1.0000,0.00,19.00,19.00,false,4500.000
demolfa01207,demofac00611,FAC-2025-0468,democli00030,2025-10-23,2,demoprd00001,SRV-CONS-01,Conseil,Conseil strategique (jour),2.000,850.000,850.000,1.0000,0.00,19.00,19.00,false,1700.000
demolfa01194,demofac00612,FAC-2025-0469,democli00060,2025-10-24,0,demoprd00011,SRV-MNT-03,Maintenance,Support premium (annuel),1.000,3600.000,3600.000,1.0000,10.00,19.00,19.00,false,3240.000
demolfa01195,demofac00612,FAC-2025-0469,democli00060,2025-10-24,1,demoprd00037,PRD-AGR-02,Agroalimentaire,Dattes Deglet Nour (carton),99.000,42.000,42.000,1.0000,0.00,13.00,13.00,false,4158.000
demolfa01190,demofac00613,FAC-2025-0470,democli00025,2025-10-25,0,demoprd00013,SRV-FOR-01,Formation,Formation bureautique (jour),2.000,420.000,420.000,1.0000,0.00,19.00,19.00,false,840.000
demolfa01191,demofac00613,FAC-2025-0470,democli00025,2025-10-25,1,demoprd00015,SRV-FOR-03,Formation,Formation comptabilite,1.000,650.000,650.000,1.0000,0.00,19.00,19.00,false,650.000
demolfa01222,demofac00614,FAC-2025-0471,democli00013,2025-10-25,0,demoprd00032,PRD-FOU-03,Fournitures,Classeur archive,299.000,6.800,6.800,1.0000,0.00,19.00,19.00,false,2033.200
demolfa01223,demofac00614,FAC-2025-0471,democli00013,2025-10-25,1,demoprd00002,SRV-CONS-02,Conseil,Audit organisationnel,1.000,3200.000,3200.000,1.0000,0.00,19.00,19.00,false,3200.000
demolfa01224,demofac00614,FAC-2025-0471,democli00013,2025-10-25,2,demoprd00033,PRD-FOU-04,Fournitures,Mobilier de bureau (poste),15.000,1250.000,1250.000,1.0000,0.00,19.00,19.00,false,18750.000
demolfa01159,demofac00615,FAC-2025-0472,democli00025,2025-10-26,0,demoprd00015,SRV-FOR-03,Formation,Formation comptabilite,2.000,650.000,650.000,1.0000,0.00,19.00,19.00,false,1300.000
demolfa01214,demofac00616,FAC-2025-0473,democli00060,2025-10-26,0,demoprd00009,SRV-MNT-01,Maintenance,Maintenance mensuelle,1.000,380.000,380.000,1.0000,0.00,19.00,19.00,false,380.000
demolfa01221,demofac00617,FAC-2025-0474,democli00008,2025-10-26,0,demoprd00011,SRV-MNT-03,Maintenance,Support premium (annuel),1.000,3600.000,3600.000,1.0000,0.00,19.00,19.00,false,3600.000
demolfa01169,demofac00618,FAC-2025-0475,democli00024,2025-10-27,0,demoprd00029,PRD-LOG-03,Logiciels,Logiciel de gestion commerciale,1.000,2900.000,2900.000,1.0000,0.00,19.00,19.00,false,2900.000
demolfa01170,demofac00618,FAC-2025-0475,democli00024,2025-10-27,1,demoprd00040,PRD-BAT-03,Batiment,Peinture murale (pot 20L),4.000,145.000,145.000,1.0000,0.00,19.00,19.00,false,580.000
demolfa01171,demofac00618,FAC-2025-0475,democli00024,2025-10-27,2,demoprd00039,PRD-BAT-02,Batiment,Carrelage (m2),83.000,38.000,38.000,1.0000,0.00,19.00,19.00,false,3154.000
demolfa01172,demofac00618,FAC-2025-0475,democli00024,2025-10-27,3,demoprd00027,PRD-LOG-01,Logiciels,Licence antivirus (poste),7.000,85.000,85.000,1.0000,0.00,19.00,19.00,false,595.000
demolfa01127,demofac00619,FAC-2025-0476,democli00021,2025-10-29,0,demoprd00029,PRD-LOG-03,Logiciels,Logiciel de gestion commerciale,1.000,2900.000,2900.000,1.0000,0.00,19.00,19.00,false,2900.000
demolfa01149,demofac00620,FAC-2025-0477,democli00049,2025-10-29,0,demoprd00002,SRV-CONS-02,Conseil,Audit organisationnel,1.000,3200.000,3200.000,1.0000,7.00,19.00,19.00,false,2976.000
demolfa01150,demofac00620,FAC-2025-0477,democli00049,2025-10-29,1,demoprd00003,SRV-CONS-03,Conseil,Accompagnement fiscal (heure),3.000,120.000,120.000,1.0000,0.00,19.00,19.00,false,360.000
demolfa01164,demofac00621,FAC-2025-0478,democli00035,2025-10-29,0,demoprd00016,SRV-HEB-01,Hebergement,Hebergement web (annuel),1.000,540.000,540.000,1.0000,0.00,19.00,19.00,false,540.000
demolfa01165,demofac00621,FAC-2025-0478,democli00035,2025-10-29,1,demoprd00034,PRD-MED-01,Medical,Kit de premiers secours,3.000,75.000,75.000,1.0000,0.00,7.00,7.00,false,225.000
demolfa01166,demofac00621,FAC-2025-0478,democli00035,2025-10-29,2,demoprd00012,SRV-MNT-04,Maintenance,Sauvegarde externalisee,1.000,95.000,95.000,1.0000,0.00,19.00,19.00,false,95.000
demolfa01141,demofac00622,FAC-2025-0479,democli00045,2025-10-30,0,demoprd00033,PRD-FOU-04,Fournitures,Mobilier de bureau (poste),10.000,1250.000,1250.000,1.0000,0.00,19.00,19.00,false,12500.000
demolfa01189,demofac00623,FAC-2025-0480,democli00025,2025-10-31,0,demoprd00013,SRV-FOR-01,Formation,Formation bureautique (jour),1.000,420.000,420.000,1.0000,0.00,19.00,19.00,false,420.000
demolfa01196,demofac00624,FAC-2025-0481,democli00037,2025-10-31,0,demoprd00039,PRD-BAT-02,Batiment,Carrelage (m2),511.000,38.000,38.000,1.0000,0.00,19.00,19.00,false,19418.000
demolfa01197,demofac00624,FAC-2025-0481,democli00037,2025-10-31,1,demoprd00003,SRV-CONS-03,Conseil,Accompagnement fiscal (heure),11.000,120.000,120.000,1.0000,0.00,19.00,19.00,false,1320.000
demolfa01198,demofac00624,FAC-2025-0481,democli00037,2025-10-31,2,demoprd00001,SRV-CONS-01,Conseil,Conseil strategique (jour),5.000,850.000,850.000,1.0000,0.00,19.00,19.00,false,4250.000
demolfa01199,demofac00624,FAC-2025-0481,democli00037,2025-10-31,3,demoprd00038,PRD-BAT-01,Batiment,Ciment (tonne),39.000,310.000,310.000,1.0000,10.00,19.00,19.00,false,10881.000
demolfa01219,demofac00625,FAC-2025-0482,democli00053,2025-10-31,0,demoprd00011,SRV-MNT-03,Maintenance,Support premium (annuel),1.000,3600.000,3600.000,1.0000,0.00,19.00,19.00,false,3600.000
demolfa01220,demofac00625,FAC-2025-0482,democli00053,2025-10-31,1,demoprd00034,PRD-MED-01,Medical,Kit de premiers secours,30.000,75.000,75.000,1.0000,0.00,7.00,7.00,false,2250.000
demolfa01262,demofac00626,FAC-2025-0483,democli00057,2025-11-02,0,demoprd00026,PRD-INF-06,Informatique,Disque SSD 1To,7.000,310.000,310.000,1.0000,0.00,19.00,19.00,false,2170.000
demolfa01263,demofac00626,FAC-2025-0483,democli00057,2025-11-02,1,demoprd00005,SRV-DEV-01,Developpement,Developpement web (jour),5.000,450.000,450.000,1.0000,0.00,19.00,19.00,false,2250.000
demolfa01264,demofac00626,FAC-2025-0483,democli00057,2025-11-02,2,demoprd00025,PRD-INF-05,Informatique,Onduleur 1500VA,2.000,460.000,460.000,1.0000,15.00,19.00,19.00,false,782.000
demolfa01265,demofac00627,FAC-2025-0484,democli00011,2025-11-02,0,demoprd00006,SRV-DEV-02,Developpement,Application mobile (forfait),1.000,12000.000,12000.000,1.0000,0.00,19.00,19.00,false,12000.000
demolfa01266,demofac00627,FAC-2025-0484,democli00011,2025-11-02,1,demoprd00008,SRV-DEV-04,Developpement,Site vitrine,1.000,2400.000,2400.000,1.0000,0.00,19.00,19.00,false,2400.000
demolfa01267,demofac00627,FAC-2025-0484,democli00011,2025-11-02,2,demoprd00009,SRV-MNT-01,Maintenance,Maintenance mensuelle,1.000,380.000,380.000,1.0000,0.00,19.00,19.00,false,380.000
demolfa01313,demofac00628,FAC-2025-0485,democli00006,2025-11-02,0,demoprd00013,SRV-FOR-01,Formation,Formation bureautique (jour),3.000,420.000,420.000,1.0000,0.00,19.00,19.00,false,1260.000
demolfa01314,demofac00628,FAC-2025-0485,democli00006,2025-11-02,1,demoprd00022,PRD-INF-02,Informatique,Ecran 27 pouces,4.000,690.000,690.000,1.0000,0.00,19.00,19.00,false,2760.000
demolfa01272,demofac00629,FAC-2025-0486,democli00045,2025-11-03,0,demoprd00032,PRD-FOU-03,Fournitures,Classeur archive,114.000,6.800,6.800,1.0000,0.00,19.00,19.00,false,775.200
demolfa01273,demofac00629,FAC-2025-0486,democli00045,2025-11-03,1,demoprd00033,PRD-FOU-04,Fournitures,Mobilier de bureau (poste),6.000,1250.000,1250.000,1.0000,0.00,19.00,19.00,false,7500.000
demolfa01274,demofac00629,FAC-2025-0486,democli00045,2025-11-03,2,demoprd00040,PRD-BAT-03,Batiment,Peinture murale (pot 20L),10.000,145.000,145.000,1.0000,0.00,19.00,19.00,false,1450.000
demolfa01288,demofac00630,FAC-2025-0487,democli00055,2025-11-03,0,demoprd00017,SRV-HEB-02,Hebergement,Nom de domaine .tn,2.000,45.000,45.000,1.0000,0.00,19.00,19.00,false,90.000
demolfa01280,demofac00631,FAC-2025-0488,democli00009,2025-11-04,0,demoprd00040,PRD-BAT-03,Batiment,Peinture murale (pot 20L),9.000,145.000,145.000,1.0000,0.00,19.00,19.00,false,1305.000
demolfa01289,demofac00632,FAC-2025-0489,democli00049,2025-11-04,0,demoprd00004,SRV-CONS-04,Conseil,Etude de marche,1.000,4500.000,4500.000,1.0000,15.00,19.00,19.00,false,3825.000
demolfa01243,demofac00633,FAC-2025-0490,democli00031,2025-11-05,0,demoprd00035,PRD-MED-02,Medical,Gants nitrile (boite),166.000,18.000,18.000,1.0000,0.00,7.00,7.00,false,2988.000
demolfa01244,demofac00633,FAC-2025-0490,democli00031,2025-11-05,1,demoprd00003,SRV-CONS-03,Conseil,Accompagnement fiscal (heure),4.000,120.000,120.000,1.0000,0.00,19.00,19.00,false,480.000
demolfa01245,demofac00634,FAC-2025-0491,democli00034,2025-11-05,0,demoprd00039,PRD-BAT-02,Batiment,Carrelage (m2),87.000,38.000,38.000,1.0000,0.00,19.00,19.00,false,3306.000
demolfa01283,demofac00635,FAC-2025-0492,democli00019,2025-11-05,0,demoprd00030,PRD-FOU-01,Fournitures,Ramette papier A4,57.000,14.500,14.500,1.0000,0.00,19.00,19.00,false,826.500
demolfa01284,demofac00635,FAC-2025-0492,democli00019,2025-11-05,1,demoprd00039,PRD-BAT-02,Batiment,Carrelage (m2),800.000,38.000,38.000,1.0000,0.00,19.00,19.00,false,30400.000
demolfa01302,demofac00636,FAC-2025-0493,democli00036,2025-11-05,0,demoprd00034,PRD-MED-01,Medical,Kit de premiers secours,40.000,75.000,75.000,1.0000,8.00,7.00,7.00,false,2760.000
demolfa01303,demofac00636,FAC-2025-0493,democli00036,2025-11-05,1,demoprd00038,PRD-BAT-01,Batiment,Ciment (tonne),3.000,310.000,310.000,1.0000,5.00,19.00,19.00,false,883.500
demolfa01307,demofac00637,FAC-2025-0494,democli00027,2025-11-05,0,demoprd00032,PRD-FOU-03,Fournitures,Classeur archive,300.000,6.800,6.800,1.0000,0.00,19.00,19.00,false,2040.000
demolfa01308,demofac00637,FAC-2025-0494,democli00027,2025-11-05,1,demoprd00024,PRD-INF-04,Informatique,Routeur professionnel,5.000,540.000,540.000,1.0000,0.00,19.00,19.00,false,2700.000
demolfa01309,demofac00637,FAC-2025-0494,democli00027,2025-11-05,2,demoprd00030,PRD-FOU-01,Fournitures,Ramette papier A4,200.000,14.500,14.500,1.0000,0.00,19.00,19.00,false,2900.000
demolfa01229,demofac00638,FAC-2025-0495,democli00031,2025-11-06,0,demoprd00034,PRD-MED-01,Medical,Kit de premiers secours,3.000,75.000,75.000,1.0000,0.00,7.00,7.00,false,225.000
demolfa01230,demofac00638,FAC-2025-0495,democli00031,2025-11-06,1,demoprd00002,SRV-CONS-02,Conseil,Audit organisationnel,1.000,3200.000,3200.000,1.0000,0.00,19.00,19.00,false,3200.000
demolfa01231,demofac00638,FAC-2025-0495,democli00031,2025-11-06,2,demoprd00003,SRV-CONS-03,Conseil,Accompagnement fiscal (heure),3.000,120.000,120.000,1.0000,0.00,19.00,19.00,false,360.000
demolfa01242,demofac00639,FAC-2025-0496,democli00047,2025-11-06,0,demoprd00010,SRV-MNT-02,Maintenance,Intervention sur site,3.000,150.000,150.000,1.0000,0.00,19.00,19.00,false,450.000
demolfa01310,demofac00640,FAC-2025-0497,democli00021,2025-11-06,0,demoprd00015,SRV-FOR-03,Formation,Formation comptabilite,1.000,650.000,650.000,1.0000,9.00,19.00,19.00,false,591.500
demolfa01279,demofac00641,FAC-2025-0498,democli00042,2025-11-07,0,demoprd00024,PRD-INF-04,Informatique,Routeur professionnel,1.000,540.000,540.000,1.0000,0.00,19.00,19.00,false,540.000
demolfa01248,demofac00642,FAC-2025-0499,democli00052,2025-11-08,0,demoprd00018,SRV-HEB-03,Hebergement,Serveur dedie (mois),8.000,290.000,290.000,1.0000,0.00,19.00,19.00,false,2320.000
demolfa01249,demofac00642,FAC-2025-0499,democli00052,2025-11-08,1,demoprd00010,SRV-MNT-02,Maintenance,Intervention sur site,3.000,150.000,150.000,1.0000,0.00,19.00,19.00,false,450.000
demolfa01255,demofac00643,FAC-2025-0500,democli00026,2025-11-08,0,demoprd00029,PRD-LOG-03,Logiciels,Logiciel de gestion commerciale,2.000,2900.000,2900.000,1.0000,0.00,19.00,19.00,false,5800.000
demolfa01256,demofac00643,FAC-2025-0500,democli00026,2025-11-08,1,demoprd00025,PRD-INF-05,Informatique,Onduleur 1500VA,2.000,460.000,460.000,1.0000,0.00,19.00,19.00,false,920.000
demolfa01257,demofac00643,FAC-2025-0500,democli00026,2025-11-08,2,demoprd00027,PRD-LOG-01,Logiciels,Licence antivirus (poste),28.000,85.000,85.000,1.0000,0.00,19.00,19.00,false,2380.000
demolfa01258,demofac00643,FAC-2025-0500,democli00026,2025-11-08,3,demoprd00034,PRD-MED-01,Medical,Kit de premiers secours,18.000,75.000,75.000,1.0000,0.00,7.00,7.00,false,1350.000
demolfa01250,demofac00644,FAC-2025-0501,democli00008,2025-11-09,0,demoprd00026,PRD-INF-06,Informatique,Disque SSD 1To,11.000,310.000,310.000,1.0000,0.00,19.00,19.00,false,3410.000
demolfa01254,demofac00645,FAC-2025-0502,democli00037,2025-11-09,0,demoprd00003,SRV-CONS-03,Conseil,Accompagnement fiscal (heure),15.000,120.000,120.000,1.0000,0.00,19.00,19.00,false,1800.000
demolfa01234,demofac00646,FAC-2025-0503,democli00011,2025-11-10,0,demoprd00011,SRV-MNT-03,Maintenance,Support premium (annuel),1.000,3600.000,3600.000,1.0000,0.00,19.00,19.00,false,3600.000
demolfa01246,demofac00647,FAC-2025-0504,democli00032,2025-11-10,0,demoprd00008,SRV-DEV-04,Developpement,Site vitrine,1.000,2400.000,2400.000,1.0000,0.00,19.00,19.00,false,2400.000
demolfa01247,demofac00647,FAC-2025-0504,democli00032,2025-11-10,1,demoprd00009,SRV-MNT-01,Maintenance,Maintenance mensuelle,3.000,380.000,380.000,1.0000,0.00,19.00,19.00,false,1140.000
demolfa01300,demofac00648,FAC-2025-0505,democli00008,2025-11-10,0,demoprd00030,PRD-FOU-01,Fournitures,Ramette papier A4,111.000,14.500,14.500,1.0000,0.00,19.00,19.00,false,1609.500
demolfa01301,demofac00648,FAC-2025-0505,democli00008,2025-11-10,1,demoprd00010,SRV-MNT-02,Maintenance,Intervention sur site,2.000,150.000,150.000,1.0000,9.00,19.00,19.00,false,273.000
demolfa01295,demofac00649,FAC-2025-0506,democli00021,2025-11-11,0,demoprd00029,PRD-LOG-03,Logiciels,Logiciel de gestion commerciale,2.000,2900.000,2900.000,1.0000,0.00,19.00,19.00,false,5800.000
demolfa01318,demofac00650,FAC-2025-0507,democli00047,2025-11-11,0,demoprd00011,SRV-MNT-03,Maintenance,Support premium (annuel),1.000,3600.000,3600.000,1.0000,0.00,19.00,19.00,false,3600.000
demolfa01319,demofac00650,FAC-2025-0507,democli00047,2025-11-11,1,demoprd00009,SRV-MNT-01,Maintenance,Maintenance mensuelle,2.000,380.000,380.000,1.0000,0.00,19.00,19.00,false,760.000
demolfa01320,demofac00650,FAC-2025-0507,democli00047,2025-11-11,2,demoprd00031,PRD-FOU-02,Fournitures,Cartouche toner,10.000,165.000,165.000,1.0000,0.00,19.00,19.00,false,1650.000
demolfa01315,demofac00651,FAC-2025-0508,democli00060,2025-11-13,0,demoprd00012,SRV-MNT-04,Maintenance,Sauvegarde externalisee,5.000,95.000,95.000,1.0000,13.00,19.00,19.00,false,413.250
demolfa01269,demofac00652,FAC-2025-0509,democli00010,2025-11-14,0,demoprd00019,SRV-TRA-01,Logistique,Transport de marchandises,1.000,210.000,210.000,1.0000,0.00,7.00,7.00,false,210.000
demolfa01270,demofac00652,FAC-2025-0509,democli00010,2025-11-14,1,demoprd00020,SRV-TRA-02,Logistique,Stockage entrepot (m2/mois),87.000,12.000,12.000,1.0000,0.00,19.00,19.00,false,1044.000
demolfa01271,demofac00652,FAC-2025-0509,democli00010,2025-11-14,2,demoprd00015,SRV-FOR-03,Formation,Formation comptabilite,4.000,650.000,650.000,1.0000,0.00,19.00,19.00,false,2600.000
demolfa01227,demofac00653,FAC-2025-0510,democli00039,2025-11-15,0,demoprd00037,PRD-AGR-02,Agroalimentaire,Dattes Deglet Nour (carton),271.000,42.000,42.000,1.0000,0.00,13.00,13.00,false,11382.000
demolfa01228,demofac00653,FAC-2025-0510,democli00039,2025-11-15,1,demoprd00036,PRD-AGR-01,Agroalimentaire,Huile d'olive extra (bidon 5L),92.000,68.000,68.000,1.0000,5.00,13.00,13.00,false,5943.200
demolfa01281,demofac00654,FAC-2025-0511,democli00019,2025-11-15,0,demoprd00024,PRD-INF-04,Informatique,Routeur professionnel,3.000,540.000,540.000,1.0000,0.00,19.00,19.00,false,1620.000
demolfa01282,demofac00654,FAC-2025-0511,democli00019,2025-11-15,1,demoprd00039,PRD-BAT-02,Batiment,Carrelage (m2),800.000,38.000,38.000,1.0000,10.00,19.00,19.00,false,27360.000
demolfa01293,demofac00655,FAC-2025-0512,democli00059,2025-11-15,0,demoprd00018,SRV-HEB-03,Hebergement,Serveur dedie (mois),4.000,290.000,290.000,1.0000,0.00,19.00,19.00,false,1160.000
demolfa01251,demofac00656,FAC-2025-0513,democli00055,2025-11-16,0,demoprd00001,SRV-CONS-01,Conseil,Conseil strategique (jour),7.000,850.000,850.000,1.0000,0.00,19.00,19.00,false,5950.000
demolfa01252,demofac00656,FAC-2025-0513,democli00055,2025-11-16,1,demoprd00004,SRV-CONS-04,Conseil,Etude de marche,1.000,4500.000,4500.000,1.0000,0.00,19.00,19.00,false,4500.000
demolfa01253,demofac00656,FAC-2025-0513,democli00055,2025-11-16,2,demoprd00002,SRV-CONS-02,Conseil,Audit organisationnel,1.000,3200.000,3200.000,1.0000,0.00,19.00,19.00,false,3200.000
demolfa01287,demofac00657,FAC-2025-0514,democli00022,2025-11-16,0,demoprd00017,SRV-HEB-02,Hebergement,Nom de domaine .tn,1.000,45.000,45.000,1.0000,0.00,19.00,19.00,false,45.000
demolfa01324,demofac00658,FAC-2025-0515,democli00039,2025-11-16,0,demoprd00036,PRD-AGR-01,Agroalimentaire,Huile d'olive extra (bidon 5L),259.000,68.000,68.000,1.0000,0.00,13.00,13.00,false,17612.000
demolfa01325,demofac00658,FAC-2025-0515,democli00039,2025-11-16,1,demoprd00008,SRV-DEV-04,Developpement,Site vitrine,1.000,2400.000,2400.000,1.0000,0.00,19.00,19.00,false,2400.000
demolfa01225,demofac00659,FAC-2025-0516,democli00019,2025-11-18,0,demoprd00034,PRD-MED-01,Medical,Kit de premiers secours,15.000,75.000,75.000,1.0000,0.00,7.00,7.00,false,1125.000
demolfa01226,demofac00659,FAC-2025-0516,democli00019,2025-11-18,1,demoprd00035,PRD-MED-02,Medical,Gants nitrile (boite),197.000,18.000,18.000,1.0000,0.00,7.00,7.00,false,3546.000
demolfa01236,demofac00660,FAC-2025-0517,democli00010,2025-11-19,0,demoprd00014,SRV-FOR-02,Formation,Formation cybersecurite,1.000,1800.000,1800.000,1.0000,0.00,19.00,19.00,false,1800.000
demolfa01316,demofac00661,FAC-2025-0518,democli00042,2025-11-19,0,demoprd00025,PRD-INF-05,Informatique,Onduleur 1500VA,3.000,460.000,460.000,1.0000,0.00,19.00,19.00,false,1380.000
demolfa01317,demofac00662,FAC-2025-0519,democli00043,2025-11-19,0,demoprd00019,SRV-TRA-01,Logistique,Transport de marchandises,7.000,210.000,210.000,1.0000,0.00,7.00,7.00,false,1470.000
demolfa01259,demofac00663,FAC-2025-0520,democli00011,2025-11-20,0,demoprd00005,SRV-DEV-01,Developpement,Developpement web (jour),7.000,450.000,450.000,1.0000,0.00,19.00,19.00,false,3150.000
demolfa01260,demofac00664,FAC-2025-0521,democli00051,2025-11-20,0,demoprd00007,SRV-DEV-03,Developpement,Integration ERP (jour),15.000,600.000,600.000,1.0000,0.00,19.00,19.00,false,9000.000
demolfa01261,demofac00664,FAC-2025-0521,democli00051,2025-11-20,1,demoprd00006,SRV-DEV-02,Developpement,Application mobile (forfait),1.000,12000.000,12000.000,1.0000,0.00,19.00,19.00,false,12000.000
demolfa01275,demofac00665,FAC-2025-0522,democli00049,2025-11-21,0,demoprd00040,PRD-BAT-03,Batiment,Peinture murale (pot 20L),24.000,145.000,145.000,1.0000,15.00,19.00,19.00,false,2958.000
demolfa01276,demofac00665,FAC-2025-0522,democli00049,2025-11-21,1,demoprd00004,SRV-CONS-04,Conseil,Etude de marche,1.000,4500.000,4500.000,1.0000,0.00,19.00,19.00,false,4500.000
demolfa01277,demofac00665,FAC-2025-0522,democli00049,2025-11-21,2,demoprd00027,PRD-LOG-01,Logiciels,Licence antivirus (poste),31.000,85.000,85.000,1.0000,11.00,19.00,19.00,false,2345.150
demolfa01278,demofac00665,FAC-2025-0522,democli00049,2025-11-21,3,demoprd00036,PRD-AGR-01,Agroalimentaire,Huile d'olive extra (bidon 5L),109.000,68.000,68.000,1.0000,0.00,13.00,13.00,false,7412.000
demolfa01321,demofac00666,FAC-2025-0523,democli00049,2025-11-21,0,demoprd00010,SRV-MNT-02,Maintenance,Intervention sur site,3.000,150.000,150.000,1.0000,0.00,19.00,19.00,false,450.000
demolfa01241,demofac00667,FAC-2025-0524,democli00024,2025-11-22,0,demoprd00029,PRD-LOG-03,Logiciels,Logiciel de gestion commerciale,1.000,2900.000,2900.000,1.0000,0.00,19.00,19.00,false,2900.000
demolfa01268,demofac00668,FAC-2025-0525,democli00042,2025-11-22,0,demoprd00023,PRD-INF-03,Informatique,Imprimante laser,1.000,980.000,980.000,1.0000,0.00,19.00,19.00,false,980.000
demolfa01296,demofac00670,FAC-2025-0527,democli00030,2025-11-24,0,demoprd00006,SRV-DEV-02,Developpement,Application mobile (forfait),1.000,12000.000,12000.000,1.0000,0.00,19.00,19.00,false,12000.000
demolfa01297,demofac00670,FAC-2025-0527,democli00030,2025-11-24,1,demoprd00008,SRV-DEV-04,Developpement,Site vitrine,1.000,2400.000,2400.000,1.0000,0.00,19.00,19.00,false,2400.000
demolfa01298,demofac00670,FAC-2025-0527,democli00030,2025-11-24,2,demoprd00020,SRV-TRA-02,Logistique,Stockage entrepot (m2/mois),300.000,12.000,12.000,1.0000,0.00,19.00,19.00,false,3600.000
demolfa01299,demofac00670,FAC-2025-0527,democli00030,2025-11-24,3,demoprd00016,SRV-HEB-01,Hebergement,Hebergement web (annuel),3.000,540.000,540.000,1.0000,0.00,19.00,19.00,false,1620.000
demolfa01326,demofac00671,FAC-2025-0528,democli00057,2025-11-25,0,demoprd00008,SRV-DEV-04,Developpement,Site vitrine,1.000,2400.000,2400.000,1.0000,0.00,19.00,19.00,false,2400.000
demolfa01327,demofac00671,FAC-2025-0528,democli00057,2025-11-25,1,demoprd00021,PRD-INF-01,Informatique,Ordinateur portable pro,4.000,2350.000,2350.000,1.0000,0.00,19.00,19.00,false,9400.000
demolfa01328,demofac00671,FAC-2025-0528,democli00057,2025-11-25,2,demoprd00023,PRD-INF-03,Informatique,Imprimante laser,1.000,980.000,980.000,1.0000,0.00,19.00,19.00,false,980.000
demolfa01237,demofac00672,FAC-2025-0529,democli00047,2025-11-26,0,demoprd00032,PRD-FOU-03,Fournitures,Classeur archive,42.000,6.800,6.800,1.0000,10.00,19.00,19.00,false,257.040
demolfa01238,demofac00672,FAC-2025-0529,democli00047,2025-11-26,1,demoprd00011,SRV-MNT-03,Maintenance,Support premium (annuel),1.000,3600.000,3600.000,1.0000,0.00,19.00,19.00,false,3600.000
demolfa01239,demofac00672,FAC-2025-0529,democli00047,2025-11-26,2,demoprd00009,SRV-MNT-01,Maintenance,Maintenance mensuelle,2.000,380.000,380.000,1.0000,0.00,19.00,19.00,false,760.000
demolfa01232,demofac00673,FAC-2025-0530,democli00037,2025-11-27,0,demoprd00040,PRD-BAT-03,Batiment,Peinture murale (pot 20L),24.000,145.000,145.000,1.0000,0.00,19.00,19.00,false,3480.000
demolfa01233,demofac00673,FAC-2025-0530,democli00037,2025-11-27,1,demoprd00003,SRV-CONS-03,Conseil,Accompagnement fiscal (heure),14.000,120.000,120.000,1.0000,0.00,19.00,19.00,false,1680.000
demolfa01285,demofac00674,FAC-2025-0531,democli00029,2025-11-27,0,demoprd00016,SRV-HEB-01,Hebergement,Hebergement web (annuel),3.000,540.000,540.000,1.0000,0.00,19.00,19.00,false,1620.000
demolfa01286,demofac00674,FAC-2025-0531,democli00029,2025-11-27,1,demoprd00033,PRD-FOU-04,Fournitures,Mobilier de bureau (poste),2.000,1250.000,1250.000,1.0000,0.00,19.00,19.00,false,2500.000
demolfa01311,demofac00675,FAC-2025-0532,democli00045,2025-11-27,0,demoprd00040,PRD-BAT-03,Batiment,Peinture murale (pot 20L),37.000,145.000,145.000,1.0000,0.00,19.00,19.00,false,5365.000
demolfa01312,demofac00675,FAC-2025-0532,democli00045,2025-11-27,1,demoprd00032,PRD-FOU-03,Fournitures,Classeur archive,229.000,6.800,6.800,1.0000,0.00,19.00,19.00,false,1557.200
demolfa01322,demofac00676,FAC-2025-0533,democli00055,2025-11-27,0,demoprd00003,SRV-CONS-03,Conseil,Accompagnement fiscal (heure),10.000,120.000,120.000,1.0000,0.00,19.00,19.00,false,1200.000
demolfa01323,demofac00676,FAC-2025-0533,democli00055,2025-11-27,1,demoprd00004,SRV-CONS-04,Conseil,Etude de marche,1.000,4500.000,4500.000,1.0000,0.00,19.00,19.00,false,4500.000
demolfa01240,demofac00677,FAC-2025-0534,democli00038,2025-11-29,0,demoprd00014,SRV-FOR-02,Formation,Formation cybersecurite,1.000,1800.000,1800.000,1.0000,0.00,19.00,19.00,false,1800.000
demolfa01290,demofac00678,FAC-2025-0535,democli00046,2025-11-29,0,demoprd00023,PRD-INF-03,Informatique,Imprimante laser,3.000,980.000,980.000,1.0000,0.00,19.00,19.00,false,2940.000
demolfa01291,demofac00678,FAC-2025-0535,democli00046,2025-11-29,1,demoprd00021,PRD-INF-01,Informatique,Ordinateur portable pro,3.000,2350.000,2350.000,1.0000,0.00,19.00,19.00,false,7050.000
demolfa01292,demofac00678,FAC-2025-0535,democli00046,2025-11-29,2,demoprd00029,PRD-LOG-03,Logiciels,Logiciel de gestion commerciale,1.000,2900.000,2900.000,1.0000,0.00,19.00,19.00,false,2900.000
demolfa01304,demofac00679,FAC-2025-0536,democli00021,2025-11-29,0,demoprd00029,PRD-LOG-03,Logiciels,Logiciel de gestion commerciale,1.000,2900.000,2900.000,1.0000,0.00,19.00,19.00,false,2900.000
demolfa01305,demofac00679,FAC-2025-0536,democli00021,2025-11-29,1,demoprd00027,PRD-LOG-01,Logiciels,Licence antivirus (poste),22.000,85.000,85.000,1.0000,0.00,19.00,19.00,false,1870.000
demolfa01306,demofac00679,FAC-2025-0536,democli00021,2025-11-29,2,demoprd00040,PRD-BAT-03,Batiment,Peinture murale (pot 20L),14.000,145.000,145.000,1.0000,5.00,19.00,19.00,false,1928.500
demolfa01329,demofac00680,FAC-2025-0537,democli00042,2025-11-29,0,demoprd00008,SRV-DEV-04,Developpement,Site vitrine,1.000,2400.000,2400.000,1.0000,0.00,19.00,19.00,false,2400.000
demolfa01330,demofac00680,FAC-2025-0537,democli00042,2025-11-29,1,demoprd00026,PRD-INF-06,Informatique,Disque SSD 1To,5.000,310.000,310.000,1.0000,0.00,19.00,19.00,false,1550.000
demolfa01294,demofac00681,FAC-2025-0538,democli00014,2025-11-30,0,demoprd00031,PRD-FOU-02,Fournitures,Cartouche toner,10.000,165.000,165.000,1.0000,0.00,19.00,19.00,false,1650.000
demolfa01357,demofac00682,FAC-2025-0539,democli00042,2025-12-01,0,demoprd00026,PRD-INF-06,Informatique,Disque SSD 1To,4.000,310.000,310.000,1.0000,0.00,19.00,19.00,false,1240.000
demolfa01362,demofac00683,FAC-2025-0540,democli00042,2025-12-01,0,demoprd00019,SRV-TRA-01,Logistique,Transport de marchandises,2.000,210.000,210.000,1.0000,0.00,7.00,7.00,false,420.000
demolfa01363,demofac00683,FAC-2025-0540,democli00042,2025-12-01,1,demoprd00014,SRV-FOR-02,Formation,Formation cybersecurite,1.000,1800.000,1800.000,1.0000,0.00,19.00,19.00,false,1800.000
demolfa01364,demofac00683,FAC-2025-0540,democli00042,2025-12-01,2,demoprd00021,PRD-INF-01,Informatique,Ordinateur portable pro,4.000,2350.000,2350.000,1.0000,7.00,19.00,19.00,false,8742.000
demolfa01365,demofac00683,FAC-2025-0540,democli00042,2025-12-01,3,demoprd00026,PRD-INF-06,Informatique,Disque SSD 1To,3.000,310.000,310.000,1.0000,0.00,19.00,19.00,false,930.000
demolfa01422,demofac00684,FAC-2025-0541,democli00030,2025-12-01,0,demoprd00004,SRV-CONS-04,Conseil,Etude de marche,1.000,4500.000,4500.000,1.0000,0.00,19.00,19.00,false,4500.000
demolfa01423,demofac00684,FAC-2025-0541,democli00030,2025-12-01,1,demoprd00002,SRV-CONS-02,Conseil,Audit organisationnel,1.000,3200.000,3200.000,1.0000,0.00,19.00,19.00,false,3200.000
demolfa01379,demofac00686,FAC-2025-0543,democli00039,2025-12-03,0,demoprd00004,SRV-CONS-04,Conseil,Etude de marche,1.000,4500.000,4500.000,1.0000,0.00,19.00,19.00,false,4500.000
demolfa01383,demofac00687,FAC-2025-0544,democli00017,2025-12-03,0,demoprd00020,SRV-TRA-02,Logistique,Stockage entrepot (m2/mois),120.000,12.000,12.000,1.0000,0.00,19.00,19.00,false,1440.000
demolfa01384,demofac00687,FAC-2025-0544,democli00017,2025-12-03,1,demoprd00021,PRD-INF-01,Informatique,Ordinateur portable pro,10.000,2350.000,2350.000,1.0000,0.00,19.00,19.00,false,23500.000
demolfa01385,demofac00687,FAC-2025-0544,democli00017,2025-12-03,2,demoprd00030,PRD-FOU-01,Fournitures,Ramette papier A4,122.000,14.500,14.500,1.0000,10.00,19.00,19.00,false,1592.100
demolfa01419,demofac00688,FAC-2025-0545,democli00042,2025-12-03,0,demoprd00032,PRD-FOU-03,Fournitures,Classeur archive,24.000,6.800,6.800,1.0000,0.00,19.00,19.00,false,163.200
demolfa01356,demofac00689,FAC-2025-0546,democli00019,2025-12-04,0,demoprd00040,PRD-BAT-03,Batiment,Peinture murale (pot 20L),80.000,145.000,145.000,1.0000,12.00,19.00,19.00,false,10208.000
demolfa01368,demofac00690,FAC-2025-0547,democli00038,2025-12-04,0,demoprd00027,PRD-LOG-01,Logiciels,Licence antivirus (poste),25.000,85.000,85.000,1.0000,0.00,19.00,19.00,false,2125.000
demolfa01369,demofac00690,FAC-2025-0547,democli00038,2025-12-04,1,demoprd00014,SRV-FOR-02,Formation,Formation cybersecurite,1.000,1800.000,1800.000,1.0000,0.00,19.00,19.00,false,1800.000
demolfa01372,demofac00691,FAC-2025-0548,democli00041,2025-12-04,0,demoprd00005,SRV-DEV-01,Developpement,Developpement web (jour),20.000,450.000,450.000,1.0000,0.00,19.00,19.00,false,9000.000
demolfa01373,demofac00691,FAC-2025-0548,democli00041,2025-12-04,1,demoprd00007,SRV-DEV-03,Developpement,Integration ERP (jour),15.000,600.000,600.000,1.0000,0.00,19.00,19.00,false,9000.000
demolfa01374,demofac00691,FAC-2025-0548,democli00041,2025-12-04,2,demoprd00006,SRV-DEV-02,Developpement,Application mobile (forfait),1.000,12000.000,12000.000,1.0000,0.00,19.00,19.00,false,12000.000
demolfa01389,demofac00692,FAC-2025-0549,democli00015,2025-12-05,0,demoprd00009,SRV-MNT-01,Maintenance,Maintenance mensuelle,2.000,380.000,380.000,1.0000,0.00,19.00,19.00,false,760.000
demolfa01408,demofac00693,FAC-2025-0550,democli00049,2025-12-05,0,demoprd00005,SRV-DEV-01,Developpement,Developpement web (jour),6.000,450.000,450.000,1.0000,0.00,19.00,19.00,false,2700.000
demolfa01409,demofac00693,FAC-2025-0550,democli00049,2025-12-05,1,demoprd00004,SRV-CONS-04,Conseil,Etude de marche,1.000,4500.000,4500.000,1.0000,0.00,19.00,19.00,false,4500.000
demolfa01410,demofac00693,FAC-2025-0550,democli00049,2025-12-05,2,demoprd00001,SRV-CONS-01,Conseil,Conseil strategique (jour),2.000,850.000,850.000,1.0000,0.00,19.00,19.00,false,1700.000
demolfa01418,demofac00694,FAC-2025-0551,democli00024,2025-12-05,0,demoprd00040,PRD-BAT-03,Batiment,Peinture murale (pot 20L),3.000,145.000,145.000,1.0000,0.00,19.00,19.00,false,435.000
demolfa01433,demofac00695,FAC-2025-0552,democli00010,2025-12-05,0,demoprd00014,SRV-FOR-02,Formation,Formation cybersecurite,2.000,1800.000,1800.000,1.0000,0.00,19.00,19.00,false,3600.000
demolfa01434,demofac00695,FAC-2025-0552,democli00010,2025-12-05,1,demoprd00013,SRV-FOR-01,Formation,Formation bureautique (jour),4.000,420.000,420.000,1.0000,0.00,19.00,19.00,false,1680.000
demolfa01435,demofac00695,FAC-2025-0552,democli00010,2025-12-05,2,demoprd00020,SRV-TRA-02,Logistique,Stockage entrepot (m2/mois),37.000,12.000,12.000,1.0000,0.00,19.00,19.00,false,444.000
demolfa01380,demofac00696,FAC-2025-0553,democli00013,2025-12-06,0,demoprd00032,PRD-FOU-03,Fournitures,Classeur archive,203.000,6.800,6.800,1.0000,0.00,19.00,19.00,false,1380.400
demolfa01381,demofac00696,FAC-2025-0553,democli00013,2025-12-06,1,demoprd00033,PRD-FOU-04,Fournitures,Mobilier de bureau (poste),14.000,1250.000,1250.000,1.0000,0.00,19.00,19.00,false,17500.000
demolfa01382,demofac00697,FAC-2025-0554,democli00051,2025-12-07,0,demoprd00007,SRV-DEV-03,Developpement,Integration ERP (jour),12.000,600.000,600.000,1.0000,0.00,19.00,19.00,false,7200.000
demolfa01397,demofac00698,FAC-2025-0555,democli00029,2025-12-07,0,demoprd00022,PRD-INF-02,Informatique,Ecran 27 pouces,12.000,690.000,690.000,1.0000,0.00,19.00,19.00,false,8280.000
demolfa01398,demofac00698,FAC-2025-0555,democli00029,2025-12-07,1,demoprd00033,PRD-FOU-04,Fournitures,Mobilier de bureau (poste),15.000,1250.000,1250.000,1.0000,0.00,19.00,19.00,false,18750.000
demolfa01399,demofac00698,FAC-2025-0555,democli00029,2025-12-07,2,demoprd00030,PRD-FOU-01,Fournitures,Ramette papier A4,33.000,14.500,14.500,1.0000,0.00,19.00,19.00,false,478.500
demolfa01400,demofac00698,FAC-2025-0555,democli00029,2025-12-07,3,demoprd00018,SRV-HEB-03,Hebergement,Serveur dedie (mois),12.000,290.000,290.000,1.0000,0.00,19.00,19.00,false,3480.000
demolfa01424,demofac00699,FAC-2025-0556,democli00011,2025-12-07,0,demoprd00005,SRV-DEV-01,Developpement,Developpement web (jour),5.000,450.000,450.000,1.0000,0.00,19.00,19.00,false,2250.000
demolfa01425,demofac00699,FAC-2025-0556,democli00011,2025-12-07,1,demoprd00008,SRV-DEV-04,Developpement,Site vitrine,1.000,2400.000,2400.000,1.0000,0.00,19.00,19.00,false,2400.000
demolfa01426,demofac00699,FAC-2025-0556,democli00011,2025-12-07,2,demoprd00006,SRV-DEV-02,Developpement,Application mobile (forfait),1.000,12000.000,12000.000,1.0000,0.00,19.00,19.00,false,12000.000
demolfa01394,demofac00700,FAC-2025-0557,democli00037,2025-12-08,0,demoprd00039,PRD-BAT-02,Batiment,Carrelage (m2),151.000,38.000,38.000,1.0000,0.00,19.00,19.00,false,5738.000
demolfa01390,demofac00701,FAC-2025-0558,democli00029,2025-12-09,0,demoprd00017,SRV-HEB-02,Hebergement,Nom de domaine .tn,4.000,45.000,45.000,1.0000,0.00,19.00,19.00,false,180.000
demolfa01395,demofac00702,FAC-2025-0559,democli00010,2025-12-09,0,demoprd00020,SRV-TRA-02,Logistique,Stockage entrepot (m2/mois),188.000,12.000,12.000,1.0000,0.00,19.00,19.00,false,2256.000
demolfa01396,demofac00702,FAC-2025-0559,democli00010,2025-12-09,1,demoprd00013,SRV-FOR-01,Formation,Formation bureautique (jour),5.000,420.000,420.000,1.0000,0.00,19.00,19.00,false,2100.000
demolfa01351,demofac00703,FAC-2025-0560,democli00013,2025-12-10,0,demoprd00031,PRD-FOU-02,Fournitures,Cartouche toner,9.000,165.000,165.000,1.0000,0.00,19.00,19.00,false,1485.000
demolfa01352,demofac00703,FAC-2025-0560,democli00013,2025-12-10,1,demoprd00004,SRV-CONS-04,Conseil,Etude de marche,1.000,4500.000,4500.000,1.0000,0.00,19.00,19.00,false,4500.000
demolfa01375,demofac00704,FAC-2025-0561,democli00039,2025-12-10,0,demoprd00037,PRD-AGR-02,Agroalimentaire,Dattes Deglet Nour (carton),478.000,42.000,42.000,1.0000,0.00,13.00,13.00,false,20076.000
demolfa01376,demofac00704,FAC-2025-0561,democli00039,2025-12-10,1,demoprd00036,PRD-AGR-01,Agroalimentaire,Huile d'olive extra (bidon 5L),289.000,68.000,68.000,1.0000,0.00,13.00,13.00,false,19652.000
demolfa01370,demofac00705,FAC-2025-0562,democli00059,2025-12-11,0,demoprd00018,SRV-HEB-03,Hebergement,Serveur dedie (mois),2.000,290.000,290.000,1.0000,0.00,19.00,19.00,false,580.000
demolfa01371,demofac00705,FAC-2025-0562,democli00059,2025-12-11,1,demoprd00017,SRV-HEB-02,Hebergement,Nom de domaine .tn,1.000,45.000,45.000,1.0000,0.00,19.00,19.00,false,45.000
demolfa01405,demofac00706,FAC-2025-0563,democli00042,2025-12-11,0,demoprd00032,PRD-FOU-03,Fournitures,Classeur archive,70.000,6.800,6.800,1.0000,0.00,19.00,19.00,false,476.000
demolfa01406,demofac00706,FAC-2025-0563,democli00042,2025-12-11,1,demoprd00026,PRD-INF-06,Informatique,Disque SSD 1To,5.000,310.000,310.000,1.0000,6.00,19.00,19.00,false,1457.000
demolfa01407,demofac00706,FAC-2025-0563,democli00042,2025-12-11,2,demoprd00021,PRD-INF-01,Informatique,Ordinateur portable pro,1.000,2350.000,2350.000,1.0000,0.00,19.00,19.00,false,2350.000
demolfa01439,demofac00707,FAC-2025-0564,democli00042,2025-12-12,0,demoprd00026,PRD-INF-06,Informatique,Disque SSD 1To,2.000,310.000,310.000,1.0000,0.00,19.00,19.00,false,620.000
demolfa01440,demofac00707,FAC-2025-0564,democli00042,2025-12-12,1,demoprd00024,PRD-INF-04,Informatique,Routeur professionnel,26.000,540.000,540.000,1.0000,0.00,19.00,19.00,false,14040.000
demolfa01441,demofac00707,FAC-2025-0564,democli00042,2025-12-12,2,demoprd00038,PRD-BAT-01,Batiment,Ciment (tonne),3.000,310.000,310.000,1.0000,0.00,19.00,19.00,false,930.000
demolfa01338,demofac00708,FAC-2025-0565,democli00049,2025-12-13,0,demoprd00001,SRV-CONS-01,Conseil,Conseil strategique (jour),3.000,850.000,850.000,1.0000,0.00,19.00,19.00,false,2550.000
demolfa01339,demofac00708,FAC-2025-0565,democli00049,2025-12-13,1,demoprd00027,PRD-LOG-01,Logiciels,Licence antivirus (poste),16.000,85.000,85.000,1.0000,0.00,19.00,19.00,false,1360.000
demolfa01340,demofac00708,FAC-2025-0565,democli00049,2025-12-13,2,demoprd00003,SRV-CONS-03,Conseil,Accompagnement fiscal (heure),2.000,120.000,120.000,1.0000,0.00,19.00,19.00,false,240.000
demolfa01341,demofac00708,FAC-2025-0565,democli00049,2025-12-13,3,demoprd00002,SRV-CONS-02,Conseil,Audit organisationnel,1.000,3200.000,3200.000,1.0000,8.00,19.00,19.00,false,2944.000
demolfa01347,demofac00709,FAC-2025-0566,democli00013,2025-12-14,0,demoprd00003,SRV-CONS-03,Conseil,Accompagnement fiscal (heure),20.000,120.000,120.000,1.0000,0.00,19.00,19.00,false,2400.000
demolfa01348,demofac00709,FAC-2025-0566,democli00013,2025-12-14,1,demoprd00033,PRD-FOU-04,Fournitures,Mobilier de bureau (poste),15.000,1250.000,1250.000,1.0000,0.00,19.00,19.00,false,18750.000
demolfa01427,demofac00710,FAC-2025-0567,democli00026,2025-12-14,0,demoprd00027,PRD-LOG-01,Logiciels,Licence antivirus (poste),30.000,85.000,85.000,1.0000,0.00,19.00,19.00,false,2550.000
demolfa01428,demofac00710,FAC-2025-0567,democli00026,2025-12-14,1,demoprd00036,PRD-AGR-01,Agroalimentaire,Huile d'olive extra (bidon 5L),29.000,68.000,68.000,1.0000,12.00,13.00,13.00,false,1735.360
demolfa01429,demofac00710,FAC-2025-0567,democli00026,2025-12-14,2,demoprd00037,PRD-AGR-02,Agroalimentaire,Dattes Deglet Nour (carton),168.000,42.000,42.000,1.0000,12.00,13.00,13.00,false,6209.280
demolfa01342,demofac00711,FAC-2025-0568,democli00048,2025-12-17,0,demoprd00030,PRD-FOU-01,Fournitures,Ramette papier A4,47.000,14.500,14.500,1.0000,0.00,19.00,19.00,false,681.500
demolfa01343,demofac00711,FAC-2025-0568,democli00048,2025-12-17,1,demoprd00033,PRD-FOU-04,Fournitures,Mobilier de bureau (poste),5.000,1250.000,1250.000,1.0000,0.00,19.00,19.00,false,6250.000
demolfa01391,demofac00712,FAC-2025-0569,democli00058,2025-12-17,0,demoprd00019,SRV-TRA-01,Logistique,Transport de marchandises,3.000,210.000,210.000,1.0000,0.00,7.00,7.00,false,630.000
demolfa01412,demofac00713,FAC-2025-0570,democli00025,2025-12-18,0,demoprd00014,SRV-FOR-02,Formation,Formation cybersecurite,1.000,1800.000,1800.000,1.0000,0.00,19.00,19.00,false,1800.000
demolfa01344,demofac00714,FAC-2025-0571,democli00055,2025-12-19,0,demoprd00029,PRD-LOG-03,Logiciels,Logiciel de gestion commerciale,1.000,2900.000,2900.000,1.0000,0.00,19.00,19.00,false,2900.000
demolfa01345,demofac00714,FAC-2025-0571,democli00055,2025-12-19,1,demoprd00015,SRV-FOR-03,Formation,Formation comptabilite,2.000,650.000,650.000,1.0000,0.00,19.00,19.00,false,1300.000
demolfa01346,demofac00714,FAC-2025-0571,democli00055,2025-12-19,2,demoprd00028,PRD-LOG-02,Logiciels,Licence suite bureautique,28.000,320.000,320.000,1.0000,0.00,19.00,19.00,false,8960.000
demolfa01392,demofac00715,FAC-2025-0572,democli00050,2025-12-19,0,demoprd00038,PRD-BAT-01,Batiment,Ciment (tonne),9.000,310.000,310.000,1.0000,0.00,19.00,19.00,false,2790.000
demolfa01393,demofac00715,FAC-2025-0572,democli00050,2025-12-19,1,demoprd00009,SRV-MNT-01,Maintenance,Maintenance mensuelle,2.000,380.000,380.000,1.0000,0.00,19.00,19.00,false,760.000
demolfa01349,demofac00716,FAC-2025-0573,democli00026,2025-12-20,0,demoprd00027,PRD-LOG-01,Logiciels,Licence antivirus (poste),34.000,85.000,85.000,1.0000,0.00,19.00,19.00,false,2890.000
demolfa01350,demofac00716,FAC-2025-0573,democli00026,2025-12-20,1,demoprd00029,PRD-LOG-03,Logiciels,Logiciel de gestion commerciale,1.000,2900.000,2900.000,1.0000,0.00,19.00,19.00,false,2900.000
demolfa01401,demofac00717,FAC-2025-0574,democli00019,2025-12-20,0,demoprd00040,PRD-BAT-03,Batiment,Peinture murale (pot 20L),80.000,145.000,145.000,1.0000,0.00,19.00,19.00,false,11600.000
demolfa01402,demofac00717,FAC-2025-0574,democli00019,2025-12-20,1,demoprd00034,PRD-MED-01,Medical,Kit de premiers secours,23.000,75.000,75.000,1.0000,0.00,7.00,7.00,false,1725.000
demolfa01403,demofac00717,FAC-2025-0574,democli00019,2025-12-20,2,demoprd00038,PRD-BAT-01,Batiment,Ciment (tonne),60.000,310.000,310.000,1.0000,0.00,19.00,19.00,false,18600.000
demolfa01404,demofac00718,FAC-2025-0575,democli00042,2025-12-20,0,demoprd00025,PRD-INF-05,Informatique,Onduleur 1500VA,1.000,460.000,460.000,1.0000,0.00,19.00,19.00,false,460.000
demolfa01420,demofac00719,FAC-2025-0576,democli00012,2025-12-20,0,demoprd00014,SRV-FOR-02,Formation,Formation cybersecurite,1.000,1800.000,1800.000,1.0000,0.00,19.00,19.00,false,1800.000
demolfa01421,demofac00719,FAC-2025-0576,democli00012,2025-12-20,1,demoprd00015,SRV-FOR-03,Formation,Formation comptabilite,2.000,650.000,650.000,1.0000,0.00,19.00,19.00,false,1300.000
demolfa01366,demofac00720,FAC-2025-0577,democli00002,2025-12-21,0,demoprd00033,PRD-FOU-04,Fournitures,Mobilier de bureau (poste),12.000,1250.000,1250.000,1.0000,15.00,19.00,19.00,false,12750.000
demolfa01367,demofac00720,FAC-2025-0577,democli00002,2025-12-21,1,demoprd00010,SRV-MNT-02,Maintenance,Intervention sur site,4.000,150.000,150.000,1.0000,0.00,19.00,19.00,false,600.000
demolfa01431,demofac00721,FAC-2025-0578,democli00002,2025-12-21,0,demoprd00030,PRD-FOU-01,Fournitures,Ramette papier A4,60.000,14.500,14.500,1.0000,0.00,19.00,19.00,false,870.000
demolfa01432,demofac00721,FAC-2025-0578,democli00002,2025-12-21,1,demoprd00019,SRV-TRA-01,Logistique,Transport de marchandises,5.000,210.000,210.000,1.0000,0.00,7.00,7.00,false,1050.000
demolfa01334,demofac00722,FAC-2025-0579,democli00012,2025-12-23,0,demoprd00015,SRV-FOR-03,Formation,Formation comptabilite,2.000,650.000,650.000,1.0000,0.00,19.00,19.00,false,1300.000
demolfa01335,demofac00722,FAC-2025-0579,democli00012,2025-12-23,1,demoprd00030,PRD-FOU-01,Fournitures,Ramette papier A4,122.000,14.500,14.500,1.0000,15.00,19.00,19.00,false,1503.650
demolfa01360,demofac00723,FAC-2025-0580,democli00051,2025-12-23,0,demoprd00003,SRV-CONS-03,Conseil,Accompagnement fiscal (heure),12.000,120.000,120.000,1.0000,0.00,19.00,19.00,false,1440.000
demolfa01361,demofac00723,FAC-2025-0580,democli00051,2025-12-23,1,demoprd00005,SRV-DEV-01,Developpement,Developpement web (jour),17.000,450.000,450.000,1.0000,0.00,19.00,19.00,false,7650.000
demolfa01378,demofac00724,FAC-2025-0581,democli00047,2025-12-23,0,demoprd00011,SRV-MNT-03,Maintenance,Support premium (annuel),1.000,3600.000,3600.000,1.0000,0.00,19.00,19.00,false,3600.000
demolfa01436,demofac00725,FAC-2025-0582,democli00059,2025-12-23,0,demoprd00006,SRV-DEV-02,Developpement,Application mobile (forfait),1.000,12000.000,12000.000,1.0000,0.00,19.00,19.00,false,12000.000
demolfa01437,demofac00725,FAC-2025-0582,democli00059,2025-12-23,1,demoprd00035,PRD-MED-02,Medical,Gants nitrile (boite),63.000,18.000,18.000,1.0000,0.00,7.00,7.00,false,1134.000
demolfa01438,demofac00725,FAC-2025-0582,democli00059,2025-12-23,2,demoprd00037,PRD-AGR-02,Agroalimentaire,Dattes Deglet Nour (carton),75.000,42.000,42.000,1.0000,5.00,13.00,13.00,false,2992.500
demolfa01411,demofac00726,FAC-2025-0583,democli00019,2025-12-24,0,demoprd00039,PRD-BAT-02,Batiment,Carrelage (m2),800.000,38.000,38.000,1.0000,0.00,19.00,19.00,false,30400.000
demolfa01353,demofac00727,FAC-2025-0584,democli00048,2025-12-25,0,demoprd00032,PRD-FOU-03,Fournitures,Classeur archive,158.000,6.800,6.800,1.0000,0.00,19.00,19.00,false,1074.400
demolfa01430,demofac00728,FAC-2025-0585,democli00026,2025-12-26,0,demoprd00036,PRD-AGR-01,Agroalimentaire,Huile d'olive extra (bidon 5L),121.000,68.000,68.000,1.0000,0.00,13.00,13.00,false,8228.000
demolfa01331,demofac00729,FAC-2025-0586,democli00054,2025-12-27,0,demoprd00032,PRD-FOU-03,Fournitures,Classeur archive,200.000,6.800,6.800,1.0000,9.00,19.00,19.00,false,1237.600
demolfa01332,demofac00729,FAC-2025-0586,democli00054,2025-12-27,1,demoprd00020,SRV-TRA-02,Logistique,Stockage entrepot (m2/mois),257.000,12.000,12.000,1.0000,0.00,19.00,19.00,false,3084.000
demolfa01333,demofac00729,FAC-2025-0586,democli00054,2025-12-27,2,demoprd00033,PRD-FOU-04,Fournitures,Mobilier de bureau (poste),15.000,1250.000,1250.000,1.0000,0.00,19.00,19.00,false,18750.000
demolfa01354,demofac00730,FAC-2025-0587,democli00055,2025-12-27,0,demoprd00028,PRD-LOG-02,Logiciels,Licence suite bureautique,43.000,320.000,320.000,1.0000,0.00,19.00,19.00,false,13760.000
demolfa01355,demofac00730,FAC-2025-0587,democli00055,2025-12-27,1,demoprd00027,PRD-LOG-01,Logiciels,Licence antivirus (poste),76.000,85.000,85.000,1.0000,0.00,19.00,19.00,false,6460.000
demolfa01377,demofac00731,FAC-2025-0588,democli00037,2025-12-27,0,demoprd00021,PRD-INF-01,Informatique,Ordinateur portable pro,3.000,2350.000,2350.000,1.0000,0.00,19.00,19.00,false,7050.000
demolfa01386,demofac00732,FAC-2025-0589,democli00024,2025-12-27,0,demoprd00001,SRV-CONS-01,Conseil,Conseil strategique (jour),1.000,850.000,850.000,1.0000,0.00,19.00,19.00,false,850.000
demolfa01387,demofac00732,FAC-2025-0589,democli00024,2025-12-27,1,demoprd00033,PRD-FOU-04,Fournitures,Mobilier de bureau (poste),2.000,1250.000,1250.000,1.0000,0.00,19.00,19.00,false,2500.000
demolfa01388,demofac00732,FAC-2025-0589,democli00024,2025-12-27,2,demoprd00005,SRV-DEV-01,Developpement,Developpement web (jour),2.000,450.000,450.000,1.0000,0.00,19.00,19.00,false,900.000
demolfa01442,demofac00733,FAC-2025-0590,democli00026,2025-12-27,0,demoprd00029,PRD-LOG-03,Logiciels,Logiciel de gestion commerciale,1.000,2900.000,2900.000,1.0000,0.00,19.00,19.00,false,2900.000
demolfa01443,demofac00733,FAC-2025-0590,democli00026,2025-12-27,1,demoprd00027,PRD-LOG-01,Logiciels,Licence antivirus (poste),8.000,85.000,85.000,1.0000,0.00,19.00,19.00,false,680.000
demolfa01444,demofac00733,FAC-2025-0590,democli00026,2025-12-27,2,demoprd00036,PRD-AGR-01,Agroalimentaire,Huile d'olive extra (bidon 5L),76.000,68.000,68.000,1.0000,0.00,13.00,13.00,false,5168.000
demolfa01358,demofac00734,FAC-2025-0591,democli00039,2025-12-29,0,demoprd00027,PRD-LOG-01,Logiciels,Licence antivirus (poste),76.000,85.000,85.000,1.0000,0.00,19.00,19.00,false,6460.000
demolfa01359,demofac00734,FAC-2025-0591,democli00039,2025-12-29,1,demoprd00037,PRD-AGR-02,Agroalimentaire,Dattes Deglet Nour (carton),227.000,42.000,42.000,1.0000,0.00,13.00,13.00,false,9534.000
demolfa01415,demofac00735,FAC-2025-0592,democli00019,2025-12-30,0,demoprd00040,PRD-BAT-03,Batiment,Peinture murale (pot 20L),75.000,145.000,145.000,1.0000,0.00,19.00,19.00,false,10875.000
demolfa01416,demofac00735,FAC-2025-0592,democli00019,2025-12-30,1,demoprd00032,PRD-FOU-03,Fournitures,Classeur archive,93.000,6.800,6.800,1.0000,0.00,19.00,19.00,false,632.400
demolfa01417,demofac00735,FAC-2025-0592,democli00019,2025-12-30,2,demoprd00002,SRV-CONS-02,Conseil,Audit organisationnel,1.000,3200.000,3200.000,1.0000,0.00,19.00,19.00,false,3200.000
demolfa01336,demofac00736,FAC-2025-0593,democli00041,2025-12-31,0,demoprd00002,SRV-CONS-02,Conseil,Audit organisationnel,1.000,3200.000,3200.000,1.0000,0.00,19.00,19.00,false,3200.000
demolfa01337,demofac00736,FAC-2025-0593,democli00041,2025-12-31,1,demoprd00037,PRD-AGR-02,Agroalimentaire,Dattes Deglet Nour (carton),500.000,42.000,42.000,1.0000,0.00,13.00,13.00,false,21000.000
demolfa01445,demofac00737,FAC-2025-0594,democli00030,2025-12-31,0,demoprd00005,SRV-DEV-01,Developpement,Developpement web (jour),12.000,450.000,450.000,1.0000,0.00,19.00,19.00,false,5400.000
demolfa01467,demofac00738,FAC-2026-0001,democli00029,2026-01-01,0,demoprd00033,PRD-FOU-04,Fournitures,Mobilier de bureau (poste),15.000,1250.000,1250.000,1.0000,0.00,19.00,19.00,false,18750.000
demolfa01468,demofac00738,FAC-2026-0001,democli00029,2026-01-01,1,demoprd00017,SRV-HEB-02,Hebergement,Nom de domaine .tn,4.000,45.000,45.000,1.0000,0.00,19.00,19.00,false,180.000
demolfa01469,demofac00738,FAC-2026-0001,democli00029,2026-01-01,2,demoprd00016,SRV-HEB-01,Hebergement,Hebergement web (annuel),3.000,540.000,540.000,1.0000,0.00,19.00,19.00,false,1620.000
demolfa01470,demofac00738,FAC-2026-0001,democli00029,2026-01-01,3,demoprd00008,SRV-DEV-04,Developpement,Site vitrine,1.000,2400.000,2400.000,1.0000,0.00,19.00,19.00,false,2400.000
demolfa01487,demofac00739,FAC-2026-0002,democli00052,2026-01-01,0,demoprd00020,SRV-TRA-02,Logistique,Stockage entrepot (m2/mois),148.000,12.000,12.000,1.0000,0.00,19.00,19.00,false,1776.000
demolfa01488,demofac00739,FAC-2026-0002,democli00052,2026-01-01,1,demoprd00011,SRV-MNT-03,Maintenance,Support premium (annuel),1.000,3600.000,3600.000,1.0000,0.00,19.00,19.00,false,3600.000
demolfa01548,demofac00740,FAC-2026-0003,democli00033,2026-01-01,0,demoprd00028,PRD-LOG-02,Logiciels,Licence suite bureautique,18.000,320.000,320.000,1.0000,0.00,19.00,19.00,false,5760.000
demolfa01452,demofac00741,FAC-2026-0004,democli00024,2026-01-02,0,demoprd00027,PRD-LOG-01,Logiciels,Licence antivirus (poste),11.000,85.000,85.000,1.0000,0.00,19.00,19.00,false,935.000
demolfa01453,demofac00741,FAC-2026-0004,democli00024,2026-01-02,1,demoprd00029,PRD-LOG-03,Logiciels,Logiciel de gestion commerciale,1.000,2900.000,2900.000,1.0000,0.00,19.00,19.00,false,2900.000
demolfa01454,demofac00741,FAC-2026-0004,democli00024,2026-01-02,2,demoprd00028,PRD-LOG-02,Logiciels,Licence suite bureautique,4.000,320.000,320.000,1.0000,0.00,19.00,19.00,false,1280.000
demolfa01459,demofac00742,FAC-2026-0005,democli00026,2026-01-02,0,demoprd00037,PRD-AGR-02,Agroalimentaire,Dattes Deglet Nour (carton),55.000,42.000,42.000,1.0000,11.00,13.00,13.00,false,2055.900
demolfa01531,demofac00743,FAC-2026-0006,democli00037,2026-01-02,0,demoprd00013,SRV-FOR-01,Formation,Formation bureautique (jour),2.000,420.000,420.000,1.0000,6.00,19.00,19.00,false,789.600
demolfa01532,demofac00743,FAC-2026-0006,democli00037,2026-01-02,1,demoprd00038,PRD-BAT-01,Batiment,Ciment (tonne),37.000,310.000,310.000,1.0000,0.00,19.00,19.00,false,11470.000
demolfa01527,demofac00744,FAC-2026-0007,democli00059,2026-01-04,0,demoprd00037,PRD-AGR-02,Agroalimentaire,Dattes Deglet Nour (carton),59.000,42.000,42.000,1.0000,0.00,13.00,13.00,false,2478.000
demolfa01528,demofac00744,FAC-2026-0007,democli00059,2026-01-04,1,demoprd00018,SRV-HEB-03,Hebergement,Serveur dedie (mois),4.000,290.000,290.000,1.0000,0.00,19.00,19.00,false,1160.000
demolfa01474,demofac00745,FAC-2026-0008,democli00048,2026-01-05,0,demoprd00031,PRD-FOU-02,Fournitures,Cartouche toner,13.000,165.000,165.000,1.0000,0.00,19.00,19.00,false,2145.000
demolfa01475,demofac00745,FAC-2026-0008,democli00048,2026-01-05,1,demoprd00033,PRD-FOU-04,Fournitures,Mobilier de bureau (poste),9.000,1250.000,1250.000,1.0000,0.00,19.00,19.00,false,11250.000
demolfa01476,demofac00745,FAC-2026-0008,democli00048,2026-01-05,2,demoprd00015,SRV-FOR-03,Formation,Formation comptabilite,1.000,650.000,650.000,1.0000,0.00,19.00,19.00,false,650.000
demolfa01508,demofac00746,FAC-2026-0009,democli00025,2026-01-05,0,demoprd00015,SRV-FOR-03,Formation,Formation comptabilite,2.000,650.000,650.000,1.0000,0.00,19.00,19.00,false,1300.000
demolfa01549,demofac00747,FAC-2026-0010,democli00006,2026-01-05,0,demoprd00026,PRD-INF-06,Informatique,Disque SSD 1To,13.000,310.000,310.000,1.0000,0.00,19.00,19.00,false,4030.000
demolfa01466,demofac00748,FAC-2026-0011,democli00032,2026-01-07,0,demoprd00014,SRV-FOR-02,Formation,Formation cybersecurite,2.000,1800.000,1800.000,1.0000,0.00,19.00,19.00,false,3600.000
demolfa01484,demofac00749,FAC-2026-0012,democli00048,2026-01-07,0,demoprd00030,PRD-FOU-01,Fournitures,Ramette papier A4,101.000,14.500,14.500,1.0000,0.00,19.00,19.00,false,1464.500
demolfa01485,demofac00749,FAC-2026-0012,democli00048,2026-01-07,1,demoprd00032,PRD-FOU-03,Fournitures,Classeur archive,143.000,6.800,6.800,1.0000,0.00,19.00,19.00,false,972.400
demolfa01486,demofac00749,FAC-2026-0012,democli00048,2026-01-07,2,demoprd00034,PRD-MED-01,Medical,Kit de premiers secours,3.000,75.000,75.000,1.0000,0.00,7.00,7.00,false,225.000
demolfa01495,demofac00750,FAC-2026-0013,democli00020,2026-01-07,0,demoprd00016,SRV-HEB-01,Hebergement,Hebergement web (annuel),1.000,540.000,540.000,1.0000,0.00,19.00,19.00,false,540.000
demolfa01496,demofac00750,FAC-2026-0013,democli00020,2026-01-07,1,demoprd00020,SRV-TRA-02,Logistique,Stockage entrepot (m2/mois),47.000,12.000,12.000,1.0000,0.00,19.00,19.00,false,564.000
demolfa01497,demofac00750,FAC-2026-0013,democli00020,2026-01-07,2,demoprd00033,PRD-FOU-04,Fournitures,Mobilier de bureau (poste),2.000,1250.000,1250.000,1.0000,0.00,19.00,19.00,false,2500.000
demolfa01498,demofac00750,FAC-2026-0013,democli00020,2026-01-07,3,demoprd00031,PRD-FOU-02,Fournitures,Cartouche toner,6.000,165.000,165.000,1.0000,0.00,19.00,19.00,false,990.000
demolfa01507,demofac00751,FAC-2026-0014,democli00019,2026-01-07,0,demoprd00038,PRD-BAT-01,Batiment,Ciment (tonne),25.000,310.000,310.000,1.0000,15.00,19.00,19.00,false,6587.500
demolfa01492,demofac00752,FAC-2026-0015,democli00053,2026-01-08,0,demoprd00012,SRV-MNT-04,Maintenance,Sauvegarde externalisee,4.000,95.000,95.000,1.0000,0.00,19.00,19.00,false,380.000
demolfa01493,demofac00752,FAC-2026-0015,democli00053,2026-01-08,1,demoprd00009,SRV-MNT-01,Maintenance,Maintenance mensuelle,1.000,380.000,380.000,1.0000,0.00,19.00,19.00,false,380.000
demolfa01494,demofac00752,FAC-2026-0015,democli00053,2026-01-08,2,demoprd00034,PRD-MED-01,Medical,Kit de premiers secours,6.000,75.000,75.000,1.0000,0.00,7.00,7.00,false,450.000
demolfa01530,demofac00753,FAC-2026-0016,democli00030,2026-01-09,0,demoprd00003,SRV-CONS-03,Conseil,Accompagnement fiscal (heure),5.000,120.000,120.000,1.0000,0.00,19.00,19.00,false,600.000
demolfa01450,demofac00754,FAC-2026-0017,democli00021,2026-01-11,0,demoprd00028,PRD-LOG-02,Logiciels,Licence suite bureautique,2.000,320.000,320.000,1.0000,0.00,19.00,19.00,false,640.000
demolfa01451,demofac00754,FAC-2026-0017,democli00021,2026-01-11,1,demoprd00013,SRV-FOR-01,Formation,Formation bureautique (jour),2.000,420.000,420.000,1.0000,0.00,19.00,19.00,false,840.000
demolfa01463,demofac00755,FAC-2026-0018,democli00056,2026-01-11,0,demoprd00040,PRD-BAT-03,Batiment,Peinture murale (pot 20L),31.000,145.000,145.000,1.0000,0.00,19.00,19.00,false,4495.000
demolfa01503,demofac00756,FAC-2026-0019,democli00052,2026-01-11,0,demoprd00020,SRV-TRA-02,Logistique,Stockage entrepot (m2/mois),81.000,12.000,12.000,1.0000,0.00,19.00,19.00,false,972.000
demolfa01513,demofac00757,FAC-2026-0020,democli00029,2026-01-11,0,demoprd00016,SRV-HEB-01,Hebergement,Hebergement web (annuel),3.000,540.000,540.000,1.0000,0.00,19.00,19.00,false,1620.000
demolfa01533,demofac00758,FAC-2026-0021,democli00032,2026-01-11,0,demoprd00010,SRV-MNT-02,Maintenance,Intervention sur site,2.000,150.000,150.000,1.0000,5.00,19.00,19.00,false,285.000
demolfa01534,demofac00758,FAC-2026-0021,democli00032,2026-01-11,1,demoprd00012,SRV-MNT-04,Maintenance,Sauvegarde externalisee,12.000,95.000,95.000,1.0000,0.00,19.00,19.00,false,1140.000
demolfa01542,demofac00759,FAC-2026-0022,democli00057,2026-01-13,0,demoprd00006,SRV-DEV-02,Developpement,Application mobile (forfait),1.000,12000.000,12000.000,1.0000,0.00,19.00,19.00,false,12000.000
demolfa01543,demofac00759,FAC-2026-0022,democli00057,2026-01-13,1,demoprd00025,PRD-INF-05,Informatique,Onduleur 1500VA,3.000,460.000,460.000,1.0000,0.00,19.00,19.00,false,1380.000
demolfa01544,demofac00759,FAC-2026-0022,democli00057,2026-01-13,2,demoprd00005,SRV-DEV-01,Developpement,Developpement web (jour),13.000,450.000,450.000,1.0000,0.00,19.00,19.00,false,5850.000
demolfa01499,demofac00760,FAC-2026-0023,democli00038,2026-01-14,0,demoprd00013,SRV-FOR-01,Formation,Formation bureautique (jour),3.000,420.000,420.000,1.0000,0.00,19.00,19.00,false,1260.000
demolfa01500,demofac00760,FAC-2026-0023,democli00038,2026-01-14,1,demoprd00015,SRV-FOR-03,Formation,Formation comptabilite,2.000,650.000,650.000,1.0000,0.00,19.00,19.00,false,1300.000
demolfa01455,demofac00761,FAC-2026-0024,democli00030,2026-01-15,0,demoprd00001,SRV-CONS-01,Conseil,Conseil strategique (jour),8.000,850.000,850.000,1.0000,0.00,19.00,19.00,false,6800.000
demolfa01456,demofac00761,FAC-2026-0024,democli00030,2026-01-15,1,demoprd00020,SRV-TRA-02,Logistique,Stockage entrepot (m2/mois),184.000,12.000,12.000,1.0000,0.00,19.00,19.00,false,2208.000
demolfa01504,demofac00762,FAC-2026-0025,democli00055,2026-01-15,0,demoprd00022,PRD-INF-02,Informatique,Ecran 27 pouces,10.000,690.000,690.000,1.0000,0.00,19.00,19.00,false,6900.000
demolfa01505,demofac00762,FAC-2026-0025,democli00055,2026-01-15,1,demoprd00028,PRD-LOG-02,Logiciels,Licence suite bureautique,5.000,320.000,320.000,1.0000,0.00,19.00,19.00,false,1600.000
demolfa01506,demofac00762,FAC-2026-0025,democli00055,2026-01-15,2,demoprd00029,PRD-LOG-03,Logiciels,Logiciel de gestion commerciale,1.000,2900.000,2900.000,1.0000,0.00,19.00,19.00,false,2900.000
demolfa01473,demofac00763,FAC-2026-0026,democli00025,2026-01-16,0,demoprd00038,PRD-BAT-01,Batiment,Ciment (tonne),9.000,310.000,310.000,1.0000,0.00,19.00,19.00,false,2790.000
demolfa01478,demofac00764,FAC-2026-0027,democli00018,2026-01-16,0,demoprd00023,PRD-INF-03,Informatique,Imprimante laser,1.000,980.000,980.000,1.0000,8.00,19.00,19.00,false,901.600
demolfa01479,demofac00764,FAC-2026-0027,democli00018,2026-01-16,1,demoprd00020,SRV-TRA-02,Logistique,Stockage entrepot (m2/mois),153.000,12.000,12.000,1.0000,0.00,19.00,19.00,false,1836.000
demolfa01480,demofac00764,FAC-2026-0027,democli00018,2026-01-16,2,demoprd00010,SRV-MNT-02,Maintenance,Intervention sur site,2.000,150.000,150.000,1.0000,0.00,19.00,19.00,false,300.000
demolfa01524,demofac00765,FAC-2026-0028,democli00031,2026-01-17,0,demoprd00004,SRV-CONS-04,Conseil,Etude de marche,1.000,4500.000,4500.000,1.0000,0.00,19.00,19.00,false,4500.000
demolfa01525,demofac00765,FAC-2026-0028,democli00031,2026-01-17,1,demoprd00001,SRV-CONS-01,Conseil,Conseil strategique (jour),4.000,850.000,850.000,1.0000,0.00,19.00,19.00,false,3400.000
demolfa01526,demofac00765,FAC-2026-0028,democli00031,2026-01-17,2,demoprd00035,PRD-MED-02,Medical,Gants nitrile (boite),95.000,18.000,18.000,1.0000,0.00,7.00,7.00,false,1710.000
demolfa01539,demofac00766,FAC-2026-0029,democli00048,2026-01-17,0,demoprd00033,PRD-FOU-04,Fournitures,Mobilier de bureau (poste),6.000,1250.000,1250.000,1.0000,0.00,19.00,19.00,false,7500.000
demolfa01540,demofac00766,FAC-2026-0029,democli00048,2026-01-17,1,demoprd00031,PRD-FOU-02,Fournitures,Cartouche toner,13.000,165.000,165.000,1.0000,0.00,19.00,19.00,false,2145.000
demolfa01541,demofac00766,FAC-2026-0029,democli00048,2026-01-17,2,demoprd00030,PRD-FOU-01,Fournitures,Ramette papier A4,102.000,14.500,14.500,1.0000,0.00,19.00,19.00,false,1479.000
demolfa01529,demofac00767,FAC-2026-0030,democli00025,2026-01-18,0,demoprd00014,SRV-FOR-02,Formation,Formation cybersecurite,1.000,1800.000,1800.000,1.0000,0.00,19.00,19.00,false,1800.000
demolfa01519,demofac00768,FAC-2026-0031,democli00012,2026-01-19,0,demoprd00014,SRV-FOR-02,Formation,Formation cybersecurite,2.000,1800.000,1800.000,1.0000,7.00,19.00,19.00,false,3348.000
demolfa01520,demofac00768,FAC-2026-0031,democli00012,2026-01-19,1,demoprd00015,SRV-FOR-03,Formation,Formation comptabilite,3.000,650.000,650.000,1.0000,0.00,19.00,19.00,false,1950.000
demolfa01457,demofac00769,FAC-2026-0032,democli00055,2026-01-20,0,demoprd00028,PRD-LOG-02,Logiciels,Licence suite bureautique,20.000,320.000,320.000,1.0000,0.00,19.00,19.00,false,6400.000
demolfa01458,demofac00769,FAC-2026-0032,democli00055,2026-01-20,1,demoprd00025,PRD-INF-05,Informatique,Onduleur 1500VA,4.000,460.000,460.000,1.0000,0.00,19.00,19.00,false,1840.000
demolfa01516,demofac00770,FAC-2026-0033,democli00030,2026-01-20,0,demoprd00003,SRV-CONS-03,Conseil,Accompagnement fiscal (heure),20.000,120.000,120.000,1.0000,0.00,19.00,19.00,false,2400.000
demolfa01517,demofac00770,FAC-2026-0033,democli00030,2026-01-20,1,demoprd00004,SRV-CONS-04,Conseil,Etude de marche,1.000,4500.000,4500.000,1.0000,0.00,19.00,19.00,false,4500.000
demolfa01535,demofac00771,FAC-2026-0034,democli00050,2026-01-20,0,demoprd00021,PRD-INF-01,Informatique,Ordinateur portable pro,2.000,2350.000,2350.000,1.0000,0.00,19.00,19.00,false,4700.000
demolfa01446,demofac00772,FAC-2026-0035,democli00006,2026-01-25,0,demoprd00022,PRD-INF-02,Informatique,Ecran 27 pouces,3.000,690.000,690.000,1.0000,0.00,19.00,19.00,false,2070.000
demolfa01447,demofac00772,FAC-2026-0035,democli00006,2026-01-25,1,demoprd00014,SRV-FOR-02,Formation,Formation cybersecurite,1.000,1800.000,1800.000,1.0000,0.00,19.00,19.00,false,1800.000
demolfa01448,demofac00772,FAC-2026-0035,democli00006,2026-01-25,2,demoprd00013,SRV-FOR-01,Formation,Formation bureautique (jour),1.000,420.000,420.000,1.0000,0.00,19.00,19.00,false,420.000
demolfa01471,demofac00774,FAC-2026-0037,democli00009,2026-01-25,0,demoprd00040,PRD-BAT-03,Batiment,Peinture murale (pot 20L),10.000,145.000,145.000,1.0000,0.00,19.00,19.00,false,1450.000
demolfa01545,demofac00775,FAC-2026-0038,democli00049,2026-01-27,0,demoprd00002,SRV-CONS-02,Conseil,Audit organisationnel,1.000,3200.000,3200.000,1.0000,0.00,19.00,19.00,false,3200.000
demolfa01546,demofac00775,FAC-2026-0038,democli00049,2026-01-27,1,demoprd00004,SRV-CONS-04,Conseil,Etude de marche,1.000,4500.000,4500.000,1.0000,0.00,19.00,19.00,false,4500.000
demolfa01547,demofac00775,FAC-2026-0038,democli00049,2026-01-27,2,demoprd00015,SRV-FOR-03,Formation,Formation comptabilite,1.000,650.000,650.000,1.0000,0.00,19.00,19.00,false,650.000
demolfa01550,demofac00776,FAC-2026-0039,democli00030,2026-01-27,0,demoprd00001,SRV-CONS-01,Conseil,Conseil strategique (jour),1.000,850.000,850.000,1.0000,0.00,19.00,19.00,false,850.000
demolfa01551,demofac00776,FAC-2026-0039,democli00030,2026-01-27,1,demoprd00004,SRV-CONS-04,Conseil,Etude de marche,1.000,4500.000,4500.000,1.0000,0.00,19.00,19.00,false,4500.000
demolfa01552,demofac00776,FAC-2026-0039,democli00030,2026-01-27,2,demoprd00008,SRV-DEV-04,Developpement,Site vitrine,1.000,2400.000,2400.000,1.0000,0.00,19.00,19.00,false,2400.000
demolfa01553,demofac00776,FAC-2026-0039,democli00030,2026-01-27,3,demoprd00005,SRV-DEV-01,Developpement,Developpement web (jour),16.000,450.000,450.000,1.0000,0.00,19.00,19.00,false,7200.000
demolfa01460,demofac00777,FAC-2026-0040,democli00008,2026-01-28,0,demoprd00040,PRD-BAT-03,Batiment,Peinture murale (pot 20L),52.000,145.000,145.000,1.0000,0.00,19.00,19.00,false,7540.000
demolfa01461,demofac00778,FAC-2026-0041,democli00051,2026-01-28,0,demoprd00006,SRV-DEV-02,Developpement,Application mobile (forfait),1.000,12000.000,12000.000,1.0000,0.00,19.00,19.00,false,12000.000
demolfa01462,demofac00778,FAC-2026-0041,democli00051,2026-01-28,1,demoprd00007,SRV-DEV-03,Developpement,Integration ERP (jour),15.000,600.000,600.000,1.0000,0.00,19.00,19.00,false,9000.000
demolfa01489,demofac00779,FAC-2026-0042,democli00019,2026-01-28,0,demoprd00038,PRD-BAT-01,Batiment,Ciment (tonne),60.000,310.000,310.000,1.0000,0.00,19.00,19.00,false,18600.000
demolfa01490,demofac00779,FAC-2026-0042,democli00019,2026-01-28,1,demoprd00002,SRV-CONS-02,Conseil,Audit organisationnel,1.000,3200.000,3200.000,1.0000,0.00,19.00,19.00,false,3200.000
demolfa01491,demofac00779,FAC-2026-0042,democli00019,2026-01-28,2,demoprd00039,PRD-BAT-02,Batiment,Carrelage (m2),593.000,38.000,38.000,1.0000,0.00,19.00,19.00,false,22534.000
demolfa01509,demofac00780,FAC-2026-0043,democli00051,2026-01-28,0,demoprd00014,SRV-FOR-02,Formation,Formation cybersecurite,2.000,1800.000,1800.000,1.0000,0.00,19.00,19.00,false,3600.000
demolfa01510,demofac00780,FAC-2026-0043,democli00051,2026-01-28,1,demoprd00029,PRD-LOG-03,Logiciels,Logiciel de gestion commerciale,2.000,2900.000,2900.000,1.0000,0.00,19.00,19.00,false,5800.000
demolfa01511,demofac00780,FAC-2026-0043,democli00051,2026-01-28,2,demoprd00003,SRV-CONS-03,Conseil,Accompagnement fiscal (heure),10.000,120.000,120.000,1.0000,0.00,19.00,19.00,false,1200.000
demolfa01512,demofac00780,FAC-2026-0043,democli00051,2026-01-28,3,demoprd00001,SRV-CONS-01,Conseil,Conseil strategique (jour),7.000,850.000,850.000,1.0000,0.00,19.00,19.00,false,5950.000
demolfa01481,demofac00782,FAC-2026-0045,democli00054,2026-01-29,0,demoprd00025,PRD-INF-05,Informatique,Onduleur 1500VA,4.000,460.000,460.000,1.0000,0.00,19.00,19.00,false,1840.000
demolfa01482,demofac00782,FAC-2026-0045,democli00054,2026-01-29,1,demoprd00033,PRD-FOU-04,Fournitures,Mobilier de bureau (poste),10.000,1250.000,1250.000,1.0000,0.00,19.00,19.00,false,12500.000
demolfa01483,demofac00782,FAC-2026-0045,democli00054,2026-01-29,2,demoprd00032,PRD-FOU-03,Fournitures,Classeur archive,224.000,6.800,6.800,1.0000,0.00,19.00,19.00,false,1523.200
demolfa01501,demofac00783,FAC-2026-0046,democli00055,2026-01-29,0,demoprd00001,SRV-CONS-01,Conseil,Conseil strategique (jour),2.000,850.000,850.000,1.0000,0.00,19.00,19.00,false,1700.000
demolfa01502,demofac00783,FAC-2026-0046,democli00055,2026-01-29,1,demoprd00002,SRV-CONS-02,Conseil,Audit organisationnel,1.000,3200.000,3200.000,1.0000,0.00,19.00,19.00,false,3200.000
demolfa01514,demofac00784,FAC-2026-0047,democli00006,2026-01-29,0,demoprd00034,PRD-MED-01,Medical,Kit de premiers secours,6.000,75.000,75.000,1.0000,0.00,7.00,7.00,false,450.000
demolfa01515,demofac00784,FAC-2026-0047,democli00006,2026-01-29,1,demoprd00014,SRV-FOR-02,Formation,Formation cybersecurite,2.000,1800.000,1800.000,1.0000,0.00,19.00,19.00,false,3600.000
demolfa01518,demofac00785,FAC-2026-0048,democli00024,2026-01-29,0,demoprd00027,PRD-LOG-01,Logiciels,Licence antivirus (poste),13.000,85.000,85.000,1.0000,0.00,19.00,19.00,false,1105.000
demolfa01521,demofac00786,FAC-2026-0049,democli00035,2026-01-29,0,demoprd00010,SRV-MNT-02,Maintenance,Intervention sur site,1.000,150.000,150.000,1.0000,0.00,19.00,19.00,false,150.000
demolfa01522,demofac00786,FAC-2026-0049,democli00035,2026-01-29,1,demoprd00034,PRD-MED-01,Medical,Kit de premiers secours,5.000,75.000,75.000,1.0000,0.00,7.00,7.00,false,375.000
demolfa01523,demofac00786,FAC-2026-0049,democli00035,2026-01-29,2,demoprd00039,PRD-BAT-02,Batiment,Carrelage (m2),154.000,38.000,38.000,1.0000,0.00,19.00,19.00,false,5852.000
demolfa01536,demofac00787,FAC-2026-0050,democli00011,2026-01-29,0,demoprd00007,SRV-DEV-03,Developpement,Integration ERP (jour),3.000,600.000,600.000,1.0000,0.00,19.00,19.00,false,1800.000
demolfa01537,demofac00787,FAC-2026-0050,democli00011,2026-01-29,1,demoprd00037,PRD-AGR-02,Agroalimentaire,Dattes Deglet Nour (carton),253.000,42.000,42.000,1.0000,0.00,13.00,13.00,false,10626.000
demolfa01538,demofac00787,FAC-2026-0050,democli00011,2026-01-29,2,demoprd00027,PRD-LOG-01,Logiciels,Licence antivirus (poste),62.000,85.000,85.000,1.0000,0.00,19.00,19.00,false,5270.000
demolfa01472,demofac00788,FAC-2026-0051,democli00019,2026-01-30,0,demoprd00039,PRD-BAT-02,Batiment,Carrelage (m2),800.000,38.000,38.000,1.0000,0.00,19.00,19.00,false,30400.000
demolfa01477,demofac00789,FAC-2026-0052,democli00013,2026-01-30,0,demoprd00003,SRV-CONS-03,Conseil,Accompagnement fiscal (heure),19.000,120.000,120.000,1.0000,14.00,19.00,19.00,false,1960.800
demolfa01593,demofac00790,FAC-2026-0053,democli00025,2026-02-01,0,demoprd00040,PRD-BAT-03,Batiment,Peinture murale (pot 20L),26.000,145.000,145.000,1.0000,0.00,19.00,19.00,false,3770.000
demolfa01635,demofac00791,FAC-2026-0054,democli00014,2026-02-01,0,demoprd00005,SRV-DEV-01,Developpement,Developpement web (jour),11.000,450.000,450.000,1.0000,0.00,19.00,19.00,false,4950.000
demolfa01636,demofac00791,FAC-2026-0054,democli00014,2026-02-01,1,demoprd00011,SRV-MNT-03,Maintenance,Support premium (annuel),1.000,3600.000,3600.000,1.0000,0.00,19.00,19.00,false,3600.000
demolfa01637,demofac00791,FAC-2026-0054,democli00014,2026-02-01,2,demoprd00008,SRV-DEV-04,Developpement,Site vitrine,1.000,2400.000,2400.000,1.0000,8.00,19.00,19.00,false,2208.000
demolfa01574,demofac00792,FAC-2026-0055,democli00042,2026-02-02,0,demoprd00026,PRD-INF-06,Informatique,Disque SSD 1To,4.000,310.000,310.000,1.0000,0.00,19.00,19.00,false,1240.000
demolfa01583,demofac00793,FAC-2026-0056,democli00057,2026-02-03,0,demoprd00024,PRD-INF-04,Informatique,Routeur professionnel,3.000,540.000,540.000,1.0000,0.00,19.00,19.00,false,1620.000
demolfa01584,demofac00793,FAC-2026-0056,democli00057,2026-02-03,1,demoprd00025,PRD-INF-05,Informatique,Onduleur 1500VA,3.000,460.000,460.000,1.0000,0.00,19.00,19.00,false,1380.000
demolfa01564,demofac00794,FAC-2026-0057,democli00031,2026-02-04,0,demoprd00004,SRV-CONS-04,Conseil,Etude de marche,1.000,4500.000,4500.000,1.0000,0.00,19.00,19.00,false,4500.000
demolfa01565,demofac00794,FAC-2026-0057,democli00031,2026-02-04,1,demoprd00034,PRD-MED-01,Medical,Kit de premiers secours,17.000,75.000,75.000,1.0000,0.00,7.00,7.00,false,1275.000
demolfa01566,demofac00794,FAC-2026-0057,democli00031,2026-02-04,2,demoprd00002,SRV-CONS-02,Conseil,Audit organisationnel,1.000,3200.000,3200.000,1.0000,0.00,19.00,19.00,false,3200.000
demolfa01617,demofac00795,FAC-2026-0058,democli00037,2026-02-04,0,demoprd00003,SRV-CONS-03,Conseil,Accompagnement fiscal (heure),6.000,120.000,120.000,1.0000,0.00,19.00,19.00,false,720.000
demolfa01618,demofac00795,FAC-2026-0058,democli00037,2026-02-04,1,demoprd00034,PRD-MED-01,Medical,Kit de premiers secours,27.000,75.000,75.000,1.0000,0.00,7.00,7.00,false,2025.000
demolfa01575,demofac00796,FAC-2026-0059,democli00032,2026-02-05,0,demoprd00005,SRV-DEV-01,Developpement,Developpement web (jour),20.000,450.000,450.000,1.0000,0.00,19.00,19.00,false,9000.000
demolfa01576,demofac00796,FAC-2026-0059,democli00032,2026-02-05,1,demoprd00011,SRV-MNT-03,Maintenance,Support premium (annuel),1.000,3600.000,3600.000,1.0000,0.00,19.00,19.00,false,3600.000
demolfa01599,demofac00797,FAC-2026-0060,democli00030,2026-02-05,0,demoprd00003,SRV-CONS-03,Conseil,Accompagnement fiscal (heure),20.000,120.000,120.000,1.0000,0.00,19.00,19.00,false,2400.000
demolfa01600,demofac00797,FAC-2026-0060,democli00030,2026-02-05,1,demoprd00002,SRV-CONS-02,Conseil,Audit organisationnel,1.000,3200.000,3200.000,1.0000,0.00,19.00,19.00,false,3200.000
demolfa01627,demofac00798,FAC-2026-0061,democli00030,2026-02-05,0,demoprd00004,SRV-CONS-04,Conseil,Etude de marche,1.000,4500.000,4500.000,1.0000,0.00,19.00,19.00,false,4500.000
demolfa01628,demofac00798,FAC-2026-0061,democli00030,2026-02-05,1,demoprd00007,SRV-DEV-03,Developpement,Integration ERP (jour),13.000,600.000,600.000,1.0000,0.00,19.00,19.00,false,7800.000
demolfa01629,demofac00798,FAC-2026-0061,democli00030,2026-02-05,2,demoprd00002,SRV-CONS-02,Conseil,Audit organisationnel,1.000,3200.000,3200.000,1.0000,0.00,19.00,19.00,false,3200.000
demolfa01632,demofac00799,FAC-2026-0062,democli00028,2026-02-05,0,demoprd00026,PRD-INF-06,Informatique,Disque SSD 1To,3.000,310.000,310.000,1.0000,0.00,19.00,19.00,false,930.000
demolfa01633,demofac00799,FAC-2026-0062,democli00028,2026-02-05,1,demoprd00017,SRV-HEB-02,Hebergement,Nom de domaine .tn,2.000,45.000,45.000,1.0000,0.00,19.00,19.00,false,90.000
demolfa01634,demofac00800,FAC-2026-0063,democli00001,2026-02-06,0,demoprd00040,PRD-BAT-03,Batiment,Peinture murale (pot 20L),55.000,145.000,145.000,1.0000,0.00,19.00,19.00,false,7975.000
demolfa01646,demofac00801,FAC-2026-0064,democli00047,2026-02-06,0,demoprd00011,SRV-MNT-03,Maintenance,Support premium (annuel),1.000,3600.000,3600.000,1.0000,0.00,19.00,19.00,false,3600.000
demolfa01655,demofac00803,FAC-2026-0066,democli00045,2026-02-07,0,demoprd00011,SRV-MNT-03,Maintenance,Support premium (annuel),1.000,3600.000,3600.000,1.0000,0.00,19.00,19.00,false,3600.000
demolfa01613,demofac00804,FAC-2026-0067,democli00025,2026-02-08,0,demoprd00018,SRV-HEB-03,Hebergement,Serveur dedie (mois),2.000,290.000,290.000,1.0000,0.00,19.00,19.00,false,580.000
demolfa01614,demofac00804,FAC-2026-0067,democli00025,2026-02-08,1,demoprd00013,SRV-FOR-01,Formation,Formation bureautique (jour),1.000,420.000,420.000,1.0000,0.00,19.00,19.00,false,420.000
demolfa01615,demofac00805,FAC-2026-0068,democli00055,2026-02-08,0,demoprd00027,PRD-LOG-01,Logiciels,Licence antivirus (poste),55.000,85.000,85.000,1.0000,0.00,19.00,19.00,false,4675.000
demolfa01616,demofac00805,FAC-2026-0068,democli00055,2026-02-08,1,demoprd00002,SRV-CONS-02,Conseil,Audit organisationnel,1.000,3200.000,3200.000,1.0000,10.00,19.00,19.00,false,2880.000
demolfa01654,demofac00806,FAC-2026-0069,democli00030,2026-02-08,0,demoprd00008,SRV-DEV-04,Developpement,Site vitrine,1.000,2400.000,2400.000,1.0000,0.00,19.00,19.00,false,2400.000
demolfa01555,demofac00807,FAC-2026-0070,democli00042,2026-02-09,0,demoprd00025,PRD-INF-05,Informatique,Onduleur 1500VA,1.000,460.000,460.000,1.0000,0.00,19.00,19.00,false,460.000
demolfa01605,demofac00808,FAC-2026-0071,democli00016,2026-02-09,0,demoprd00034,PRD-MED-01,Medical,Kit de premiers secours,6.000,75.000,75.000,1.0000,0.00,7.00,7.00,false,450.000
demolfa01606,demofac00808,FAC-2026-0071,democli00016,2026-02-09,1,demoprd00030,PRD-FOU-01,Fournitures,Ramette papier A4,28.000,14.500,14.500,1.0000,0.00,19.00,19.00,false,406.000
demolfa01607,demofac00808,FAC-2026-0071,democli00016,2026-02-09,2,demoprd00020,SRV-TRA-02,Logistique,Stockage entrepot (m2/mois),43.000,12.000,12.000,1.0000,0.00,19.00,19.00,false,516.000
demolfa01619,demofac00809,FAC-2026-0072,democli00043,2026-02-09,0,demoprd00017,SRV-HEB-02,Hebergement,Nom de domaine .tn,3.000,45.000,45.000,1.0000,0.00,19.00,19.00,false,135.000
demolfa01620,demofac00809,FAC-2026-0072,democli00043,2026-02-09,1,demoprd00016,SRV-HEB-01,Hebergement,Hebergement web (annuel),2.000,540.000,540.000,1.0000,13.00,19.00,19.00,false,939.600
demolfa01621,demofac00809,FAC-2026-0072,democli00043,2026-02-09,2,demoprd00018,SRV-HEB-03,Hebergement,Serveur dedie (mois),7.000,290.000,290.000,1.0000,0.00,19.00,19.00,false,2030.000
demolfa01601,demofac00811,FAC-2026-0074,democli00026,2026-02-10,0,demoprd00029,PRD-LOG-03,Logiciels,Logiciel de gestion commerciale,1.000,2900.000,2900.000,1.0000,0.00,19.00,19.00,false,2900.000
demolfa01602,demofac00811,FAC-2026-0074,democli00026,2026-02-10,1,demoprd00028,PRD-LOG-02,Logiciels,Licence suite bureautique,3.000,320.000,320.000,1.0000,0.00,19.00,19.00,false,960.000
demolfa01603,demofac00811,FAC-2026-0074,democli00026,2026-02-10,2,demoprd00027,PRD-LOG-01,Logiciels,Licence antivirus (poste),9.000,85.000,85.000,1.0000,0.00,19.00,19.00,false,765.000
demolfa01560,demofac00812,FAC-2026-0075,democli00029,2026-02-11,0,demoprd00032,PRD-FOU-03,Fournitures,Classeur archive,106.000,6.800,6.800,1.0000,0.00,19.00,19.00,false,720.800
demolfa01567,demofac00813,FAC-2026-0076,democli00041,2026-02-11,0,demoprd00004,SRV-CONS-04,Conseil,Etude de marche,1.000,4500.000,4500.000,1.0000,0.00,19.00,19.00,false,4500.000
demolfa01622,demofac00814,FAC-2026-0077,democli00011,2026-02-11,0,demoprd00031,PRD-FOU-02,Fournitures,Cartouche toner,20.000,165.000,165.000,1.0000,0.00,19.00,19.00,false,3300.000
demolfa01623,demofac00814,FAC-2026-0077,democli00011,2026-02-11,1,demoprd00006,SRV-DEV-02,Developpement,Application mobile (forfait),1.000,12000.000,12000.000,1.0000,0.00,19.00,19.00,false,12000.000
demolfa01582,demofac00815,FAC-2026-0078,democli00027,2026-02-12,0,demoprd00026,PRD-INF-06,Informatique,Disque SSD 1To,12.000,310.000,310.000,1.0000,0.00,19.00,19.00,false,3720.000
demolfa01597,demofac00816,FAC-2026-0079,democli00060,2026-02-13,0,demoprd00009,SRV-MNT-01,Maintenance,Maintenance mensuelle,1.000,380.000,380.000,1.0000,0.00,19.00,19.00,false,380.000
demolfa01598,demofac00816,FAC-2026-0079,democli00060,2026-02-13,1,demoprd00037,PRD-AGR-02,Agroalimentaire,Dattes Deglet Nour (carton),138.000,42.000,42.000,1.0000,0.00,13.00,13.00,false,5796.000
demolfa01604,demofac00817,FAC-2026-0080,democli00060,2026-02-13,0,demoprd00010,SRV-MNT-02,Maintenance,Intervention sur site,2.000,150.000,150.000,1.0000,0.00,19.00,19.00,false,300.000
demolfa01638,demofac00818,FAC-2026-0081,democli00011,2026-02-13,0,demoprd00012,SRV-MNT-04,Maintenance,Sauvegarde externalisee,9.000,95.000,95.000,1.0000,0.00,19.00,19.00,false,855.000
demolfa01639,demofac00818,FAC-2026-0081,democli00011,2026-02-13,1,demoprd00008,SRV-DEV-04,Developpement,Site vitrine,1.000,2400.000,2400.000,1.0000,8.00,19.00,19.00,false,2208.000
demolfa01640,demofac00818,FAC-2026-0081,democli00011,2026-02-13,2,demoprd00014,SRV-FOR-02,Formation,Formation cybersecurite,1.000,1800.000,1800.000,1.0000,0.00,19.00,19.00,false,1800.000
demolfa01641,demofac00818,FAC-2026-0081,democli00011,2026-02-13,3,demoprd00011,SRV-MNT-03,Maintenance,Support premium (annuel),1.000,3600.000,3600.000,1.0000,0.00,19.00,19.00,false,3600.000
demolfa01557,demofac00819,FAC-2026-0082,democli00042,2026-02-14,0,demoprd00026,PRD-INF-06,Informatique,Disque SSD 1To,5.000,310.000,310.000,1.0000,0.00,19.00,19.00,false,1550.000
demolfa01558,demofac00819,FAC-2026-0082,democli00042,2026-02-14,1,demoprd00023,PRD-INF-03,Informatique,Imprimante laser,1.000,980.000,980.000,1.0000,0.00,19.00,19.00,false,980.000
demolfa01559,demofac00819,FAC-2026-0082,democli00042,2026-02-14,2,demoprd00014,SRV-FOR-02,Formation,Formation cybersecurite,1.000,1800.000,1800.000,1.0000,0.00,19.00,19.00,false,1800.000
demolfa01571,demofac00820,FAC-2026-0083,democli00043,2026-02-15,0,demoprd00018,SRV-HEB-03,Hebergement,Serveur dedie (mois),2.000,290.000,290.000,1.0000,0.00,19.00,19.00,false,580.000
demolfa01572,demofac00820,FAC-2026-0083,democli00043,2026-02-15,1,demoprd00019,SRV-TRA-01,Logistique,Transport de marchandises,4.000,210.000,210.000,1.0000,0.00,7.00,7.00,false,840.000
demolfa01573,demofac00820,FAC-2026-0083,democli00043,2026-02-15,2,demoprd00020,SRV-TRA-02,Logistique,Stockage entrepot (m2/mois),149.000,12.000,12.000,1.0000,0.00,19.00,19.00,false,1788.000
demolfa01581,demofac00822,FAC-2026-0085,democli00012,2026-02-17,0,demoprd00013,SRV-FOR-01,Formation,Formation bureautique (jour),2.000,420.000,420.000,1.0000,0.00,19.00,19.00,false,840.000
demolfa01556,demofac00823,FAC-2026-0086,democli00032,2026-02-18,0,demoprd00012,SRV-MNT-04,Maintenance,Sauvegarde externalisee,4.000,95.000,95.000,1.0000,13.00,19.00,19.00,false,330.600
demolfa01624,demofac00824,FAC-2026-0087,democli00051,2026-02-19,0,demoprd00007,SRV-DEV-03,Developpement,Integration ERP (jour),13.000,600.000,600.000,1.0000,0.00,19.00,19.00,false,7800.000
demolfa01625,demofac00824,FAC-2026-0087,democli00051,2026-02-19,1,demoprd00002,SRV-CONS-02,Conseil,Audit organisationnel,1.000,3200.000,3200.000,1.0000,0.00,19.00,19.00,false,3200.000
demolfa01626,demofac00824,FAC-2026-0087,democli00051,2026-02-19,2,demoprd00006,SRV-DEV-02,Developpement,Application mobile (forfait),1.000,12000.000,12000.000,1.0000,0.00,19.00,19.00,false,12000.000
demolfa02380,demofac00825,FAC-2026-0088,democli00012,2026-02-19,0,demoprd00013,SRV-FOR-01,Formation,Formation bureautique (jour),2.000,420.000,420.000,1.0000,0.00,19.00,19.00,false,840.000
demolfa01587,demofac00826,FAC-2026-0089,democli00044,2026-02-20,0,demoprd00027,PRD-LOG-01,Logiciels,Licence antivirus (poste),37.000,85.000,85.000,1.0000,0.00,19.00,19.00,false,3145.000
demolfa01588,demofac00827,FAC-2026-0090,democli00005,2026-02-20,0,demoprd00006,SRV-DEV-02,Developpement,Application mobile (forfait),1.000,12000.000,12000.000,1.0000,0.00,19.00,19.00,false,12000.000
demolfa01589,demofac00827,FAC-2026-0090,democli00005,2026-02-20,1,demoprd00033,PRD-FOU-04,Fournitures,Mobilier de bureau (poste),13.000,1250.000,1250.000,1.0000,0.00,19.00,19.00,false,16250.000
demolfa01590,demofac00827,FAC-2026-0090,democli00005,2026-02-20,2,demoprd00031,PRD-FOU-02,Fournitures,Cartouche toner,30.000,165.000,165.000,1.0000,0.00,19.00,19.00,false,4950.000
demolfa01591,demofac00827,FAC-2026-0090,democli00005,2026-02-20,3,demoprd00008,SRV-DEV-04,Developpement,Site vitrine,1.000,2400.000,2400.000,1.0000,0.00,19.00,19.00,false,2400.000
demolfa01642,demofac00828,FAC-2026-0091,democli00014,2026-02-20,0,demoprd00030,PRD-FOU-01,Fournitures,Ramette papier A4,17.000,14.500,14.500,1.0000,0.00,19.00,19.00,false,246.500
demolfa01561,demofac00829,FAC-2026-0092,democli00040,2026-02-21,0,demoprd00015,SRV-FOR-03,Formation,Formation comptabilite,3.000,650.000,650.000,1.0000,0.00,19.00,19.00,false,1950.000
demolfa01562,demofac00829,FAC-2026-0092,democli00040,2026-02-21,1,demoprd00035,PRD-MED-02,Medical,Gants nitrile (boite),182.000,18.000,18.000,1.0000,0.00,7.00,7.00,false,3276.000
demolfa01563,demofac00829,FAC-2026-0092,democli00040,2026-02-21,2,demoprd00034,PRD-MED-01,Medical,Kit de premiers secours,16.000,75.000,75.000,1.0000,0.00,7.00,7.00,false,1200.000
demolfa01645,demofac00830,FAC-2026-0093,democli00018,2026-02-22,0,demoprd00020,SRV-TRA-02,Logistique,Stockage entrepot (m2/mois),256.000,12.000,12.000,1.0000,14.00,19.00,19.00,false,2641.920
demolfa01610,demofac00831,FAC-2026-0094,democli00026,2026-02-24,0,demoprd00029,PRD-LOG-03,Logiciels,Logiciel de gestion commerciale,2.000,2900.000,2900.000,1.0000,9.00,19.00,19.00,false,5278.000
demolfa01611,demofac00831,FAC-2026-0094,democli00026,2026-02-24,1,demoprd00037,PRD-AGR-02,Agroalimentaire,Dattes Deglet Nour (carton),84.000,42.000,42.000,1.0000,0.00,13.00,13.00,false,3528.000
demolfa01612,demofac00831,FAC-2026-0094,democli00026,2026-02-24,2,demoprd00028,PRD-LOG-02,Logiciels,Licence suite bureautique,24.000,320.000,320.000,1.0000,0.00,19.00,19.00,false,7680.000
demolfa01647,demofac00832,FAC-2026-0095,democli00038,2026-02-24,0,demoprd00013,SRV-FOR-01,Formation,Formation bureautique (jour),2.000,420.000,420.000,1.0000,0.00,19.00,19.00,false,840.000
demolfa01648,demofac00832,FAC-2026-0095,democli00038,2026-02-24,1,demoprd00015,SRV-FOR-03,Formation,Formation comptabilite,2.000,650.000,650.000,1.0000,0.00,19.00,19.00,false,1300.000
demolfa01554,demofac00833,FAC-2026-0096,democli00030,2026-02-25,0,demoprd00006,SRV-DEV-02,Developpement,Application mobile (forfait),1.000,12000.000,12000.000,1.0000,0.00,19.00,19.00,false,12000.000
demolfa01592,demofac00834,FAC-2026-0097,democli00031,2026-02-25,0,demoprd00034,PRD-MED-01,Medical,Kit de premiers secours,14.000,75.000,75.000,1.0000,0.00,7.00,7.00,false,1050.000
demolfa01594,demofac00835,FAC-2026-0098,democli00060,2026-02-26,0,demoprd00037,PRD-AGR-02,Agroalimentaire,Dattes Deglet Nour (carton),167.000,42.000,42.000,1.0000,12.00,13.00,13.00,false,6172.320
demolfa01595,demofac00835,FAC-2026-0098,democli00060,2026-02-26,1,demoprd00010,SRV-MNT-02,Maintenance,Intervention sur site,2.000,150.000,150.000,1.0000,5.00,19.00,19.00,false,285.000
demolfa01596,demofac00835,FAC-2026-0098,democli00060,2026-02-26,2,demoprd00036,PRD-AGR-01,Agroalimentaire,Huile d'olive extra (bidon 5L),98.000,68.000,68.000,1.0000,0.00,13.00,13.00,false,6664.000
demolfa01630,demofac00836,FAC-2026-0099,democli00058,2026-02-26,0,demoprd00039,PRD-BAT-02,Batiment,Carrelage (m2),537.000,38.000,38.000,1.0000,0.00,19.00,19.00,false,20406.000
demolfa01631,demofac00836,FAC-2026-0099,democli00058,2026-02-26,1,demoprd00034,PRD-MED-01,Medical,Kit de premiers secours,40.000,75.000,75.000,1.0000,0.00,7.00,7.00,false,3000.000
demolfa01608,demofac00837,FAC-2026-0100,democli00037,2026-02-27,0,demoprd00004,SRV-CONS-04,Conseil,Etude de marche,1.000,4500.000,4500.000,1.0000,0.00,19.00,19.00,false,4500.000
demolfa01609,demofac00837,FAC-2026-0100,democli00037,2026-02-27,1,demoprd00038,PRD-BAT-01,Batiment,Ciment (tonne),41.000,310.000,310.000,1.0000,0.00,19.00,19.00,false,12710.000
demolfa01649,demofac00838,FAC-2026-0101,democli00048,2026-02-27,0,demoprd00033,PRD-FOU-04,Fournitures,Mobilier de bureau (poste),7.000,1250.000,1250.000,1.0000,0.00,19.00,19.00,false,8750.000
demolfa01650,demofac00838,FAC-2026-0101,democli00048,2026-02-27,1,demoprd00036,PRD-AGR-01,Agroalimentaire,Huile d'olive extra (bidon 5L),25.000,68.000,68.000,1.0000,0.00,13.00,13.00,false,1700.000
demolfa01568,demofac00839,FAC-2026-0102,democli00029,2026-02-28,0,demoprd00016,SRV-HEB-01,Hebergement,Hebergement web (annuel),3.000,540.000,540.000,1.0000,0.00,19.00,19.00,false,1620.000
demolfa01569,demofac00839,FAC-2026-0102,democli00029,2026-02-28,1,demoprd00032,PRD-FOU-03,Fournitures,Classeur archive,128.000,6.800,6.800,1.0000,0.00,19.00,19.00,false,870.400
demolfa01570,demofac00839,FAC-2026-0102,democli00029,2026-02-28,2,demoprd00031,PRD-FOU-02,Fournitures,Cartouche toner,30.000,165.000,165.000,1.0000,0.00,19.00,19.00,false,4950.000
demolfa01585,demofac00840,FAC-2026-0103,democli00026,2026-02-28,0,demoprd00033,PRD-FOU-04,Fournitures,Mobilier de bureau (poste),5.000,1250.000,1250.000,1.0000,0.00,19.00,19.00,false,6250.000
demolfa01586,demofac00840,FAC-2026-0103,democli00026,2026-02-28,1,demoprd00037,PRD-AGR-02,Agroalimentaire,Dattes Deglet Nour (carton),98.000,42.000,42.000,1.0000,0.00,13.00,13.00,false,4116.000
demolfa01752,demofac00841,FAC-2026-0104,democli00053,2026-03-01,0,demoprd00011,SRV-MNT-03,Maintenance,Support premium (annuel),1.000,3600.000,3600.000,1.0000,0.00,19.00,19.00,false,3600.000
demolfa01753,demofac00841,FAC-2026-0104,democli00053,2026-03-01,1,demoprd00010,SRV-MNT-02,Maintenance,Intervention sur site,4.000,150.000,150.000,1.0000,0.00,19.00,19.00,false,600.000
demolfa01754,demofac00841,FAC-2026-0104,democli00053,2026-03-01,2,demoprd00012,SRV-MNT-04,Maintenance,Sauvegarde externalisee,5.000,95.000,95.000,1.0000,0.00,19.00,19.00,false,475.000
demolfa01755,demofac00841,FAC-2026-0104,democli00053,2026-03-01,3,demoprd00030,PRD-FOU-01,Fournitures,Ramette papier A4,145.000,14.500,14.500,1.0000,0.00,19.00,19.00,false,2102.500
demolfa01666,demofac00842,FAC-2026-0105,democli00019,2026-03-02,0,demoprd00038,PRD-BAT-01,Batiment,Ciment (tonne),60.000,310.000,310.000,1.0000,10.00,19.00,19.00,false,16740.000
demolfa01667,demofac00842,FAC-2026-0105,democli00019,2026-03-02,1,demoprd00040,PRD-BAT-03,Batiment,Peinture murale (pot 20L),59.000,145.000,145.000,1.0000,0.00,19.00,19.00,false,8555.000
demolfa01668,demofac00842,FAC-2026-0105,democli00019,2026-03-02,2,demoprd00034,PRD-MED-01,Medical,Kit de premiers secours,40.000,75.000,75.000,1.0000,0.00,7.00,7.00,false,3000.000
demolfa01669,demofac00843,FAC-2026-0106,democli00016,2026-03-02,0,demoprd00034,PRD-MED-01,Medical,Kit de premiers secours,2.000,75.000,75.000,1.0000,0.00,7.00,7.00,false,150.000
demolfa01764,demofac00844,FAC-2026-0107,democli00032,2026-03-02,0,demoprd00006,SRV-DEV-02,Developpement,Application mobile (forfait),1.000,12000.000,12000.000,1.0000,0.00,19.00,19.00,false,12000.000
demolfa01765,demofac00844,FAC-2026-0107,democli00032,2026-03-02,1,demoprd00009,SRV-MNT-01,Maintenance,Maintenance mensuelle,40.000,380.000,380.000,1.0000,0.00,19.00,19.00,false,15200.000
demolfa01677,demofac00845,FAC-2026-0108,democli00025,2026-03-03,0,demoprd00039,PRD-BAT-02,Batiment,Carrelage (m2),22.000,38.000,38.000,1.0000,0.00,19.00,19.00,false,836.000
demolfa01696,demofac00846,FAC-2026-0109,democli00029,2026-03-03,0,demoprd00030,PRD-FOU-01,Fournitures,Ramette papier A4,149.000,14.500,14.500,1.0000,0.00,19.00,19.00,false,2160.500
demolfa01697,demofac00846,FAC-2026-0109,democli00029,2026-03-03,1,demoprd00016,SRV-HEB-01,Hebergement,Hebergement web (annuel),3.000,540.000,540.000,1.0000,0.00,19.00,19.00,false,1620.000
demolfa01698,demofac00846,FAC-2026-0109,democli00029,2026-03-03,2,demoprd00033,PRD-FOU-04,Fournitures,Mobilier de bureau (poste),15.000,1250.000,1250.000,1.0000,0.00,19.00,19.00,false,18750.000
demolfa01690,demofac00847,FAC-2026-0110,democli00032,2026-03-04,0,demoprd00005,SRV-DEV-01,Developpement,Developpement web (jour),7.000,450.000,450.000,1.0000,6.00,19.00,19.00,false,2961.000
demolfa01664,demofac00848,FAC-2026-0111,democli00054,2026-03-05,0,demoprd00030,PRD-FOU-01,Fournitures,Ramette papier A4,102.000,14.500,14.500,1.0000,0.00,19.00,19.00,false,1479.000
demolfa01665,demofac00848,FAC-2026-0111,democli00054,2026-03-05,1,demoprd00019,SRV-TRA-01,Logistique,Transport de marchandises,5.000,210.000,210.000,1.0000,0.00,7.00,7.00,false,1050.000
demolfa01674,demofac00849,FAC-2026-0112,democli00031,2026-03-05,0,demoprd00036,PRD-AGR-01,Agroalimentaire,Huile d'olive extra (bidon 5L),133.000,68.000,68.000,1.0000,0.00,13.00,13.00,false,9044.000
demolfa01675,demofac00849,FAC-2026-0112,democli00031,2026-03-05,1,demoprd00002,SRV-CONS-02,Conseil,Audit organisationnel,1.000,3200.000,3200.000,1.0000,0.00,19.00,19.00,false,3200.000
demolfa01676,demofac00849,FAC-2026-0112,democli00031,2026-03-05,2,demoprd00001,SRV-CONS-01,Conseil,Conseil strategique (jour),3.000,850.000,850.000,1.0000,15.00,19.00,19.00,false,2167.500
demolfa01741,demofac00850,FAC-2026-0113,democli00054,2026-03-06,0,demoprd00019,SRV-TRA-01,Logistique,Transport de marchandises,9.000,210.000,210.000,1.0000,0.00,7.00,7.00,false,1890.000
demolfa01742,demofac00850,FAC-2026-0113,democli00054,2026-03-06,1,demoprd00030,PRD-FOU-01,Fournitures,Ramette papier A4,200.000,14.500,14.500,1.0000,0.00,19.00,19.00,false,2900.000
demolfa01743,demofac00850,FAC-2026-0113,democli00054,2026-03-06,2,demoprd00036,PRD-AGR-01,Agroalimentaire,Huile d'olive extra (bidon 5L),100.000,68.000,68.000,1.0000,0.00,13.00,13.00,false,6800.000
demolfa01670,demofac00851,FAC-2026-0114,democli00026,2026-03-07,0,demoprd00029,PRD-LOG-03,Logiciels,Logiciel de gestion commerciale,2.000,2900.000,2900.000,1.0000,14.00,19.00,19.00,false,4988.000
demolfa01689,demofac00852,FAC-2026-0115,democli00025,2026-03-07,0,demoprd00015,SRV-FOR-03,Formation,Formation comptabilite,1.000,650.000,650.000,1.0000,0.00,19.00,19.00,false,650.000
demolfa01687,demofac00853,FAC-2026-0116,democli00055,2026-03-09,0,demoprd00029,PRD-LOG-03,Logiciels,Logiciel de gestion commerciale,2.000,2900.000,2900.000,1.0000,0.00,19.00,19.00,false,5800.000
demolfa01656,demofac00854,FAC-2026-0117,democli00038,2026-03-10,0,demoprd00029,PRD-LOG-03,Logiciels,Logiciel de gestion commerciale,2.000,2900.000,2900.000,1.0000,0.00,19.00,19.00,false,5800.000
demolfa01756,demofac00855,FAC-2026-0118,democli00038,2026-03-10,0,demoprd00028,PRD-LOG-02,Logiciels,Licence suite bureautique,5.000,320.000,320.000,1.0000,0.00,19.00,19.00,false,1600.000
demolfa01757,demofac00855,FAC-2026-0118,democli00038,2026-03-10,1,demoprd00013,SRV-FOR-01,Formation,Formation bureautique (jour),3.000,420.000,420.000,1.0000,0.00,19.00,19.00,false,1260.000
demolfa01711,demofac00856,FAC-2026-0119,democli00049,2026-03-11,0,demoprd00027,PRD-LOG-01,Logiciels,Licence antivirus (poste),39.000,85.000,85.000,1.0000,0.00,19.00,19.00,false,3315.000
demolfa01712,demofac00856,FAC-2026-0119,democli00049,2026-03-11,1,demoprd00029,PRD-LOG-03,Logiciels,Logiciel de gestion commerciale,2.000,2900.000,2900.000,1.0000,0.00,19.00,19.00,false,5800.000
demolfa01713,demofac00856,FAC-2026-0119,democli00049,2026-03-11,2,demoprd00020,SRV-TRA-02,Logistique,Stockage entrepot (m2/mois),51.000,12.000,12.000,1.0000,0.00,19.00,19.00,false,612.000
demolfa01714,demofac00856,FAC-2026-0119,democli00049,2026-03-11,3,demoprd00006,SRV-DEV-02,Developpement,Application mobile (forfait),1.000,12000.000,12000.000,1.0000,0.00,19.00,19.00,false,12000.000
demolfa01715,demofac00857,FAC-2026-0120,democli00046,2026-03-11,0,demoprd00029,PRD-LOG-03,Logiciels,Logiciel de gestion commerciale,3.000,2900.000,2900.000,1.0000,0.00,19.00,19.00,false,8700.000
demolfa01716,demofac00857,FAC-2026-0120,democli00046,2026-03-11,1,demoprd00004,SRV-CONS-04,Conseil,Etude de marche,1.000,4500.000,4500.000,1.0000,0.00,19.00,19.00,false,4500.000
demolfa01770,demofac00858,FAC-2026-0121,democli00049,2026-03-11,0,demoprd00003,SRV-CONS-03,Conseil,Accompagnement fiscal (heure),4.000,120.000,120.000,1.0000,0.00,19.00,19.00,false,480.000
demolfa01659,demofac00859,FAC-2026-0122,democli00030,2026-03-12,0,demoprd00003,SRV-CONS-03,Conseil,Accompagnement fiscal (heure),18.000,120.000,120.000,1.0000,0.00,19.00,19.00,false,2160.000
demolfa01660,demofac00859,FAC-2026-0122,democli00030,2026-03-12,1,demoprd00011,SRV-MNT-03,Maintenance,Support premium (annuel),1.000,3600.000,3600.000,1.0000,0.00,19.00,19.00,false,3600.000
demolfa01661,demofac00859,FAC-2026-0122,democli00030,2026-03-12,2,demoprd00032,PRD-FOU-03,Fournitures,Classeur archive,135.000,6.800,6.800,1.0000,0.00,19.00,19.00,false,918.000
demolfa01662,demofac00859,FAC-2026-0122,democli00030,2026-03-12,3,demoprd00004,SRV-CONS-04,Conseil,Etude de marche,1.000,4500.000,4500.000,1.0000,0.00,19.00,19.00,false,4500.000
demolfa01730,demofac00860,FAC-2026-0123,democli00025,2026-03-12,0,demoprd00038,PRD-BAT-01,Batiment,Ciment (tonne),10.000,310.000,310.000,1.0000,0.00,19.00,19.00,false,3100.000
demolfa01731,demofac00860,FAC-2026-0123,democli00025,2026-03-12,1,demoprd00014,SRV-FOR-02,Formation,Formation cybersecurite,1.000,1800.000,1800.000,1.0000,0.00,19.00,19.00,false,1800.000
demolfa01732,demofac00860,FAC-2026-0123,democli00025,2026-03-12,2,demoprd00040,PRD-BAT-03,Batiment,Peinture murale (pot 20L),20.000,145.000,145.000,1.0000,11.00,19.00,19.00,false,2581.000
demolfa01691,demofac00861,FAC-2026-0124,democli00020,2026-03-13,0,demoprd00018,SRV-HEB-03,Hebergement,Serveur dedie (mois),1.000,290.000,290.000,1.0000,0.00,1.90,19.00,true,290.000
demolfa01692,demofac00861,FAC-2026-0124,democli00020,2026-03-13,1,demoprd00030,PRD-FOU-01,Fournitures,Ramette papier A4,32.000,14.500,14.500,1.0000,13.00,19.00,19.00,false,403.680
demolfa01705,demofac00862,FAC-2026-0125,democli00045,2026-03-13,0,demoprd00025,PRD-INF-05,Informatique,Onduleur 1500VA,2.000,460.000,460.000,1.0000,0.00,19.00,19.00,false,920.000
demolfa01706,demofac00862,FAC-2026-0125,democli00045,2026-03-13,1,demoprd00039,PRD-BAT-02,Batiment,Carrelage (m2),492.000,38.000,38.000,1.0000,0.00,19.00,19.00,false,18696.000
demolfa01758,demofac00863,FAC-2026-0126,democli00010,2026-03-13,0,demoprd00020,SRV-TRA-02,Logistique,Stockage entrepot (m2/mois),300.000,12.000,12.000,1.0000,0.00,19.00,19.00,false,3600.000
demolfa01759,demofac00863,FAC-2026-0126,democli00010,2026-03-13,1,demoprd00015,SRV-FOR-03,Formation,Formation comptabilite,4.000,650.000,650.000,1.0000,0.00,19.00,19.00,false,2600.000
demolfa01657,demofac00864,FAC-2026-0127,democli00026,2026-03-14,0,demoprd00028,PRD-LOG-02,Logiciels,Licence suite bureautique,17.000,320.000,320.000,1.0000,0.00,19.00,19.00,false,5440.000
demolfa01658,demofac00864,FAC-2026-0127,democli00026,2026-03-14,1,demoprd00029,PRD-LOG-03,Logiciels,Logiciel de gestion commerciale,2.000,2900.000,2900.000,1.0000,0.00,19.00,19.00,false,5800.000
demolfa01733,demofac00865,FAC-2026-0128,democli00045,2026-03-15,0,demoprd00030,PRD-FOU-01,Fournitures,Ramette papier A4,90.000,14.500,14.500,1.0000,0.00,19.00,19.00,false,1305.000
demolfa01737,demofac00866,FAC-2026-0129,democli00011,2026-03-16,0,demoprd00014,SRV-FOR-02,Formation,Formation cybersecurite,2.000,1800.000,1800.000,1.0000,0.00,19.00,19.00,false,3600.000
demolfa01738,demofac00866,FAC-2026-0129,democli00011,2026-03-16,1,demoprd00008,SRV-DEV-04,Developpement,Site vitrine,1.000,2400.000,2400.000,1.0000,0.00,19.00,19.00,false,2400.000
demolfa01739,demofac00866,FAC-2026-0129,democli00011,2026-03-16,2,demoprd00007,SRV-DEV-03,Developpement,Integration ERP (jour),13.000,600.000,600.000,1.0000,0.00,19.00,19.00,false,7800.000
demolfa01740,demofac00866,FAC-2026-0129,democli00011,2026-03-16,3,demoprd00020,SRV-TRA-02,Logistique,Stockage entrepot (m2/mois),123.000,12.000,12.000,1.0000,0.00,19.00,19.00,false,1476.000
demolfa01744,demofac00867,FAC-2026-0130,democli00021,2026-03-16,0,demoprd00015,SRV-FOR-03,Formation,Formation comptabilite,2.000,650.000,650.000,1.0000,0.00,19.00,19.00,false,1300.000
demolfa01745,demofac00867,FAC-2026-0130,democli00021,2026-03-16,1,demoprd00029,PRD-LOG-03,Logiciels,Logiciel de gestion commerciale,1.000,2900.000,2900.000,1.0000,0.00,19.00,19.00,false,2900.000
demolfa01768,demofac00868,FAC-2026-0131,democli00011,2026-03-16,0,demoprd00010,SRV-MNT-02,Maintenance,Intervention sur site,5.000,150.000,150.000,1.0000,0.00,19.00,19.00,false,750.000
demolfa01769,demofac00868,FAC-2026-0131,democli00011,2026-03-16,1,demoprd00038,PRD-BAT-01,Batiment,Ciment (tonne),47.000,310.000,310.000,1.0000,0.00,19.00,19.00,false,14570.000
demolfa01663,demofac00869,FAC-2026-0132,democli00047,2026-03-17,0,demoprd00024,PRD-INF-04,Informatique,Routeur professionnel,3.000,540.000,540.000,1.0000,0.00,19.00,19.00,false,1620.000
demolfa01693,demofac00870,FAC-2026-0133,democli00042,2026-03-17,0,demoprd00025,PRD-INF-05,Informatique,Onduleur 1500VA,3.000,460.000,460.000,1.0000,0.00,19.00,19.00,false,1380.000
demolfa01694,demofac00870,FAC-2026-0133,democli00042,2026-03-17,1,demoprd00035,PRD-MED-02,Medical,Gants nitrile (boite),133.000,18.000,18.000,1.0000,0.00,7.00,7.00,false,2394.000
demolfa01695,demofac00870,FAC-2026-0133,democli00042,2026-03-17,2,demoprd00015,SRV-FOR-03,Formation,Formation comptabilite,1.000,650.000,650.000,1.0000,0.00,19.00,19.00,false,650.000
demolfa01717,demofac00871,FAC-2026-0134,democli00043,2026-03-17,0,demoprd00018,SRV-HEB-03,Hebergement,Serveur dedie (mois),6.000,290.000,290.000,1.0000,0.00,19.00,19.00,false,1740.000
demolfa01718,demofac00871,FAC-2026-0134,democli00043,2026-03-17,1,demoprd00020,SRV-TRA-02,Logistique,Stockage entrepot (m2/mois),80.000,12.000,12.000,1.0000,0.00,19.00,19.00,false,960.000
demolfa01719,demofac00871,FAC-2026-0134,democli00043,2026-03-17,2,demoprd00017,SRV-HEB-02,Hebergement,Nom de domaine .tn,2.000,45.000,45.000,1.0000,0.00,19.00,19.00,false,90.000
demolfa01749,demofac00872,FAC-2026-0135,democli00042,2026-03-17,0,demoprd00026,PRD-INF-06,Informatique,Disque SSD 1To,7.000,310.000,310.000,1.0000,0.00,19.00,19.00,false,2170.000
demolfa01750,demofac00872,FAC-2026-0135,democli00042,2026-03-17,1,demoprd00024,PRD-INF-04,Informatique,Routeur professionnel,1.000,540.000,540.000,1.0000,0.00,19.00,19.00,false,540.000
demolfa01683,demofac00873,FAC-2026-0136,democli00041,2026-03-19,0,demoprd00034,PRD-MED-01,Medical,Kit de premiers secours,10.000,75.000,75.000,1.0000,0.00,7.00,7.00,false,750.000
demolfa01684,demofac00873,FAC-2026-0136,democli00041,2026-03-19,1,demoprd00035,PRD-MED-02,Medical,Gants nitrile (boite),400.000,18.000,18.000,1.0000,7.00,7.00,7.00,false,6696.000
demolfa01760,demofac00874,FAC-2026-0137,democli00033,2026-03-19,0,demoprd00034,PRD-MED-01,Medical,Kit de premiers secours,38.000,75.000,75.000,1.0000,0.00,7.00,7.00,false,2850.000
demolfa01761,demofac00874,FAC-2026-0137,democli00033,2026-03-19,1,demoprd00027,PRD-LOG-01,Logiciels,Licence antivirus (poste),89.000,85.000,85.000,1.0000,0.00,19.00,19.00,false,7565.000
demolfa01762,demofac00874,FAC-2026-0137,democli00033,2026-03-19,2,demoprd00026,PRD-INF-06,Informatique,Disque SSD 1To,8.000,310.000,310.000,1.0000,0.00,19.00,19.00,false,2480.000
demolfa01763,demofac00874,FAC-2026-0137,democli00033,2026-03-19,3,demoprd00031,PRD-FOU-02,Fournitures,Cartouche toner,13.000,165.000,165.000,1.0000,9.00,19.00,19.00,false,1951.950
demolfa01708,demofac00875,FAC-2026-0138,democli00006,2026-03-20,0,demoprd00021,PRD-INF-01,Informatique,Ordinateur portable pro,7.000,2350.000,2350.000,1.0000,0.00,19.00,19.00,false,16450.000
demolfa01709,demofac00875,FAC-2026-0138,democli00006,2026-03-20,1,demoprd00015,SRV-FOR-03,Formation,Formation comptabilite,2.000,650.000,650.000,1.0000,0.00,19.00,19.00,false,1300.000
demolfa01710,demofac00875,FAC-2026-0138,democli00006,2026-03-20,2,demoprd00013,SRV-FOR-01,Formation,Formation bureautique (jour),3.000,420.000,420.000,1.0000,0.00,19.00,19.00,false,1260.000
demolfa01727,demofac00876,FAC-2026-0139,democli00055,2026-03-21,0,demoprd00003,SRV-CONS-03,Conseil,Accompagnement fiscal (heure),4.000,120.000,120.000,1.0000,7.00,19.00,19.00,false,446.400
demolfa01728,demofac00876,FAC-2026-0139,democli00055,2026-03-21,1,demoprd00001,SRV-CONS-01,Conseil,Conseil strategique (jour),1.000,850.000,850.000,1.0000,0.00,19.00,19.00,false,850.000
demolfa01729,demofac00876,FAC-2026-0139,democli00055,2026-03-21,2,demoprd00029,PRD-LOG-03,Logiciels,Logiciel de gestion commerciale,3.000,2900.000,2900.000,1.0000,15.00,19.00,19.00,false,7395.000
demolfa01766,demofac00877,FAC-2026-0140,democli00060,2026-03-21,0,demoprd00010,SRV-MNT-02,Maintenance,Intervention sur site,1.000,150.000,150.000,1.0000,0.00,19.00,19.00,false,150.000
demolfa01767,demofac00877,FAC-2026-0140,democli00060,2026-03-21,1,demoprd00030,PRD-FOU-01,Fournitures,Ramette papier A4,63.000,14.500,14.500,1.0000,12.00,19.00,19.00,false,803.880
demolfa01721,demofac00878,FAC-2026-0141,democli00027,2026-03-23,0,demoprd00032,PRD-FOU-03,Fournitures,Classeur archive,229.000,6.800,6.800,1.0000,0.00,19.00,19.00,false,1557.200
demolfa01722,demofac00878,FAC-2026-0141,democli00027,2026-03-23,1,demoprd00008,SRV-DEV-04,Developpement,Site vitrine,1.000,2400.000,2400.000,1.0000,13.00,19.00,19.00,false,2088.000
demolfa01723,demofac00878,FAC-2026-0141,democli00027,2026-03-23,2,demoprd00030,PRD-FOU-01,Fournitures,Ramette papier A4,200.000,14.500,14.500,1.0000,0.00,19.00,19.00,false,2900.000
demolfa01688,demofac00879,FAC-2026-0142,democli00009,2026-03-24,0,demoprd00039,PRD-BAT-02,Batiment,Carrelage (m2),136.000,38.000,38.000,1.0000,0.00,19.00,19.00,false,5168.000
demolfa01734,demofac00880,FAC-2026-0143,democli00027,2026-03-24,0,demoprd00006,SRV-DEV-02,Developpement,Application mobile (forfait),1.000,12000.000,12000.000,1.0000,8.00,19.00,19.00,false,11040.000
demolfa01735,demofac00880,FAC-2026-0143,democli00027,2026-03-24,1,demoprd00033,PRD-FOU-04,Fournitures,Mobilier de bureau (poste),15.000,1250.000,1250.000,1.0000,0.00,19.00,19.00,false,18750.000
demolfa01736,demofac00880,FAC-2026-0143,democli00027,2026-03-24,2,demoprd00005,SRV-DEV-01,Developpement,Developpement web (jour),20.000,450.000,450.000,1.0000,0.00,19.00,19.00,false,9000.000
demolfa01680,demofac00881,FAC-2026-0144,democli00053,2026-03-25,0,demoprd00009,SRV-MNT-01,Maintenance,Maintenance mensuelle,1.000,380.000,380.000,1.0000,0.00,19.00,19.00,false,380.000
demolfa01681,demofac00881,FAC-2026-0144,democli00053,2026-03-25,1,demoprd00021,PRD-INF-01,Informatique,Ordinateur portable pro,1.000,2350.000,2350.000,1.0000,0.00,19.00,19.00,false,2350.000
demolfa01682,demofac00881,FAC-2026-0144,democli00053,2026-03-25,2,demoprd00034,PRD-MED-01,Medical,Kit de premiers secours,18.000,75.000,75.000,1.0000,0.00,7.00,7.00,false,1350.000
demolfa01703,demofac00882,FAC-2026-0145,democli00054,2026-03-25,0,demoprd00031,PRD-FOU-02,Fournitures,Cartouche toner,30.000,165.000,165.000,1.0000,0.00,19.00,19.00,false,4950.000
demolfa01704,demofac00882,FAC-2026-0145,democli00054,2026-03-25,1,demoprd00020,SRV-TRA-02,Logistique,Stockage entrepot (m2/mois),245.000,12.000,12.000,1.0000,0.00,19.00,19.00,false,2940.000
demolfa01707,demofac00883,FAC-2026-0146,democli00058,2026-03-25,0,demoprd00040,PRD-BAT-03,Batiment,Peinture murale (pot 20L),80.000,145.000,145.000,1.0000,0.00,19.00,19.00,false,11600.000
demolfa01751,demofac00884,FAC-2026-0147,democli00011,2026-03-25,0,demoprd00021,PRD-INF-01,Informatique,Ordinateur portable pro,3.000,2350.000,2350.000,1.0000,0.00,19.00,19.00,false,7050.000
demolfa01686,demofac00885,FAC-2026-0148,democli00006,2026-03-26,0,demoprd00022,PRD-INF-02,Informatique,Ecran 27 pouces,8.000,690.000,690.000,1.0000,0.00,19.00,19.00,false,5520.000
demolfa01699,demofac00886,FAC-2026-0149,democli00010,2026-03-27,0,demoprd00040,PRD-BAT-03,Batiment,Peinture murale (pot 20L),80.000,145.000,145.000,1.0000,0.00,19.00,19.00,false,11600.000
demolfa01700,demofac00886,FAC-2026-0149,democli00010,2026-03-27,1,demoprd00015,SRV-FOR-03,Formation,Formation comptabilite,3.000,650.000,650.000,1.0000,0.00,19.00,19.00,false,1950.000
demolfa01701,demofac00886,FAC-2026-0149,democli00010,2026-03-27,2,demoprd00014,SRV-FOR-02,Formation,Formation cybersecurite,2.000,1800.000,1800.000,1.0000,0.00,19.00,19.00,false,3600.000
demolfa01702,demofac00886,FAC-2026-0149,democli00010,2026-03-27,3,demoprd00019,SRV-TRA-01,Logistique,Transport de marchandises,7.000,210.000,210.000,1.0000,10.00,7.00,7.00,false,1323.000
demolfa01678,demofac00887,FAC-2026-0150,democli00014,2026-03-28,0,demoprd00009,SRV-MNT-01,Maintenance,Maintenance mensuelle,2.000,380.000,380.000,1.0000,0.00,19.00,19.00,false,760.000
demolfa01679,demofac00887,FAC-2026-0150,democli00014,2026-03-28,1,demoprd00007,SRV-DEV-03,Developpement,Integration ERP (jour),2.000,600.000,600.000,1.0000,0.00,19.00,19.00,false,1200.000
demolfa01685,demofac00888,FAC-2026-0151,democli00054,2026-03-28,0,demoprd00006,SRV-DEV-02,Developpement,Application mobile (forfait),1.000,12000.000,12000.000,1.0000,0.00,19.00,19.00,false,12000.000
demolfa01720,demofac00889,FAC-2026-0152,democli00042,2026-03-28,0,demoprd00021,PRD-INF-01,Informatique,Ordinateur portable pro,3.000,2350.000,2350.000,1.0000,0.00,19.00,19.00,false,7050.000
demolfa01724,demofac00890,FAC-2026-0153,democli00055,2026-03-28,0,demoprd00004,SRV-CONS-04,Conseil,Etude de marche,1.000,4500.000,4500.000,1.0000,0.00,19.00,19.00,false,4500.000
demolfa01725,demofac00890,FAC-2026-0153,democli00055,2026-03-28,1,demoprd00029,PRD-LOG-03,Logiciels,Logiciel de gestion commerciale,2.000,2900.000,2900.000,1.0000,0.00,19.00,19.00,false,5800.000
demolfa01671,demofac00891,FAC-2026-0154,democli00024,2026-03-29,0,demoprd00017,SRV-HEB-02,Hebergement,Nom de domaine .tn,1.000,45.000,45.000,1.0000,0.00,19.00,19.00,false,45.000
demolfa01672,demofac00891,FAC-2026-0154,democli00024,2026-03-29,1,demoprd00029,PRD-LOG-03,Logiciels,Logiciel de gestion commerciale,1.000,2900.000,2900.000,1.0000,0.00,19.00,19.00,false,2900.000
demolfa01673,demofac00891,FAC-2026-0154,democli00024,2026-03-29,2,demoprd00038,PRD-BAT-01,Batiment,Ciment (tonne),4.000,310.000,310.000,1.0000,0.00,19.00,19.00,false,1240.000
demolfa01726,demofac00892,FAC-2026-0155,democli00004,2026-03-29,0,demoprd00037,PRD-AGR-02,Agroalimentaire,Dattes Deglet Nour (carton),25.000,42.000,42.000,1.0000,6.00,13.00,13.00,false,987.000
demolfa01746,demofac00893,FAC-2026-0156,democli00057,2026-03-30,0,demoprd00025,PRD-INF-05,Informatique,Onduleur 1500VA,3.000,460.000,460.000,1.0000,0.00,19.00,19.00,false,1380.000
demolfa01747,demofac00893,FAC-2026-0156,democli00057,2026-03-30,1,demoprd00021,PRD-INF-01,Informatique,Ordinateur portable pro,4.000,2350.000,2350.000,1.0000,0.00,19.00,19.00,false,9400.000
demolfa01748,demofac00893,FAC-2026-0156,democli00057,2026-03-30,2,demoprd00007,SRV-DEV-03,Developpement,Integration ERP (jour),7.000,600.000,600.000,1.0000,0.00,19.00,19.00,false,4200.000
demolfa01780,demofac00894,FAC-2026-0157,democli00041,2026-04-01,0,demoprd00006,SRV-DEV-02,Developpement,Application mobile (forfait),1.000,12000.000,12000.000,1.0000,0.00,19.00,19.00,false,12000.000
demolfa01871,demofac00895,FAC-2026-0158,democli00060,2026-04-01,0,demoprd00012,SRV-MNT-04,Maintenance,Sauvegarde externalisee,2.000,95.000,95.000,1.0000,0.00,19.00,19.00,false,190.000
demolfa01872,demofac00895,FAC-2026-0158,democli00060,2026-04-01,1,demoprd00037,PRD-AGR-02,Agroalimentaire,Dattes Deglet Nour (carton),13.000,42.000,42.000,1.0000,0.00,13.00,13.00,false,546.000
demolfa01873,demofac00895,FAC-2026-0158,democli00060,2026-04-01,2,demoprd00009,SRV-MNT-01,Maintenance,Maintenance mensuelle,2.000,380.000,380.000,1.0000,0.00,19.00,19.00,false,760.000
demolfa01833,demofac00896,FAC-2026-0159,democli00042,2026-04-02,0,demoprd00025,PRD-INF-05,Informatique,Onduleur 1500VA,2.000,460.000,460.000,1.0000,0.00,19.00,19.00,false,920.000
demolfa01834,demofac00896,FAC-2026-0159,democli00042,2026-04-02,1,demoprd00038,PRD-BAT-01,Batiment,Ciment (tonne),10.000,310.000,310.000,1.0000,0.00,19.00,19.00,false,3100.000
demolfa01776,demofac00897,FAC-2026-0160,democli00016,2026-04-03,0,demoprd00027,PRD-LOG-01,Logiciels,Licence antivirus (poste),8.000,85.000,85.000,1.0000,0.00,19.00,19.00,false,680.000
demolfa01811,demofac00898,FAC-2026-0161,democli00022,2026-04-03,0,demoprd00037,PRD-AGR-02,Agroalimentaire,Dattes Deglet Nour (carton),304.000,42.000,42.000,1.0000,6.00,13.00,13.00,false,12001.920
demolfa01771,demofac00899,FAC-2026-0162,democli00029,2026-04-04,0,demoprd00032,PRD-FOU-03,Fournitures,Classeur archive,300.000,6.800,6.800,1.0000,15.00,19.00,19.00,false,1734.000
demolfa01772,demofac00899,FAC-2026-0162,democli00029,2026-04-04,1,demoprd00016,SRV-HEB-01,Hebergement,Hebergement web (annuel),3.000,540.000,540.000,1.0000,12.00,19.00,19.00,false,1425.600
demolfa01773,demofac00899,FAC-2026-0162,democli00029,2026-04-04,2,demoprd00033,PRD-FOU-04,Fournitures,Mobilier de bureau (poste),15.000,1250.000,1250.000,1.0000,0.00,19.00,19.00,false,18750.000
demolfa01804,demofac00900,FAC-2026-0163,democli00042,2026-04-05,0,demoprd00029,PRD-LOG-03,Logiciels,Logiciel de gestion commerciale,1.000,2900.000,2900.000,1.0000,0.00,19.00,19.00,false,2900.000
demolfa01805,demofac00900,FAC-2026-0163,democli00042,2026-04-05,1,demoprd00022,PRD-INF-02,Informatique,Ecran 27 pouces,3.000,690.000,690.000,1.0000,0.00,19.00,19.00,false,2070.000
demolfa01806,demofac00900,FAC-2026-0163,democli00042,2026-04-05,2,demoprd00025,PRD-INF-05,Informatique,Onduleur 1500VA,2.000,460.000,460.000,1.0000,0.00,19.00,19.00,false,920.000
demolfa01807,demofac00900,FAC-2026-0163,democli00042,2026-04-05,3,demoprd00026,PRD-INF-06,Informatique,Disque SSD 1To,2.000,310.000,310.000,1.0000,0.00,19.00,19.00,false,620.000
demolfa01865,demofac00901,FAC-2026-0164,democli00048,2026-04-05,0,demoprd00012,SRV-MNT-04,Maintenance,Sauvegarde externalisee,7.000,95.000,95.000,1.0000,0.00,19.00,19.00,false,665.000
demolfa01866,demofac00901,FAC-2026-0164,democli00048,2026-04-05,1,demoprd00030,PRD-FOU-01,Fournitures,Ramette papier A4,120.000,14.500,14.500,1.0000,0.00,19.00,19.00,false,1740.000
demolfa01867,demofac00901,FAC-2026-0164,democli00048,2026-04-05,2,demoprd00031,PRD-FOU-02,Fournitures,Cartouche toner,16.000,165.000,165.000,1.0000,0.00,19.00,19.00,false,2640.000
demolfa01778,demofac00902,FAC-2026-0165,democli00006,2026-04-06,0,demoprd00023,PRD-INF-03,Informatique,Imprimante laser,2.000,980.000,980.000,1.0000,0.00,19.00,19.00,false,1960.000
demolfa01779,demofac00902,FAC-2026-0165,democli00006,2026-04-06,1,demoprd00026,PRD-INF-06,Informatique,Disque SSD 1To,2.000,310.000,310.000,1.0000,0.00,19.00,19.00,false,620.000
demolfa01781,demofac00903,FAC-2026-0166,democli00031,2026-04-06,0,demoprd00001,SRV-CONS-01,Conseil,Conseil strategique (jour),1.000,850.000,850.000,1.0000,0.00,19.00,19.00,false,850.000
demolfa01789,demofac00904,FAC-2026-0167,democli00059,2026-04-07,0,demoprd00016,SRV-HEB-01,Hebergement,Hebergement web (annuel),1.000,540.000,540.000,1.0000,0.00,19.00,19.00,false,540.000
demolfa01790,demofac00904,FAC-2026-0167,democli00059,2026-04-07,1,demoprd00037,PRD-AGR-02,Agroalimentaire,Dattes Deglet Nour (carton),148.000,42.000,42.000,1.0000,6.00,13.00,13.00,false,5843.040
demolfa01819,demofac00905,FAC-2026-0168,democli00053,2026-04-07,0,demoprd00010,SRV-MNT-02,Maintenance,Intervention sur site,5.000,150.000,150.000,1.0000,0.00,19.00,19.00,false,750.000
demolfa01820,demofac00905,FAC-2026-0168,democli00053,2026-04-07,1,demoprd00035,PRD-MED-02,Medical,Gants nitrile (boite),111.000,18.000,18.000,1.0000,0.00,7.00,7.00,false,1998.000
demolfa01797,demofac00906,FAC-2026-0169,democli00036,2026-04-08,0,demoprd00005,SRV-DEV-01,Developpement,Developpement web (jour),9.000,450.000,450.000,1.0000,0.00,19.00,19.00,false,4050.000
demolfa01798,demofac00906,FAC-2026-0169,democli00036,2026-04-08,1,demoprd00024,PRD-INF-04,Informatique,Routeur professionnel,5.000,540.000,540.000,1.0000,8.00,19.00,19.00,false,2484.000
demolfa01799,demofac00906,FAC-2026-0169,democli00036,2026-04-08,2,demoprd00008,SRV-DEV-04,Developpement,Site vitrine,1.000,2400.000,2400.000,1.0000,11.00,19.00,19.00,false,2136.000
demolfa01800,demofac00907,FAC-2026-0170,democli00019,2026-04-09,0,demoprd00034,PRD-MED-01,Medical,Kit de premiers secours,15.000,75.000,75.000,1.0000,0.00,7.00,7.00,false,1125.000
demolfa01835,demofac00908,FAC-2026-0171,democli00025,2026-04-09,0,demoprd00038,PRD-BAT-01,Batiment,Ciment (tonne),15.000,310.000,310.000,1.0000,0.00,1.90,19.00,true,4650.000
demolfa01836,demofac00908,FAC-2026-0171,democli00025,2026-04-09,1,demoprd00039,PRD-BAT-02,Batiment,Carrelage (m2),269.000,38.000,38.000,1.0000,0.00,19.00,19.00,false,10222.000
demolfa01837,demofac00908,FAC-2026-0171,democli00025,2026-04-09,2,demoprd00040,PRD-BAT-03,Batiment,Peinture murale (pot 20L),21.000,145.000,145.000,1.0000,0.00,19.00,19.00,false,3045.000
demolfa01870,demofac00909,FAC-2026-0172,democli00049,2026-04-09,0,demoprd00002,SRV-CONS-02,Conseil,Audit organisationnel,1.000,3200.000,3200.000,1.0000,0.00,19.00,19.00,false,3200.000
demolfa01844,demofac00910,FAC-2026-0173,democli00026,2026-04-10,0,demoprd00027,PRD-LOG-01,Logiciels,Licence antivirus (poste),36.000,85.000,85.000,1.0000,0.00,19.00,19.00,false,3060.000
demolfa01845,demofac00910,FAC-2026-0173,democli00026,2026-04-10,1,demoprd00036,PRD-AGR-01,Agroalimentaire,Huile d'olive extra (bidon 5L),131.000,68.000,68.000,1.0000,0.00,13.00,13.00,false,8908.000
demolfa01846,demofac00910,FAC-2026-0173,democli00026,2026-04-10,2,demoprd00008,SRV-DEV-04,Developpement,Site vitrine,1.000,2400.000,2400.000,1.0000,0.00,19.00,19.00,false,2400.000
demolfa01849,demofac00911,FAC-2026-0174,democli00031,2026-04-10,0,demoprd00003,SRV-CONS-03,Conseil,Accompagnement fiscal (heure),9.000,120.000,120.000,1.0000,0.00,19.00,19.00,false,1080.000
demolfa01850,demofac00911,FAC-2026-0174,democli00031,2026-04-10,1,demoprd00004,SRV-CONS-04,Conseil,Etude de marche,1.000,4500.000,4500.000,1.0000,0.00,19.00,19.00,false,4500.000
demolfa01851,demofac00911,FAC-2026-0174,democli00031,2026-04-10,2,demoprd00001,SRV-CONS-01,Conseil,Conseil strategique (jour),3.000,850.000,850.000,1.0000,0.00,19.00,19.00,false,2550.000
demolfa01808,demofac00912,FAC-2026-0175,democli00010,2026-04-11,0,demoprd00013,SRV-FOR-01,Formation,Formation bureautique (jour),5.000,420.000,420.000,1.0000,0.00,19.00,19.00,false,2100.000
demolfa01809,demofac00912,FAC-2026-0175,democli00010,2026-04-11,1,demoprd00017,SRV-HEB-02,Hebergement,Nom de domaine .tn,2.000,45.000,45.000,1.0000,0.00,19.00,19.00,false,90.000
demolfa01815,demofac00913,FAC-2026-0176,democli00010,2026-04-11,0,demoprd00013,SRV-FOR-01,Formation,Formation bureautique (jour),5.000,420.000,420.000,1.0000,0.00,19.00,19.00,false,2100.000
demolfa01816,demofac00914,FAC-2026-0177,democli00009,2026-04-11,0,demoprd00039,PRD-BAT-02,Batiment,Carrelage (m2),173.000,38.000,38.000,1.0000,0.00,19.00,19.00,false,6574.000
demolfa01817,demofac00914,FAC-2026-0177,democli00009,2026-04-11,1,demoprd00038,PRD-BAT-01,Batiment,Ciment (tonne),7.000,310.000,310.000,1.0000,0.00,19.00,19.00,false,2170.000
demolfa01818,demofac00914,FAC-2026-0177,democli00009,2026-04-11,2,demoprd00014,SRV-FOR-02,Formation,Formation cybersecurite,1.000,1800.000,1800.000,1.0000,0.00,19.00,19.00,false,1800.000
demolfa01858,demofac00915,FAC-2026-0178,democli00019,2026-04-12,0,demoprd00040,PRD-BAT-03,Batiment,Peinture murale (pot 20L),80.000,145.000,145.000,1.0000,0.00,19.00,19.00,false,11600.000
demolfa01774,demofac00916,FAC-2026-0179,democli00038,2026-04-13,0,demoprd00002,SRV-CONS-02,Conseil,Audit organisationnel,1.000,3200.000,3200.000,1.0000,0.00,19.00,19.00,false,3200.000
demolfa01812,demofac00917,FAC-2026-0180,democli00042,2026-04-13,0,demoprd00022,PRD-INF-02,Informatique,Ecran 27 pouces,3.000,690.000,690.000,1.0000,0.00,19.00,19.00,false,2070.000
demolfa01813,demofac00917,FAC-2026-0180,democli00042,2026-04-13,1,demoprd00017,SRV-HEB-02,Hebergement,Nom de domaine .tn,2.000,45.000,45.000,1.0000,0.00,19.00,19.00,false,90.000
demolfa01814,demofac00917,FAC-2026-0180,democli00042,2026-04-13,2,demoprd00006,SRV-DEV-02,Developpement,Application mobile (forfait),1.000,12000.000,12000.000,1.0000,0.00,19.00,19.00,false,12000.000
demolfa01874,demofac00918,FAC-2026-0181,democli00010,2026-04-13,0,demoprd00015,SRV-FOR-03,Formation,Formation comptabilite,1.000,650.000,650.000,1.0000,0.00,19.00,19.00,false,650.000
demolfa01875,demofac00918,FAC-2026-0181,democli00010,2026-04-13,1,demoprd00009,SRV-MNT-01,Maintenance,Maintenance mensuelle,3.000,380.000,380.000,1.0000,0.00,19.00,19.00,false,1140.000
demolfa01794,demofac00919,FAC-2026-0182,democli00008,2026-04-14,0,demoprd00022,PRD-INF-02,Informatique,Ecran 27 pouces,5.000,690.000,690.000,1.0000,13.00,19.00,19.00,false,3001.500
demolfa01795,demofac00919,FAC-2026-0182,democli00008,2026-04-14,1,demoprd00024,PRD-INF-04,Informatique,Routeur professionnel,1.000,540.000,540.000,1.0000,0.00,19.00,19.00,false,540.000
demolfa01796,demofac00919,FAC-2026-0182,democli00008,2026-04-14,2,demoprd00009,SRV-MNT-01,Maintenance,Maintenance mensuelle,1.000,380.000,380.000,1.0000,0.00,19.00,19.00,false,380.000
demolfa01880,demofac00920,FAC-2026-0183,democli00059,2026-04-14,0,demoprd00018,SRV-HEB-03,Hebergement,Serveur dedie (mois),2.000,290.000,290.000,1.0000,0.00,19.00,19.00,false,580.000
demolfa01881,demofac00920,FAC-2026-0183,democli00059,2026-04-14,1,demoprd00017,SRV-HEB-02,Hebergement,Nom de domaine .tn,1.000,45.000,45.000,1.0000,0.00,19.00,19.00,false,45.000
demolfa01882,demofac00920,FAC-2026-0183,democli00059,2026-04-14,2,demoprd00007,SRV-DEV-03,Developpement,Integration ERP (jour),6.000,600.000,600.000,1.0000,0.00,19.00,19.00,false,3600.000
demolfa01802,demofac00921,FAC-2026-0184,democli00042,2026-04-15,0,demoprd00036,PRD-AGR-01,Agroalimentaire,Huile d'olive extra (bidon 5L),100.000,68.000,68.000,1.0000,0.00,13.00,13.00,false,6800.000
demolfa01841,demofac00922,FAC-2026-0185,democli00034,2026-04-18,0,demoprd00038,PRD-BAT-01,Batiment,Ciment (tonne),22.000,310.000,310.000,1.0000,0.00,19.00,19.00,false,6820.000
demolfa01842,demofac00922,FAC-2026-0185,democli00034,2026-04-18,1,demoprd00016,SRV-HEB-01,Hebergement,Hebergement web (annuel),3.000,540.000,540.000,1.0000,0.00,19.00,19.00,false,1620.000
demolfa01843,demofac00922,FAC-2026-0185,democli00034,2026-04-18,2,demoprd00039,PRD-BAT-02,Batiment,Carrelage (m2),344.000,38.000,38.000,1.0000,0.00,19.00,19.00,false,13072.000
demolfa01856,demofac00923,FAC-2026-0186,democli00032,2026-04-18,0,demoprd00031,PRD-FOU-02,Fournitures,Cartouche toner,9.000,165.000,165.000,1.0000,0.00,19.00,19.00,false,1485.000
demolfa01862,demofac00924,FAC-2026-0187,democli00003,2026-04-18,0,demoprd00025,PRD-INF-05,Informatique,Onduleur 1500VA,2.000,460.000,460.000,1.0000,0.00,19.00,19.00,false,920.000
demolfa01863,demofac00924,FAC-2026-0187,democli00003,2026-04-18,1,demoprd00020,SRV-TRA-02,Logistique,Stockage entrepot (m2/mois),73.000,12.000,12.000,1.0000,0.00,19.00,19.00,false,876.000
demolfa01864,demofac00924,FAC-2026-0187,democli00003,2026-04-18,2,demoprd00007,SRV-DEV-03,Developpement,Integration ERP (jour),6.000,600.000,600.000,1.0000,0.00,19.00,19.00,false,3600.000
demolfa01821,demofac00925,FAC-2026-0188,democli00060,2026-04-19,0,demoprd00011,SRV-MNT-03,Maintenance,Support premium (annuel),1.000,3600.000,3600.000,1.0000,0.00,19.00,19.00,false,3600.000
demolfa01822,demofac00925,FAC-2026-0188,democli00060,2026-04-19,1,demoprd00012,SRV-MNT-04,Maintenance,Sauvegarde externalisee,2.000,95.000,95.000,1.0000,0.00,19.00,19.00,false,190.000
demolfa01777,demofac00926,FAC-2026-0189,democli00049,2026-04-20,0,demoprd00004,SRV-CONS-04,Conseil,Etude de marche,1.000,4500.000,4500.000,1.0000,0.00,19.00,19.00,false,4500.000
demolfa01801,demofac00927,FAC-2026-0190,democli00013,2026-04-20,0,demoprd00032,PRD-FOU-03,Fournitures,Classeur archive,157.000,6.800,6.800,1.0000,9.00,19.00,19.00,false,971.516
demolfa01810,demofac00928,FAC-2026-0191,democli00016,2026-04-20,0,demoprd00020,SRV-TRA-02,Logistique,Stockage entrepot (m2/mois),49.000,12.000,12.000,1.0000,0.00,19.00,19.00,false,588.000
demolfa01859,demofac00929,FAC-2026-0192,democli00029,2026-04-20,0,demoprd00033,PRD-FOU-04,Fournitures,Mobilier de bureau (poste),15.000,1250.000,1250.000,1.0000,0.00,19.00,19.00,false,18750.000
demolfa01868,demofac00931,FAC-2026-0194,democli00051,2026-04-21,0,demoprd00008,SRV-DEV-04,Developpement,Site vitrine,1.000,2400.000,2400.000,1.0000,7.00,19.00,19.00,false,2232.000
demolfa01869,demofac00931,FAC-2026-0194,democli00051,2026-04-21,1,demoprd00005,SRV-DEV-01,Developpement,Developpement web (jour),17.000,450.000,450.000,1.0000,10.00,19.00,19.00,false,6885.000
demolfa01775,demofac00932,FAC-2026-0195,democli00003,2026-04-22,0,demoprd00005,SRV-DEV-01,Developpement,Developpement web (jour),6.000,450.000,450.000,1.0000,0.00,19.00,19.00,false,2700.000
demolfa01803,demofac00933,FAC-2026-0196,democli00037,2026-04-22,0,demoprd00001,SRV-CONS-01,Conseil,Conseil strategique (jour),2.000,850.000,850.000,1.0000,0.00,19.00,19.00,false,1700.000
demolfa01838,demofac00934,FAC-2026-0197,democli00010,2026-04-22,0,demoprd00013,SRV-FOR-01,Formation,Formation bureautique (jour),3.000,420.000,420.000,1.0000,0.00,19.00,19.00,false,1260.000
demolfa01839,demofac00934,FAC-2026-0197,democli00010,2026-04-22,1,demoprd00015,SRV-FOR-03,Formation,Formation comptabilite,2.000,650.000,650.000,1.0000,0.00,19.00,19.00,false,1300.000
demolfa01840,demofac00934,FAC-2026-0197,democli00010,2026-04-22,2,demoprd00014,SRV-FOR-02,Formation,Formation cybersecurite,2.000,1800.000,1800.000,1.0000,0.00,19.00,19.00,false,3600.000
demolfa01853,demofac00935,FAC-2026-0198,democli00049,2026-04-22,0,demoprd00004,SRV-CONS-04,Conseil,Etude de marche,1.000,4500.000,4500.000,1.0000,0.00,19.00,19.00,false,4500.000
demolfa01854,demofac00935,FAC-2026-0198,democli00049,2026-04-22,1,demoprd00027,PRD-LOG-01,Logiciels,Licence antivirus (poste),13.000,85.000,85.000,1.0000,0.00,19.00,19.00,false,1105.000
demolfa01855,demofac00935,FAC-2026-0198,democli00049,2026-04-22,2,demoprd00028,PRD-LOG-02,Logiciels,Licence suite bureautique,18.000,320.000,320.000,1.0000,0.00,19.00,19.00,false,5760.000
demolfa01876,demofac00936,FAC-2026-0199,democli00016,2026-04-22,0,demoprd00010,SRV-MNT-02,Maintenance,Intervention sur site,2.000,150.000,150.000,1.0000,9.00,19.00,19.00,false,273.000
demolfa01877,demofac00936,FAC-2026-0199,democli00016,2026-04-22,1,demoprd00019,SRV-TRA-01,Logistique,Transport de marchandises,2.000,210.000,210.000,1.0000,0.00,7.00,7.00,false,420.000
demolfa01852,demofac00938,FAC-2026-0201,democli00046,2026-04-23,0,demoprd00010,SRV-MNT-02,Maintenance,Intervention sur site,2.000,150.000,150.000,1.0000,0.00,19.00,19.00,false,300.000
demolfa01786,demofac00939,FAC-2026-0202,democli00040,2026-04-24,0,demoprd00035,PRD-MED-02,Medical,Gants nitrile (boite),148.000,18.000,18.000,1.0000,0.00,7.00,7.00,false,2664.000
demolfa01787,demofac00939,FAC-2026-0202,democli00040,2026-04-24,1,demoprd00034,PRD-MED-01,Medical,Kit de premiers secours,9.000,75.000,75.000,1.0000,0.00,7.00,7.00,false,675.000
demolfa01788,demofac00940,FAC-2026-0203,democli00037,2026-04-24,0,demoprd00002,SRV-CONS-02,Conseil,Audit organisationnel,1.000,3200.000,3200.000,1.0000,0.00,19.00,19.00,false,3200.000
demolfa01826,demofac00941,FAC-2026-0204,democli00030,2026-04-24,0,demoprd00005,SRV-DEV-01,Developpement,Developpement web (jour),12.000,450.000,450.000,1.0000,0.00,19.00,19.00,false,5400.000
demolfa01827,demofac00941,FAC-2026-0204,democli00030,2026-04-24,1,demoprd00002,SRV-CONS-02,Conseil,Audit organisationnel,1.000,3200.000,3200.000,1.0000,0.00,19.00,19.00,false,3200.000
demolfa01828,demofac00942,FAC-2026-0205,democli00010,2026-04-24,0,demoprd00019,SRV-TRA-01,Logistique,Transport de marchandises,3.000,210.000,210.000,1.0000,0.00,7.00,7.00,false,630.000
demolfa01829,demofac00942,FAC-2026-0205,democli00010,2026-04-24,1,demoprd00020,SRV-TRA-02,Logistique,Stockage entrepot (m2/mois),160.000,12.000,12.000,1.0000,60.00,19.00,19.00,false,768.000
demolfa01857,demofac00943,FAC-2026-0206,democli00012,2026-04-24,0,demoprd00014,SRV-FOR-02,Formation,Formation cybersecurite,1.000,1800.000,1800.000,1.0000,0.00,19.00,19.00,false,1800.000
demolfa01791,demofac00944,FAC-2026-0207,democli00019,2026-04-25,0,demoprd00034,PRD-MED-01,Medical,Kit de premiers secours,40.000,75.000,75.000,1.0000,0.00,7.00,7.00,false,3000.000
demolfa01792,demofac00944,FAC-2026-0207,democli00019,2026-04-25,1,demoprd00039,PRD-BAT-02,Batiment,Carrelage (m2),800.000,38.000,38.000,1.0000,0.00,19.00,19.00,false,30400.000
demolfa01793,demofac00944,FAC-2026-0207,democli00019,2026-04-25,2,demoprd00038,PRD-BAT-01,Batiment,Ciment (tonne),60.000,310.000,310.000,1.0000,0.00,19.00,19.00,false,18600.000
demolfa01860,demofac00945,FAC-2026-0208,democli00037,2026-04-25,0,demoprd00039,PRD-BAT-02,Batiment,Carrelage (m2),378.000,38.000,38.000,1.0000,0.00,19.00,19.00,false,14364.000
demolfa01861,demofac00945,FAC-2026-0208,democli00037,2026-04-25,1,demoprd00004,SRV-CONS-04,Conseil,Etude de marche,1.000,4500.000,4500.000,1.0000,0.00,19.00,19.00,false,4500.000
demolfa01832,demofac00947,FAC-2026-0210,democli00054,2026-04-26,0,demoprd00020,SRV-TRA-02,Logistique,Stockage entrepot (m2/mois),300.000,12.000,12.000,1.0000,0.00,19.00,19.00,false,3600.000
demolfa01830,demofac00948,FAC-2026-0211,democli00011,2026-04-27,0,demoprd00008,SRV-DEV-04,Developpement,Site vitrine,1.000,2400.000,2400.000,1.0000,0.00,19.00,19.00,false,2400.000
demolfa01831,demofac00948,FAC-2026-0211,democli00011,2026-04-27,1,demoprd00034,PRD-MED-01,Medical,Kit de premiers secours,4.000,75.000,75.000,1.0000,0.00,7.00,7.00,false,300.000
demolfa01878,demofac00949,FAC-2026-0212,democli00048,2026-04-29,0,demoprd00031,PRD-FOU-02,Fournitures,Cartouche toner,3.000,165.000,165.000,1.0000,0.00,19.00,19.00,false,495.000
demolfa01879,demofac00949,FAC-2026-0212,democli00048,2026-04-29,1,demoprd00032,PRD-FOU-03,Fournitures,Classeur archive,45.000,6.800,6.800,1.0000,0.00,19.00,19.00,false,306.000
demolfa01847,demofac00950,FAC-2026-0213,democli00003,2026-04-30,0,demoprd00019,SRV-TRA-01,Logistique,Transport de marchandises,4.000,210.000,210.000,1.0000,0.00,7.00,7.00,false,840.000
demolfa01848,demofac00950,FAC-2026-0213,democli00003,2026-04-30,1,demoprd00008,SRV-DEV-04,Developpement,Site vitrine,1.000,2400.000,2400.000,1.0000,0.00,19.00,19.00,false,2400.000
demolfa01911,demofac00951,FAC-2026-0214,democli00033,2026-05-01,0,demoprd00032,PRD-FOU-03,Fournitures,Classeur archive,215.000,6.800,6.800,1.0000,12.00,19.00,19.00,false,1286.560
demolfa01912,demofac00951,FAC-2026-0214,democli00033,2026-05-01,1,demoprd00005,SRV-DEV-01,Developpement,Developpement web (jour),18.000,450.000,450.000,1.0000,0.00,19.00,19.00,false,8100.000
demolfa01913,demofac00951,FAC-2026-0214,democli00033,2026-05-01,2,demoprd00029,PRD-LOG-03,Logiciels,Logiciel de gestion commerciale,1.000,2900.000,2900.000,1.0000,0.00,19.00,19.00,false,2900.000
demolfa01891,demofac00952,FAC-2026-0215,democli00023,2026-05-02,0,demoprd00009,SRV-MNT-01,Maintenance,Maintenance mensuelle,2.000,380.000,380.000,1.0000,0.00,19.00,19.00,false,760.000
demolfa01927,demofac00953,FAC-2026-0216,democli00002,2026-05-03,0,demoprd00009,SRV-MNT-01,Maintenance,Maintenance mensuelle,2.000,380.000,380.000,1.0000,0.00,19.00,19.00,false,760.000
demolfa01928,demofac00953,FAC-2026-0216,democli00002,2026-05-03,1,demoprd00033,PRD-FOU-04,Fournitures,Mobilier de bureau (poste),11.000,1250.000,1250.000,1.0000,0.00,19.00,19.00,false,13750.000
demolfa01960,demofac00954,FAC-2026-0217,democli00031,2026-05-03,0,demoprd00004,SRV-CONS-04,Conseil,Etude de marche,1.000,4500.000,4500.000,1.0000,0.00,19.00,19.00,false,4500.000
demolfa01961,demofac00954,FAC-2026-0217,democli00031,2026-05-03,1,demoprd00002,SRV-CONS-02,Conseil,Audit organisationnel,1.000,3200.000,3200.000,1.0000,0.00,19.00,19.00,false,3200.000
demolfa01988,demofac00955,FAC-2026-0218,democli00019,2026-05-03,0,demoprd00039,PRD-BAT-02,Batiment,Carrelage (m2),319.000,38.000,38.000,1.0000,0.00,19.00,19.00,false,12122.000
demolfa01893,demofac00956,FAC-2026-0219,democli00031,2026-05-04,0,demoprd00034,PRD-MED-01,Medical,Kit de premiers secours,5.000,75.000,75.000,1.0000,0.00,7.00,7.00,false,375.000
demolfa01894,demofac00956,FAC-2026-0219,democli00031,2026-05-04,1,demoprd00002,SRV-CONS-02,Conseil,Audit organisationnel,1.000,3200.000,3200.000,1.0000,0.00,19.00,19.00,false,3200.000
demolfa01953,demofac00957,FAC-2026-0220,democli00056,2026-05-04,0,demoprd00032,PRD-FOU-03,Fournitures,Classeur archive,111.000,6.800,6.800,1.0000,0.00,19.00,19.00,false,754.800
demolfa01954,demofac00957,FAC-2026-0220,democli00056,2026-05-04,1,demoprd00040,PRD-BAT-03,Batiment,Peinture murale (pot 20L),3.000,145.000,145.000,1.0000,14.00,19.00,19.00,false,374.100
demolfa01955,demofac00957,FAC-2026-0220,democli00056,2026-05-04,2,demoprd00029,PRD-LOG-03,Logiciels,Logiciel de gestion commerciale,1.000,2900.000,2900.000,1.0000,0.00,19.00,19.00,false,2900.000
demolfa01941,demofac00959,FAC-2026-0222,democli00057,2026-05-05,0,demoprd00006,SRV-DEV-02,Developpement,Application mobile (forfait),1.000,12000.000,12000.000,1.0000,0.00,19.00,19.00,false,12000.000
demolfa01982,demofac00960,FAC-2026-0223,democli00036,2026-05-06,0,demoprd00034,PRD-MED-01,Medical,Kit de premiers secours,16.000,75.000,75.000,1.0000,0.00,7.00,7.00,false,1200.000
demolfa01995,demofac00961,FAC-2026-0224,democli00019,2026-05-07,0,demoprd00025,PRD-INF-05,Informatique,Onduleur 1500VA,3.000,460.000,460.000,1.0000,0.00,19.00,19.00,false,1380.000
demolfa01996,demofac00961,FAC-2026-0224,democli00019,2026-05-07,1,demoprd00011,SRV-MNT-03,Maintenance,Support premium (annuel),1.000,3600.000,3600.000,1.0000,0.00,19.00,19.00,false,3600.000
demolfa01901,demofac00962,FAC-2026-0225,democli00020,2026-05-08,0,demoprd00018,SRV-HEB-03,Hebergement,Serveur dedie (mois),1.000,290.000,290.000,1.0000,0.00,19.00,19.00,false,290.000
demolfa01962,demofac00963,FAC-2026-0226,democli00049,2026-05-08,0,demoprd00001,SRV-CONS-01,Conseil,Conseil strategique (jour),3.000,850.000,850.000,1.0000,13.00,19.00,19.00,false,2218.500
demolfa01963,demofac00963,FAC-2026-0226,democli00049,2026-05-08,1,demoprd00020,SRV-TRA-02,Logistique,Stockage entrepot (m2/mois),104.000,12.000,12.000,1.0000,0.00,19.00,19.00,false,1248.000
demolfa01964,demofac00963,FAC-2026-0226,democli00049,2026-05-08,2,demoprd00028,PRD-LOG-02,Logiciels,Licence suite bureautique,13.000,320.000,320.000,1.0000,8.00,19.00,19.00,false,3827.200
demolfa01965,demofac00963,FAC-2026-0226,democli00049,2026-05-08,3,demoprd00027,PRD-LOG-01,Logiciels,Licence antivirus (poste),38.000,85.000,85.000,1.0000,0.00,19.00,19.00,false,3230.000
demolfa01972,demofac00964,FAC-2026-0227,democli00038,2026-05-08,0,demoprd00013,SRV-FOR-01,Formation,Formation bureautique (jour),2.000,420.000,420.000,1.0000,9.00,19.00,19.00,false,764.400
demolfa01973,demofac00964,FAC-2026-0227,democli00038,2026-05-08,1,demoprd00014,SRV-FOR-02,Formation,Formation cybersecurite,1.000,1800.000,1800.000,1.0000,0.00,19.00,19.00,false,1800.000
demolfa01974,demofac00964,FAC-2026-0227,democli00038,2026-05-08,2,demoprd00027,PRD-LOG-01,Logiciels,Licence antivirus (poste),32.000,85.000,85.000,1.0000,0.00,19.00,19.00,false,2720.000
demolfa01981,demofac00965,FAC-2026-0228,democli00049,2026-05-08,0,demoprd00003,SRV-CONS-03,Conseil,Accompagnement fiscal (heure),4.000,120.000,120.000,1.0000,0.00,19.00,19.00,false,480.000
demolfa01975,demofac00966,FAC-2026-0229,democli00052,2026-05-09,0,demoprd00011,SRV-MNT-03,Maintenance,Support premium (annuel),1.000,3600.000,3600.000,1.0000,0.00,19.00,19.00,false,3600.000
demolfa01976,demofac00966,FAC-2026-0229,democli00052,2026-05-09,1,demoprd00019,SRV-TRA-01,Logistique,Transport de marchandises,7.000,210.000,210.000,1.0000,0.00,7.00,7.00,false,1470.000
demolfa01977,demofac00966,FAC-2026-0229,democli00052,2026-05-09,2,demoprd00037,PRD-AGR-02,Agroalimentaire,Dattes Deglet Nour (carton),316.000,42.000,42.000,1.0000,0.00,13.00,13.00,false,13272.000
demolfa01895,demofac00967,FAC-2026-0230,democli00011,2026-05-10,0,demoprd00035,PRD-MED-02,Medical,Gants nitrile (boite),243.000,18.000,18.000,1.0000,0.00,7.00,7.00,false,4374.000
demolfa01997,demofac00968,FAC-2026-0231,democli00011,2026-05-10,0,demoprd00011,SRV-MNT-03,Maintenance,Support premium (annuel),1.000,3600.000,3600.000,1.0000,0.00,19.00,19.00,false,3600.000
demolfa01998,demofac00968,FAC-2026-0231,democli00011,2026-05-10,1,demoprd00006,SRV-DEV-02,Developpement,Application mobile (forfait),1.000,12000.000,12000.000,1.0000,0.00,19.00,19.00,false,12000.000
demolfa01999,demofac00968,FAC-2026-0231,democli00011,2026-05-10,2,demoprd00020,SRV-TRA-02,Logistique,Stockage entrepot (m2/mois),71.000,12.000,12.000,1.0000,0.00,19.00,19.00,false,852.000
demolfa01937,demofac00969,FAC-2026-0232,democli00033,2026-05-11,0,demoprd00027,PRD-LOG-01,Logiciels,Licence antivirus (poste),73.000,85.000,85.000,1.0000,0.00,19.00,19.00,false,6205.000
demolfa01900,demofac00970,FAC-2026-0233,democli00040,2026-05-13,0,demoprd00034,PRD-MED-01,Medical,Kit de premiers secours,27.000,75.000,75.000,1.0000,9.00,7.00,7.00,false,1842.750
demolfa01935,demofac00971,FAC-2026-0234,democli00017,2026-05-13,0,demoprd00022,PRD-INF-02,Informatique,Ecran 27 pouces,12.000,690.000,690.000,1.0000,0.00,19.00,19.00,false,8280.000
demolfa01936,demofac00971,FAC-2026-0234,democli00017,2026-05-13,1,demoprd00023,PRD-INF-03,Informatique,Imprimante laser,1.000,980.000,980.000,1.0000,0.00,19.00,19.00,false,980.000
demolfa01944,demofac00972,FAC-2026-0235,democli00029,2026-05-13,0,demoprd00032,PRD-FOU-03,Fournitures,Classeur archive,300.000,6.800,6.800,1.0000,0.00,19.00,19.00,false,2040.000
demolfa01966,demofac00973,FAC-2026-0236,democli00055,2026-05-13,0,demoprd00028,PRD-LOG-02,Logiciels,Licence suite bureautique,17.000,320.000,320.000,1.0000,0.00,19.00,19.00,false,5440.000
demolfa01967,demofac00973,FAC-2026-0236,democli00055,2026-05-13,1,demoprd00002,SRV-CONS-02,Conseil,Audit organisationnel,1.000,3200.000,3200.000,1.0000,0.00,19.00,19.00,false,3200.000
demolfa01905,demofac00974,FAC-2026-0237,democli00022,2026-05-14,0,demoprd00037,PRD-AGR-02,Agroalimentaire,Dattes Deglet Nour (carton),268.000,42.000,42.000,1.0000,11.00,13.00,13.00,false,10017.840
demolfa01914,demofac00975,FAC-2026-0238,democli00027,2026-05-14,0,demoprd00006,SRV-DEV-02,Developpement,Application mobile (forfait),1.000,12000.000,12000.000,1.0000,0.00,19.00,19.00,false,12000.000
demolfa01968,demofac00976,FAC-2026-0239,democli00027,2026-05-14,0,demoprd00032,PRD-FOU-03,Fournitures,Classeur archive,283.000,6.800,6.800,1.0000,8.00,19.00,19.00,false,1770.448
demolfa01969,demofac00976,FAC-2026-0239,democli00027,2026-05-14,1,demoprd00008,SRV-DEV-04,Developpement,Site vitrine,1.000,2400.000,2400.000,1.0000,0.00,19.00,19.00,false,2400.000
demolfa01896,demofac00977,FAC-2026-0240,democli00027,2026-05-15,0,demoprd00007,SRV-DEV-03,Developpement,Integration ERP (jour),15.000,600.000,600.000,1.0000,0.00,19.00,19.00,false,9000.000
demolfa01897,demofac00977,FAC-2026-0240,democli00027,2026-05-15,1,demoprd00032,PRD-FOU-03,Fournitures,Classeur archive,169.000,6.800,6.800,1.0000,0.00,19.00,19.00,false,1149.200
demolfa01898,demofac00977,FAC-2026-0240,democli00027,2026-05-15,2,demoprd00033,PRD-FOU-04,Fournitures,Mobilier de bureau (poste),11.000,1250.000,1250.000,1.0000,9.00,19.00,19.00,false,12512.500
demolfa01899,demofac00977,FAC-2026-0240,democli00027,2026-05-15,3,demoprd00005,SRV-DEV-01,Developpement,Developpement web (jour),10.000,450.000,450.000,1.0000,0.00,19.00,19.00,false,4500.000
demolfa01918,demofac00978,FAC-2026-0241,democli00049,2026-05-15,0,demoprd00027,PRD-LOG-01,Logiciels,Licence antivirus (poste),30.000,85.000,85.000,1.0000,0.00,19.00,19.00,false,2550.000
demolfa01919,demofac00978,FAC-2026-0241,democli00049,2026-05-15,1,demoprd00007,SRV-DEV-03,Developpement,Integration ERP (jour),4.000,600.000,600.000,1.0000,0.00,19.00,19.00,false,2400.000
demolfa02375,demofac00979,FAC-2026-0242,democli00027,2026-05-16,0,demoprd00032,PRD-FOU-03,Fournitures,Classeur archive,283.000,6.800,6.800,1.0000,8.00,19.00,19.00,false,1770.448
demolfa02376,demofac00979,FAC-2026-0242,democli00027,2026-05-16,1,demoprd00008,SRV-DEV-04,Developpement,Site vitrine,1.000,2400.000,2400.000,1.0000,0.00,19.00,19.00,false,2400.000
demolfa01883,demofac00980,FAC-2026-0243,democli00008,2026-05-17,0,demoprd00009,SRV-MNT-01,Maintenance,Maintenance mensuelle,2.000,380.000,380.000,1.0000,0.00,19.00,19.00,false,760.000
demolfa01884,demofac00980,FAC-2026-0243,democli00008,2026-05-17,1,demoprd00021,PRD-INF-01,Informatique,Ordinateur portable pro,7.000,2350.000,2350.000,1.0000,0.00,19.00,19.00,false,16450.000
demolfa01892,demofac00981,FAC-2026-0244,democli00001,2026-05-17,0,demoprd00007,SRV-DEV-03,Developpement,Integration ERP (jour),9.000,600.000,600.000,1.0000,0.00,19.00,19.00,false,5400.000
demolfa01915,demofac00982,FAC-2026-0245,democli00006,2026-05-17,0,demoprd00022,PRD-INF-02,Informatique,Ecran 27 pouces,7.000,690.000,690.000,1.0000,0.00,19.00,19.00,false,4830.000
demolfa01947,demofac00983,FAC-2026-0246,democli00048,2026-05-17,0,demoprd00022,PRD-INF-02,Informatique,Ecran 27 pouces,5.000,690.000,690.000,1.0000,0.00,19.00,19.00,false,3450.000
demolfa01948,demofac00983,FAC-2026-0246,democli00048,2026-05-17,1,demoprd00032,PRD-FOU-03,Fournitures,Classeur archive,141.000,6.800,6.800,1.0000,84.00,19.00,19.00,false,153.408
demolfa01980,demofac00984,FAC-2026-0247,democli00023,2026-05-18,0,demoprd00028,PRD-LOG-02,Logiciels,Licence suite bureautique,16.000,320.000,320.000,1.0000,0.00,19.00,19.00,false,5120.000
demolfa01885,demofac00985,FAC-2026-0248,democli00003,2026-05-20,0,demoprd00005,SRV-DEV-01,Developpement,Developpement web (jour),3.000,450.000,450.000,1.0000,0.00,19.00,19.00,false,1350.000
demolfa01906,demofac00986,FAC-2026-0249,democli00002,2026-05-20,0,demoprd00032,PRD-FOU-03,Fournitures,Classeur archive,53.000,6.800,6.800,1.0000,15.00,19.00,19.00,false,306.340
demolfa01907,demofac00986,FAC-2026-0249,democli00002,2026-05-20,1,demoprd00030,PRD-FOU-01,Fournitures,Ramette papier A4,140.000,14.500,14.500,1.0000,0.00,19.00,19.00,false,2030.000
demolfa01908,demofac00987,FAC-2026-0250,democli00049,2026-05-20,0,demoprd00004,SRV-CONS-04,Conseil,Etude de marche,1.000,4500.000,4500.000,1.0000,0.00,19.00,19.00,false,4500.000
demolfa01909,demofac00987,FAC-2026-0250,democli00049,2026-05-20,1,demoprd00031,PRD-FOU-02,Fournitures,Cartouche toner,4.000,165.000,165.000,1.0000,10.00,19.00,19.00,false,594.000
demolfa01916,demofac00988,FAC-2026-0251,democli00042,2026-05-21,0,demoprd00023,PRD-INF-03,Informatique,Imprimante laser,2.000,980.000,980.000,1.0000,0.00,19.00,19.00,false,1960.000
demolfa01917,demofac00988,FAC-2026-0251,democli00042,2026-05-21,1,demoprd00024,PRD-INF-04,Informatique,Routeur professionnel,2.000,540.000,540.000,1.0000,0.00,19.00,19.00,false,1080.000
demolfa01920,demofac00989,FAC-2026-0252,democli00003,2026-05-21,0,demoprd00008,SRV-DEV-04,Developpement,Site vitrine,1.000,2400.000,2400.000,1.0000,0.00,19.00,19.00,false,2400.000
demolfa01921,demofac00989,FAC-2026-0252,democli00003,2026-05-21,1,demoprd00020,SRV-TRA-02,Logistique,Stockage entrepot (m2/mois),82.000,12.000,12.000,1.0000,0.00,19.00,19.00,false,984.000
demolfa01910,demofac00990,FAC-2026-0253,democli00001,2026-05-22,0,demoprd00025,PRD-INF-05,Informatique,Onduleur 1500VA,6.000,460.000,460.000,1.0000,10.00,19.00,19.00,false,2484.000
demolfa01929,demofac00991,FAC-2026-0254,democli00047,2026-05-22,0,demoprd00006,SRV-DEV-02,Developpement,Application mobile (forfait),1.000,12000.000,12000.000,1.0000,0.00,19.00,19.00,false,12000.000
demolfa01930,demofac00992,FAC-2026-0255,democli00056,2026-05-22,0,demoprd00040,PRD-BAT-03,Batiment,Peinture murale (pot 20L),25.000,145.000,145.000,1.0000,0.00,19.00,19.00,false,3625.000
demolfa01931,demofac00992,FAC-2026-0255,democli00056,2026-05-22,1,demoprd00028,PRD-LOG-02,Logiciels,Licence suite bureautique,12.000,320.000,320.000,1.0000,0.00,19.00,19.00,false,3840.000
demolfa01949,demofac00993,FAC-2026-0256,democli00060,2026-05-22,0,demoprd00037,PRD-AGR-02,Agroalimentaire,Dattes Deglet Nour (carton),81.000,42.000,42.000,1.0000,0.00,13.00,13.00,false,3402.000
demolfa01950,demofac00993,FAC-2026-0256,democli00060,2026-05-22,1,demoprd00011,SRV-MNT-03,Maintenance,Support premium (annuel),1.000,3600.000,3600.000,1.0000,0.00,19.00,19.00,false,3600.000
demolfa01951,demofac00993,FAC-2026-0256,democli00060,2026-05-22,2,demoprd00009,SRV-MNT-01,Maintenance,Maintenance mensuelle,1.000,380.000,380.000,1.0000,0.00,19.00,19.00,false,380.000
demolfa01952,demofac00993,FAC-2026-0256,democli00060,2026-05-22,3,demoprd00012,SRV-MNT-04,Maintenance,Sauvegarde externalisee,4.000,95.000,95.000,1.0000,0.00,19.00,19.00,false,380.000
demolfa01978,demofac00994,FAC-2026-0257,democli00003,2026-05-23,0,demoprd00019,SRV-TRA-01,Logistique,Transport de marchandises,2.000,210.000,210.000,1.0000,0.00,7.00,7.00,false,420.000
demolfa01979,demofac00994,FAC-2026-0257,democli00003,2026-05-23,1,demoprd00007,SRV-DEV-03,Developpement,Integration ERP (jour),4.000,600.000,600.000,1.0000,0.00,19.00,19.00,false,2400.000
demolfa01886,demofac00995,FAC-2026-0258,democli00020,2026-05-24,0,demoprd00018,SRV-HEB-03,Hebergement,Serveur dedie (mois),3.000,290.000,290.000,1.0000,0.00,19.00,19.00,false,870.000
demolfa01887,demofac00995,FAC-2026-0258,democli00020,2026-05-24,1,demoprd00032,PRD-FOU-03,Fournitures,Classeur archive,36.000,6.800,6.800,1.0000,0.00,19.00,19.00,false,244.800
demolfa01888,demofac00995,FAC-2026-0258,democli00020,2026-05-24,2,demoprd00017,SRV-HEB-02,Hebergement,Nom de domaine .tn,1.000,45.000,45.000,1.0000,8.00,19.00,19.00,false,41.400
demolfa01889,demofac00995,FAC-2026-0258,democli00020,2026-05-24,3,demoprd00016,SRV-HEB-01,Hebergement,Hebergement web (annuel),1.000,540.000,540.000,1.0000,0.00,19.00,19.00,false,540.000
demolfa01933,demofac00996,FAC-2026-0259,democli00049,2026-05-24,0,demoprd00029,PRD-LOG-03,Logiciels,Logiciel de gestion commerciale,1.000,2900.000,2900.000,1.0000,0.00,19.00,19.00,false,2900.000
demolfa01934,demofac00996,FAC-2026-0259,democli00049,2026-05-24,1,demoprd00028,PRD-LOG-02,Logiciels,Licence suite bureautique,11.000,320.000,320.000,1.0000,0.00,19.00,19.00,false,3520.000
demolfa01983,demofac00997,FAC-2026-0260,democli00030,2026-05-24,0,demoprd00005,SRV-DEV-01,Developpement,Developpement web (jour),19.000,450.000,450.000,1.0000,69.00,19.00,19.00,false,2650.500
demolfa01984,demofac00997,FAC-2026-0260,democli00030,2026-05-24,1,demoprd00001,SRV-CONS-01,Conseil,Conseil strategique (jour),8.000,850.000,850.000,1.0000,0.00,19.00,19.00,false,6800.000
demolfa01985,demofac00997,FAC-2026-0260,democli00030,2026-05-24,2,demoprd00038,PRD-BAT-01,Batiment,Ciment (tonne),60.000,310.000,310.000,1.0000,8.00,19.00,19.00,false,17112.000
demolfa01989,demofac00998,FAC-2026-0261,democli00019,2026-05-24,0,demoprd00024,PRD-INF-04,Informatique,Routeur professionnel,5.000,540.000,540.000,1.0000,0.00,19.00,19.00,false,2700.000
demolfa01990,demofac00998,FAC-2026-0261,democli00019,2026-05-24,1,demoprd00035,PRD-MED-02,Medical,Gants nitrile (boite),400.000,18.000,18.000,1.0000,0.00,7.00,7.00,false,7200.000
demolfa01993,demofac00999,FAC-2026-0262,democli00057,2026-05-24,0,demoprd00026,PRD-INF-06,Informatique,Disque SSD 1To,2.000,310.000,310.000,1.0000,0.00,19.00,19.00,false,620.000
demolfa01994,demofac00999,FAC-2026-0262,democli00057,2026-05-24,1,demoprd00013,SRV-FOR-01,Formation,Formation bureautique (jour),2.000,420.000,420.000,1.0000,0.00,19.00,19.00,false,840.000
demolfa01922,demofac01000,FAC-2026-0263,democli00049,2026-05-26,0,demoprd00003,SRV-CONS-03,Conseil,Accompagnement fiscal (heure),3.000,120.000,120.000,1.0000,0.00,19.00,19.00,false,360.000
demolfa01923,demofac01000,FAC-2026-0263,democli00049,2026-05-26,1,demoprd00001,SRV-CONS-01,Conseil,Conseil strategique (jour),1.000,850.000,850.000,1.0000,0.00,19.00,19.00,false,850.000
demolfa01924,demofac01000,FAC-2026-0263,democli00049,2026-05-26,2,demoprd00028,PRD-LOG-02,Logiciels,Licence suite bureautique,3.000,320.000,320.000,1.0000,0.00,19.00,19.00,false,960.000
demolfa01945,demofac01001,FAC-2026-0264,democli00042,2026-05-26,0,demoprd00023,PRD-INF-03,Informatique,Imprimante laser,2.000,980.000,980.000,1.0000,0.00,19.00,19.00,false,1960.000
demolfa01946,demofac01001,FAC-2026-0264,democli00042,2026-05-26,1,demoprd00021,PRD-INF-01,Informatique,Ordinateur portable pro,3.000,2350.000,2350.000,1.0000,0.00,19.00,19.00,false,7050.000
demolfa01890,demofac01002,FAC-2026-0265,democli00048,2026-05-27,0,demoprd00030,PRD-FOU-01,Fournitures,Ramette papier A4,135.000,14.500,14.500,1.0000,0.00,19.00,19.00,false,1957.500
demolfa02385,demofac01003,FAC-2026-0266,democli00048,2026-05-27,0,demoprd00030,PRD-FOU-01,Fournitures,Ramette papier A4,135.000,14.500,14.500,1.0000,0.00,19.00,19.00,false,1957.500
demolfa01932,demofac01005,FAC-2026-0268,democli00054,2026-05-28,0,demoprd00022,PRD-INF-02,Informatique,Ecran 27 pouces,12.000,690.000,690.000,1.0000,13.00,19.00,19.00,false,7203.600
demolfa01991,demofac01006,FAC-2026-0269,democli00040,2026-05-28,0,demoprd00033,PRD-FOU-04,Fournitures,Mobilier de bureau (poste),7.000,1250.000,1250.000,1.0000,0.00,19.00,19.00,false,8750.000
demolfa01992,demofac01006,FAC-2026-0269,democli00040,2026-05-28,1,demoprd00013,SRV-FOR-01,Formation,Formation bureautique (jour),2.000,420.000,420.000,1.0000,0.00,19.00,19.00,false,840.000
demolfa01956,demofac01008,FAC-2026-0271,democli00031,2026-05-29,0,demoprd00003,SRV-CONS-03,Conseil,Accompagnement fiscal (heure),2.000,120.000,120.000,1.0000,0.00,19.00,19.00,false,240.000
demolfa01957,demofac01008,FAC-2026-0271,democli00031,2026-05-29,1,demoprd00002,SRV-CONS-02,Conseil,Audit organisationnel,1.000,3200.000,3200.000,1.0000,0.00,19.00,19.00,false,3200.000
demolfa01958,demofac01008,FAC-2026-0271,democli00031,2026-05-29,2,demoprd00023,PRD-INF-03,Informatique,Imprimante laser,1.000,980.000,980.000,1.0000,0.00,19.00,19.00,false,980.000
demolfa01959,demofac01008,FAC-2026-0271,democli00031,2026-05-29,3,demoprd00004,SRV-CONS-04,Conseil,Etude de marche,1.000,4500.000,4500.000,1.0000,0.00,19.00,19.00,false,4500.000
demolfa01938,demofac01009,FAC-2026-0272,democli00040,2026-05-30,0,demoprd00014,SRV-FOR-02,Formation,Formation cybersecurite,1.000,1800.000,1800.000,1.0000,0.00,19.00,19.00,false,1800.000
demolfa01939,demofac01009,FAC-2026-0272,democli00040,2026-05-30,1,demoprd00013,SRV-FOR-01,Formation,Formation bureautique (jour),3.000,420.000,420.000,1.0000,0.00,19.00,19.00,false,1260.000
demolfa01940,demofac01009,FAC-2026-0272,democli00040,2026-05-30,2,demoprd00040,PRD-BAT-03,Batiment,Peinture murale (pot 20L),62.000,145.000,145.000,1.0000,0.00,19.00,19.00,false,8990.000
demolfa01986,demofac01010,FAC-2026-0273,democli00021,2026-05-30,0,demoprd00015,SRV-FOR-03,Formation,Formation comptabilite,1.000,650.000,650.000,1.0000,0.00,19.00,19.00,false,650.000
demolfa01987,demofac01010,FAC-2026-0273,democli00021,2026-05-30,1,demoprd00014,SRV-FOR-02,Formation,Formation cybersecurite,1.000,1800.000,1800.000,1.0000,0.00,19.00,19.00,false,1800.000
demolfa01942,demofac01011,FAC-2026-0274,democli00048,2026-05-31,0,demoprd00002,SRV-CONS-02,Conseil,Audit organisationnel,1.000,3200.000,3200.000,1.0000,0.00,19.00,19.00,false,3200.000
demolfa01943,demofac01011,FAC-2026-0274,democli00048,2026-05-31,1,demoprd00030,PRD-FOU-01,Fournitures,Ramette papier A4,56.000,14.500,14.500,1.0000,14.00,19.00,19.00,false,698.320
demolfa01970,demofac01012,FAC-2026-0275,democli00046,2026-05-31,0,demoprd00025,PRD-INF-05,Informatique,Onduleur 1500VA,5.000,460.000,460.000,1.0000,0.00,19.00,19.00,false,2300.000
demolfa01971,demofac01012,FAC-2026-0275,democli00046,2026-05-31,1,demoprd00037,PRD-AGR-02,Agroalimentaire,Dattes Deglet Nour (carton),288.000,42.000,42.000,1.0000,0.00,13.00,13.00,false,12096.000
demolfa02023,demofac01013,FAC-2026-0276,democli00045,2026-06-01,0,demoprd00040,PRD-BAT-03,Batiment,Peinture murale (pot 20L),66.000,145.000,145.000,1.0000,0.00,19.00,19.00,false,9570.000
demolfa02024,demofac01013,FAC-2026-0276,democli00045,2026-06-01,1,demoprd00030,PRD-FOU-01,Fournitures,Ramette papier A4,40.000,14.500,14.500,1.0000,0.00,19.00,19.00,false,580.000
demolfa02009,demofac01014,FAC-2026-0277,democli00008,2026-06-02,0,demoprd00025,PRD-INF-05,Informatique,Onduleur 1500VA,4.000,460.000,460.000,1.0000,0.00,19.00,19.00,false,1840.000
demolfa02025,demofac01015,FAC-2026-0278,democli00058,2026-06-02,0,demoprd00019,SRV-TRA-01,Logistique,Transport de marchandises,4.000,210.000,210.000,1.0000,0.00,7.00,7.00,false,840.000
demolfa02026,demofac01015,FAC-2026-0278,democli00058,2026-06-02,1,demoprd00020,SRV-TRA-02,Logistique,Stockage entrepot (m2/mois),269.000,12.000,12.000,1.0000,6.00,19.00,19.00,false,3034.320
demolfa02027,demofac01015,FAC-2026-0278,democli00058,2026-06-02,2,demoprd00039,PRD-BAT-02,Batiment,Carrelage (m2),432.000,38.000,38.000,1.0000,0.00,19.00,19.00,false,16416.000
demolfa02031,demofac01016,FAC-2026-0279,democli00049,2026-06-02,0,demoprd00001,SRV-CONS-01,Conseil,Conseil strategique (jour),2.000,850.000,850.000,1.0000,0.00,19.00,19.00,false,1700.000
demolfa02049,demofac01017,FAC-2026-0280,democli00049,2026-06-02,0,demoprd00004,SRV-CONS-04,Conseil,Etude de marche,1.000,4500.000,4500.000,1.0000,0.00,19.00,19.00,false,4500.000
demolfa02050,demofac01017,FAC-2026-0280,democli00049,2026-06-02,1,demoprd00003,SRV-CONS-03,Conseil,Accompagnement fiscal (heure),8.000,120.000,120.000,1.0000,12.00,19.00,19.00,false,844.800
demolfa02017,demofac01018,FAC-2026-0281,democli00038,2026-06-03,0,demoprd00015,SRV-FOR-03,Formation,Formation comptabilite,2.000,650.000,650.000,1.0000,0.00,19.00,19.00,false,1300.000
demolfa02071,demofac01019,FAC-2026-0282,democli00055,2026-06-03,0,demoprd00002,SRV-CONS-02,Conseil,Audit organisationnel,1.000,3200.000,3200.000,1.0000,0.00,19.00,19.00,false,3200.000
demolfa02020,demofac01020,FAC-2026-0283,democli00028,2026-06-04,0,demoprd00040,PRD-BAT-03,Batiment,Peinture murale (pot 20L),19.000,145.000,145.000,1.0000,5.00,19.00,19.00,false,2617.250
demolfa02021,demofac01020,FAC-2026-0283,democli00028,2026-06-04,1,demoprd00018,SRV-HEB-03,Hebergement,Serveur dedie (mois),8.000,290.000,290.000,1.0000,0.00,19.00,19.00,false,2320.000
demolfa02022,demofac01020,FAC-2026-0283,democli00028,2026-06-04,2,demoprd00023,PRD-INF-03,Informatique,Imprimante laser,3.000,980.000,980.000,1.0000,0.00,19.00,19.00,false,2940.000
demolfa02043,demofac01021,FAC-2026-0284,democli00036,2026-06-05,0,demoprd00030,PRD-FOU-01,Fournitures,Ramette papier A4,133.000,14.500,14.500,1.0000,0.00,19.00,19.00,false,1928.500
demolfa02052,demofac01022,FAC-2026-0285,democli00014,2026-06-05,0,demoprd00011,SRV-MNT-03,Maintenance,Support premium (annuel),1.000,3600.000,3600.000,1.0000,0.00,19.00,19.00,false,3600.000
demolfa02053,demofac01022,FAC-2026-0285,democli00014,2026-06-05,1,demoprd00005,SRV-DEV-01,Developpement,Developpement web (jour),7.000,450.000,450.000,1.0000,0.00,19.00,19.00,false,3150.000
demolfa02054,demofac01022,FAC-2026-0285,democli00014,2026-06-05,2,demoprd00010,SRV-MNT-02,Maintenance,Intervention sur site,4.000,150.000,150.000,1.0000,0.00,19.00,19.00,false,600.000
demolfa02095,demofac01023,FAC-2026-0286,democli00012,2026-06-05,0,demoprd00015,SRV-FOR-03,Formation,Formation comptabilite,2.000,650.000,650.000,1.0000,13.00,19.00,19.00,false,1131.000
demolfa02096,demofac01023,FAC-2026-0286,democli00012,2026-06-05,1,demoprd00014,SRV-FOR-02,Formation,Formation cybersecurite,1.000,1800.000,1800.000,1.0000,0.00,19.00,19.00,false,1800.000
demolfa02097,demofac01023,FAC-2026-0286,democli00012,2026-06-05,2,demoprd00025,PRD-INF-05,Informatique,Onduleur 1500VA,4.000,460.000,460.000,1.0000,0.00,19.00,19.00,false,1840.000
demolfa02068,demofac01025,FAC-2026-0288,democli00019,2026-06-06,0,demoprd00040,PRD-BAT-03,Batiment,Peinture murale (pot 20L),8.000,145.000,145.000,1.0000,0.00,19.00,19.00,false,1160.000
demolfa02099,demofac01026,FAC-2026-0289,democli00028,2026-06-06,0,demoprd00039,PRD-BAT-02,Batiment,Carrelage (m2),525.000,38.000,38.000,1.0000,0.00,19.00,19.00,false,19950.000
demolfa02100,demofac01026,FAC-2026-0289,democli00028,2026-06-06,1,demoprd00016,SRV-HEB-01,Hebergement,Hebergement web (annuel),2.000,540.000,540.000,1.0000,0.00,19.00,19.00,false,1080.000
demolfa02004,demofac01027,FAC-2026-0290,democli00053,2026-06-07,0,demoprd00010,SRV-MNT-02,Maintenance,Intervention sur site,2.000,150.000,150.000,1.0000,0.00,19.00,19.00,false,300.000
demolfa02005,demofac01027,FAC-2026-0290,democli00053,2026-06-07,1,demoprd00002,SRV-CONS-02,Conseil,Audit organisationnel,1.000,3200.000,3200.000,1.0000,0.00,19.00,19.00,false,3200.000
demolfa02028,demofac01028,FAC-2026-0291,democli00053,2026-06-07,0,demoprd00009,SRV-MNT-01,Maintenance,Maintenance mensuelle,2.000,380.000,380.000,1.0000,0.00,19.00,19.00,false,760.000
demolfa02029,demofac01028,FAC-2026-0291,democli00053,2026-06-07,1,demoprd00034,PRD-MED-01,Medical,Kit de premiers secours,29.000,75.000,75.000,1.0000,0.00,7.00,7.00,false,2175.000
demolfa02030,demofac01028,FAC-2026-0291,democli00053,2026-06-07,2,demoprd00040,PRD-BAT-03,Batiment,Peinture murale (pot 20L),51.000,145.000,145.000,1.0000,0.00,19.00,19.00,false,7395.000
demolfa02041,demofac01029,FAC-2026-0292,democli00023,2026-06-07,0,demoprd00028,PRD-LOG-02,Logiciels,Licence suite bureautique,24.000,320.000,320.000,1.0000,0.00,19.00,19.00,false,7680.000
demolfa02076,demofac01030,FAC-2026-0293,democli00010,2026-06-08,0,demoprd00031,PRD-FOU-02,Fournitures,Cartouche toner,21.000,165.000,165.000,1.0000,0.00,19.00,19.00,false,3465.000
demolfa02000,demofac01031,FAC-2026-0294,democli00014,2026-06-09,0,demoprd00012,SRV-MNT-04,Maintenance,Sauvegarde externalisee,3.000,95.000,95.000,1.0000,0.00,19.00,19.00,false,285.000
demolfa02001,demofac01031,FAC-2026-0294,democli00014,2026-06-09,1,demoprd00028,PRD-LOG-02,Logiciels,Licence suite bureautique,2.000,320.000,320.000,1.0000,0.00,19.00,19.00,false,640.000
demolfa02002,demofac01031,FAC-2026-0294,democli00014,2026-06-09,2,demoprd00009,SRV-MNT-01,Maintenance,Maintenance mensuelle,2.000,380.000,380.000,1.0000,0.00,19.00,19.00,false,760.000
demolfa02085,demofac01032,FAC-2026-0295,democli00053,2026-06-09,0,demoprd00010,SRV-MNT-02,Maintenance,Intervention sur site,2.000,150.000,150.000,1.0000,0.00,19.00,19.00,false,300.000
demolfa02086,demofac01032,FAC-2026-0295,democli00053,2026-06-09,1,demoprd00012,SRV-MNT-04,Maintenance,Sauvegarde externalisee,5.000,95.000,95.000,1.0000,0.00,19.00,19.00,false,475.000
demolfa02010,demofac01033,FAC-2026-0296,democli00056,2026-06-10,0,demoprd00028,PRD-LOG-02,Logiciels,Licence suite bureautique,13.000,320.000,320.000,1.0000,0.00,19.00,19.00,false,4160.000
demolfa02011,demofac01034,FAC-2026-0297,democli00050,2026-06-10,0,demoprd00023,PRD-INF-03,Informatique,Imprimante laser,3.000,980.000,980.000,1.0000,0.00,19.00,19.00,false,2940.000
demolfa02087,demofac01035,FAC-2026-0298,democli00018,2026-06-10,0,demoprd00020,SRV-TRA-02,Logistique,Stockage entrepot (m2/mois),67.000,12.000,12.000,1.0000,0.00,19.00,19.00,false,804.000
demolfa02088,demofac01036,FAC-2026-0299,democli00010,2026-06-11,0,demoprd00020,SRV-TRA-02,Logistique,Stockage entrepot (m2/mois),300.000,12.000,12.000,1.0000,0.00,19.00,19.00,false,3600.000
demolfa02089,demofac01036,FAC-2026-0299,democli00010,2026-06-11,1,demoprd00040,PRD-BAT-03,Batiment,Peinture murale (pot 20L),80.000,145.000,145.000,1.0000,0.00,19.00,19.00,false,11600.000
demolfa02090,demofac01036,FAC-2026-0299,democli00010,2026-06-11,2,demoprd00015,SRV-FOR-03,Formation,Formation comptabilite,2.000,650.000,650.000,1.0000,0.00,19.00,19.00,false,1300.000
demolfa02045,demofac01037,FAC-2026-0300,democli00035,2026-06-12,0,demoprd00035,PRD-MED-02,Medical,Gants nitrile (boite),79.000,18.000,18.000,1.0000,0.00,7.00,7.00,false,1422.000
demolfa02063,demofac01038,FAC-2026-0301,democli00037,2026-06-12,0,demoprd00038,PRD-BAT-01,Batiment,Ciment (tonne),15.000,310.000,310.000,1.0000,0.00,19.00,19.00,false,4650.000
demolfa02084,demofac01039,FAC-2026-0302,democli00003,2026-06-12,0,demoprd00019,SRV-TRA-01,Logistique,Transport de marchandises,1.000,210.000,210.000,1.0000,0.00,7.00,7.00,false,210.000
demolfa02061,demofac01040,FAC-2026-0303,democli00019,2026-06-13,0,demoprd00038,PRD-BAT-01,Batiment,Ciment (tonne),10.000,310.000,310.000,1.0000,0.00,19.00,19.00,false,3100.000
demolfa02062,demofac01040,FAC-2026-0303,democli00019,2026-06-13,1,demoprd00039,PRD-BAT-02,Batiment,Carrelage (m2),800.000,38.000,38.000,1.0000,0.00,19.00,19.00,false,30400.000
demolfa02083,demofac01041,FAC-2026-0304,democli00028,2026-06-13,0,demoprd00040,PRD-BAT-03,Batiment,Peinture murale (pot 20L),8.000,145.000,145.000,1.0000,0.00,19.00,19.00,false,1160.000
demolfa02012,demofac01042,FAC-2026-0305,democli00023,2026-06-14,0,demoprd00028,PRD-LOG-02,Logiciels,Licence suite bureautique,10.000,320.000,320.000,1.0000,6.00,19.00,19.00,false,3008.000
demolfa02013,demofac01042,FAC-2026-0305,democli00023,2026-06-14,1,demoprd00029,PRD-LOG-03,Logiciels,Logiciel de gestion commerciale,2.000,2900.000,2900.000,1.0000,0.00,19.00,19.00,false,5800.000
demolfa02006,demofac01043,FAC-2026-0306,democli00011,2026-06-15,0,demoprd00005,SRV-DEV-01,Developpement,Developpement web (jour),4.000,450.000,450.000,1.0000,0.00,19.00,19.00,false,1800.000
demolfa02018,demofac01044,FAC-2026-0307,democli00049,2026-06-15,0,demoprd00027,PRD-LOG-01,Logiciels,Licence antivirus (poste),26.000,85.000,85.000,1.0000,0.00,19.00,19.00,false,2210.000
demolfa02019,demofac01044,FAC-2026-0307,democli00049,2026-06-15,1,demoprd00003,SRV-CONS-03,Conseil,Accompagnement fiscal (heure),3.000,120.000,120.000,1.0000,0.00,19.00,19.00,false,360.000
demolfa02067,demofac01045,FAC-2026-0308,democli00016,2026-06-15,0,demoprd00030,PRD-FOU-01,Fournitures,Ramette papier A4,42.000,14.500,14.500,1.0000,9.00,19.00,19.00,false,554.190
demolfa02069,demofac01046,FAC-2026-0309,democli00013,2026-06-17,0,demoprd00002,SRV-CONS-02,Conseil,Audit organisationnel,1.000,3200.000,3200.000,1.0000,0.00,19.00,19.00,false,3200.000
demolfa02070,demofac01046,FAC-2026-0309,democli00013,2026-06-17,1,demoprd00003,SRV-CONS-03,Conseil,Accompagnement fiscal (heure),11.000,120.000,120.000,1.0000,0.00,19.00,19.00,false,1320.000
demolfa02047,demofac01047,FAC-2026-0310,democli00050,2026-06-18,0,demoprd00021,PRD-INF-01,Informatique,Ordinateur portable pro,2.000,2350.000,2350.000,1.0000,0.00,19.00,19.00,false,4700.000
demolfa02048,demofac01047,FAC-2026-0310,democli00050,2026-06-18,1,demoprd00033,PRD-FOU-04,Fournitures,Mobilier de bureau (poste),12.000,1250.000,1250.000,1.0000,0.00,19.00,19.00,false,15000.000
demolfa02081,demofac01048,FAC-2026-0311,democli00049,2026-06-18,0,demoprd00002,SRV-CONS-02,Conseil,Audit organisationnel,1.000,3200.000,3200.000,1.0000,0.00,19.00,19.00,false,3200.000
demolfa02082,demofac01048,FAC-2026-0311,democli00049,2026-06-18,1,demoprd00004,SRV-CONS-04,Conseil,Etude de marche,1.000,4500.000,4500.000,1.0000,0.00,19.00,19.00,false,4500.000
demolfa02101,demofac01049,FAC-2026-0312,democli00022,2026-06-18,0,demoprd00027,PRD-LOG-01,Logiciels,Licence antivirus (poste),25.000,85.000,85.000,1.0000,0.00,19.00,19.00,false,2125.000
demolfa02102,demofac01049,FAC-2026-0312,democli00022,2026-06-18,1,demoprd00037,PRD-AGR-02,Agroalimentaire,Dattes Deglet Nour (carton),155.000,42.000,42.000,1.0000,0.00,13.00,13.00,false,6510.000
demolfa02103,demofac01049,FAC-2026-0312,democli00022,2026-06-18,2,demoprd00028,PRD-LOG-02,Logiciels,Licence suite bureautique,11.000,320.000,320.000,1.0000,0.00,19.00,19.00,false,3520.000
demolfa02046,demofac01050,FAC-2026-0313,democli00006,2026-06-19,0,demoprd00032,PRD-FOU-03,Fournitures,Classeur archive,223.000,6.800,6.800,1.0000,12.00,19.00,19.00,false,1334.432
demolfa02055,demofac01051,FAC-2026-0314,democli00031,2026-06-19,0,demoprd00014,SRV-FOR-02,Formation,Formation cybersecurite,1.000,1800.000,1800.000,1.0000,0.00,19.00,19.00,false,1800.000
demolfa02058,demofac01052,FAC-2026-0315,democli00039,2026-06-19,0,demoprd00037,PRD-AGR-02,Agroalimentaire,Dattes Deglet Nour (carton),167.000,42.000,42.000,1.0000,10.00,13.00,13.00,false,6312.600
demolfa02059,demofac01052,FAC-2026-0315,democli00039,2026-06-19,1,demoprd00026,PRD-INF-06,Informatique,Disque SSD 1To,14.000,310.000,310.000,1.0000,0.00,19.00,19.00,false,4340.000
demolfa02060,demofac01052,FAC-2026-0315,democli00039,2026-06-19,2,demoprd00036,PRD-AGR-01,Agroalimentaire,Huile d'olive extra (bidon 5L),208.000,68.000,68.000,1.0000,73.00,13.00,13.00,false,3818.880
demolfa02073,demofac01053,FAC-2026-0316,democli00060,2026-06-19,0,demoprd00009,SRV-MNT-01,Maintenance,Maintenance mensuelle,1.000,380.000,380.000,1.0000,0.00,19.00,19.00,false,380.000
demolfa02074,demofac01053,FAC-2026-0316,democli00060,2026-06-19,1,demoprd00036,PRD-AGR-01,Agroalimentaire,Huile d'olive extra (bidon 5L),26.000,68.000,68.000,1.0000,0.00,13.00,13.00,false,1768.000
demolfa02075,demofac01053,FAC-2026-0316,democli00060,2026-06-19,2,demoprd00011,SRV-MNT-03,Maintenance,Support premium (annuel),1.000,3600.000,3600.000,1.0000,11.00,19.00,19.00,false,3204.000
demolfa02014,demofac01054,FAC-2026-0317,democli00032,2026-06-20,0,demoprd00009,SRV-MNT-01,Maintenance,Maintenance mensuelle,3.000,380.000,380.000,1.0000,0.00,19.00,19.00,false,1140.000
demolfa02015,demofac01054,FAC-2026-0317,democli00032,2026-06-20,1,demoprd00005,SRV-DEV-01,Developpement,Developpement web (jour),20.000,450.000,450.000,1.0000,0.00,19.00,19.00,false,9000.000
demolfa02016,demofac01054,FAC-2026-0317,democli00032,2026-06-20,2,demoprd00011,SRV-MNT-03,Maintenance,Support premium (annuel),1.000,3600.000,3600.000,1.0000,0.00,19.00,19.00,false,3600.000
demolfa02051,demofac01055,FAC-2026-0318,democli00004,2026-06-20,0,demoprd00036,PRD-AGR-01,Agroalimentaire,Huile d'olive extra (bidon 5L),300.000,68.000,68.000,1.0000,0.00,13.00,13.00,false,20400.000
demolfa02079,demofac01056,FAC-2026-0319,democli00048,2026-06-20,0,demoprd00032,PRD-FOU-03,Fournitures,Classeur archive,49.000,6.800,6.800,1.0000,0.00,19.00,19.00,false,333.200
demolfa02080,demofac01056,FAC-2026-0319,democli00048,2026-06-20,1,demoprd00007,SRV-DEV-03,Developpement,Integration ERP (jour),5.000,600.000,600.000,1.0000,0.00,19.00,19.00,false,3000.000
demolfa02044,demofac01057,FAC-2026-0320,democli00011,2026-06-21,0,demoprd00038,PRD-BAT-01,Batiment,Ciment (tonne),5.000,310.000,310.000,1.0000,0.00,19.00,19.00,false,1550.000
demolfa02064,demofac01058,FAC-2026-0321,democli00047,2026-06-21,0,demoprd00011,SRV-MNT-03,Maintenance,Support premium (annuel),1.000,3600.000,3600.000,1.0000,0.00,19.00,19.00,false,3600.000
demolfa02065,demofac01058,FAC-2026-0321,democli00047,2026-06-21,1,demoprd00030,PRD-FOU-01,Fournitures,Ramette papier A4,40.000,14.500,14.500,1.0000,0.00,19.00,19.00,false,580.000
demolfa02066,demofac01058,FAC-2026-0321,democli00047,2026-06-21,2,demoprd00009,SRV-MNT-01,Maintenance,Maintenance mensuelle,1.000,380.000,380.000,1.0000,0.00,19.00,19.00,false,380.000
demolfa02098,demofac01059,FAC-2026-0322,democli00037,2026-06-21,0,demoprd00040,PRD-BAT-03,Batiment,Peinture murale (pot 20L),5.000,145.000,145.000,1.0000,11.00,19.00,19.00,false,645.250
demolfa02072,demofac01060,FAC-2026-0323,democli00025,2026-06-22,0,demoprd00015,SRV-FOR-03,Formation,Formation comptabilite,2.000,650.000,650.000,1.0000,0.00,19.00,19.00,false,1300.000
demolfa02035,demofac01061,FAC-2026-0324,democli00025,2026-06-23,0,demoprd00013,SRV-FOR-01,Formation,Formation bureautique (jour),2.000,420.000,420.000,1.0000,0.00,19.00,19.00,false,840.000
demolfa02036,demofac01061,FAC-2026-0324,democli00025,2026-06-23,1,demoprd00038,PRD-BAT-01,Batiment,Ciment (tonne),20.000,310.000,310.000,1.0000,0.00,19.00,19.00,false,6200.000
demolfa02040,demofac01062,FAC-2026-0325,democli00002,2026-06-23,0,demoprd00010,SRV-MNT-02,Maintenance,Intervention sur site,2.000,150.000,150.000,1.0000,0.00,19.00,19.00,false,300.000
demolfa02037,demofac01063,FAC-2026-0326,democli00007,2026-06-24,0,demoprd00005,SRV-DEV-01,Developpement,Developpement web (jour),11.000,450.000,450.000,1.0000,0.00,19.00,19.00,false,4950.000
demolfa02038,demofac01063,FAC-2026-0326,democli00007,2026-06-24,1,demoprd00006,SRV-DEV-02,Developpement,Application mobile (forfait),1.000,12000.000,12000.000,1.0000,0.00,19.00,19.00,false,12000.000
demolfa02039,demofac01063,FAC-2026-0326,democli00007,2026-06-24,2,demoprd00019,SRV-TRA-01,Logistique,Transport de marchandises,6.000,210.000,210.000,1.0000,69.00,7.00,7.00,false,390.600
demolfa02056,demofac01064,FAC-2026-0327,democli00053,2026-06-24,0,demoprd00009,SRV-MNT-01,Maintenance,Maintenance mensuelle,2.000,380.000,380.000,1.0000,0.00,19.00,19.00,false,760.000
demolfa02057,demofac01064,FAC-2026-0327,democli00053,2026-06-24,1,demoprd00035,PRD-MED-02,Medical,Gants nitrile (boite),156.000,18.000,18.000,1.0000,15.00,7.00,7.00,false,2386.800
demolfa02077,demofac01065,FAC-2026-0328,democli00042,2026-06-24,0,demoprd00023,PRD-INF-03,Informatique,Imprimante laser,2.000,980.000,980.000,1.0000,0.00,19.00,19.00,false,1960.000
demolfa02078,demofac01065,FAC-2026-0328,democli00042,2026-06-24,1,demoprd00026,PRD-INF-06,Informatique,Disque SSD 1To,3.000,310.000,310.000,1.0000,0.00,19.00,19.00,false,930.000
demolfa02042,demofac01066,FAC-2026-0329,democli00042,2026-06-25,0,demoprd00024,PRD-INF-04,Informatique,Routeur professionnel,1.000,540.000,540.000,1.0000,0.00,19.00,19.00,false,540.000
demolfa02094,demofac01067,FAC-2026-0330,democli00020,2026-06-25,0,demoprd00016,SRV-HEB-01,Hebergement,Hebergement web (annuel),1.000,540.000,540.000,1.0000,0.00,19.00,19.00,false,540.000
demolfa02003,demofac01068,FAC-2026-0331,democli00049,2026-06-26,0,demoprd00025,PRD-INF-05,Informatique,Onduleur 1500VA,2.000,460.000,460.000,1.0000,0.00,19.00,19.00,false,920.000
demolfa02034,demofac01069,FAC-2026-0332,democli00022,2026-06-29,0,demoprd00027,PRD-LOG-01,Logiciels,Licence antivirus (poste),20.000,85.000,85.000,1.0000,13.00,19.00,19.00,false,1479.000
demolfa02007,demofac01070,FAC-2026-0333,democli00019,2026-06-30,0,demoprd00035,PRD-MED-02,Medical,Gants nitrile (boite),400.000,18.000,18.000,1.0000,0.00,7.00,7.00,false,7200.000
demolfa02008,demofac01070,FAC-2026-0333,democli00019,2026-06-30,1,demoprd00034,PRD-MED-01,Medical,Kit de premiers secours,40.000,75.000,75.000,1.0000,0.00,7.00,7.00,false,3000.000
demolfa02091,demofac01071,FAC-2026-0334,democli00056,2026-06-30,0,demoprd00040,PRD-BAT-03,Batiment,Peinture murale (pot 20L),24.000,145.000,145.000,1.0000,0.00,19.00,19.00,false,3480.000
demolfa02092,demofac01071,FAC-2026-0334,democli00056,2026-06-30,1,demoprd00038,PRD-BAT-01,Batiment,Ciment (tonne),16.000,310.000,310.000,1.0000,0.00,19.00,19.00,false,4960.000
demolfa02093,demofac01071,FAC-2026-0334,democli00056,2026-06-30,2,demoprd00029,PRD-LOG-03,Logiciels,Logiciel de gestion commerciale,2.000,2900.000,2900.000,1.0000,0.00,29.00,19.00,true,5800.000
demolfa02186,demofac01072,FAC-2026-0335,democli00039,2026-07-01,0,demoprd00037,PRD-AGR-02,Agroalimentaire,Dattes Deglet Nour (carton),424.000,42.000,42.000,1.0000,0.00,13.00,13.00,false,17808.000
demolfa02187,demofac01072,FAC-2026-0335,democli00039,2026-07-01,1,demoprd00036,PRD-AGR-01,Agroalimentaire,Huile d'olive extra (bidon 5L),163.000,68.000,68.000,1.0000,15.00,13.00,13.00,false,9421.400
demolfa02190,demofac01073,FAC-2026-0336,democli00049,2026-07-01,0,demoprd00002,SRV-CONS-02,Conseil,Audit organisationnel,1.000,3200.000,3200.000,1.0000,0.00,19.00,19.00,false,3200.000
demolfa02191,demofac01073,FAC-2026-0336,democli00049,2026-07-01,1,demoprd00028,PRD-LOG-02,Logiciels,Licence suite bureautique,10.000,320.000,320.000,1.0000,0.00,19.00,19.00,false,3200.000
demolfa02196,demofac01074,FAC-2026-0337,democli00054,2026-07-01,0,demoprd00023,PRD-INF-03,Informatique,Imprimante laser,4.000,980.000,980.000,1.0000,0.00,19.00,19.00,false,3920.000
demolfa02197,demofac01074,FAC-2026-0337,democli00054,2026-07-01,1,demoprd00031,PRD-FOU-02,Fournitures,Cartouche toner,22.000,165.000,165.000,1.0000,0.00,19.00,19.00,false,3630.000
demolfa02198,demofac01074,FAC-2026-0337,democli00054,2026-07-01,2,demoprd00033,PRD-FOU-04,Fournitures,Mobilier de bureau (poste),6.000,1250.000,1250.000,1.0000,0.00,19.00,19.00,false,7500.000
demolfa02199,demofac01074,FAC-2026-0337,democli00054,2026-07-01,3,demoprd00032,PRD-FOU-03,Fournitures,Classeur archive,300.000,6.800,6.800,1.0000,5.00,19.00,19.00,false,1938.000
demolfa02211,demofac01075,FAC-2026-0338,democli00011,2026-07-01,0,demoprd00009,SRV-MNT-01,Maintenance,Maintenance mensuelle,2.000,380.000,380.000,1.0000,0.00,19.00,19.00,false,760.000
demolfa02171,demofac01076,FAC-2026-0339,democli00008,2026-07-02,0,demoprd00012,SRV-MNT-04,Maintenance,Sauvegarde externalisee,2.000,95.000,95.000,1.0000,6.00,19.00,19.00,false,178.600
demolfa02175,demofac01077,FAC-2026-0340,democli00048,2026-07-03,0,demoprd00032,PRD-FOU-03,Fournitures,Classeur archive,61.000,6.800,6.800,1.0000,0.00,19.00,19.00,false,414.800
demolfa02145,demofac01078,FAC-2026-0341,democli00055,2026-07-05,0,demoprd00028,PRD-LOG-02,Logiciels,Licence suite bureautique,19.000,320.000,320.000,1.0000,6.00,19.00,19.00,false,5715.200
demolfa02146,demofac01078,FAC-2026-0341,democli00055,2026-07-05,1,demoprd00027,PRD-LOG-01,Logiciels,Licence antivirus (poste),44.000,85.000,85.000,1.0000,0.00,19.00,19.00,false,3740.000
demolfa02169,demofac01079,FAC-2026-0342,democli00016,2026-07-05,0,demoprd00035,PRD-MED-02,Medical,Gants nitrile (boite),67.000,18.000,18.000,1.0000,14.00,7.00,7.00,false,1037.160
demolfa02170,demofac01079,FAC-2026-0342,democli00016,2026-07-05,1,demoprd00020,SRV-TRA-02,Logistique,Stockage entrepot (m2/mois),34.000,12.000,12.000,1.0000,0.00,19.00,19.00,false,408.000
demolfa02192,demofac01080,FAC-2026-0343,democli00008,2026-07-05,0,demoprd00023,PRD-INF-03,Informatique,Imprimante laser,1.000,980.000,980.000,1.0000,0.00,19.00,19.00,false,980.000
demolfa02193,demofac01080,FAC-2026-0343,democli00008,2026-07-05,1,demoprd00022,PRD-INF-02,Informatique,Ecran 27 pouces,4.000,690.000,690.000,1.0000,0.00,19.00,19.00,false,2760.000
demolfa02147,demofac01081,FAC-2026-0344,democli00060,2026-07-06,0,demoprd00011,SRV-MNT-03,Maintenance,Support premium (annuel),1.000,3600.000,3600.000,1.0000,15.00,19.00,19.00,false,3060.000
demolfa02148,demofac01081,FAC-2026-0344,democli00060,2026-07-06,1,demoprd00016,SRV-HEB-01,Hebergement,Hebergement web (annuel),2.000,540.000,540.000,1.0000,0.00,19.00,19.00,false,1080.000
demolfa02149,demofac01081,FAC-2026-0344,democli00060,2026-07-06,2,demoprd00037,PRD-AGR-02,Agroalimentaire,Dattes Deglet Nour (carton),10.000,42.000,42.000,1.0000,0.00,13.00,13.00,false,420.000
demolfa02150,demofac01081,FAC-2026-0344,democli00060,2026-07-06,3,demoprd00010,SRV-MNT-02,Maintenance,Intervention sur site,1.000,150.000,150.000,1.0000,0.00,19.00,19.00,false,150.000
demolfa02116,demofac01082,FAC-2026-0345,democli00051,2026-07-07,0,demoprd00005,SRV-DEV-01,Developpement,Developpement web (jour),3.000,450.000,450.000,1.0000,0.00,19.00,19.00,false,1350.000
demolfa02152,demofac01083,FAC-2026-0346,democli00053,2026-07-07,0,demoprd00011,SRV-MNT-03,Maintenance,Support premium (annuel),1.000,3600.000,3600.000,1.0000,0.00,19.00,19.00,false,3600.000
demolfa02118,demofac01084,FAC-2026-0347,democli00040,2026-07-08,0,demoprd00014,SRV-FOR-02,Formation,Formation cybersecurite,2.000,1800.000,1800.000,1.0000,0.00,19.00,19.00,false,3600.000
demolfa02119,demofac01084,FAC-2026-0347,democli00040,2026-07-08,1,demoprd00034,PRD-MED-01,Medical,Kit de premiers secours,7.000,75.000,75.000,1.0000,0.00,7.00,7.00,false,525.000
demolfa02120,demofac01084,FAC-2026-0347,democli00040,2026-07-08,2,demoprd00035,PRD-MED-02,Medical,Gants nitrile (boite),314.000,18.000,18.000,1.0000,7.00,7.00,7.00,false,5256.360
demolfa02133,demofac01085,FAC-2026-0348,democli00049,2026-07-08,0,demoprd00003,SRV-CONS-03,Conseil,Accompagnement fiscal (heure),3.000,120.000,120.000,1.0000,0.00,19.00,19.00,false,360.000
demolfa02134,demofac01085,FAC-2026-0348,democli00049,2026-07-08,1,demoprd00004,SRV-CONS-04,Conseil,Etude de marche,1.000,4500.000,4500.000,1.0000,0.00,19.00,19.00,false,4500.000
demolfa02188,demofac01086,FAC-2026-0349,democli00019,2026-07-08,0,demoprd00039,PRD-BAT-02,Batiment,Carrelage (m2),800.000,38.000,38.000,1.0000,0.00,19.00,19.00,false,30400.000
demolfa02189,demofac01086,FAC-2026-0349,democli00019,2026-07-08,1,demoprd00034,PRD-MED-01,Medical,Kit de premiers secours,13.000,75.000,75.000,1.0000,0.00,7.00,7.00,false,975.000
demolfa02218,demofac01087,FAC-2026-0350,democli00025,2026-07-08,0,demoprd00014,SRV-FOR-02,Formation,Formation cybersecurite,1.000,1800.000,1800.000,1.0000,0.00,19.00,19.00,false,1800.000
demolfa02219,demofac01087,FAC-2026-0350,democli00025,2026-07-08,1,demoprd00015,SRV-FOR-03,Formation,Formation comptabilite,1.000,650.000,650.000,1.0000,0.00,19.00,19.00,false,650.000
demolfa02135,demofac01088,FAC-2026-0351,democli00034,2026-07-09,0,demoprd00038,PRD-BAT-01,Batiment,Ciment (tonne),16.000,310.000,310.000,1.0000,0.00,19.00,19.00,false,4960.000
demolfa02136,demofac01088,FAC-2026-0351,democli00034,2026-07-09,1,demoprd00016,SRV-HEB-01,Hebergement,Hebergement web (annuel),3.000,540.000,540.000,1.0000,0.00,19.00,19.00,false,1620.000
demolfa02137,demofac01088,FAC-2026-0351,democli00034,2026-07-09,2,demoprd00017,SRV-HEB-02,Hebergement,Nom de domaine .tn,2.000,45.000,45.000,1.0000,0.00,19.00,19.00,false,90.000
demolfa02113,demofac01089,FAC-2026-0352,democli00008,2026-07-10,0,demoprd00012,SRV-MNT-04,Maintenance,Sauvegarde externalisee,5.000,95.000,95.000,1.0000,10.00,19.00,19.00,false,427.500
demolfa02178,demofac01090,FAC-2026-0353,democli00005,2026-07-11,0,demoprd00008,SRV-DEV-04,Developpement,Site vitrine,1.000,2400.000,2400.000,1.0000,0.00,19.00,19.00,false,2400.000
demolfa02131,demofac01091,FAC-2026-0354,democli00053,2026-07-12,0,demoprd00012,SRV-MNT-04,Maintenance,Sauvegarde externalisee,6.000,95.000,95.000,1.0000,0.00,19.00,19.00,false,570.000
demolfa02132,demofac01091,FAC-2026-0354,democli00053,2026-07-12,1,demoprd00013,SRV-FOR-01,Formation,Formation bureautique (jour),3.000,420.000,420.000,1.0000,0.00,19.00,19.00,false,1260.000
demolfa02208,demofac01092,FAC-2026-0355,democli00027,2026-07-12,0,demoprd00031,PRD-FOU-02,Fournitures,Cartouche toner,26.000,165.000,165.000,1.0000,0.00,19.00,19.00,false,4290.000
demolfa02209,demofac01092,FAC-2026-0355,democli00027,2026-07-12,1,demoprd00008,SRV-DEV-04,Developpement,Site vitrine,1.000,2400.000,2400.000,1.0000,0.00,19.00,19.00,false,2400.000
demolfa02210,demofac01092,FAC-2026-0355,democli00027,2026-07-12,2,demoprd00030,PRD-FOU-01,Fournitures,Ramette papier A4,118.000,14.500,14.500,1.0000,0.00,19.00,19.00,false,1711.000
demolfa02153,demofac01093,FAC-2026-0356,democli00007,2026-07-13,0,demoprd00039,PRD-BAT-02,Batiment,Carrelage (m2),379.000,38.000,38.000,1.0000,0.00,19.00,19.00,false,14402.000
demolfa02154,demofac01093,FAC-2026-0356,democli00007,2026-07-13,1,demoprd00040,PRD-BAT-03,Batiment,Peinture murale (pot 20L),67.000,145.000,145.000,1.0000,0.00,19.00,19.00,false,9715.000
demolfa02172,demofac01094,FAC-2026-0357,democli00026,2026-07-13,0,demoprd00027,PRD-LOG-01,Logiciels,Licence antivirus (poste),37.000,85.000,85.000,1.0000,0.00,19.00,19.00,false,3145.000
demolfa02173,demofac01094,FAC-2026-0357,democli00026,2026-07-13,1,demoprd00037,PRD-AGR-02,Agroalimentaire,Dattes Deglet Nour (carton),178.000,42.000,42.000,1.0000,0.00,13.00,13.00,false,7476.000
demolfa02174,demofac01094,FAC-2026-0357,democli00026,2026-07-13,2,demoprd00019,SRV-TRA-01,Logistique,Transport de marchandises,2.000,210.000,210.000,1.0000,0.00,7.00,7.00,false,420.000
demolfa02159,demofac01095,FAC-2026-0358,democli00052,2026-07-14,0,demoprd00018,SRV-HEB-03,Hebergement,Serveur dedie (mois),4.000,290.000,290.000,1.0000,0.00,19.00,19.00,false,1160.000
demolfa02160,demofac01095,FAC-2026-0358,democli00052,2026-07-14,1,demoprd00019,SRV-TRA-01,Logistique,Transport de marchandises,3.000,210.000,210.000,1.0000,0.00,7.00,7.00,false,630.000
demolfa02161,demofac01095,FAC-2026-0358,democli00052,2026-07-14,2,demoprd00011,SRV-MNT-03,Maintenance,Support premium (annuel),1.000,3600.000,3600.000,1.0000,15.00,19.00,19.00,false,3060.000
demolfa02162,demofac01095,FAC-2026-0358,democli00052,2026-07-14,3,demoprd00009,SRV-MNT-01,Maintenance,Maintenance mensuelle,2.000,380.000,380.000,1.0000,0.00,19.00,19.00,false,760.000
demolfa02111,demofac01096,FAC-2026-0359,democli00027,2026-07-15,0,demoprd00030,PRD-FOU-01,Fournitures,Ramette papier A4,124.000,14.500,14.500,1.0000,0.00,19.00,19.00,false,1798.000
demolfa02112,demofac01096,FAC-2026-0359,democli00027,2026-07-15,1,demoprd00031,PRD-FOU-02,Fournitures,Cartouche toner,30.000,165.000,165.000,1.0000,14.00,19.00,19.00,false,4257.000
demolfa02212,demofac01097,FAC-2026-0360,democli00038,2026-07-15,0,demoprd00029,PRD-LOG-03,Logiciels,Logiciel de gestion commerciale,1.000,2900.000,2900.000,1.0000,0.00,19.00,19.00,false,2900.000
demolfa02117,demofac01098,FAC-2026-0361,democli00022,2026-07-16,0,demoprd00027,PRD-LOG-01,Logiciels,Licence antivirus (poste),29.000,85.000,85.000,1.0000,15.00,19.00,19.00,false,2095.250
demolfa02176,demofac01100,FAC-2026-0363,democli00060,2026-07-17,0,demoprd00012,SRV-MNT-04,Maintenance,Sauvegarde externalisee,4.000,95.000,95.000,1.0000,0.00,19.00,19.00,false,380.000
demolfa02177,demofac01100,FAC-2026-0363,democli00060,2026-07-17,1,demoprd00011,SRV-MNT-03,Maintenance,Support premium (annuel),1.000,3600.000,3600.000,1.0000,0.00,19.00,19.00,false,3600.000
demolfa02182,demofac01101,FAC-2026-0364,democli00021,2026-07-17,0,demoprd00012,SRV-MNT-04,Maintenance,Sauvegarde externalisee,2.000,95.000,95.000,1.0000,0.00,19.00,19.00,false,190.000
demolfa02183,demofac01101,FAC-2026-0364,democli00021,2026-07-17,1,demoprd00027,PRD-LOG-01,Logiciels,Licence antivirus (poste),29.000,85.000,85.000,1.0000,0.00,19.00,19.00,false,2465.000
demolfa02127,demofac01102,FAC-2026-0365,democli00042,2026-07-18,0,demoprd00023,PRD-INF-03,Informatique,Imprimante laser,2.000,980.000,980.000,1.0000,0.00,19.00,19.00,false,1960.000
demolfa02203,demofac01103,FAC-2026-0366,democli00026,2026-07-18,0,demoprd00036,PRD-AGR-01,Agroalimentaire,Huile d'olive extra (bidon 5L),105.000,68.000,68.000,1.0000,10.00,13.00,13.00,false,6426.000
demolfa02204,demofac01103,FAC-2026-0366,democli00026,2026-07-18,1,demoprd00027,PRD-LOG-01,Logiciels,Licence antivirus (poste),40.000,85.000,85.000,1.0000,9.00,19.00,19.00,false,3094.000
demolfa02156,demofac01104,FAC-2026-0367,democli00030,2026-07-19,0,demoprd00020,SRV-TRA-02,Logistique,Stockage entrepot (m2/mois),300.000,12.000,12.000,1.0000,0.00,19.00,19.00,false,3600.000
demolfa02157,demofac01104,FAC-2026-0367,democli00030,2026-07-19,1,demoprd00004,SRV-CONS-04,Conseil,Etude de marche,1.000,4500.000,4500.000,1.0000,0.00,19.00,19.00,false,4500.000
demolfa02158,demofac01104,FAC-2026-0367,democli00030,2026-07-19,2,demoprd00006,SRV-DEV-02,Developpement,Application mobile (forfait),1.000,12000.000,12000.000,1.0000,0.00,19.00,19.00,false,12000.000
demolfa02138,demofac01105,FAC-2026-0368,democli00049,2026-07-20,0,demoprd00004,SRV-CONS-04,Conseil,Etude de marche,1.000,4500.000,4500.000,1.0000,15.00,19.00,19.00,false,3825.000
demolfa02163,demofac01106,FAC-2026-0369,democli00049,2026-07-20,0,demoprd00027,PRD-LOG-01,Logiciels,Licence antivirus (poste),6.000,85.000,85.000,1.0000,0.00,19.00,19.00,false,510.000
demolfa02164,demofac01106,FAC-2026-0369,democli00049,2026-07-20,1,demoprd00020,SRV-TRA-02,Logistique,Stockage entrepot (m2/mois),50.000,12.000,12.000,1.0000,0.00,19.00,19.00,false,600.000
demolfa02165,demofac01106,FAC-2026-0369,democli00049,2026-07-20,2,demoprd00004,SRV-CONS-04,Conseil,Etude de marche,1.000,4500.000,4500.000,1.0000,0.00,19.00,19.00,false,4500.000
demolfa02166,demofac01106,FAC-2026-0369,democli00049,2026-07-20,3,demoprd00028,PRD-LOG-02,Logiciels,Licence suite bureautique,13.000,320.000,320.000,1.0000,0.00,19.00,19.00,false,4160.000
demolfa02194,demofac01107,FAC-2026-0370,democli00034,2026-07-20,0,demoprd00016,SRV-HEB-01,Hebergement,Hebergement web (annuel),2.000,540.000,540.000,1.0000,0.00,19.00,19.00,false,1080.000
demolfa02195,demofac01107,FAC-2026-0370,democli00034,2026-07-20,1,demoprd00039,PRD-BAT-02,Batiment,Carrelage (m2),151.000,38.000,38.000,1.0000,0.00,19.00,19.00,false,5738.000
demolfa02108,demofac01108,FAC-2026-0371,democli00019,2026-07-21,0,demoprd00035,PRD-MED-02,Medical,Gants nitrile (boite),400.000,18.000,18.000,1.0000,0.00,7.00,7.00,false,7200.000
demolfa02109,demofac01108,FAC-2026-0371,democli00019,2026-07-21,1,demoprd00040,PRD-BAT-03,Batiment,Peinture murale (pot 20L),24.000,145.000,145.000,1.0000,12.00,19.00,19.00,false,3062.400
demolfa02110,demofac01108,FAC-2026-0371,democli00019,2026-07-21,2,demoprd00034,PRD-MED-01,Medical,Kit de premiers secours,40.000,75.000,75.000,1.0000,0.00,7.00,7.00,false,3000.000
demolfa02179,demofac01109,FAC-2026-0372,democli00011,2026-07-21,0,demoprd00007,SRV-DEV-03,Developpement,Integration ERP (jour),5.000,600.000,600.000,1.0000,0.00,19.00,19.00,false,3000.000
demolfa02180,demofac01109,FAC-2026-0372,democli00011,2026-07-21,1,demoprd00008,SRV-DEV-04,Developpement,Site vitrine,1.000,2400.000,2400.000,1.0000,0.00,19.00,19.00,false,2400.000
demolfa02181,demofac01109,FAC-2026-0372,democli00011,2026-07-21,2,demoprd00009,SRV-MNT-01,Maintenance,Maintenance mensuelle,3.000,380.000,380.000,1.0000,0.00,19.00,19.00,false,1140.000
demolfa02213,demofac01110,FAC-2026-0373,democli00045,2026-07-21,0,demoprd00031,PRD-FOU-02,Fournitures,Cartouche toner,9.000,165.000,165.000,1.0000,11.00,19.00,19.00,false,1321.650
demolfa02214,demofac01110,FAC-2026-0373,democli00045,2026-07-21,1,demoprd00040,PRD-BAT-03,Batiment,Peinture murale (pot 20L),43.000,145.000,145.000,1.0000,12.00,19.00,19.00,false,5486.800
demolfa02215,demofac01110,FAC-2026-0373,democli00045,2026-07-21,2,demoprd00033,PRD-FOU-04,Fournitures,Mobilier de bureau (poste),12.000,1250.000,1250.000,1.0000,0.00,19.00,19.00,false,15000.000
demolfa02167,demofac01111,FAC-2026-0374,democli00040,2026-07-22,0,demoprd00035,PRD-MED-02,Medical,Gants nitrile (boite),86.000,18.000,18.000,1.0000,0.00,7.00,7.00,false,1548.000
demolfa02168,demofac01111,FAC-2026-0374,democli00040,2026-07-22,1,demoprd00014,SRV-FOR-02,Formation,Formation cybersecurite,2.000,1800.000,1800.000,1.0000,0.00,19.00,19.00,false,3600.000
demolfa02205,demofac01112,FAC-2026-0375,democli00042,2026-07-22,0,demoprd00022,PRD-INF-02,Informatique,Ecran 27 pouces,3.000,690.000,690.000,1.0000,0.00,19.00,19.00,false,2070.000
demolfa02206,demofac01112,FAC-2026-0375,democli00042,2026-07-22,1,demoprd00015,SRV-FOR-03,Formation,Formation comptabilite,1.000,650.000,650.000,1.0000,0.00,19.00,19.00,false,650.000
demolfa02207,demofac01112,FAC-2026-0375,democli00042,2026-07-22,2,demoprd00021,PRD-INF-01,Informatique,Ordinateur portable pro,3.000,2350.000,2350.000,1.0000,0.00,19.00,19.00,false,7050.000
demolfa02104,demofac01113,FAC-2026-0376,democli00001,2026-07-24,0,demoprd00005,SRV-DEV-01,Developpement,Developpement web (jour),10.000,450.000,450.000,1.0000,0.00,19.00,19.00,false,4500.000
demolfa02105,demofac01114,FAC-2026-0377,democli00042,2026-07-24,0,demoprd00023,PRD-INF-03,Informatique,Imprimante laser,2.000,980.000,980.000,1.0000,0.00,19.00,19.00,false,1960.000
demolfa02106,demofac01114,FAC-2026-0377,democli00042,2026-07-24,1,demoprd00015,SRV-FOR-03,Formation,Formation comptabilite,2.000,650.000,650.000,1.0000,0.00,19.00,19.00,false,1300.000
demolfa02107,demofac01114,FAC-2026-0377,democli00042,2026-07-24,2,demoprd00025,PRD-INF-05,Informatique,Onduleur 1500VA,2.000,460.000,460.000,1.0000,0.00,19.00,19.00,false,920.000
demolfa02114,demofac01115,FAC-2026-0378,democli00025,2026-07-24,0,demoprd00038,PRD-BAT-01,Batiment,Ciment (tonne),8.000,310.000,310.000,1.0000,0.00,19.00,19.00,false,2480.000
demolfa02115,demofac01115,FAC-2026-0378,democli00025,2026-07-24,1,demoprd00040,PRD-BAT-03,Batiment,Peinture murale (pot 20L),5.000,145.000,145.000,1.0000,0.00,19.00,19.00,false,725.000
demolfa02121,demofac01116,FAC-2026-0379,democli00055,2026-07-24,0,demoprd00002,SRV-CONS-02,Conseil,Audit organisationnel,1.000,3200.000,3200.000,1.0000,0.00,19.00,19.00,false,3200.000
demolfa02128,demofac01117,FAC-2026-0380,democli00025,2026-07-24,0,demoprd00038,PRD-BAT-01,Batiment,Ciment (tonne),6.000,310.000,310.000,1.0000,10.00,19.00,19.00,false,1674.000
demolfa02129,demofac01117,FAC-2026-0380,democli00025,2026-07-24,1,demoprd00015,SRV-FOR-03,Formation,Formation comptabilite,2.000,650.000,650.000,1.0000,0.00,19.00,19.00,false,1300.000
demolfa02130,demofac01117,FAC-2026-0380,democli00025,2026-07-24,2,demoprd00040,PRD-BAT-03,Batiment,Peinture murale (pot 20L),23.000,145.000,145.000,1.0000,0.00,19.00,19.00,false,3335.000
demolfa02141,demofac01118,FAC-2026-0381,democli00028,2026-07-25,0,demoprd00039,PRD-BAT-02,Batiment,Carrelage (m2),270.000,38.000,38.000,1.0000,0.00,19.00,19.00,false,10260.000
demolfa02142,demofac01118,FAC-2026-0381,democli00028,2026-07-25,1,demoprd00017,SRV-HEB-02,Hebergement,Nom de domaine .tn,3.000,45.000,45.000,1.0000,0.00,19.00,19.00,false,135.000
demolfa02126,demofac01119,FAC-2026-0382,democli00056,2026-07-27,0,demoprd00038,PRD-BAT-01,Batiment,Ciment (tonne),11.000,310.000,310.000,1.0000,0.00,19.00,19.00,false,3410.000
demolfa02139,demofac01120,FAC-2026-0383,democli00044,2026-07-27,0,demoprd00009,SRV-MNT-01,Maintenance,Maintenance mensuelle,3.000,380.000,380.000,1.0000,0.00,19.00,19.00,false,1140.000
demolfa02140,demofac01120,FAC-2026-0383,democli00044,2026-07-27,1,demoprd00019,SRV-TRA-01,Logistique,Transport de marchandises,4.000,210.000,210.000,1.0000,0.00,7.00,7.00,false,840.000
demolfa02155,demofac01121,FAC-2026-0384,democli00043,2026-07-27,0,demoprd00018,SRV-HEB-03,Hebergement,Serveur dedie (mois),3.000,290.000,290.000,1.0000,0.00,19.00,19.00,false,870.000
demolfa02124,demofac01122,FAC-2026-0385,democli00033,2026-07-28,0,demoprd00031,PRD-FOU-02,Fournitures,Cartouche toner,22.000,165.000,165.000,1.0000,0.00,19.00,19.00,false,3630.000
demolfa02125,demofac01122,FAC-2026-0385,democli00033,2026-07-28,1,demoprd00032,PRD-FOU-03,Fournitures,Classeur archive,278.000,6.800,6.800,1.0000,0.00,19.00,19.00,false,1890.400
demolfa02151,demofac01123,FAC-2026-0386,democli00057,2026-07-28,0,demoprd00006,SRV-DEV-02,Developpement,Application mobile (forfait),1.000,12000.000,12000.000,1.0000,0.00,19.00,19.00,false,12000.000
demolfa02200,demofac01124,FAC-2026-0387,democli00048,2026-07-28,0,demoprd00037,PRD-AGR-02,Agroalimentaire,Dattes Deglet Nour (carton),326.000,42.000,42.000,1.0000,0.00,13.00,13.00,false,13692.000
demolfa02201,demofac01124,FAC-2026-0387,democli00048,2026-07-28,1,demoprd00033,PRD-FOU-04,Fournitures,Mobilier de bureau (poste),9.000,1250.000,1250.000,1.0000,0.00,19.00,19.00,false,11250.000
demolfa02202,demofac01124,FAC-2026-0387,democli00048,2026-07-28,2,demoprd00032,PRD-FOU-03,Fournitures,Classeur archive,93.000,6.800,6.800,1.0000,0.00,19.00,19.00,false,632.400
demolfa02216,demofac01125,FAC-2026-0388,democli00010,2026-07-29,0,demoprd00019,SRV-TRA-01,Logistique,Transport de marchandises,7.000,210.000,210.000,1.0000,13.00,7.00,7.00,false,1278.900
demolfa02217,demofac01126,FAC-2026-0389,democli00040,2026-07-29,0,demoprd00015,SRV-FOR-03,Formation,Formation comptabilite,1.000,650.000,650.000,1.0000,0.00,19.00,19.00,false,650.000
demolfa02143,demofac01127,FAC-2026-0390,democli00049,2026-07-30,0,demoprd00001,SRV-CONS-01,Conseil,Conseil strategique (jour),1.000,850.000,850.000,1.0000,0.00,19.00,19.00,false,850.000
demolfa02144,demofac01127,FAC-2026-0390,democli00049,2026-07-30,1,demoprd00028,PRD-LOG-02,Logiciels,Licence suite bureautique,10.000,320.000,320.000,1.0000,0.00,19.00,19.00,false,3200.000
demolfa02122,demofac01128,FAC-2026-0391,democli00021,2026-07-31,0,demoprd00013,SRV-FOR-01,Formation,Formation bureautique (jour),2.000,420.000,420.000,1.0000,0.00,19.00,19.00,false,840.000
demolfa02123,demofac01128,FAC-2026-0391,democli00021,2026-07-31,1,demoprd00009,SRV-MNT-01,Maintenance,Maintenance mensuelle,1.000,380.000,380.000,1.0000,0.00,19.00,19.00,false,380.000
demolfa02265,demofac01129,FAC-2026-0392,democli00013,2026-08-01,0,demoprd00001,SRV-CONS-01,Conseil,Conseil strategique (jour),8.000,850.000,850.000,1.0000,0.00,19.00,19.00,false,6800.000
demolfa02286,demofac01130,FAC-2026-0393,democli00031,2026-08-01,0,demoprd00035,PRD-MED-02,Medical,Gants nitrile (boite),96.000,18.000,18.000,1.0000,0.00,7.00,7.00,false,1728.000
demolfa02287,demofac01131,FAC-2026-0394,democli00059,2026-08-01,0,demoprd00018,SRV-HEB-03,Hebergement,Serveur dedie (mois),3.000,290.000,290.000,1.0000,0.00,19.00,19.00,false,870.000
demolfa02288,demofac01131,FAC-2026-0394,democli00059,2026-08-01,1,demoprd00023,PRD-INF-03,Informatique,Imprimante laser,2.000,980.000,980.000,1.0000,0.00,19.00,19.00,false,1960.000
demolfa02254,demofac01132,FAC-2026-0395,democli00049,2026-08-04,0,demoprd00002,SRV-CONS-02,Conseil,Audit organisationnel,1.000,3200.000,3200.000,1.0000,0.00,19.00,19.00,false,3200.000
demolfa02255,demofac01132,FAC-2026-0395,democli00049,2026-08-04,1,demoprd00027,PRD-LOG-01,Logiciels,Licence antivirus (poste),7.000,85.000,85.000,1.0000,0.00,19.00,19.00,false,595.000
demolfa02289,demofac01133,FAC-2026-0396,democli00043,2026-08-04,0,demoprd00020,SRV-TRA-02,Logistique,Stockage entrepot (m2/mois),112.000,12.000,12.000,1.0000,9.00,19.00,19.00,false,1223.040
demolfa02266,demofac01134,FAC-2026-0397,democli00057,2026-08-06,0,demoprd00033,PRD-FOU-04,Fournitures,Mobilier de bureau (poste),3.000,1250.000,1250.000,1.0000,0.00,19.00,19.00,false,3750.000
demolfa02276,demofac01135,FAC-2026-0398,democli00019,2026-08-08,0,demoprd00039,PRD-BAT-02,Batiment,Carrelage (m2),800.000,38.000,38.000,1.0000,0.00,19.00,19.00,false,30400.000
demolfa02277,demofac01135,FAC-2026-0398,democli00019,2026-08-08,1,demoprd00025,PRD-INF-05,Informatique,Onduleur 1500VA,4.000,460.000,460.000,1.0000,0.00,19.00,19.00,false,1840.000
demolfa02281,demofac01136,FAC-2026-0399,democli00029,2026-08-08,0,demoprd00004,SRV-CONS-04,Conseil,Etude de marche,1.000,4500.000,4500.000,1.0000,0.00,19.00,19.00,false,4500.000
demolfa02282,demofac01136,FAC-2026-0399,democli00029,2026-08-08,1,demoprd00030,PRD-FOU-01,Fournitures,Ramette papier A4,76.000,14.500,14.500,1.0000,0.00,19.00,19.00,false,1102.000
demolfa02283,demofac01136,FAC-2026-0399,democli00029,2026-08-08,2,demoprd00031,PRD-FOU-02,Fournitures,Cartouche toner,21.000,165.000,165.000,1.0000,0.00,19.00,19.00,false,3465.000
demolfa02284,demofac01136,FAC-2026-0399,democli00029,2026-08-08,3,demoprd00032,PRD-FOU-03,Fournitures,Classeur archive,300.000,6.800,6.800,1.0000,0.00,19.00,19.00,false,2040.000
demolfa02223,demofac01137,FAC-2026-0400,democli00019,2026-08-09,0,demoprd00013,SRV-FOR-01,Formation,Formation bureautique (jour),2.000,420.000,420.000,1.0000,0.00,19.00,19.00,false,840.000
demolfa02228,demofac01138,FAC-2026-0401,democli00019,2026-08-10,0,demoprd00039,PRD-BAT-02,Batiment,Carrelage (m2),800.000,38.000,38.000,1.0000,0.00,19.00,19.00,false,30400.000
demolfa02262,demofac01139,FAC-2026-0402,democli00050,2026-08-10,0,demoprd00040,PRD-BAT-03,Batiment,Peinture murale (pot 20L),27.000,145.000,145.000,1.0000,0.00,19.00,19.00,false,3915.000
demolfa02263,demofac01139,FAC-2026-0402,democli00050,2026-08-10,1,demoprd00015,SRV-FOR-03,Formation,Formation comptabilite,1.000,650.000,650.000,1.0000,0.00,19.00,19.00,false,650.000
demolfa02251,demofac01140,FAC-2026-0403,democli00053,2026-08-11,0,demoprd00009,SRV-MNT-01,Maintenance,Maintenance mensuelle,2.000,380.000,380.000,1.0000,0.00,19.00,19.00,false,760.000
demolfa02222,demofac01141,FAC-2026-0404,democli00006,2026-08-12,0,demoprd00022,PRD-INF-02,Informatique,Ecran 27 pouces,5.000,690.000,690.000,1.0000,0.00,19.00,19.00,false,3450.000
demolfa02246,demofac01142,FAC-2026-0405,democli00002,2026-08-13,0,demoprd00031,PRD-FOU-02,Fournitures,Cartouche toner,11.000,165.000,165.000,1.0000,0.00,19.00,19.00,false,1815.000
demolfa02278,demofac01143,FAC-2026-0406,democli00022,2026-08-13,0,demoprd00028,PRD-LOG-02,Logiciels,Licence suite bureautique,17.000,320.000,320.000,1.0000,0.00,19.00,19.00,false,5440.000
demolfa02279,demofac01143,FAC-2026-0406,democli00022,2026-08-13,1,demoprd00037,PRD-AGR-02,Agroalimentaire,Dattes Deglet Nour (carton),94.000,42.000,42.000,1.0000,0.00,13.00,13.00,false,3948.000
demolfa02280,demofac01143,FAC-2026-0406,democli00022,2026-08-13,2,demoprd00029,PRD-LOG-03,Logiciels,Logiciel de gestion commerciale,2.000,2900.000,2900.000,1.0000,0.00,19.00,19.00,false,5800.000
demolfa02232,demofac01144,FAC-2026-0407,democli00059,2026-08-14,0,demoprd00027,PRD-LOG-01,Logiciels,Licence antivirus (poste),22.000,85.000,85.000,1.0000,0.00,19.00,19.00,false,1870.000
demolfa02233,demofac01144,FAC-2026-0407,democli00059,2026-08-14,1,demoprd00018,SRV-HEB-03,Hebergement,Serveur dedie (mois),4.000,290.000,290.000,1.0000,0.00,19.00,19.00,false,1160.000
demolfa02249,demofac01145,FAC-2026-0408,democli00006,2026-08-14,0,demoprd00022,PRD-INF-02,Informatique,Ecran 27 pouces,5.000,690.000,690.000,1.0000,0.00,19.00,19.00,false,3450.000
demolfa02250,demofac01145,FAC-2026-0408,democli00006,2026-08-14,1,demoprd00014,SRV-FOR-02,Formation,Formation cybersecurite,1.000,1800.000,1800.000,1.0000,0.00,19.00,19.00,false,1800.000
demolfa02236,demofac01146,FAC-2026-0409,democli00020,2026-08-15,0,demoprd00033,PRD-FOU-04,Fournitures,Mobilier de bureau (poste),2.000,1250.000,1250.000,1.0000,0.00,19.00,19.00,false,2500.000
demolfa02237,demofac01146,FAC-2026-0409,democli00020,2026-08-15,1,demoprd00032,PRD-FOU-03,Fournitures,Classeur archive,45.000,6.800,6.800,1.0000,0.00,19.00,19.00,false,306.000
demolfa02238,demofac01146,FAC-2026-0409,democli00020,2026-08-15,2,demoprd00018,SRV-HEB-03,Hebergement,Serveur dedie (mois),2.000,290.000,290.000,1.0000,12.00,19.00,19.00,false,510.400
demolfa02242,demofac01147,FAC-2026-0410,democli00046,2026-08-16,0,demoprd00026,PRD-INF-06,Informatique,Disque SSD 1To,20.000,310.000,310.000,1.0000,0.00,19.00,19.00,false,6200.000
demolfa02243,demofac01147,FAC-2026-0410,democli00046,2026-08-16,1,demoprd00021,PRD-INF-01,Informatique,Ordinateur portable pro,4.000,2350.000,2350.000,1.0000,0.00,19.00,19.00,false,9400.000
demolfa02234,demofac01148,FAC-2026-0411,democli00008,2026-08-17,0,demoprd00026,PRD-INF-06,Informatique,Disque SSD 1To,11.000,310.000,310.000,1.0000,0.00,19.00,19.00,false,3410.000
demolfa02235,demofac01148,FAC-2026-0411,democli00008,2026-08-17,1,demoprd00025,PRD-INF-05,Informatique,Onduleur 1500VA,4.000,460.000,460.000,1.0000,0.00,19.00,19.00,false,1840.000
demolfa02260,demofac01149,FAC-2026-0412,democli00004,2026-08-17,0,demoprd00036,PRD-AGR-01,Agroalimentaire,Huile d'olive extra (bidon 5L),300.000,68.000,68.000,1.0000,0.00,13.00,13.00,false,20400.000
demolfa02261,demofac01149,FAC-2026-0412,democli00004,2026-08-17,1,demoprd00018,SRV-HEB-03,Hebergement,Serveur dedie (mois),12.000,290.000,290.000,1.0000,0.00,19.00,19.00,false,3480.000
demolfa02229,demofac01150,FAC-2026-0413,democli00030,2026-08-18,0,demoprd00004,SRV-CONS-04,Conseil,Etude de marche,1.000,4500.000,4500.000,1.0000,0.00,19.00,19.00,false,4500.000
demolfa02230,demofac01150,FAC-2026-0413,democli00030,2026-08-18,1,demoprd00039,PRD-BAT-02,Batiment,Carrelage (m2),461.000,38.000,38.000,1.0000,0.00,19.00,19.00,false,17518.000
demolfa02231,demofac01150,FAC-2026-0413,democli00030,2026-08-18,2,demoprd00038,PRD-BAT-01,Batiment,Ciment (tonne),22.000,310.000,310.000,1.0000,0.00,19.00,19.00,false,6820.000
demolfa02256,demofac01151,FAC-2026-0414,democli00006,2026-08-19,0,demoprd00016,SRV-HEB-01,Hebergement,Hebergement web (annuel),2.000,540.000,540.000,1.0000,0.00,19.00,19.00,false,1080.000
demolfa02257,demofac01151,FAC-2026-0414,democli00006,2026-08-19,1,demoprd00025,PRD-INF-05,Informatique,Onduleur 1500VA,4.000,460.000,460.000,1.0000,0.00,19.00,19.00,false,1840.000
demolfa02258,demofac01151,FAC-2026-0414,democli00006,2026-08-19,2,demoprd00022,PRD-INF-02,Informatique,Ecran 27 pouces,9.000,690.000,690.000,1.0000,14.00,19.00,19.00,false,5340.600
demolfa02244,demofac01152,FAC-2026-0415,democli00038,2026-08-20,0,demoprd00028,PRD-LOG-02,Logiciels,Licence suite bureautique,18.000,320.000,320.000,1.0000,0.00,19.00,19.00,false,5760.000
demolfa02239,demofac01153,FAC-2026-0416,democli00037,2026-08-22,0,demoprd00004,SRV-CONS-04,Conseil,Etude de marche,1.000,4500.000,4500.000,1.0000,10.00,19.00,19.00,false,4050.000
demolfa02240,demofac01153,FAC-2026-0416,democli00037,2026-08-22,1,demoprd00010,SRV-MNT-02,Maintenance,Intervention sur site,2.000,150.000,150.000,1.0000,0.00,19.00,19.00,false,300.000
demolfa02264,demofac01154,FAC-2026-0417,democli00009,2026-08-22,0,demoprd00040,PRD-BAT-03,Batiment,Peinture murale (pot 20L),8.000,145.000,145.000,1.0000,0.00,19.00,19.00,false,1160.000
demolfa02285,demofac01155,FAC-2026-0418,democli00006,2026-08-22,0,demoprd00022,PRD-INF-02,Informatique,Ecran 27 pouces,3.000,690.000,690.000,1.0000,0.00,19.00,19.00,false,2070.000
demolfa02274,demofac01156,FAC-2026-0419,democli00025,2026-08-23,0,demoprd00038,PRD-BAT-01,Batiment,Ciment (tonne),21.000,310.000,310.000,1.0000,0.00,19.00,19.00,false,6510.000
demolfa02275,demofac01156,FAC-2026-0419,democli00025,2026-08-23,1,demoprd00040,PRD-BAT-03,Batiment,Peinture murale (pot 20L),5.000,145.000,145.000,1.0000,0.00,19.00,19.00,false,725.000
demolfa02267,demofac01157,FAC-2026-0420,democli00034,2026-08-24,0,demoprd00011,SRV-MNT-03,Maintenance,Support premium (annuel),1.000,3600.000,3600.000,1.0000,8.00,19.00,19.00,false,3312.000
demolfa02268,demofac01157,FAC-2026-0420,democli00034,2026-08-24,1,demoprd00039,PRD-BAT-02,Batiment,Carrelage (m2),789.000,38.000,38.000,1.0000,0.00,19.00,19.00,false,29982.000
demolfa02269,demofac01157,FAC-2026-0420,democli00034,2026-08-24,2,demoprd00028,PRD-LOG-02,Logiciels,Licence suite bureautique,50.000,320.000,320.000,1.0000,0.00,19.00,19.00,false,16000.000
demolfa02220,demofac01158,FAC-2026-0421,democli00053,2026-08-25,0,demoprd00011,SRV-MNT-03,Maintenance,Support premium (annuel),1.000,3600.000,3600.000,1.0000,0.00,19.00,19.00,false,3600.000
demolfa02221,demofac01158,FAC-2026-0421,democli00053,2026-08-25,1,demoprd00012,SRV-MNT-04,Maintenance,Sauvegarde externalisee,2.000,95.000,95.000,1.0000,7.00,19.00,19.00,false,176.700
demolfa02245,demofac01159,FAC-2026-0422,democli00024,2026-08-25,0,demoprd00039,PRD-BAT-02,Batiment,Carrelage (m2),21.000,38.000,38.000,1.0000,0.00,19.00,19.00,false,798.000
demolfa02224,demofac01160,FAC-2026-0423,democli00008,2026-08-26,0,demoprd00003,SRV-CONS-03,Conseil,Accompagnement fiscal (heure),10.000,120.000,120.000,1.0000,0.00,19.00,19.00,false,1200.000
demolfa02225,demofac01160,FAC-2026-0423,democli00008,2026-08-26,1,demoprd00026,PRD-INF-06,Informatique,Disque SSD 1To,13.000,310.000,310.000,1.0000,0.00,19.00,19.00,false,4030.000
demolfa02252,demofac01161,FAC-2026-0424,democli00048,2026-08-26,0,demoprd00033,PRD-FOU-04,Fournitures,Mobilier de bureau (poste),9.000,1250.000,1250.000,1.0000,0.00,19.00,19.00,false,11250.000
demolfa02253,demofac01161,FAC-2026-0424,democli00048,2026-08-26,1,demoprd00001,SRV-CONS-01,Conseil,Conseil strategique (jour),1.000,850.000,850.000,1.0000,12.00,19.00,19.00,false,748.000
demolfa02271,demofac01162,FAC-2026-0425,democli00017,2026-08-26,0,demoprd00021,PRD-INF-01,Informatique,Ordinateur portable pro,10.000,2350.000,2350.000,1.0000,0.00,19.00,19.00,false,23500.000
demolfa02272,demofac01162,FAC-2026-0425,democli00017,2026-08-26,1,demoprd00019,SRV-TRA-01,Logistique,Transport de marchandises,5.000,210.000,210.000,1.0000,0.00,7.00,7.00,false,1050.000
demolfa02273,demofac01162,FAC-2026-0425,democli00017,2026-08-26,2,demoprd00026,PRD-INF-06,Informatique,Disque SSD 1To,20.000,310.000,310.000,1.0000,0.00,19.00,19.00,false,6200.000
demolfa02226,demofac01163,FAC-2026-0426,democli00056,2026-08-27,0,demoprd00029,PRD-LOG-03,Logiciels,Logiciel de gestion commerciale,1.000,2900.000,2900.000,1.0000,0.00,19.00,19.00,false,2900.000
demolfa02227,demofac01163,FAC-2026-0426,democli00056,2026-08-27,1,demoprd00040,PRD-BAT-03,Batiment,Peinture murale (pot 20L),24.000,145.000,145.000,1.0000,0.00,19.00,19.00,false,3480.000
demolfa02247,demofac01164,FAC-2026-0427,democli00049,2026-08-27,0,demoprd00003,SRV-CONS-03,Conseil,Accompagnement fiscal (heure),2.000,120.000,120.000,1.0000,0.00,19.00,19.00,false,240.000
demolfa02248,demofac01164,FAC-2026-0427,democli00049,2026-08-27,1,demoprd00027,PRD-LOG-01,Logiciels,Licence antivirus (poste),30.000,85.000,85.000,1.0000,0.00,19.00,19.00,false,2550.000
demolfa02241,demofac01165,FAC-2026-0428,democli00030,2026-08-30,0,demoprd00003,SRV-CONS-03,Conseil,Accompagnement fiscal (heure),20.000,120.000,120.000,1.0000,0.00,19.00,19.00,false,2400.000
demolfa02259,demofac01166,FAC-2026-0429,democli00042,2026-08-30,0,demoprd00036,PRD-AGR-01,Agroalimentaire,Huile d'olive extra (bidon 5L),95.000,68.000,68.000,1.0000,0.00,13.00,13.00,false,6460.000
demolfa02270,demofac01167,FAC-2026-0430,democli00021,2026-08-30,0,demoprd00028,PRD-LOG-02,Logiciels,Licence suite bureautique,2.000,320.000,320.000,1.0000,0.00,19.00,19.00,false,640.000
demolfa02314,demofac01168,FAC-2026-0431,democli00032,2026-09-01,0,demoprd00009,SRV-MNT-01,Maintenance,Maintenance mensuelle,3.000,380.000,380.000,1.0000,0.00,19.00,19.00,false,1140.000
demolfa02310,demofac01169,FAC-2026-0432,democli00010,2026-09-02,0,demoprd00019,SRV-TRA-01,Logistique,Transport de marchandises,5.000,210.000,210.000,1.0000,0.00,7.00,7.00,false,1050.000
demolfa02311,demofac01169,FAC-2026-0432,democli00010,2026-09-02,1,demoprd00002,SRV-CONS-02,Conseil,Audit organisationnel,1.000,3200.000,3200.000,1.0000,0.00,19.00,19.00,false,3200.000
demolfa02315,demofac01170,FAC-2026-0433,democli00007,2026-09-02,0,demoprd00038,PRD-BAT-01,Batiment,Ciment (tonne),12.000,310.000,310.000,1.0000,8.00,19.00,19.00,false,3422.400
demolfa02346,demofac01171,FAC-2026-0434,democli00013,2026-09-02,0,demoprd00003,SRV-CONS-03,Conseil,Accompagnement fiscal (heure),11.000,120.000,120.000,1.0000,0.00,19.00,19.00,false,1320.000
demolfa02347,demofac01171,FAC-2026-0434,democli00013,2026-09-02,1,demoprd00031,PRD-FOU-02,Fournitures,Cartouche toner,16.000,165.000,165.000,1.0000,10.00,19.00,19.00,false,2376.000
demolfa02369,demofac01172,FAC-2026-0435,democli00003,2026-09-03,0,demoprd00007,SRV-DEV-03,Developpement,Integration ERP (jour),4.000,600.000,600.000,1.0000,0.00,19.00,19.00,false,2400.000
demolfa02298,demofac01173,FAC-2026-0436,democli00059,2026-09-04,0,demoprd00016,SRV-HEB-01,Hebergement,Hebergement web (annuel),1.000,540.000,540.000,1.0000,0.00,19.00,19.00,false,540.000
demolfa02299,demofac01173,FAC-2026-0436,democli00059,2026-09-04,1,demoprd00017,SRV-HEB-02,Hebergement,Nom de domaine .tn,2.000,45.000,45.000,1.0000,0.00,19.00,19.00,false,90.000
demolfa02360,demofac01174,FAC-2026-0437,democli00020,2026-09-04,0,demoprd00032,PRD-FOU-03,Fournitures,Classeur archive,53.000,6.800,6.800,1.0000,0.00,19.00,19.00,false,360.400
demolfa02361,demofac01174,FAC-2026-0437,democli00020,2026-09-04,1,demoprd00009,SRV-MNT-01,Maintenance,Maintenance mensuelle,1.000,380.000,380.000,1.0000,0.00,19.00,19.00,false,380.000
demolfa02362,demofac01174,FAC-2026-0437,democli00020,2026-09-04,2,demoprd00016,SRV-HEB-01,Hebergement,Hebergement web (annuel),1.000,540.000,540.000,1.0000,0.00,19.00,19.00,false,540.000
demolfa02330,demofac01175,FAC-2026-0438,democli00049,2026-09-05,0,demoprd00001,SRV-CONS-01,Conseil,Conseil strategique (jour),2.000,850.000,850.000,1.0000,0.00,19.00,19.00,false,1700.000
demolfa02331,demofac01175,FAC-2026-0438,democli00049,2026-09-05,1,demoprd00029,PRD-LOG-03,Logiciels,Logiciel de gestion commerciale,1.000,2900.000,2900.000,1.0000,0.00,19.00,19.00,false,2900.000
demolfa02332,demofac01175,FAC-2026-0438,democli00049,2026-09-05,2,demoprd00008,SRV-DEV-04,Developpement,Site vitrine,1.000,2400.000,2400.000,1.0000,0.00,19.00,19.00,false,2400.000
demolfa02333,demofac01175,FAC-2026-0438,democli00049,2026-09-05,3,demoprd00002,SRV-CONS-02,Conseil,Audit organisationnel,1.000,3200.000,3200.000,1.0000,5.00,19.00,19.00,false,3040.000
demolfa02344,demofac01176,FAC-2026-0439,democli00014,2026-09-06,0,demoprd00010,SRV-MNT-02,Maintenance,Intervention sur site,2.000,150.000,150.000,1.0000,0.00,19.00,19.00,false,300.000
demolfa02345,demofac01176,FAC-2026-0439,democli00014,2026-09-06,1,demoprd00012,SRV-MNT-04,Maintenance,Sauvegarde externalisee,4.000,95.000,95.000,1.0000,0.00,19.00,19.00,false,380.000
demolfa02318,demofac01177,FAC-2026-0440,democli00025,2026-09-07,0,demoprd00040,PRD-BAT-03,Batiment,Peinture murale (pot 20L),9.000,145.000,145.000,1.0000,0.00,19.00,19.00,false,1305.000
demolfa02319,demofac01177,FAC-2026-0440,democli00025,2026-09-07,1,demoprd00004,SRV-CONS-04,Conseil,Etude de marche,1.000,4500.000,4500.000,1.0000,0.00,19.00,19.00,false,4500.000
demolfa02320,demofac01177,FAC-2026-0440,democli00025,2026-09-07,2,demoprd00013,SRV-FOR-01,Formation,Formation bureautique (jour),2.000,420.000,420.000,1.0000,0.00,19.00,19.00,false,840.000
demolfa02327,demofac01178,FAC-2026-0441,democli00039,2026-09-07,0,demoprd00036,PRD-AGR-01,Agroalimentaire,Huile d'olive extra (bidon 5L),28.000,68.000,68.000,1.0000,0.00,13.00,13.00,false,1904.000
demolfa02328,demofac01178,FAC-2026-0441,democli00039,2026-09-07,1,demoprd00037,PRD-AGR-02,Agroalimentaire,Dattes Deglet Nour (carton),113.000,42.000,42.000,1.0000,0.00,13.00,13.00,false,4746.000
demolfa02329,demofac01178,FAC-2026-0441,democli00039,2026-09-07,2,demoprd00038,PRD-BAT-01,Batiment,Ciment (tonne),6.000,310.000,310.000,1.0000,0.00,19.00,19.00,false,1860.000
demolfa02295,demofac01179,FAC-2026-0442,democli00004,2026-09-08,0,demoprd00037,PRD-AGR-02,Agroalimentaire,Dattes Deglet Nour (carton),108.000,42.000,42.000,1.0000,0.00,13.00,13.00,false,4536.000
demolfa02313,demofac01180,FAC-2026-0443,democli00044,2026-09-08,0,demoprd00011,SRV-MNT-03,Maintenance,Support premium (annuel),1.000,3600.000,3600.000,1.0000,0.00,19.00,19.00,false,3600.000
demolfa02325,demofac01181,FAC-2026-0444,democli00034,2026-09-08,0,demoprd00016,SRV-HEB-01,Hebergement,Hebergement web (annuel),3.000,540.000,540.000,1.0000,0.00,19.00,19.00,false,1620.000
demolfa02326,demofac01181,FAC-2026-0444,democli00034,2026-09-08,1,demoprd00038,PRD-BAT-01,Batiment,Ciment (tonne),48.000,310.000,310.000,1.0000,7.00,19.00,19.00,false,13838.400
demolfa02348,demofac01182,FAC-2026-0445,democli00044,2026-09-08,0,demoprd00009,SRV-MNT-01,Maintenance,Maintenance mensuelle,1.000,380.000,380.000,1.0000,6.00,19.00,19.00,false,357.200
demolfa02368,demofac01183,FAC-2026-0446,democli00049,2026-09-08,0,demoprd00009,SRV-MNT-01,Maintenance,Maintenance mensuelle,2.000,380.000,380.000,1.0000,8.00,19.00,19.00,false,699.200
demolfa02353,demofac01184,FAC-2026-0447,democli00001,2026-09-09,0,demoprd00007,SRV-DEV-03,Developpement,Integration ERP (jour),8.000,600.000,600.000,1.0000,0.00,19.00,19.00,false,4800.000
demolfa02354,demofac01184,FAC-2026-0447,democli00001,2026-09-09,1,demoprd00040,PRD-BAT-03,Batiment,Peinture murale (pot 20L),53.000,145.000,145.000,1.0000,0.00,19.00,19.00,false,7685.000
demolfa02355,demofac01184,FAC-2026-0447,democli00001,2026-09-09,2,demoprd00005,SRV-DEV-01,Developpement,Developpement web (jour),19.000,450.000,450.000,1.0000,11.00,19.00,19.00,false,7609.500
demolfa02308,demofac01185,FAC-2026-0448,democli00031,2026-09-10,0,demoprd00035,PRD-MED-02,Medical,Gants nitrile (boite),172.000,18.000,18.000,1.0000,0.00,7.00,7.00,false,3096.000
demolfa02312,demofac01186,FAC-2026-0449,democli00042,2026-09-10,0,demoprd00022,PRD-INF-02,Informatique,Ecran 27 pouces,3.000,690.000,690.000,1.0000,0.00,19.00,19.00,false,2070.000
demolfa02340,demofac01187,FAC-2026-0450,democli00011,2026-09-11,0,demoprd00010,SRV-MNT-02,Maintenance,Intervention sur site,3.000,150.000,150.000,1.0000,0.00,19.00,19.00,false,450.000
demolfa02341,demofac01187,FAC-2026-0450,democli00011,2026-09-11,1,demoprd00005,SRV-DEV-01,Developpement,Developpement web (jour),10.000,450.000,450.000,1.0000,0.00,19.00,19.00,false,4500.000
demolfa02304,demofac01188,FAC-2026-0451,democli00032,2026-09-12,0,demoprd00005,SRV-DEV-01,Developpement,Developpement web (jour),20.000,450.000,450.000,1.0000,8.00,19.00,19.00,false,8280.000
demolfa02334,demofac01189,FAC-2026-0452,democli00053,2026-09-12,0,demoprd00040,PRD-BAT-03,Batiment,Peinture murale (pot 20L),28.000,145.000,145.000,1.0000,0.00,19.00,19.00,false,4060.000
demolfa02335,demofac01189,FAC-2026-0452,democli00053,2026-09-12,1,demoprd00035,PRD-MED-02,Medical,Gants nitrile (boite),314.000,18.000,18.000,1.0000,0.00,7.00,7.00,false,5652.000
demolfa02336,demofac01189,FAC-2026-0452,democli00053,2026-09-12,2,demoprd00011,SRV-MNT-03,Maintenance,Support premium (annuel),1.000,3600.000,3600.000,1.0000,0.00,19.00,19.00,false,3600.000
demolfa02337,demofac01189,FAC-2026-0452,democli00053,2026-09-12,3,demoprd00034,PRD-MED-01,Medical,Kit de premiers secours,13.000,75.000,75.000,1.0000,0.00,7.00,7.00,false,975.000
demolfa02349,demofac01190,FAC-2026-0453,democli00034,2026-09-12,0,demoprd00017,SRV-HEB-02,Hebergement,Nom de domaine .tn,4.000,45.000,45.000,1.0000,0.00,19.00,19.00,false,180.000
demolfa02350,demofac01190,FAC-2026-0453,democli00034,2026-09-12,1,demoprd00038,PRD-BAT-01,Batiment,Ciment (tonne),11.000,310.000,310.000,1.0000,0.00,19.00,19.00,false,3410.000
demolfa02351,demofac01190,FAC-2026-0453,democli00034,2026-09-12,2,demoprd00016,SRV-HEB-01,Hebergement,Hebergement web (annuel),2.000,540.000,540.000,1.0000,0.00,19.00,19.00,false,1080.000
demolfa02373,demofac01191,FAC-2026-0454,democli00004,2026-09-12,0,demoprd00014,SRV-FOR-02,Formation,Formation cybersecurite,2.000,1800.000,1800.000,1.0000,0.00,19.00,19.00,false,3600.000
demolfa02309,demofac01192,FAC-2026-0455,democli00040,2026-09-13,0,demoprd00017,SRV-HEB-02,Hebergement,Nom de domaine .tn,3.000,45.000,45.000,1.0000,0.00,19.00,19.00,false,135.000
demolfa02342,demofac01193,FAC-2026-0456,democli00020,2026-09-13,0,demoprd00036,PRD-AGR-01,Agroalimentaire,Huile d'olive extra (bidon 5L),11.000,68.000,68.000,1.0000,0.00,13.00,13.00,false,748.000
demolfa02343,demofac01193,FAC-2026-0456,democli00020,2026-09-13,1,demoprd00016,SRV-HEB-01,Hebergement,Hebergement web (annuel),1.000,540.000,540.000,1.0000,0.00,19.00,19.00,false,540.000
demolfa02296,demofac01194,FAC-2026-0457,democli00036,2026-09-15,0,demoprd00003,SRV-CONS-03,Conseil,Accompagnement fiscal (heure),20.000,120.000,120.000,1.0000,0.00,19.00,19.00,false,2400.000
demolfa02297,demofac01194,FAC-2026-0457,democli00036,2026-09-15,1,demoprd00005,SRV-DEV-01,Developpement,Developpement web (jour),15.000,450.000,450.000,1.0000,0.00,19.00,19.00,false,6750.000
demolfa02305,demofac01195,FAC-2026-0458,democli00026,2026-09-15,0,demoprd00028,PRD-LOG-02,Logiciels,Licence suite bureautique,12.000,320.000,320.000,1.0000,0.00,19.00,19.00,false,3840.000
demolfa02306,demofac01195,FAC-2026-0458,democli00026,2026-09-15,1,demoprd00027,PRD-LOG-01,Logiciels,Licence antivirus (poste),16.000,85.000,85.000,1.0000,0.00,19.00,19.00,false,1360.000
demolfa02307,demofac01195,FAC-2026-0458,democli00026,2026-09-15,2,demoprd00036,PRD-AGR-01,Agroalimentaire,Huile d'olive extra (bidon 5L),35.000,68.000,68.000,1.0000,0.00,13.00,13.00,false,2380.000
demolfa02338,demofac01196,FAC-2026-0459,democli00021,2026-09-15,0,demoprd00006,SRV-DEV-02,Developpement,Application mobile (forfait),1.000,12000.000,12000.000,1.0000,0.00,19.00,19.00,false,12000.000
demolfa02339,demofac01196,FAC-2026-0459,democli00021,2026-09-15,1,demoprd00013,SRV-FOR-01,Formation,Formation bureautique (jour),2.000,420.000,420.000,1.0000,13.00,19.00,19.00,false,730.800
demolfa02365,demofac01197,FAC-2026-0460,democli00014,2026-09-15,0,demoprd00012,SRV-MNT-04,Maintenance,Sauvegarde externalisee,3.000,95.000,95.000,1.0000,0.00,19.00,19.00,false,285.000
demolfa02366,demofac01197,FAC-2026-0460,democli00014,2026-09-15,1,demoprd00005,SRV-DEV-01,Developpement,Developpement web (jour),8.000,450.000,450.000,1.0000,0.00,19.00,19.00,false,3600.000
demolfa02367,demofac01197,FAC-2026-0460,democli00014,2026-09-15,2,demoprd00006,SRV-DEV-02,Developpement,Application mobile (forfait),1.000,12000.000,12000.000,1.0000,0.00,19.00,19.00,false,12000.000
demolfa02300,demofac01198,FAC-2026-0461,democli00059,2026-09-16,0,demoprd00026,PRD-INF-06,Informatique,Disque SSD 1To,6.000,310.000,310.000,1.0000,0.00,19.00,19.00,false,1860.000
demolfa02301,demofac01198,FAC-2026-0461,democli00059,2026-09-16,1,demoprd00040,PRD-BAT-03,Batiment,Peinture murale (pot 20L),21.000,145.000,145.000,1.0000,0.00,19.00,19.00,false,3045.000
demolfa02352,demofac01199,FAC-2026-0462,democli00047,2026-09-16,0,demoprd00026,PRD-INF-06,Informatique,Disque SSD 1To,3.000,310.000,310.000,1.0000,0.00,19.00,19.00,false,930.000
demolfa02359,demofac01200,FAC-2026-0463,democli00042,2026-09-16,0,demoprd00021,PRD-INF-01,Informatique,Ordinateur portable pro,3.000,2350.000,2350.000,1.0000,0.00,19.00,19.00,false,7050.000
demolfa02321,demofac01201,FAC-2026-0464,democli00020,2026-09-17,0,demoprd00017,SRV-HEB-02,Hebergement,Nom de domaine .tn,1.000,45.000,45.000,1.0000,0.00,0.00,19.00,true,45.000
demolfa02322,demofac01201,FAC-2026-0464,democli00020,2026-09-17,1,demoprd00033,PRD-FOU-04,Fournitures,Mobilier de bureau (poste),2.000,1250.000,1250.000,1.0000,0.00,19.00,19.00,false,2500.000
demolfa02323,demofac01202,FAC-2026-0465,democli00020,2026-09-17,0,demoprd00031,PRD-FOU-02,Fournitures,Cartouche toner,4.000,165.000,165.000,1.0000,0.00,19.00,19.00,false,660.000
demolfa02324,demofac01202,FAC-2026-0465,democli00020,2026-09-17,1,demoprd00018,SRV-HEB-03,Hebergement,Serveur dedie (mois),3.000,290.000,290.000,1.0000,0.00,19.00,19.00,false,870.000
demolfa02372,demofac01203,FAC-2026-0466,democli00023,2026-09-18,0,demoprd00031,PRD-FOU-02,Fournitures,Cartouche toner,20.000,165.000,165.000,1.0000,0.00,19.00,19.00,false,3300.000
demolfa02356,demofac01205,FAC-2026-0468,democli00044,2026-09-20,0,demoprd00019,SRV-TRA-01,Logistique,Transport de marchandises,7.000,210.000,210.000,1.0000,0.00,7.00,7.00,false,1470.000
demolfa02357,demofac01205,FAC-2026-0468,democli00044,2026-09-20,1,demoprd00028,PRD-LOG-02,Logiciels,Licence suite bureautique,6.000,320.000,320.000,1.0000,7.00,19.00,19.00,false,1785.600
demolfa02358,demofac01205,FAC-2026-0468,democli00044,2026-09-20,2,demoprd00011,SRV-MNT-03,Maintenance,Support premium (annuel),1.000,3600.000,3600.000,1.0000,0.00,19.00,19.00,false,3600.000
demolfa02363,demofac01206,FAC-2026-0469,democli00025,2026-09-20,0,demoprd00030,PRD-FOU-01,Fournitures,Ramette papier A4,14.000,14.500,14.500,1.0000,8.00,19.00,19.00,false,186.760
demolfa02364,demofac01206,FAC-2026-0469,democli00025,2026-09-20,1,demoprd00017,SRV-HEB-02,Hebergement,Nom de domaine .tn,1.000,45.000,45.000,1.0000,0.00,19.00,19.00,false,45.000
demolfa02370,demofac01210,FAC-2026-0473,democli00023,2026-09-22,0,demoprd00004,SRV-CONS-04,Conseil,Etude de marche,1.000,4500.000,4500.000,1.0000,0.00,19.00,19.00,false,4500.000
demolfa02371,demofac01210,FAC-2026-0473,democli00023,2026-09-22,1,demoprd00027,PRD-LOG-01,Logiciels,Licence antivirus (poste),10.000,85.000,85.000,1.0000,0.00,19.00,19.00,false,850.000
