id,numero,annee,dateEmission,dateValidite,statut,notes,conditions,sousTotalHT,totalTva,totalTTC,createdAt,updatedAt,clientId,createdById
demodev00001,DEV-2024-0003,2024,2024-09-23 10:00:00,2024-10-23 10:00:00,CONVERTI,,,5280.000,801.600,6081.600,2024-09-23 10:00:00,2026-09-23 23:58:31.283,democli00017,cmuerhq5v0000ucvpy660gnw1
demodev00002,DEV-2024-0004,2024,2024-09-25 10:00:00,2024-10-25 10:00:00,CONVERTI,,,6820.000,1295.800,8115.800,2024-09-25 10:00:00,2026-09-23 23:58:31.283,democli00056,cmuerhq5v0000ucvpy660gnw1
demodev00003,DEV-2024-0005,2024,2024-09-25 10:00:00,2024-10-25 10:00:00,CONVERTI,,,9523.800,1809.522,11333.322,2024-09-25 10:00:00,2026-09-23 23:58:31.283,democli00006,cmuerhq5v0000ucvpy660gnw1
demodev00004,DEV-2024-0001,2024,2024-09-19 10:00:00,2024-10-19 10:00:00,CONVERTI,,,16156.000,2616.040,18772.040,2024-09-19 10:00:00,2026-09-23 23:58:31.283,democli00059,cmuerhq5v0000ucvpy660gnw1
demodev00005,DEV-2024-0002,2024,2024-09-19 10:00:00,2024-10-19 10:00:00,CONVERTI,,,570.000,108.300,678.300,2024-09-19 10:00:00,2026-09-23 23:58:31.283,democli00036,cmuerhq5v0000ucvpy660gnw1
demodev00006,DEV-2024-0006,2024,2024-09-28 10:00:00,2024-10-28 10:00:00,CONVERTI,,,20225.000,2807.750,23032.750,2024-09-28 10:00:00,2026-09-23 23:58:31.283,democli00019,cmuerhq5v0000ucvpy660gnw1
demodev00007,DEV-2024-0007,2024,2024-09-30 10:00:00,2024-10-30 10:00:00,CONVERTI,,,1860.000,353.400,2213.400,2024-09-30 10:00:00,2026-09-23 23:58:31.283,democli00024,cmuerhq5v0000ucvpy660gnw1
demodev00008,DEV-2024-0011,2024,2024-10-05 10:00:00,2024-11-04 10:00:00,CONVERTI,,,1680.000,117.600,1797.600,2024-10-05 10:00:00,2026-09-23 23:58:31.283,democli00016,cmuerhq5v0000ucvpy660gnw1
demodev00009,DEV-2024-0023,2024,2024-10-12 10:00:00,2024-11-11 10:00:00,CONVERTI,,,12570.000,2388.300,14958.300,2024-10-12 10:00:00,2026-09-23 23:58:31.283,democli00036,cmuerhq5v0000ucvpy660gnw1
demodev00010,DEV-2024-0017,2024,2024-10-08 10:00:00,2024-11-07 10:00:00,CONVERTI,,,10980.000,2086.200,13066.200,2024-10-08 10:00:00,2026-09-23 23:58:31.283,democli00017,cmuerhq5v0000ucvpy660gnw1
demodev00011,DEV-2024-0021,2024,2024-10-11 10:00:00,2024-11-10 10:00:00,CONVERTI,,,1800.900,342.171,2143.071,2024-10-11 10:00:00,2026-09-23 23:58:31.283,democli00006,cmuerhq5v0000ucvpy660gnw1
demodev00012,DEV-2024-0036,2024,2024-10-21 10:00:00,2024-11-20 10:00:00,CONVERTI,,,11150.600,2118.614,13269.214,2024-10-21 10:00:00,2026-09-23 23:58:31.283,democli00015,cmuerhq5v0000ucvpy660gnw1
demodev00013,DEV-2024-0032,2024,2024-10-18 10:00:00,2024-11-17 10:00:00,CONVERTI,,,6828.000,752.280,7580.280,2024-10-18 10:00:00,2026-09-23 23:58:31.283,democli00040,cmuerhq5v0000ucvpy660gnw1
demodev00014,DEV-2024-0028,2024,2024-10-15 10:00:00,2024-11-14 10:00:00,CONVERTI,,,720.800,136.952,857.752,2024-10-15 10:00:00,2026-09-23 23:58:31.283,democli00034,cmuerhq5v0000ucvpy660gnw1
demodev00015,DEV-2024-0018,2024,2024-10-08 10:00:00,2024-11-07 10:00:00,CONVERTI,,,12000.000,2280.000,14280.000,2024-10-08 10:00:00,2026-09-23 23:58:31.283,democli00011,cmuerhq5v0000ucvpy660gnw1
demodev00016,DEV-2024-0024,2024,2024-10-12 10:00:00,2024-11-11 10:00:00,CONVERTI,,,6303.000,1197.570,7500.570,2024-10-12 10:00:00,2026-09-23 23:58:31.283,democli00051,cmuerhq5v0000ucvpy660gnw1
demodev00017,DEV-2024-0057,2024,2024-11-03 10:00:00,2024-12-03 10:00:00,CONVERTI,,,5450.000,1035.500,6485.500,2024-11-03 10:00:00,2026-09-23 23:58:31.283,democli00006,cmuerhq5v0000ucvpy660gnw1
demodev00018,DEV-2024-0064,2024,2024-11-10 10:00:00,2024-12-10 10:00:00,CONVERTI,,,5257.200,998.868,6256.068,2024-11-10 10:00:00,2026-09-23 23:58:31.283,democli00060,cmuerhq5v0000ucvpy660gnw1
demodev00019,DEV-2024-0043,2024,2024-10-25 10:00:00,2024-11-24 10:00:00,CONVERTI,,,1713.600,325.584,2039.184,2024-10-25 10:00:00,2026-09-23 23:58:31.283,democli00054,cmuerhq5v0000ucvpy660gnw1
demodev00020,DEV-2024-0053,2024,2024-11-01 10:00:00,2024-12-01 10:00:00,CONVERTI,,,12000.000,2280.000,14280.000,2024-11-01 10:00:00,2026-09-23 23:58:31.283,democli00041,cmuerhq5v0000ucvpy660gnw1
demodev00021,DEV-2024-0066,2024,2024-11-12 10:00:00,2024-12-12 10:00:00,CONVERTI,,,2796.500,531.335,3327.835,2024-11-12 10:00:00,2026-09-23 23:58:31.283,democli00026,cmuerhq5v0000ucvpy660gnw1
demodev00022,DEV-2024-0041,2024,2024-10-24 10:00:00,2024-11-23 10:00:00,CONVERTI,,,2700.000,513.000,3213.000,2024-10-24 10:00:00,2026-09-23 23:58:31.283,democli00018,cmuerhq5v0000ucvpy660gnw1
demodev00023,DEV-2024-0070,2024,2024-11-15 10:00:00,2024-12-15 10:00:00,CONVERTI,,,6560.000,1246.400,7806.400,2024-11-15 10:00:00,2026-09-23 23:58:31.283,democli00042,cmuerhq5v0000ucvpy660gnw1
demodev00024,DEV-2024-0054,2024,2024-11-01 10:00:00,2024-12-01 10:00:00,CONVERTI,,,5100.000,969.000,6069.000,2024-11-01 10:00:00,2026-09-23 23:58:31.283,democli00055,cmuerhq5v0000ucvpy660gnw1
demodev00025,DEV-2024-0055,2024,2024-11-01 10:00:00,2024-12-01 10:00:00,CONVERTI,,,4700.000,893.000,5593.000,2024-11-01 10:00:00,2026-09-23 23:58:31.283,democli00048,cmuerhq5v0000ucvpy660gnw1
demodev00026,DEV-2024-0052,2024,2024-10-31 10:00:00,2024-11-30 10:00:00,CONVERTI,,,6600.000,1254.000,7854.000,2024-10-31 10:00:00,2026-09-23 23:58:31.283,democli00030,cmuerhq5v0000ucvpy660gnw1
demodev00027,DEV-2024-0050,2024,2024-10-29 10:00:00,2024-11-28 10:00:00,CONVERTI,,,2410.900,458.071,2868.971,2024-10-29 10:00:00,2026-09-23 23:58:31.283,democli00048,cmuerhq5v0000ucvpy660gnw1
demodev00028,DEV-2024-0048,2024,2024-10-27 10:00:00,2024-11-26 10:00:00,CONVERTI,,,5901.600,869.304,6770.904,2024-10-27 10:00:00,2026-09-23 23:58:31.283,democli00010,cmuerhq5v0000ucvpy660gnw1
demodev00029,DEV-2024-0045,2024,2024-10-26 10:00:00,2024-11-25 10:00:00,CONVERTI,,,8044.500,1528.455,9572.955,2024-10-26 10:00:00,2026-09-23 23:58:31.283,democli00002,cmuerhq5v0000ucvpy660gnw1
demodev00030,DEV-2024-0091,2024,2024-11-28 10:00:00,2024-12-28 10:00:00,CONVERTI,,,3415.000,648.850,4063.850,2024-11-28 10:00:00,2026-09-23 23:58:31.283,democli00021,cmuerhq5v0000ucvpy660gnw1
demodev00031,DEV-2024-0059,2024,2024-11-05 10:00:00,2024-12-05 10:00:00,CONVERTI,,,460.000,87.400,547.400,2024-11-05 10:00:00,2026-09-23 23:58:31.283,democli00017,cmuerhq5v0000ucvpy660gnw1
demodev00032,DEV-2024-0103,2024,2024-12-04 10:00:00,2025-01-03 10:00:00,CONVERTI,,,14616.000,2156.880,16772.880,2024-12-04 10:00:00,2026-09-23 23:58:31.283,democli00059,cmuerhq5v0000ucvpy660gnw1
demodev00033,DEV-2024-0072,2024,2024-11-18 10:00:00,2024-12-18 10:00:00,CONVERTI,,,2280.000,433.200,2713.200,2024-11-18 10:00:00,2026-09-23 23:58:31.283,democli00030,cmuerhq5v0000ucvpy660gnw1
demodev00034,DEV-2024-0073,2024,2024-11-18 10:00:00,2024-12-18 10:00:00,CONVERTI,,,6337.600,1204.144,7541.744,2024-11-18 10:00:00,2026-09-23 23:58:31.283,democli00042,cmuerhq5v0000ucvpy660gnw1
demodev00035,DEV-2024-0067,2024,2024-11-12 10:00:00,2024-12-12 10:00:00,CONVERTI,,,35530.000,6750.700,42280.700,2024-11-12 10:00:00,2026-09-23 23:58:31.283,democli00019,cmuerhq5v0000ucvpy660gnw1
demodev00036,DEV-2024-0075,2024,2024-11-19 10:00:00,2024-12-19 10:00:00,CONVERTI,,,20400.000,2652.000,23052.000,2024-11-19 10:00:00,2026-09-23 23:58:31.283,democli00039,cmuerhq5v0000ucvpy660gnw1
demodev00037,DEV-2024-0089,2024,2024-11-27 10:00:00,2024-12-27 10:00:00,CONVERTI,,,18600.000,3534.000,22134.000,2024-11-27 10:00:00,2026-09-23 23:58:31.283,democli00019,cmuerhq5v0000ucvpy660gnw1
demodev00038,DEV-2024-0106,2024,2024-12-06 10:00:00,2025-01-05 10:00:00,CONVERTI,,,4440.000,742.800,5182.800,2024-12-06 10:00:00,2026-09-23 23:58:31.283,democli00010,cmuerhq5v0000ucvpy660gnw1
demodev00039,DEV-2024-0083,2024,2024-11-24 10:00:00,2024-12-24 10:00:00,CONVERTI,,,7280.000,1383.200,8663.200,2024-11-24 10:00:00,2026-09-23 23:58:31.283,democli00034,cmuerhq5v0000ucvpy660gnw1
demodev00040,DEV-2024-0095,2024,2024-11-30 10:00:00,2024-12-30 10:00:00,CONVERTI,,,6436.720,1222.977,7659.697,2024-11-30 10:00:00,2026-09-23 23:58:31.283,democli00009,cmuerhq5v0000ucvpy660gnw1
demodev00041,DEV-2024-0098,2024,2024-12-01 10:00:00,2024-12-31 10:00:00,CONVERTI,,,9000.000,1710.000,10710.000,2024-12-01 10:00:00,2026-09-23 23:58:31.283,democli00005,cmuerhq5v0000ucvpy660gnw1
demodev00042,DEV-2024-0099,2024,2024-12-01 10:00:00,2024-12-31 10:00:00,CONVERTI,,,16010.000,3041.900,19051.900,2024-12-01 10:00:00,2026-09-23 23:58:31.283,democli00055,cmuerhq5v0000ucvpy660gnw1
demodev00043,DEV-2024-0078,2024,2024-11-21 10:00:00,2024-12-21 10:00:00,CONVERTI,,,3000.000,210.000,3210.000,2024-11-21 10:00:00,2026-09-23 23:58:31.283,democli00041,cmuerhq5v0000ucvpy660gnw1
demodev00044,DEV-2024-0084,2024,2024-11-24 10:00:00,2024-12-24 10:00:00,CONVERTI,,,13664.200,2212.678,15876.878,2024-11-24 10:00:00,2026-09-23 23:58:31.283,democli00026,cmuerhq5v0000ucvpy660gnw1
demodev00045,DEV-2024-0090,2024,2024-11-27 10:00:00,2024-12-27 10:00:00,CONVERTI,,,8650.000,1643.500,10293.500,2024-11-27 10:00:00,2026-09-23 23:58:31.283,democli00037,cmuerhq5v0000ucvpy660gnw1
demodev00046,DEV-2024-0092,2024,2024-11-28 10:00:00,2024-12-28 10:00:00,CONVERTI,,,7008.000,1331.520,8339.520,2024-11-28 10:00:00,2026-09-23 23:58:31.283,democli00049,cmuerhq5v0000ucvpy660gnw1
demodev00047,DEV-2024-0120,2024,2024-12-21 10:00:00,2025-01-20 10:00:00,CONVERTI,,,4500.000,855.000,5355.000,2024-12-21 10:00:00,2026-09-23 23:58:31.283,democli00049,cmuerhq5v0000ucvpy660gnw1
demodev00048,DEV-2024-0118,2024,2024-12-20 10:00:00,2025-01-19 10:00:00,CONVERTI,,,54046.000,9105.220,63151.220,2024-12-20 10:00:00,2026-09-23 23:58:31.283,democli00019,cmuerhq5v0000ucvpy660gnw1
demodev00049,DEV-2024-0107,2024,2024-12-08 10:00:00,2025-01-07 10:00:00,CONVERTI,,,3135.000,595.650,3730.650,2024-12-08 10:00:00,2026-09-23 23:58:31.283,democli00054,cmuerhq5v0000ucvpy660gnw1
demodev00050,DEV-2024-0115,2024,2024-12-15 10:00:00,2025-01-14 10:00:00,CONVERTI,,,6010.000,1141.900,7151.900,2024-12-15 10:00:00,2026-09-23 23:58:31.283,democli00008,cmuerhq5v0000ucvpy660gnw1
demodev00051,DEV-2024-0124,2024,2024-12-23 10:00:00,2025-01-22 10:00:00,CONVERTI,,,3750.000,712.500,4462.500,2024-12-23 10:00:00,2026-09-23 23:58:31.283,democli00020,cmuerhq5v0000ucvpy660gnw1
demodev00052,DEV-2024-0111,2024,2024-12-12 10:00:00,2025-01-11 10:00:00,CONVERTI,,,1680.000,319.200,1999.200,2024-12-12 10:00:00,2026-09-23 23:58:31.283,democli00018,cmuerhq5v0000ucvpy660gnw1
demodev00053,DEV-2024-0126,2024,2024-12-25 10:00:00,2025-01-24 10:00:00,CONVERTI,,,5850.000,960.300,6810.300,2024-12-25 10:00:00,2026-09-23 23:58:31.283,democli00042,cmuerhq5v0000ucvpy660gnw1
demodev00054,DEV-2024-0128,2024,2024-12-28 10:00:00,2025-01-27 10:00:00,CONVERTI,,,22305.000,4237.950,26542.950,2024-12-28 10:00:00,2026-09-23 23:58:31.283,democli00005,cmuerhq5v0000ucvpy660gnw1
demodev00055,DEV-2025-0007,2025,2025-01-04 10:00:00,2025-02-03 10:00:00,CONVERTI,,,159.500,30.305,189.805,2025-01-04 10:00:00,2026-09-23 23:58:31.283,democli00020,cmuerhq5v0000ucvpy660gnw1
demodev00056,DEV-2024-0123,2024,2024-12-22 10:00:00,2025-01-21 10:00:00,CONVERTI,,,1140.000,216.600,1356.600,2024-12-22 10:00:00,2026-09-23 23:58:31.283,democli00019,cmuerhq5v0000ucvpy660gnw1
demodev00057,DEV-2025-0014,2025,2025-01-07 10:00:00,2025-02-06 10:00:00,CONVERTI,,,5408.800,1027.672,6436.472,2025-01-07 10:00:00,2026-09-23 23:58:31.283,democli00025,cmuerhq5v0000ucvpy660gnw1
demodev00058,DEV-2024-0134,2024,2024-12-31 10:00:00,2025-01-30 10:00:00,CONVERTI,,,4360.000,828.400,5188.400,2024-12-31 10:00:00,2026-09-23 23:58:31.283,democli00052,cmuerhq5v0000ucvpy660gnw1
demodev00059,DEV-2025-0001,2025,2025-01-01 10:00:00,2025-01-31 10:00:00,CONVERTI,,,10090.000,1917.100,12007.100,2025-01-01 10:00:00,2026-09-23 23:58:31.283,democli00042,cmuerhq5v0000ucvpy660gnw1
demodev00060,DEV-2024-0132,2024,2024-12-29 10:00:00,2025-01-28 10:00:00,CONVERTI,,,7325.600,1165.064,8490.664,2024-12-29 10:00:00,2026-09-23 23:58:31.283,democli00054,cmuerhq5v0000ucvpy660gnw1
demodev00061,DEV-2024-0129,2024,2024-12-28 10:00:00,2025-01-27 10:00:00,CONVERTI,,,1920.000,364.800,2284.800,2024-12-28 10:00:00,2026-09-23 23:58:31.283,democli00049,cmuerhq5v0000ucvpy660gnw1
demodev00062,DEV-2025-0022,2025,2025-01-18 10:00:00,2025-02-17 10:00:00,CONVERTI,,,2700.000,513.000,3213.000,2025-01-18 10:00:00,2026-09-23 23:58:31.283,democli00054,cmuerhq5v0000ucvpy660gnw1
demodev00063,DEV-2025-0030,2025,2025-01-24 10:00:00,2025-02-23 10:00:00,CONVERTI,,,9088.000,1726.720,10814.720,2025-01-24 10:00:00,2026-09-23 23:58:31.283,democli00041,cmuerhq5v0000ucvpy660gnw1
demodev00064,DEV-2025-0015,2025,2025-01-08 10:00:00,2025-02-07 10:00:00,CONVERTI,,,2925.000,420.750,3345.750,2025-01-08 10:00:00,2026-09-23 23:58:31.283,democli00040,cmuerhq5v0000ucvpy660gnw1
demodev00065,DEV-2025-0039,2025,2025-01-30 10:00:00,2025-03-01 10:00:00,CONVERTI,,,8050.000,1529.500,9579.500,2025-01-30 10:00:00,2026-09-23 23:58:31.283,democli00047,cmuerhq5v0000ucvpy660gnw1
demodev00066,DEV-2025-0031,2025,2025-01-24 10:00:00,2025-02-23 10:00:00,CONVERTI,,,3000.000,210.000,3210.000,2025-01-24 10:00:00,2026-09-23 23:58:31.283,democli00041,cmuerhq5v0000ucvpy660gnw1
demodev00067,DEV-2025-0023,2025,2025-01-19 10:00:00,2025-02-18 10:00:00,CONVERTI,,,2580.000,490.200,3070.200,2025-01-19 10:00:00,2026-09-23 23:58:31.283,democli00042,cmuerhq5v0000ucvpy660gnw1
demodev00068,DEV-2025-0017,2025,2025-01-10 10:00:00,2025-02-09 10:00:00,CONVERTI,,,9248.500,1685.395,10933.895,2025-01-10 10:00:00,2026-09-23 23:58:31.283,democli00044,cmuerhq5v0000ucvpy660gnw1
demodev00069,DEV-2025-0036,2025,2025-01-27 10:00:00,2025-02-26 10:00:00,CONVERTI,,,3660.000,544.200,4204.200,2025-01-27 10:00:00,2026-09-23 23:58:31.283,democli00044,cmuerhq5v0000ucvpy660gnw1
demodev00070,DEV-2025-0020,2025,2025-01-11 10:00:00,2025-02-10 10:00:00,CONVERTI,,,4360.000,828.400,5188.400,2025-01-11 10:00:00,2026-09-23 23:58:31.283,democli00052,cmuerhq5v0000ucvpy660gnw1
demodev00071,DEV-2025-0037,2025,2025-01-29 10:00:00,2025-02-28 10:00:00,CONVERTI,,,2208.000,419.520,2627.520,2025-01-29 10:00:00,2026-09-23 23:58:31.283,democli00030,cmuerhq5v0000ucvpy660gnw1
demodev00072,DEV-2025-0033,2025,2025-01-25 10:00:00,2025-02-24 10:00:00,CONVERTI,,,870.000,165.300,1035.300,2025-01-25 10:00:00,2026-09-23 23:58:31.283,democli00034,cmuerhq5v0000ucvpy660gnw1
demodev00073,DEV-2025-0027,2025,2025-01-23 10:00:00,2025-02-22 10:00:00,CONVERTI,,,15755.000,2993.450,18748.450,2025-01-23 10:00:00,2026-09-23 23:58:31.283,democli00046,cmuerhq5v0000ucvpy660gnw1
demodev00074,DEV-2025-0047,2025,2025-02-07 10:00:00,2025-03-09 10:00:00,CONVERTI,,,760.000,144.400,904.400,2025-02-07 10:00:00,2026-09-23 23:58:31.283,democli00044,cmuerhq5v0000ucvpy660gnw1
demodev00075,DEV-2025-0056,2025,2025-02-11 10:00:00,2025-03-13 10:00:00,CONVERTI,,,14014.000,2468.620,16482.620,2025-02-11 10:00:00,2026-09-23 23:58:31.283,democli00042,cmuerhq5v0000ucvpy660gnw1
demodev00076,DEV-2025-0059,2025,2025-02-14 10:00:00,2025-03-16 10:00:00,CONVERTI,,,900.000,63.000,963.000,2025-02-14 10:00:00,2026-09-23 23:58:31.283,democli00019,cmuerhq5v0000ucvpy660gnw1
demodev00077,DEV-2025-0048,2025,2025-02-07 10:00:00,2025-03-09 10:00:00,CONVERTI,,,630.000,44.100,674.100,2025-02-07 10:00:00,2026-09-23 23:58:31.283,democli00043,cmuerhq5v0000ucvpy660gnw1
demodev00078,DEV-2025-0042,2025,2025-02-03 10:00:00,2025-03-05 10:00:00,CONVERTI,,,2090.000,397.100,2487.100,2025-02-03 10:00:00,2026-09-23 23:58:31.283,democli00048,cmuerhq5v0000ucvpy660gnw1
demodev00079,DEV-2025-0043,2025,2025-02-03 10:00:00,2025-03-05 10:00:00,CONVERTI,,,2394.000,311.220,2705.220,2025-02-03 10:00:00,2026-09-23 23:58:31.283,democli00060,cmuerhq5v0000ucvpy660gnw1
demodev00080,DEV-2025-0062,2025,2025-02-15 10:00:00,2025-03-17 10:00:00,CONVERTI,,,5492.100,879.447,6371.547,2025-02-15 10:00:00,2026-09-23 23:58:31.283,democli00054,cmuerhq5v0000ucvpy660gnw1
demodev00081,DEV-2025-0076,2025,2025-02-24 10:00:00,2025-03-26 10:00:00,CONVERTI,,,17062.000,3241.780,20303.780,2025-02-24 10:00:00,2026-09-23 23:58:31.283,democli00051,cmuerhq5v0000ucvpy660gnw1
demodev00082,DEV-2025-0080,2025,2025-02-27 10:00:00,2025-03-29 10:00:00,CONVERTI,,,15114.000,2871.660,17985.660,2025-02-27 10:00:00,2026-09-23 23:58:31.283,democli00037,cmuerhq5v0000ucvpy660gnw1
demodev00083,DEV-2025-0057,2025,2025-02-12 10:00:00,2025-03-14 10:00:00,CONVERTI,,,8840.000,1679.600,10519.600,2025-02-12 10:00:00,2026-09-23 23:58:31.283,democli00009,cmuerhq5v0000ucvpy660gnw1
demodev00084,DEV-2025-0060,2025,2025-02-14 10:00:00,2025-03-16 10:00:00,CONVERTI,,,2922.400,442.936,3365.336,2025-02-14 10:00:00,2026-09-23 23:58:31.283,democli00020,cmuerhq5v0000ucvpy660gnw1
demodev00085,DEV-2025-0083,2025,2025-03-06 10:00:00,2025-04-05 10:00:00,CONVERTI,,,22219.000,4221.610,26440.610,2025-03-06 10:00:00,2026-09-23 23:58:31.283,democli00011,cmuerhq5v0000ucvpy660gnw1
demodev00086,DEV-2025-0089,2025,2025-03-09 10:00:00,2025-04-08 10:00:00,CONVERTI,,,420.000,29.400,449.400,2025-03-09 10:00:00,2026-09-23 23:58:31.283,democli00059,cmuerhq5v0000ucvpy660gnw1
demodev00087,DEV-2025-0052,2025,2025-02-10 10:00:00,2025-03-12 10:00:00,CONVERTI,,,3090.000,252.300,3342.300,2025-02-10 10:00:00,2026-09-23 23:58:31.283,democli00053,cmuerhq5v0000ucvpy660gnw1
demodev00088,DEV-2025-0084,2025,2025-03-06 10:00:00,2025-04-05 10:00:00,CONVERTI,,,8300.000,1577.000,9877.000,2025-03-06 10:00:00,2026-09-23 23:58:31.283,democli00057,cmuerhq5v0000ucvpy660gnw1
demodev00089,DEV-2025-0069,2025,2025-02-20 10:00:00,2025-03-22 10:00:00,CONVERTI,,,4670.000,887.300,5557.300,2025-02-20 10:00:00,2026-09-23 23:58:31.283,democli00006,cmuerhq5v0000ucvpy660gnw1
demodev00090,DEV-2025-0072,2025,2025-02-22 10:00:00,2025-03-24 10:00:00,CONVERTI,,,8120.000,1542.800,9662.800,2025-02-22 10:00:00,2026-09-23 23:58:31.283,democli00049,cmuerhq5v0000ucvpy660gnw1
demodev00091,DEV-2025-0082,2025,2025-03-05 10:00:00,2025-04-04 10:00:00,CONVERTI,,,26410.000,5017.900,31427.900,2025-03-05 10:00:00,2026-09-23 23:58:31.283,democli00034,cmuerhq5v0000ucvpy660gnw1
demodev00092,DEV-2025-0081,2025,2025-03-03 10:00:00,2025-04-02 10:00:00,CONVERTI,,,12353.400,2347.146,14700.546,2025-03-03 10:00:00,2026-09-23 23:58:31.283,democli00014,cmuerhq5v0000ucvpy660gnw1
demodev00093,DEV-2025-0110,2025,2025-03-22 10:00:00,2025-04-21 10:00:00,CONVERTI,,,4015.000,762.850,4777.850,2025-03-22 10:00:00,2026-09-23 23:58:31.283,democli00059,cmuerhq5v0000ucvpy660gnw1
demodev00094,DEV-2025-0104,2025,2025-03-19 10:00:00,2025-04-18 10:00:00,CONVERTI,,,3160.000,600.400,3760.400,2025-03-19 10:00:00,2026-09-23 23:58:31.283,democli00042,cmuerhq5v0000ucvpy660gnw1
demodev00095,DEV-2025-0105,2025,2025-03-19 10:00:00,2025-04-18 10:00:00,CONVERTI,,,2016.000,383.040,2399.040,2025-03-19 10:00:00,2026-09-23 23:58:31.283,democli00018,cmuerhq5v0000ucvpy660gnw1
demodev00096,DEV-2025-0098,2025,2025-03-17 10:00:00,2025-04-16 10:00:00,CONVERTI,,,1890.000,132.300,2022.300,2025-03-17 10:00:00,2026-09-23 23:58:31.283,democli00054,cmuerhq5v0000ucvpy660gnw1
demodev00097,DEV-2025-0099,2025,2025-03-17 10:00:00,2025-04-16 10:00:00,CONVERTI,,,5916.000,769.080,6685.080,2025-03-17 10:00:00,2026-09-23 23:58:31.283,democli00059,cmuerhq5v0000ucvpy660gnw1
demodev00098,DEV-2025-0086,2025,2025-03-07 10:00:00,2025-04-06 10:00:00,CONVERTI,,,9375.000,656.250,10031.250,2025-03-07 10:00:00,2026-09-23 23:58:31.283,democli00019,cmuerhq5v0000ucvpy660gnw1
demodev00099,DEV-2025-0102,2025,2025-03-18 10:00:00,2025-04-17 10:00:00,CONVERTI,,,6266.750,590.203,6856.953,2025-03-18 10:00:00,2026-09-23 23:58:31.283,democli00053,cmuerhq5v0000ucvpy660gnw1
demodev00100,DEV-2025-0093,2025,2025-03-13 10:00:00,2025-04-12 10:00:00,CONVERTI,,,2538.900,482.391,3021.291,2025-03-13 10:00:00,2026-09-23 23:58:31.283,democli00057,cmuerhq5v0000ucvpy660gnw1
demodev00101,DEV-2025-0109,2025,2025-03-20 10:00:00,2025-04-19 10:00:00,CONVERTI,,,17197.200,3267.468,20464.668,2025-03-20 10:00:00,2026-09-23 23:58:31.283,democli00047,cmuerhq5v0000ucvpy660gnw1
demodev00102,DEV-2025-0119,2025,2025-03-30 10:00:00,2025-04-29 10:00:00,CONVERTI,,,1206.000,84.420,1290.420,2025-03-30 10:00:00,2026-09-23 23:58:31.283,democli00016,cmuerhq5v0000ucvpy660gnw1
demodev00103,DEV-2025-0092,2025,2025-03-11 10:00:00,2025-04-10 10:00:00,CONVERTI,,,6128.000,874.640,7002.640,2025-03-11 10:00:00,2026-09-23 23:58:31.283,democli00059,cmuerhq5v0000ucvpy660gnw1
demodev00104,DEV-2025-0112,2025,2025-03-24 10:00:00,2025-04-23 10:00:00,CONVERTI,,,10202.000,1938.380,12140.380,2025-03-24 10:00:00,2026-09-23 23:58:31.283,democli00058,cmuerhq5v0000ucvpy660gnw1
demodev00105,DEV-2025-0123,2025,2025-04-06 10:00:00,2025-05-06 10:00:00,CONVERTI,,,5670.000,1077.300,6747.300,2025-04-06 10:00:00,2026-09-23 23:58:31.283,democli00006,cmuerhq5v0000ucvpy660gnw1
demodev00106,DEV-2025-0111,2025,2025-03-23 10:00:00,2025-04-22 10:00:00,CONVERTI,,,755.000,98.450,853.450,2025-03-23 10:00:00,2026-09-23 23:58:31.283,democli00016,cmuerhq5v0000ucvpy660gnw1
demodev00107,DEV-2025-0122,2025,2025-04-02 10:00:00,2025-05-02 10:00:00,CONVERTI,,,5666.000,1076.540,6742.540,2025-04-02 10:00:00,2026-09-23 23:58:31.283,democli00053,cmuerhq5v0000ucvpy660gnw1
demodev00108,DEV-2025-0114,2025,2025-03-28 10:00:00,2025-04-27 10:00:00,CONVERTI,,,36474.000,5411.220,41885.220,2025-03-28 10:00:00,2026-09-23 23:58:31.283,democli00004,cmuerhq5v0000ucvpy660gnw1
demodev00109,DEV-2025-0106,2025,2025-03-19 10:00:00,2025-04-18 10:00:00,CONVERTI,,,3200.000,608.000,3808.000,2025-03-19 10:00:00,2026-09-23 23:58:31.283,democli00026,cmuerhq5v0000ucvpy660gnw1
demodev00110,DEV-2025-0136,2025,2025-04-15 10:00:00,2025-05-15 10:00:00,CONVERTI,,,33160.000,6300.400,39460.400,2025-04-15 10:00:00,2026-09-23 23:58:31.283,democli00019,cmuerhq5v0000ucvpy660gnw1
demodev00111,DEV-2025-0118,2025,2025-03-29 10:00:00,2025-04-28 10:00:00,CONVERTI,,,7316.000,1390.040,8706.040,2025-03-29 10:00:00,2026-09-23 23:58:31.283,democli00049,cmuerhq5v0000ucvpy660gnw1
demodev00112,DEV-2025-0126,2025,2025-04-08 10:00:00,2025-05-08 10:00:00,CONVERTI,,,9264.000,922.080,10186.080,2025-04-08 10:00:00,2026-09-23 23:58:31.283,democli00041,cmuerhq5v0000ucvpy660gnw1
demodev00113,DEV-2025-0127,2025,2025-04-08 10:00:00,2025-05-08 10:00:00,CONVERTI,,,27126.000,4207.380,31333.380,2025-04-08 10:00:00,2026-09-23 23:58:31.283,democli00039,cmuerhq5v0000ucvpy660gnw1
demodev00114,DEV-2025-0142,2025,2025-04-22 10:00:00,2025-05-22 10:00:00,CONVERTI,,,13110.400,1964.452,15074.852,2025-04-22 10:00:00,2026-09-23 23:58:31.283,democli00026,cmuerhq5v0000ucvpy660gnw1
demodev00115,DEV-2025-0143,2025,2025-04-22 10:00:00,2025-05-22 10:00:00,CONVERTI,,,4500.000,855.000,5355.000,2025-04-22 10:00:00,2026-09-23 23:58:31.283,democli00049,cmuerhq5v0000ucvpy660gnw1
demodev00116,DEV-2025-0147,2025,2025-04-24 10:00:00,2025-05-24 10:00:00,CONVERTI,,,3002.000,570.380,3572.380,2025-04-24 10:00:00,2026-09-23 23:58:31.283,democli00009,cmuerhq5v0000ucvpy660gnw1
demodev00117,DEV-2025-0134,2025,2025-04-14 10:00:00,2025-05-14 10:00:00,CONVERTI,,,6190.000,1176.100,7366.100,2025-04-14 10:00:00,2026-09-23 23:58:31.283,democli00001,cmuerhq5v0000ucvpy660gnw1
demodev00118,DEV-2025-0137,2025,2025-04-16 10:00:00,2025-05-16 10:00:00,CONVERTI,,,2622.000,498.180,3120.180,2025-04-16 10:00:00,2026-09-23 23:58:31.283,democli00050,cmuerhq5v0000ucvpy660gnw1
demodev00119,DEV-2025-0150,2025,2025-04-27 10:00:00,2025-05-27 10:00:00,CONVERTI,,,2494.000,473.860,2967.860,2025-04-27 10:00:00,2026-09-23 23:58:31.283,democli00039,cmuerhq5v0000ucvpy660gnw1
demodev00120,DEV-2025-0139,2025,2025-04-18 10:00:00,2025-05-18 10:00:00,CONVERTI,,,16800.000,2904.000,19704.000,2025-04-18 10:00:00,2026-09-23 23:58:31.283,democli00041,cmuerhq5v0000ucvpy660gnw1
demodev00121,DEV-2025-0144,2025,2025-04-22 10:00:00,2025-05-22 10:00:00,CONVERTI,,,540.000,102.600,642.600,2025-04-22 10:00:00,2026-09-23 23:58:31.283,democli00059,cmuerhq5v0000ucvpy660gnw1
demodev00122,DEV-2025-0151,2025,2025-04-27 10:00:00,2025-05-27 10:00:00,CONVERTI,,,11370.000,1839.900,13209.900,2025-04-27 10:00:00,2026-09-23 23:58:31.283,democli00019,cmuerhq5v0000ucvpy660gnw1
demodev00123,DEV-2025-0159,2025,2025-04-30 10:00:00,2025-05-30 10:00:00,CONVERTI,,,6556.500,1245.735,7802.235,2025-04-30 10:00:00,2026-09-23 23:58:31.283,democli00042,cmuerhq5v0000ucvpy660gnw1
demodev00124,DEV-2025-0141,2025,2025-04-21 10:00:00,2025-05-21 10:00:00,CONVERTI,,,2040.000,387.600,2427.600,2025-04-21 10:00:00,2026-09-23 23:58:31.283,democli00032,cmuerhq5v0000ucvpy660gnw1
demodev00125,DEV-2025-0146,2025,2025-04-23 10:00:00,2025-05-23 10:00:00,CONVERTI,,,15450.000,2935.500,18385.500,2025-04-23 10:00:00,2026-09-23 23:58:31.283,democli00057,cmuerhq5v0000ucvpy660gnw1
demodev00126,DEV-2025-0178,2025,2025-05-10 10:00:00,2025-06-09 10:00:00,CONVERTI,,,2761.000,524.590,3285.590,2025-05-10 10:00:00,2026-09-23 23:58:31.283,democli00033,cmuerhq5v0000ucvpy660gnw1
demodev00127,DEV-2025-0168,2025,2025-05-05 10:00:00,2025-06-04 10:00:00,CONVERTI,,,6390.000,1214.100,7604.100,2025-05-05 10:00:00,2026-09-23 23:58:31.283,democli00012,cmuerhq5v0000ucvpy660gnw1
demodev00128,DEV-2025-0165,2025,2025-05-03 10:00:00,2025-06-02 10:00:00,CONVERTI,,,708.000,134.520,842.520,2025-05-03 10:00:00,2026-09-23 23:58:31.283,democli00052,cmuerhq5v0000ucvpy660gnw1
demodev00129,DEV-2025-0158,2025,2025-04-29 10:00:00,2025-05-29 10:00:00,CONVERTI,,,8570.000,1628.300,10198.300,2025-04-29 10:00:00,2026-09-23 23:58:31.283,democli00049,cmuerhq5v0000ucvpy660gnw1
demodev00130,DEV-2025-0185,2025,2025-05-17 10:00:00,2025-06-16 10:00:00,CONVERTI,,,19800.000,3762.000,23562.000,2025-05-17 10:00:00,2026-09-23 23:58:31.283,democli00036,cmuerhq5v0000ucvpy660gnw1
demodev00131,DEV-2025-0179,2025,2025-05-11 10:00:00,2025-06-10 10:00:00,CONVERTI,,,4775.000,907.250,5682.250,2025-05-11 10:00:00,2026-09-23 23:58:31.283,democli00043,cmuerhq5v0000ucvpy660gnw1
demodev00132,DEV-2025-0161,2025,2025-05-02 10:00:00,2025-06-01 10:00:00,CONVERTI,,,5533.500,1051.365,6584.865,2025-05-02 10:00:00,2026-09-23 23:58:31.283,democli00055,cmuerhq5v0000ucvpy660gnw1
demodev00133,DEV-2025-0182,2025,2025-05-14 10:00:00,2025-06-13 10:00:00,CONVERTI,,,19730.600,2655.374,22385.974,2025-05-14 10:00:00,2026-09-23 23:58:31.283,democli00004,cmuerhq5v0000ucvpy660gnw1
demodev00134,DEV-2025-0186,2025,2025-05-17 10:00:00,2025-06-16 10:00:00,CONVERTI,,,7060.000,1341.400,8401.400,2025-05-17 10:00:00,2026-09-23 23:58:31.283,democli00030,cmuerhq5v0000ucvpy660gnw1
demodev00135,DEV-2025-0184,2025,2025-05-16 10:00:00,2025-06-15 10:00:00,CONVERTI,,,10590.000,2012.100,12602.100,2025-05-16 10:00:00,2026-09-23 23:58:31.283,democli00030,cmuerhq5v0000ucvpy660gnw1
demodev00136,DEV-2025-0169,2025,2025-05-05 10:00:00,2025-06-04 10:00:00,CONVERTI,,,32358.000,5024.100,37382.100,2025-05-05 10:00:00,2026-09-23 23:58:31.283,democli00039,cmuerhq5v0000ucvpy660gnw1
demodev00137,DEV-2025-0172,2025,2025-05-08 10:00:00,2025-06-07 10:00:00,CONVERTI,,,5319.900,804.393,6124.293,2025-05-08 10:00:00,2026-09-23 23:58:31.283,democli00044,cmuerhq5v0000ucvpy660gnw1
demodev00138,DEV-2025-0202,2025,2025-05-30 10:00:00,2025-06-29 10:00:00,CONVERTI,,,6000.000,1140.000,7140.000,2025-05-30 10:00:00,2026-09-23 23:58:31.283,democli00011,cmuerhq5v0000ucvpy660gnw1
demodev00139,DEV-2025-0188,2025,2025-05-19 10:00:00,2025-06-18 10:00:00,CONVERTI,,,3390.000,644.100,4034.100,2025-05-19 10:00:00,2026-09-23 23:58:31.283,democli00031,cmuerhq5v0000ucvpy660gnw1
demodev00140,DEV-2025-0206,2025,2025-05-31 10:00:00,2025-06-30 10:00:00,CONVERTI,,,4340.000,824.600,5164.600,2025-05-31 10:00:00,2026-09-23 23:58:31.283,democli00025,cmuerhq5v0000ucvpy660gnw1
demodev00141,DEV-2025-0200,2025,2025-05-29 10:00:00,2025-06-28 10:00:00,CONVERTI,,,9825.000,1713.750,11538.750,2025-05-29 10:00:00,2026-09-23 23:58:31.283,democli00041,cmuerhq5v0000ucvpy660gnw1
demodev00142,DEV-2025-0201,2025,2025-05-29 10:00:00,2025-06-28 10:00:00,CONVERTI,,,1240.000,235.600,1475.600,2025-05-29 10:00:00,2026-09-23 23:58:31.283,democli00024,cmuerhq5v0000ucvpy660gnw1
demodev00143,DEV-2025-0189,2025,2025-05-19 10:00:00,2025-06-18 10:00:00,CONVERTI,,,23862.000,4173.780,28035.780,2025-05-19 10:00:00,2026-09-23 23:58:31.283,democli00019,cmuerhq5v0000ucvpy660gnw1
demodev00144,DEV-2025-0173,2025,2025-05-09 10:00:00,2025-06-08 10:00:00,CONVERTI,,,7510.000,1426.900,8936.900,2025-05-09 10:00:00,2026-09-23 23:58:31.283,democli00011,cmuerhq5v0000ucvpy660gnw1
demodev00145,DEV-2025-0180,2025,2025-05-12 10:00:00,2025-06-11 10:00:00,CONVERTI,,,4500.000,855.000,5355.000,2025-05-12 10:00:00,2026-09-23 23:58:31.283,democli00031,cmuerhq5v0000ucvpy660gnw1
demodev00146,DEV-2025-0197,2025,2025-05-27 10:00:00,2025-06-26 10:00:00,CONVERTI,,,2475.000,470.250,2945.250,2025-05-27 10:00:00,2026-09-23 23:58:31.283,democli00048,cmuerhq5v0000ucvpy660gnw1
demodev00147,DEV-2025-0187,2025,2025-05-17 10:00:00,2025-06-16 10:00:00,CONVERTI,,,28532.000,3709.160,32241.160,2025-05-17 10:00:00,2026-09-23 23:58:31.283,democli00039,cmuerhq5v0000ucvpy660gnw1
demodev00148,DEV-2025-0210,2025,2025-06-03 10:00:00,2025-07-03 10:00:00,CONVERTI,,,1666.000,316.540,1982.540,2025-06-03 10:00:00,2026-09-23 23:58:31.283,democli00050,cmuerhq5v0000ucvpy660gnw1
demodev00149,DEV-2025-0213,2025,2025-06-05 10:00:00,2025-07-05 10:00:00,CONVERTI,,,5100.000,969.000,6069.000,2025-06-05 10:00:00,2026-09-23 23:58:31.283,democli00013,cmuerhq5v0000ucvpy660gnw1
demodev00150,DEV-2025-0225,2025,2025-06-12 10:00:00,2025-07-12 10:00:00,CONVERTI,,,7200.000,504.000,7704.000,2025-06-12 10:00:00,2026-09-23 23:58:31.283,democli00019,cmuerhq5v0000ucvpy660gnw1
demodev00151,DEV-2025-0216,2025,2025-06-09 10:00:00,2025-07-09 10:00:00,CONVERTI,,,840.000,159.600,999.600,2025-06-09 10:00:00,2026-09-23 23:58:31.283,democli00025,cmuerhq5v0000ucvpy660gnw1
demodev00152,DEV-2025-0208,2025,2025-06-02 10:00:00,2025-07-02 10:00:00,CONVERTI,,,13300.000,2527.000,15827.000,2025-06-02 10:00:00,2026-09-23 23:58:31.283,democli00030,cmuerhq5v0000ucvpy660gnw1
demodev00153,DEV-2025-0215,2025,2025-06-08 10:00:00,2025-07-08 10:00:00,CONVERTI,,,930.000,75.900,1005.900,2025-06-08 10:00:00,2026-09-23 23:58:31.283,democli00043,cmuerhq5v0000ucvpy660gnw1
demodev00154,DEV-2025-0198,2025,2025-05-27 10:00:00,2025-06-26 10:00:00,CONVERTI,,,7340.000,1034.600,8374.600,2025-05-27 10:00:00,2026-09-23 23:58:31.283,democli00019,cmuerhq5v0000ucvpy660gnw1
demodev00155,DEV-2025-0229,2025,2025-06-15 10:00:00,2025-07-15 10:00:00,CONVERTI,,,6900.000,1311.000,8211.000,2025-06-15 10:00:00,2026-09-23 23:58:31.283,democli00042,cmuerhq5v0000ucvpy660gnw1
demodev00156,DEV-2025-0207,2025,2025-06-01 10:00:00,2025-07-01 10:00:00,CONVERTI,,,40485.000,7692.150,48177.150,2025-06-01 10:00:00,2026-09-23 23:58:31.283,democli00054,cmuerhq5v0000ucvpy660gnw1
demodev00157,DEV-2025-0238,2025,2025-06-23 10:00:00,2025-07-23 10:00:00,CONVERTI,,,2250.000,427.500,2677.500,2025-06-23 10:00:00,2026-09-23 23:58:31.283,democli00008,cmuerhq5v0000ucvpy660gnw1
demodev00158,DEV-2025-0203,2025,2025-05-30 10:00:00,2025-06-29 10:00:00,CONVERTI,,,3906.000,742.140,4648.140,2025-05-30 10:00:00,2026-09-23 23:58:31.283,democli00034,cmuerhq5v0000ucvpy660gnw1
demodev00159,DEV-2025-0226,2025,2025-06-14 10:00:00,2025-07-14 10:00:00,CONVERTI,,,22441.500,4263.885,26705.385,2025-06-14 10:00:00,2026-09-23 23:58:31.283,democli00030,cmuerhq5v0000ucvpy660gnw1
demodev00160,DEV-2025-0214,2025,2025-06-06 10:00:00,2025-07-06 10:00:00,CONVERTI,,,9450.000,1590.300,11040.300,2025-06-06 10:00:00,2026-09-23 23:58:31.283,democli00041,cmuerhq5v0000ucvpy660gnw1
demodev00161,DEV-2025-0217,2025,2025-06-09 10:00:00,2025-07-09 10:00:00,CONVERTI,,,26350.000,3980.500,30330.500,2025-06-09 10:00:00,2026-09-23 23:58:31.283,democli00019,cmuerhq5v0000ucvpy660gnw1
demodev00162,DEV-2025-0230,2025,2025-06-15 10:00:00,2025-07-15 10:00:00,CONVERTI,,,11400.000,2166.000,13566.000,2025-06-15 10:00:00,2026-09-23 23:58:31.283,democli00041,cmuerhq5v0000ucvpy660gnw1
demodev00163,DEV-2025-0222,2025,2025-06-11 10:00:00,2025-07-11 10:00:00,CONVERTI,,,12326.400,2342.016,14668.416,2025-06-11 10:00:00,2026-09-23 23:58:31.283,democli00006,cmuerhq5v0000ucvpy660gnw1
demodev00164,DEV-2025-0223,2025,2025-06-11 10:00:00,2025-07-11 10:00:00,CONVERTI,,,2028.000,385.320,2413.320,2025-06-11 10:00:00,2026-09-23 23:58:31.283,democli00040,cmuerhq5v0000ucvpy660gnw1
demodev00165,DEV-2025-0218,2025,2025-06-09 10:00:00,2025-07-09 10:00:00,CONVERTI,,,4860.000,923.400,5783.400,2025-06-09 10:00:00,2026-09-23 23:58:31.283,democli00047,cmuerhq5v0000ucvpy660gnw1
demodev00166,DEV-2025-0219,2025,2025-06-10 10:00:00,2025-07-10 10:00:00,CONVERTI,,,3600.000,684.000,4284.000,2025-06-10 10:00:00,2026-09-23 23:58:31.283,democli00010,cmuerhq5v0000ucvpy660gnw1
demodev00167,DEV-2025-0247,2025,2025-06-29 10:00:00,2025-07-29 10:00:00,CONVERTI,,,720.000,136.800,856.800,2025-06-29 10:00:00,2026-09-23 23:58:31.283,democli00002,cmuerhq5v0000ucvpy660gnw1
demodev00168,DEV-2025-0257,2025,2025-07-07 10:00:00,2025-08-06 10:00:00,CONVERTI,,,8250.000,1567.500,9817.500,2025-07-07 10:00:00,2026-09-23 23:58:31.283,democli00030,cmuerhq5v0000ucvpy660gnw1
demodev00169,DEV-2025-0239,2025,2025-06-23 10:00:00,2025-07-23 10:00:00,CONVERTI,,,7200.000,504.000,7704.000,2025-06-23 10:00:00,2026-09-23 23:58:31.283,democli00041,cmuerhq5v0000ucvpy660gnw1
demodev00170,DEV-2025-0264,2025,2025-07-12 10:00:00,2025-08-11 10:00:00,CONVERTI,,,1930.000,366.700,2296.700,2025-07-12 10:00:00,2026-09-23 23:58:31.283,democli00031,cmuerhq5v0000ucvpy660gnw1
demodev00171,DEV-2025-0261,2025,2025-07-09 10:00:00,2025-08-08 10:00:00,CONVERTI,,,300.000,57.000,357.000,2025-07-09 10:00:00,2026-09-23 23:58:31.283,democli00035,cmuerhq5v0000ucvpy660gnw1
demodev00172,DEV-2025-0242,2025,2025-06-25 10:00:00,2025-07-25 10:00:00,CONVERTI,,,3415.000,648.850,4063.850,2025-06-25 10:00:00,2026-09-23 23:58:31.283,democli00002,cmuerhq5v0000ucvpy660gnw1
demodev00173,DEV-2025-0248,2025,2025-06-30 10:00:00,2025-07-30 10:00:00,CONVERTI,,,9400.000,1786.000,11186.000,2025-06-30 10:00:00,2026-09-23 23:58:31.283,democli00027,cmuerhq5v0000ucvpy660gnw1
demodev00174,DEV-2025-0245,2025,2025-06-27 10:00:00,2025-07-27 10:00:00,CONVERTI,,,3660.800,695.552,4356.352,2025-06-27 10:00:00,2026-09-23 23:58:31.283,democli00026,cmuerhq5v0000ucvpy660gnw1
demodev00175,DEV-2025-0237,2025,2025-06-22 10:00:00,2025-07-22 10:00:00,CONVERTI,,,1070.000,203.300,1273.300,2025-06-22 10:00:00,2026-09-23 23:58:31.283,democli00025,cmuerhq5v0000ucvpy660gnw1
demodev00176,DEV-2025-0253,2025,2025-07-06 10:00:00,2025-08-05 10:00:00,CONVERTI,,,843.400,160.246,1003.646,2025-07-06 10:00:00,2026-09-23 23:58:31.283,democli00020,cmuerhq5v0000ucvpy660gnw1
demodev00177,DEV-2025-0254,2025,2025-07-06 10:00:00,2025-08-05 10:00:00,CONVERTI,,,4455.000,846.450,5301.450,2025-07-06 10:00:00,2026-09-23 23:58:31.283,democli00054,cmuerhq5v0000ucvpy660gnw1
demodev00178,DEV-2025-0271,2025,2025-07-21 10:00:00,2025-08-20 10:00:00,CONVERTI,,,57914.000,9874.700,67788.700,2025-07-21 10:00:00,2026-09-23 23:58:31.283,democli00019,cmuerhq5v0000ucvpy660gnw1
demodev00179,DEV-2025-0258,2025,2025-07-08 10:00:00,2025-08-07 10:00:00,CONVERTI,,,3600.000,684.000,4284.000,2025-07-08 10:00:00,2026-09-23 23:58:31.283,democli00002,cmuerhq5v0000ucvpy660gnw1
demodev00180,DEV-2025-0279,2025,2025-07-28 10:00:00,2025-08-27 10:00:00,CONVERTI,,,1260.000,239.400,1499.400,2025-07-28 10:00:00,2026-09-23 23:58:31.283,democli00010,cmuerhq5v0000ucvpy660gnw1
demodev00181,DEV-2025-0267,2025,2025-07-17 10:00:00,2025-08-16 10:00:00,CONVERTI,,,3964.400,753.236,4717.636,2025-07-17 10:00:00,2026-09-23 23:58:31.283,democli00042,cmuerhq5v0000ucvpy660gnw1
demodev00182,DEV-2025-0265,2025,2025-07-15 10:00:00,2025-08-14 10:00:00,CONVERTI,,,1260.000,239.400,1499.400,2025-07-15 10:00:00,2026-09-23 23:58:31.283,democli00040,cmuerhq5v0000ucvpy660gnw1
demodev00183,DEV-2025-0291,2025,2025-08-09 10:00:00,2025-09-08 10:00:00,CONVERTI,,,3200.000,608.000,3808.000,2025-08-09 10:00:00,2026-09-23 23:58:31.283,democli00025,cmuerhq5v0000ucvpy660gnw1
demodev00184,DEV-2025-0287,2025,2025-08-06 10:00:00,2025-09-05 10:00:00,CONVERTI,,,1800.000,342.000,2142.000,2025-08-06 10:00:00,2026-09-23 23:58:31.283,democli00041,cmuerhq5v0000ucvpy660gnw1
demodev00185,DEV-2025-0269,2025,2025-07-19 10:00:00,2025-08-18 10:00:00,CONVERTI,,,9120.000,1732.800,10852.800,2025-07-19 10:00:00,2026-09-23 23:58:31.283,democli00029,cmuerhq5v0000ucvpy660gnw1
demodev00186,DEV-2025-0288,2025,2025-08-08 10:00:00,2025-09-07 10:00:00,CONVERTI,,,10005.000,1900.950,11905.950,2025-08-08 10:00:00,2026-09-23 23:58:31.283,democli00001,cmuerhq5v0000ucvpy660gnw1
demodev00187,DEV-2025-0278,2025,2025-07-27 10:00:00,2025-08-26 10:00:00,CONVERTI,,,29888.000,5678.720,35566.720,2025-07-27 10:00:00,2026-09-23 23:58:31.283,democli00017,cmuerhq5v0000ucvpy660gnw1
demodev00188,DEV-2025-0270,2025,2025-07-20 10:00:00,2025-08-19 10:00:00,CONVERTI,,,2798.600,531.734,3330.334,2025-07-20 10:00:00,2026-09-23 23:58:31.283,democli00047,cmuerhq5v0000ucvpy660gnw1
demodev00189,DEV-2025-0280,2025,2025-07-30 10:00:00,2025-08-29 10:00:00,CONVERTI,,,2441.400,463.866,2905.266,2025-07-30 10:00:00,2026-09-23 23:58:31.283,democli00044,cmuerhq5v0000ucvpy660gnw1
demodev00190,DEV-2025-0300,2025,2025-08-18 10:00:00,2025-09-17 10:00:00,CONVERTI,,,4662.000,606.060,5268.060,2025-08-18 10:00:00,2026-09-23 23:58:31.283,democli00039,cmuerhq5v0000ucvpy660gnw1
demodev00191,DEV-2025-0297,2025,2025-08-15 10:00:00,2025-09-14 10:00:00,CONVERTI,,,7050.000,1339.500,8389.500,2025-08-15 10:00:00,2026-09-23 23:58:31.283,democli00042,cmuerhq5v0000ucvpy660gnw1
demodev00192,DEV-2025-0292,2025,2025-08-11 10:00:00,2025-09-10 10:00:00,CONVERTI,,,2281.600,433.504,2715.104,2025-08-11 10:00:00,2026-09-23 23:58:31.283,democli00042,cmuerhq5v0000ucvpy660gnw1
demodev00193,DEV-2025-0301,2025,2025-08-19 10:00:00,2025-09-18 10:00:00,CONVERTI,,,300.000,57.000,357.000,2025-08-19 10:00:00,2026-09-23 23:58:31.283,democli00047,cmuerhq5v0000ucvpy660gnw1
demodev00194,DEV-2025-0289,2025,2025-08-08 10:00:00,2025-09-07 10:00:00,CONVERTI,,,11675.000,2218.250,13893.250,2025-08-08 10:00:00,2026-09-23 23:58:31.283,democli00002,cmuerhq5v0000ucvpy660gnw1
demodev00195,DEV-2025-0303,2025,2025-08-22 10:00:00,2025-09-21 10:00:00,CONVERTI,,,27660.000,3297.000,30957.000,2025-08-22 10:00:00,2026-09-23 23:58:31.283,democli00019,cmuerhq5v0000ucvpy660gnw1
demodev00196,DEV-2025-0317,2025,2025-08-31 10:00:00,2025-09-30 10:00:00,CONVERTI,,,5857.600,1112.944,6970.544,2025-08-31 10:00:00,2026-09-23 23:58:31.283,democli00046,cmuerhq5v0000ucvpy660gnw1
demodev00197,DEV-2025-0320,2025,2025-09-01 10:00:00,2025-10-01 10:00:00,CONVERTI,,,6152.000,1168.880,7320.880,2025-09-01 10:00:00,2026-09-23 23:58:31.283,democli00049,cmuerhq5v0000ucvpy660gnw1
demodev00198,DEV-2025-0306,2025,2025-08-23 10:00:00,2025-09-22 10:00:00,CONVERTI,,,13201.500,2508.285,15709.785,2025-08-23 10:00:00,2026-09-23 23:58:31.283,democli00030,cmuerhq5v0000ucvpy660gnw1
demodev00199,DEV-2025-0332,2025,2025-09-08 10:00:00,2025-10-08 10:00:00,CONVERTI,,,4560.000,866.400,5426.400,2025-09-08 10:00:00,2026-09-23 23:58:31.283,democli00017,cmuerhq5v0000ucvpy660gnw1
demodev00200,DEV-2025-0339,2025,2025-09-13 10:00:00,2025-10-13 10:00:00,CONVERTI,,,1350.000,94.500,1444.500,2025-09-13 10:00:00,2026-09-23 23:58:31.283,democli00041,cmuerhq5v0000ucvpy660gnw1
demodev00201,DEV-2025-0335,2025,2025-09-11 10:00:00,2025-10-11 10:00:00,CONVERTI,,,15219.600,2891.724,18111.324,2025-09-11 10:00:00,2026-09-23 23:58:31.283,democli00048,cmuerhq5v0000ucvpy660gnw1
demodev00202,DEV-2025-0304,2025,2025-08-22 10:00:00,2025-09-21 10:00:00,CONVERTI,,,3600.000,684.000,4284.000,2025-08-22 10:00:00,2026-09-23 23:58:31.283,democli00002,cmuerhq5v0000ucvpy660gnw1
demodev00203,DEV-2025-0327,2025,2025-09-06 10:00:00,2025-10-06 10:00:00,CONVERTI,,,9000.000,1710.000,10710.000,2025-09-06 10:00:00,2026-09-23 23:58:31.283,democli00041,cmuerhq5v0000ucvpy660gnw1
demodev00204,DEV-2025-0308,2025,2025-08-24 10:00:00,2025-09-23 10:00:00,CONVERTI,,,3168.000,601.920,3769.920,2025-08-24 10:00:00,2026-09-23 23:58:31.283,democli00052,cmuerhq5v0000ucvpy660gnw1
demodev00205,DEV-2025-0321,2025,2025-09-02 10:00:00,2025-10-02 10:00:00,CONVERTI,,,15810.000,3003.900,18813.900,2025-09-02 10:00:00,2026-09-23 23:58:31.283,democli00019,cmuerhq5v0000ucvpy660gnw1
demodev00206,DEV-2025-0324,2025,2025-09-05 10:00:00,2025-10-05 10:00:00,CONVERTI,,,1125.000,78.750,1203.750,2025-09-05 10:00:00,2026-09-23 23:58:31.283,democli00040,cmuerhq5v0000ucvpy660gnw1
demodev00207,DEV-2025-0330,2025,2025-09-07 10:00:00,2025-10-07 10:00:00,CONVERTI,,,9880.000,1877.200,11757.200,2025-09-07 10:00:00,2026-09-23 23:58:31.283,democli00026,cmuerhq5v0000ucvpy660gnw1
demodev00208,DEV-2025-0311,2025,2025-08-25 10:00:00,2025-09-24 10:00:00,CONVERTI,,,540.000,102.600,642.600,2025-08-25 10:00:00,2026-09-23 23:58:31.283,democli00059,cmuerhq5v0000ucvpy660gnw1
demodev00209,DEV-2025-0312,2025,2025-08-26 10:00:00,2025-09-25 10:00:00,CONVERTI,,,18600.000,3534.000,22134.000,2025-08-26 10:00:00,2026-09-23 23:58:31.283,democli00019,cmuerhq5v0000ucvpy660gnw1
demodev00210,DEV-2025-0337,2025,2025-09-12 10:00:00,2025-10-12 10:00:00,CONVERTI,,,11015.000,2092.850,13107.850,2025-09-12 10:00:00,2026-09-23 23:58:31.283,democli00037,cmuerhq5v0000ucvpy660gnw1
demodev00211,DEV-2025-0342,2025,2025-09-15 10:00:00,2025-10-15 10:00:00,CONVERTI,,,190.000,36.100,226.100,2025-09-15 10:00:00,2026-09-23 23:58:31.283,democli00044,cmuerhq5v0000ucvpy660gnw1
demodev00212,DEV-2025-0350,2025,2025-09-20 10:00:00,2025-10-20 10:00:00,CONVERTI,,,7308.800,1388.672,8697.472,2025-09-20 10:00:00,2026-09-23 23:58:31.283,democli00010,cmuerhq5v0000ucvpy660gnw1
demodev00213,DEV-2025-0331,2025,2025-09-07 10:00:00,2025-10-07 10:00:00,CONVERTI,,,5826.000,1106.940,6932.940,2025-09-07 10:00:00,2026-09-23 23:58:31.283,democli00025,cmuerhq5v0000ucvpy660gnw1
demodev00214,DEV-2025-0344,2025,2025-09-17 10:00:00,2025-10-17 10:00:00,CONVERTI,,,15980.000,3036.200,19016.200,2025-09-17 10:00:00,2026-09-23 23:58:31.283,democli00014,cmuerhq5v0000ucvpy660gnw1
demodev00215,DEV-2025-0328,2025,2025-09-06 10:00:00,2025-10-06 10:00:00,CONVERTI,,,4241.600,805.904,5047.504,2025-09-06 10:00:00,2026-09-23 23:58:31.283,democli00042,cmuerhq5v0000ucvpy660gnw1
demodev00216,DEV-2025-0370,2025,2025-10-05 10:00:00,2025-11-04 10:00:00,CONVERTI,,,1254.000,238.260,1492.260,2025-10-05 10:00:00,2026-09-23 23:58:31.283,democli00008,cmuerhq5v0000ucvpy660gnw1
demodev00217,DEV-2025-0367,2025,2025-10-03 10:00:00,2025-11-02 10:00:00,CONVERTI,,,3859.200,594.144,4453.344,2025-10-03 10:00:00,2026-09-23 23:58:31.283,democli00011,cmuerhq5v0000ucvpy660gnw1
demodev00218,DEV-2025-0362,2025,2025-09-29 10:00:00,2025-10-29 10:00:00,CONVERTI,,,6596.000,857.480,7453.480,2025-09-29 10:00:00,2026-09-23 23:58:31.283,democli00039,cmuerhq5v0000ucvpy660gnw1
demodev00219,DEV-2025-0340,2025,2025-09-13 10:00:00,2025-10-13 10:00:00,CONVERTI,,,21862.000,3407.860,25269.860,2025-09-13 10:00:00,2026-09-23 23:58:31.283,democli00032,cmuerhq5v0000ucvpy660gnw1
demodev00220,DEV-2025-0353,2025,2025-09-22 10:00:00,2025-10-22 10:00:00,CONVERTI,,,27300.000,3963.000,31263.000,2025-09-22 10:00:00,2026-09-23 23:58:31.283,democli00051,cmuerhq5v0000ucvpy660gnw1
demodev00221,DEV-2025-0338,2025,2025-09-12 10:00:00,2025-10-12 10:00:00,CONVERTI,,,2417.760,459.374,2877.134,2025-09-12 10:00:00,2026-09-23 23:58:31.283,democli00042,cmuerhq5v0000ucvpy660gnw1
demodev00222,DEV-2025-0365,2025,2025-10-01 10:00:00,2025-10-31 10:00:00,CONVERTI,,,2184.000,414.960,2598.960,2025-10-01 10:00:00,2026-09-23 23:58:31.283,democli00044,cmuerhq5v0000ucvpy660gnw1
demodev00223,DEV-2025-0364,2025,2025-09-30 10:00:00,2025-10-30 10:00:00,CONVERTI,,,9508.000,1806.520,11314.520,2025-09-30 10:00:00,2026-09-23 23:58:31.283,democli00034,cmuerhq5v0000ucvpy660gnw1
demodev00224,DEV-2025-0357,2025,2025-09-26 10:00:00,2025-10-26 10:00:00,CONVERTI,,,1976.800,375.592,2352.392,2025-09-26 10:00:00,2026-09-23 23:58:31.283,democli00021,cmuerhq5v0000ucvpy660gnw1
demodev00225,DEV-2025-0368,2025,2025-10-03 10:00:00,2025-11-02 10:00:00,CONVERTI,,,2100.000,147.000,2247.000,2025-10-03 10:00:00,2026-09-23 23:58:31.283,democli00010,cmuerhq5v0000ucvpy660gnw1
demodev00226,DEV-2025-0380,2025,2025-10-17 10:00:00,2025-11-16 10:00:00,CONVERTI,,,8600.000,1634.000,10234.000,2025-10-17 10:00:00,2026-09-23 23:58:31.283,democli00030,cmuerhq5v0000ucvpy660gnw1
demodev00227,DEV-2025-0386,2025,2025-10-21 10:00:00,2025-11-20 10:00:00,CONVERTI,,,23983.200,4556.808,28540.008,2025-10-21 10:00:00,2026-09-23 23:58:31.283,democli00013,cmuerhq5v0000ucvpy660gnw1
demodev00228,DEV-2025-0378,2025,2025-10-15 10:00:00,2025-11-14 10:00:00,CONVERTI,,,1300.000,247.000,1547.000,2025-10-15 10:00:00,2026-09-23 23:58:31.283,democli00025,cmuerhq5v0000ucvpy660gnw1
demodev00229,DEV-2025-0372,2025,2025-10-09 10:00:00,2025-11-08 10:00:00,CONVERTI,,,860.000,136.400,996.400,2025-10-09 10:00:00,2026-09-23 23:58:31.283,democli00035,cmuerhq5v0000ucvpy660gnw1
demodev00230,DEV-2025-0379,2025,2025-10-16 10:00:00,2025-11-15 10:00:00,CONVERTI,,,12500.000,2375.000,14875.000,2025-10-16 10:00:00,2026-09-23 23:58:31.283,democli00045,cmuerhq5v0000ucvpy660gnw1
demodev00231,DEV-2025-0369,2025,2025-10-03 10:00:00,2025-11-02 10:00:00,CONVERTI,,,35869.000,6815.110,42684.110,2025-10-03 10:00:00,2026-09-23 23:58:31.283,democli00037,cmuerhq5v0000ucvpy660gnw1
demodev00232,DEV-2025-0371,2025,2025-10-07 10:00:00,2025-11-06 10:00:00,CONVERTI,,,9725.200,1847.788,11572.988,2025-10-07 10:00:00,2026-09-23 23:58:31.283,democli00045,cmuerhq5v0000ucvpy660gnw1
demodev00233,DEV-2025-0375,2025,2025-10-13 10:00:00,2025-11-12 10:00:00,CONVERTI,,,3468.000,300.360,3768.360,2025-10-13 10:00:00,2026-09-23 23:58:31.283,democli00031,cmuerhq5v0000ucvpy660gnw1
demodev00234,DEV-2025-0387,2025,2025-10-22 10:00:00,2025-11-21 10:00:00,CONVERTI,,,3306.000,628.140,3934.140,2025-10-22 10:00:00,2026-09-23 23:58:31.283,democli00034,cmuerhq5v0000ucvpy660gnw1
demodev00235,DEV-2025-0373,2025,2025-10-10 10:00:00,2025-11-09 10:00:00,CONVERTI,,,3643.500,361.065,4004.565,2025-10-10 10:00:00,2026-09-23 23:58:31.283,democli00036,cmuerhq5v0000ucvpy660gnw1
demodev00236,DEV-2025-0376,2025,2025-10-14 10:00:00,2025-11-13 10:00:00,CONVERTI,,,591.500,112.385,703.885,2025-10-14 10:00:00,2026-09-23 23:58:31.283,democli00021,cmuerhq5v0000ucvpy660gnw1
demodev00237,DEV-2025-0381,2025,2025-10-17 10:00:00,2025-11-16 10:00:00,CONVERTI,,,540.000,102.600,642.600,2025-10-17 10:00:00,2026-09-23 23:58:31.283,democli00042,cmuerhq5v0000ucvpy660gnw1
demodev00238,DEV-2025-0385,2025,2025-10-20 10:00:00,2025-11-19 10:00:00,CONVERTI,,,2770.000,526.300,3296.300,2025-10-20 10:00:00,2026-09-23 23:58:31.283,democli00052,cmuerhq5v0000ucvpy660gnw1
demodev00239,DEV-2025-0404,2025,2025-11-05 10:00:00,2025-12-05 10:00:00,CONVERTI,,,10450.000,1823.500,12273.500,2025-11-05 10:00:00,2026-09-23 23:58:31.283,democli00026,cmuerhq5v0000ucvpy660gnw1
demodev00240,DEV-2025-0392,2025,2025-10-25 10:00:00,2025-11-24 10:00:00,CONVERTI,,,1800.000,342.000,2142.000,2025-10-25 10:00:00,2026-09-23 23:58:31.283,democli00037,cmuerhq5v0000ucvpy660gnw1
demodev00241,DEV-2025-0401,2025,2025-11-01 10:00:00,2025-12-01 10:00:00,CONVERTI,,,3540.000,672.600,4212.600,2025-11-01 10:00:00,2026-09-23 23:58:31.283,democli00032,cmuerhq5v0000ucvpy660gnw1
demodev00242,DEV-2025-0384,2025,2025-10-19 10:00:00,2025-11-18 10:00:00,CONVERTI,,,413.250,78.518,491.768,2025-10-19 10:00:00,2026-09-23 23:58:31.283,democli00060,cmuerhq5v0000ucvpy660gnw1
demodev00243,DEV-2025-0395,2025,2025-10-27 10:00:00,2025-11-26 10:00:00,CONVERTI,,,28980.000,5506.200,34486.200,2025-10-27 10:00:00,2026-09-23 23:58:31.283,democli00019,cmuerhq5v0000ucvpy660gnw1
demodev00244,DEV-2025-0382,2025,2025-10-17 10:00:00,2025-11-16 10:00:00,CONVERTI,,,20012.000,2745.560,22757.560,2025-10-17 10:00:00,2026-09-23 23:58:31.283,democli00039,cmuerhq5v0000ucvpy660gnw1
demodev00245,DEV-2025-0419,2025,2025-11-15 10:00:00,2025-12-15 10:00:00,CONVERTI,,,4671.000,326.970,4997.970,2025-11-15 10:00:00,2026-09-23 23:58:31.283,democli00019,cmuerhq5v0000ucvpy660gnw1
demodev00246,DEV-2025-0390,2025,2025-10-24 10:00:00,2025-11-23 10:00:00,CONVERTI,,,1800.000,342.000,2142.000,2025-10-24 10:00:00,2026-09-23 23:58:31.283,democli00010,cmuerhq5v0000ucvpy660gnw1
demodev00247,DEV-2025-0406,2025,2025-11-06 10:00:00,2025-12-06 10:00:00,CONVERTI,,,1470.000,102.900,1572.900,2025-11-06 10:00:00,2026-09-23 23:58:31.283,democli00043,cmuerhq5v0000ucvpy660gnw1
demodev00248,DEV-2025-0396,2025,2025-10-27 10:00:00,2025-11-26 10:00:00,CONVERTI,,,450.000,85.500,535.500,2025-10-27 10:00:00,2026-09-23 23:58:31.283,democli00049,cmuerhq5v0000ucvpy660gnw1
demodev00249,DEV-2025-0427,2025,2025-11-19 10:00:00,2025-12-19 10:00:00,CONVERTI,,,190.000,36.100,226.100,2025-11-19 10:00:00,2026-09-23 23:58:31.283,democli00047,cmuerhq5v0000ucvpy660gnw1
demodev00250,DEV-2025-0413,2025,2025-11-09 10:00:00,2025-12-09 10:00:00,CONVERTI,,,4617.040,877.238,5494.278,2025-11-09 10:00:00,2026-09-23 23:58:31.283,democli00047,cmuerhq5v0000ucvpy660gnw1
demodev00251,DEV-2025-0420,2025,2025-11-15 10:00:00,2025-12-15 10:00:00,CONVERTI,,,6922.200,1315.218,8237.418,2025-11-15 10:00:00,2026-09-23 23:58:31.283,democli00045,cmuerhq5v0000ucvpy660gnw1
demodev00252,DEV-2025-0405,2025,2025-11-05 10:00:00,2025-12-05 10:00:00,CONVERTI,,,1800.000,342.000,2142.000,2025-11-05 10:00:00,2026-09-23 23:58:31.283,democli00038,cmuerhq5v0000ucvpy660gnw1
demodev00253,DEV-2025-0432,2025,2025-11-21 10:00:00,2025-12-21 10:00:00,CONVERTI,,,12890.000,2449.100,15339.100,2025-11-21 10:00:00,2026-09-23 23:58:31.283,democli00046,cmuerhq5v0000ucvpy660gnw1
demodev00254,DEV-2025-0415,2025,2025-11-12 10:00:00,2025-12-12 10:00:00,CONVERTI,,,6698.500,1272.715,7971.215,2025-11-12 10:00:00,2026-09-23 23:58:31.283,democli00021,cmuerhq5v0000ucvpy660gnw1
demodev00255,DEV-2025-0409,2025,2025-11-08 10:00:00,2025-12-08 10:00:00,CONVERTI,,,1240.000,235.600,1475.600,2025-11-08 10:00:00,2026-09-23 23:58:31.283,democli00042,cmuerhq5v0000ucvpy660gnw1
demodev00256,DEV-2025-0424,2025,2025-11-17 10:00:00,2025-12-17 10:00:00,CONVERTI,,,7700.000,1463.000,9163.000,2025-11-17 10:00:00,2026-09-23 23:58:31.283,democli00030,cmuerhq5v0000ucvpy660gnw1
demodev00257,DEV-2025-0417,2025,2025-11-13 10:00:00,2025-12-13 10:00:00,CONVERTI,,,26532.100,5041.099,31573.199,2025-11-13 10:00:00,2026-09-23 23:58:31.283,democli00017,cmuerhq5v0000ucvpy660gnw1
demodev00258,DEV-2025-0433,2025,2025-11-22 10:00:00,2025-12-22 10:00:00,CONVERTI,,,3925.000,745.750,4670.750,2025-11-22 10:00:00,2026-09-23 23:58:31.283,democli00038,cmuerhq5v0000ucvpy660gnw1
demodev00259,DEV-2025-0425,2025,2025-11-17 10:00:00,2025-12-17 10:00:00,CONVERTI,,,30000.000,5700.000,35700.000,2025-11-17 10:00:00,2026-09-23 23:58:31.283,democli00041,cmuerhq5v0000ucvpy660gnw1
demodev00260,DEV-2025-0421,2025,2025-11-16 10:00:00,2025-12-16 10:00:00,CONVERTI,,,435.000,82.650,517.650,2025-11-16 10:00:00,2026-09-23 23:58:31.283,democli00024,cmuerhq5v0000ucvpy660gnw1
demodev00261,DEV-2025-0410,2025,2025-11-08 10:00:00,2025-12-08 10:00:00,CONVERTI,,,16650.000,3163.500,19813.500,2025-11-08 10:00:00,2026-09-23 23:58:31.283,democli00011,cmuerhq5v0000ucvpy660gnw1
demodev00262,DEV-2025-0428,2025,2025-11-19 10:00:00,2025-12-19 10:00:00,CONVERTI,,,180.000,34.200,214.200,2025-11-19 10:00:00,2026-09-23 23:58:31.283,democli00029,cmuerhq5v0000ucvpy660gnw1
demodev00263,DEV-2025-0430,2025,2025-11-20 10:00:00,2025-12-20 10:00:00,CONVERTI,,,625.000,118.750,743.750,2025-11-20 10:00:00,2026-09-23 23:58:31.283,democli00059,cmuerhq5v0000ucvpy660gnw1
demodev00264,DEV-2025-0436,2025,2025-11-24 10:00:00,2025-12-24 10:00:00,CONVERTI,,,4283.000,813.770,5096.770,2025-11-24 10:00:00,2026-09-23 23:58:31.283,democli00042,cmuerhq5v0000ucvpy660gnw1
demodev00265,DEV-2025-0429,2025,2025-11-19 10:00:00,2025-12-19 10:00:00,CONVERTI,,,21150.000,4018.500,25168.500,2025-11-19 10:00:00,2026-09-23 23:58:31.283,democli00013,cmuerhq5v0000ucvpy660gnw1
demodev00266,DEV-2025-0431,2025,2025-11-20 10:00:00,2025-12-20 10:00:00,CONVERTI,,,630.000,44.100,674.100,2025-11-20 10:00:00,2026-09-23 23:58:31.283,democli00058,cmuerhq5v0000ucvpy660gnw1
demodev00267,DEV-2025-0470,2025,2025-12-15 10:00:00,2026-01-14 10:00:00,CONVERTI,,,13160.000,2500.400,15660.400,2025-12-15 10:00:00,2026-09-23 23:58:31.283,democli00055,cmuerhq5v0000ucvpy660gnw1
demodev00268,DEV-2025-0440,2025,2025-11-27 10:00:00,2025-12-27 10:00:00,CONVERTI,,,5790.000,1100.100,6890.100,2025-11-27 10:00:00,2026-09-23 23:58:31.283,democli00026,cmuerhq5v0000ucvpy660gnw1
demodev00269,DEV-2025-0442,2025,2025-11-28 10:00:00,2025-12-28 10:00:00,CONVERTI,,,460.000,87.400,547.400,2025-11-28 10:00:00,2026-09-23 23:58:31.283,democli00042,cmuerhq5v0000ucvpy660gnw1
demodev00270,DEV-2025-0461,2025,2025-12-10 10:00:00,2026-01-09 10:00:00,CONVERTI,,,13350.000,2536.500,15886.500,2025-12-10 10:00:00,2026-09-23 23:58:31.283,democli00002,cmuerhq5v0000ucvpy660gnw1
demodev00271,DEV-2025-0446,2025,2025-12-01 10:00:00,2025-12-31 10:00:00,CONVERTI,,,30400.000,5776.000,36176.000,2025-12-01 10:00:00,2026-09-23 23:58:31.283,democli00019,cmuerhq5v0000ucvpy660gnw1
demodev00272,DEV-2025-0443,2025,2025-11-29 10:00:00,2025-12-29 10:00:00,CONVERTI,,,1074.400,204.136,1278.536,2025-11-29 10:00:00,2026-09-23 23:58:31.283,democli00048,cmuerhq5v0000ucvpy660gnw1
demodev00273,DEV-2025-0449,2025,2025-12-03 10:00:00,2026-01-02 10:00:00,CONVERTI,,,8228.000,1069.640,9297.640,2025-12-03 10:00:00,2026-09-23 23:58:31.283,democli00026,cmuerhq5v0000ucvpy660gnw1
demodev00274,DEV-2025-0474,2025,2025-12-18 10:00:00,2026-01-17 10:00:00,CONVERTI,,,23071.600,4383.604,27455.204,2025-12-18 10:00:00,2026-09-23 23:58:31.283,democli00054,cmuerhq5v0000ucvpy660gnw1
demodev00275,DEV-2025-0453,2025,2025-12-04 10:00:00,2026-01-03 10:00:00,CONVERTI,,,8748.000,1352.040,10100.040,2025-12-04 10:00:00,2026-09-23 23:58:31.283,democli00026,cmuerhq5v0000ucvpy660gnw1
demodev00276,DEV-2025-0467,2025,2025-12-13 10:00:00,2026-01-12 10:00:00,CONVERTI,,,14707.400,2794.406,17501.806,2025-12-13 10:00:00,2026-09-23 23:58:31.283,democli00019,cmuerhq5v0000ucvpy660gnw1
demodev00277,DEV-2025-0457,2025,2025-12-08 10:00:00,2026-01-07 10:00:00,CONVERTI,,,5400.000,1026.000,6426.000,2025-12-08 10:00:00,2026-09-23 23:58:31.283,democli00030,cmuerhq5v0000ucvpy660gnw1
demodev00278,DEV-2025-0468,2025,2025-12-13 10:00:00,2026-01-12 10:00:00,CONVERTI,,,5760.000,1094.400,6854.400,2025-12-13 10:00:00,2026-09-23 23:58:31.283,democli00033,cmuerhq5v0000ucvpy660gnw1
demodev00279,DEV-2025-0481,2025,2025-12-22 10:00:00,2026-01-21 10:00:00,CONVERTI,,,12259.600,2329.324,14588.924,2025-12-22 10:00:00,2026-09-23 23:58:31.283,democli00037,cmuerhq5v0000ucvpy660gnw1
demodev00280,DEV-2025-0478,2025,2025-12-20 10:00:00,2026-01-19 10:00:00,CONVERTI,,,4030.000,765.700,4795.700,2025-12-20 10:00:00,2026-09-23 23:58:31.283,democli00006,cmuerhq5v0000ucvpy660gnw1
demodev00281,DEV-2025-0477,2025,2025-12-19 10:00:00,2026-01-18 10:00:00,CONVERTI,,,2661.900,478.761,3140.661,2025-12-19 10:00:00,2026-09-23 23:58:31.283,democli00048,cmuerhq5v0000ucvpy660gnw1
demodev00282,DEV-2025-0489,2025,2025-12-27 10:00:00,2026-01-26 10:00:00,CONVERTI,,,4594.000,872.860,5466.860,2025-12-27 10:00:00,2026-09-23 23:58:31.283,democli00020,cmuerhq5v0000ucvpy660gnw1
demodev00283,DEV-2025-0488,2025,2025-12-26 10:00:00,2026-01-25 10:00:00,CONVERTI,,,600.000,114.000,714.000,2025-12-26 10:00:00,2026-09-23 23:58:31.283,democli00030,cmuerhq5v0000ucvpy660gnw1
demodev00284,DEV-2026-0003,2026,2026-01-03 10:00:00,2026-02-02 10:00:00,CONVERTI,,,4495.000,854.050,5349.050,2026-01-03 10:00:00,2026-09-23 23:58:31.283,democli00056,cmuerhq5v0000ucvpy660gnw1
demodev00285,DEV-2025-0479,2025,2025-12-20 10:00:00,2026-01-19 10:00:00,CONVERTI,,,1620.000,307.800,1927.800,2025-12-20 10:00:00,2026-09-23 23:58:31.283,democli00029,cmuerhq5v0000ucvpy660gnw1
demodev00286,DEV-2025-0480,2025,2025-12-20 10:00:00,2026-01-19 10:00:00,CONVERTI,,,19230.000,3653.700,22883.700,2025-12-20 10:00:00,2026-09-23 23:58:31.283,democli00057,cmuerhq5v0000ucvpy660gnw1
demodev00287,DEV-2025-0471,2025,2025-12-15 10:00:00,2026-01-14 10:00:00,CONVERTI,,,2560.000,486.400,3046.400,2025-12-15 10:00:00,2026-09-23 23:58:31.283,democli00038,cmuerhq5v0000ucvpy660gnw1
demodev00288,DEV-2026-0008,2026,2026-01-05 10:00:00,2026-02-04 10:00:00,CONVERTI,,,11400.000,2166.000,13566.000,2026-01-05 10:00:00,2026-09-23 23:58:31.283,democli00055,cmuerhq5v0000ucvpy660gnw1
demodev00289,DEV-2025-0475,2025,2025-12-18 10:00:00,2026-01-17 10:00:00,CONVERTI,,,2790.000,530.100,3320.100,2025-12-18 10:00:00,2026-09-23 23:58:31.283,democli00025,cmuerhq5v0000ucvpy660gnw1
demodev00290,DEV-2026-0016,2026,2026-01-09 10:00:00,2026-02-08 10:00:00,CONVERTI,,,9610.000,1620.700,11230.700,2026-01-09 10:00:00,2026-09-23 23:58:31.283,democli00031,cmuerhq5v0000ucvpy660gnw1
demodev00291,DEV-2026-0004,2026,2026-01-03 10:00:00,2026-02-02 10:00:00,CONVERTI,,,1800.000,342.000,2142.000,2026-01-03 10:00:00,2026-09-23 23:58:31.283,democli00025,cmuerhq5v0000ucvpy660gnw1
demodev00292,DEV-2026-0026,2026,2026-01-17 10:00:00,2026-02-16 10:00:00,CONVERTI,,,8240.000,1565.600,9805.600,2026-01-17 10:00:00,2026-09-23 23:58:31.283,democli00055,cmuerhq5v0000ucvpy660gnw1
demodev00293,DEV-2026-0001,2026,2026-01-02 10:00:00,2026-02-01 10:00:00,CONVERTI,,,4700.000,893.000,5593.000,2026-01-02 10:00:00,2026-09-23 23:58:31.283,democli00050,cmuerhq5v0000ucvpy660gnw1
demodev00294,DEV-2025-0493,2025,2025-12-29 10:00:00,2026-01-28 10:00:00,CONVERTI,,,8350.000,1586.500,9936.500,2025-12-29 10:00:00,2026-09-23 23:58:31.283,democli00049,cmuerhq5v0000ucvpy660gnw1
demodev00295,DEV-2026-0005,2026,2026-01-03 10:00:00,2026-02-02 10:00:00,CONVERTI,,,14950.000,2840.500,17790.500,2026-01-03 10:00:00,2026-09-23 23:58:31.283,democli00030,cmuerhq5v0000ucvpy660gnw1
demodev00296,DEV-2026-0002,2026,2026-01-02 10:00:00,2026-02-01 10:00:00,CONVERTI,,,21000.000,3990.000,24990.000,2026-01-02 10:00:00,2026-09-23 23:58:31.283,democli00051,cmuerhq5v0000ucvpy660gnw1
demodev00297,DEV-2026-0023,2026,2026-01-14 10:00:00,2026-02-13 10:00:00,CONVERTI,,,3580.000,680.200,4260.200,2026-01-14 10:00:00,2026-09-23 23:58:31.283,democli00008,cmuerhq5v0000ucvpy660gnw1
demodev00298,DEV-2026-0011,2026,2026-01-06 10:00:00,2026-02-05 10:00:00,CONVERTI,,,1960.800,372.552,2333.352,2026-01-06 10:00:00,2026-09-23 23:58:31.283,democli00013,cmuerhq5v0000ucvpy660gnw1
demodev00299,DEV-2026-0042,2026,2026-01-27 10:00:00,2026-02-26 10:00:00,CONVERTI,,,3770.000,716.300,4486.300,2026-01-27 10:00:00,2026-09-23 23:58:31.283,democli00025,cmuerhq5v0000ucvpy660gnw1
demodev00300,DEV-2026-0007,2026,2026-01-04 10:00:00,2026-02-03 10:00:00,CONVERTI,,,1240.000,235.600,1475.600,2026-01-04 10:00:00,2026-09-23 23:58:31.283,democli00042,cmuerhq5v0000ucvpy660gnw1
demodev00301,DEV-2026-0044,2026,2026-01-28 10:00:00,2026-02-27 10:00:00,CONVERTI,,,2745.000,278.550,3023.550,2026-01-28 10:00:00,2026-09-23 23:58:31.283,democli00037,cmuerhq5v0000ucvpy660gnw1
demodev00302,DEV-2026-0048,2026,2026-01-31 10:00:00,2026-03-02 10:00:00,CONVERTI,,,12600.000,2394.000,14994.000,2026-01-31 10:00:00,2026-09-23 23:58:31.283,democli00032,cmuerhq5v0000ucvpy660gnw1
demodev00303,DEV-2026-0047,2026,2026-01-30 10:00:00,2026-03-01 10:00:00,CONVERTI,,,3600.000,684.000,4284.000,2026-01-30 10:00:00,2026-09-23 23:58:31.283,democli00045,cmuerhq5v0000ucvpy660gnw1
demodev00304,DEV-2026-0033,2026,2026-01-21 10:00:00,2026-02-20 10:00:00,CONVERTI,,,7555.000,1435.450,8990.450,2026-01-21 10:00:00,2026-09-23 23:58:31.283,democli00055,cmuerhq5v0000ucvpy660gnw1
demodev00305,DEV-2026-0053,2026,2026-02-03 10:00:00,2026-03-05 10:00:00,CONVERTI,,,2400.000,456.000,2856.000,2026-02-03 10:00:00,2026-09-23 23:58:31.283,democli00030,cmuerhq5v0000ucvpy660gnw1
demodev00306,DEV-2026-0020,2026,2026-01-11 10:00:00,2026-02-10 10:00:00,CONVERTI,,,4625.000,878.750,5503.750,2026-01-11 10:00:00,2026-09-23 23:58:31.283,democli00026,cmuerhq5v0000ucvpy660gnw1
demodev00307,DEV-2026-0029,2026,2026-01-18 10:00:00,2026-02-17 10:00:00,CONVERTI,,,720.800,136.952,857.752,2026-01-18 10:00:00,2026-09-23 23:58:31.283,democli00029,cmuerhq5v0000ucvpy660gnw1
demodev00308,DEV-2026-0055,2026,2026-02-04 10:00:00,2026-03-06 10:00:00,CONVERTI,,,8463.000,1607.970,10070.970,2026-02-04 10:00:00,2026-09-23 23:58:31.283,democli00011,cmuerhq5v0000ucvpy660gnw1
demodev00309,DEV-2026-0035,2026,2026-01-22 10:00:00,2026-02-21 10:00:00,CONVERTI,,,4330.000,822.700,5152.700,2026-01-22 10:00:00,2026-09-23 23:58:31.283,democli00042,cmuerhq5v0000ucvpy660gnw1
demodev00310,DEV-2026-0040,2026,2026-01-26 10:00:00,2026-02-25 10:00:00,CONVERTI,,,3208.000,508.720,3716.720,2026-01-26 10:00:00,2026-09-23 23:58:31.283,democli00043,cmuerhq5v0000ucvpy660gnw1
demodev00311,DEV-2026-0070,2026,2026-02-13 10:00:00,2026-03-15 10:00:00,CONVERTI,,,330.600,62.814,393.414,2026-02-13 10:00:00,2026-09-23 23:58:31.283,democli00032,cmuerhq5v0000ucvpy660gnw1
demodev00312,DEV-2026-0034,2026,2026-01-21 10:00:00,2026-02-20 10:00:00,CONVERTI,,,3145.000,597.550,3742.550,2026-01-21 10:00:00,2026-09-23 23:58:31.283,democli00044,cmuerhq5v0000ucvpy660gnw1
demodev00313,DEV-2026-0049,2026,2026-01-31 10:00:00,2026-03-02 10:00:00,CONVERTI,,,16486.000,2920.660,19406.660,2026-01-31 10:00:00,2026-09-23 23:58:31.283,democli00026,cmuerhq5v0000ucvpy660gnw1
demodev00314,DEV-2026-0064,2026,2026-02-06 10:00:00,2026-03-08 10:00:00,CONVERTI,,,13121.320,1722.872,14844.192,2026-02-06 10:00:00,2026-09-23 23:58:31.283,democli00060,cmuerhq5v0000ucvpy660gnw1
demodev00315,DEV-2026-0046,2026,2026-01-29 10:00:00,2026-02-28 10:00:00,CONVERTI,,,17210.000,3269.900,20479.900,2026-01-29 10:00:00,2026-09-23 23:58:31.283,democli00037,cmuerhq5v0000ucvpy660gnw1
demodev00316,DEV-2026-0045,2026,2026-01-28 10:00:00,2026-02-27 10:00:00,CONVERTI,,,10450.000,1883.500,12333.500,2026-01-28 10:00:00,2026-09-23 23:58:31.283,democli00048,cmuerhq5v0000ucvpy660gnw1
demodev00317,DEV-2026-0059,2026,2026-02-05 10:00:00,2026-03-07 10:00:00,CONVERTI,,,10366.000,1722.580,12088.580,2026-02-05 10:00:00,2026-09-23 23:58:31.283,democli00026,cmuerhq5v0000ucvpy660gnw1
demodev00318,DEV-2026-0071,2026,2026-02-13 10:00:00,2026-03-15 10:00:00,CONVERTI,,,836.000,158.840,994.840,2026-02-13 10:00:00,2026-09-23 23:58:31.283,democli00025,cmuerhq5v0000ucvpy660gnw1
demodev00319,DEV-2026-0065,2026,2026-02-06 10:00:00,2026-03-08 10:00:00,CONVERTI,,,22530.500,4280.795,26811.295,2026-02-06 10:00:00,2026-09-23 23:58:31.283,democli00029,cmuerhq5v0000ucvpy660gnw1
demodev00320,DEV-2026-0078,2026,2026-02-18 10:00:00,2026-03-20 10:00:00,CONVERTI,,,650.000,123.500,773.500,2026-02-18 10:00:00,2026-09-23 23:58:31.283,democli00025,cmuerhq5v0000ucvpy660gnw1
demodev00321,DEV-2026-0081,2026,2026-02-19 10:00:00,2026-03-21 10:00:00,CONVERTI,,,5800.000,1102.000,6902.000,2026-02-19 10:00:00,2026-09-23 23:58:31.283,democli00038,cmuerhq5v0000ucvpy660gnw1
demodev00322,DEV-2026-0069,2026,2026-02-11 10:00:00,2026-03-13 10:00:00,CONVERTI,,,2860.000,543.400,3403.400,2026-02-11 10:00:00,2026-09-23 23:58:31.283,democli00038,cmuerhq5v0000ucvpy660gnw1
demodev00323,DEV-2026-0106,2026,2026-03-07 10:00:00,2026-04-06 10:00:00,CONVERTI,,,13200.000,2508.000,15708.000,2026-03-07 10:00:00,2026-09-23 23:58:31.283,democli00046,cmuerhq5v0000ucvpy660gnw1
demodev00324,DEV-2026-0087,2026,2026-02-23 10:00:00,2026-03-25 10:00:00,CONVERTI,,,480.000,91.200,571.200,2026-02-23 10:00:00,2026-09-23 23:58:31.283,democli00049,cmuerhq5v0000ucvpy660gnw1
demodev00325,DEV-2026-0084,2026,2026-02-22 10:00:00,2026-03-24 10:00:00,CONVERTI,,,1305.000,247.950,1552.950,2026-02-22 10:00:00,2026-09-23 23:58:31.283,democli00045,cmuerhq5v0000ucvpy660gnw1
demodev00326,DEV-2026-0077,2026,2026-02-17 10:00:00,2026-03-19 10:00:00,CONVERTI,,,15276.000,2902.440,18178.440,2026-02-17 10:00:00,2026-09-23 23:58:31.283,democli00011,cmuerhq5v0000ucvpy660gnw1
demodev00327,DEV-2026-0103,2026,2026-03-06 10:00:00,2026-04-05 10:00:00,CONVERTI,,,4200.000,798.000,4998.000,2026-03-06 10:00:00,2026-09-23 23:58:31.283,democli00021,cmuerhq5v0000ucvpy660gnw1
demodev00328,DEV-2026-0089,2026,2026-02-24 10:00:00,2026-03-26 10:00:00,CONVERTI,,,15320.000,2910.800,18230.800,2026-02-24 10:00:00,2026-09-23 23:58:31.283,democli00011,cmuerhq5v0000ucvpy660gnw1
demodev00329,DEV-2026-0082,2026,2026-02-20 10:00:00,2026-03-22 10:00:00,CONVERTI,,,1620.000,307.800,1927.800,2026-02-20 10:00:00,2026-09-23 23:58:31.283,democli00047,cmuerhq5v0000ucvpy660gnw1
demodev00330,DEV-2026-0096,2026,2026-03-02 10:00:00,2026-04-01 10:00:00,CONVERTI,,,4424.000,553.280,4977.280,2026-03-02 10:00:00,2026-09-23 23:58:31.283,democli00042,cmuerhq5v0000ucvpy660gnw1
demodev00331,DEV-2026-0085,2026,2026-02-22 10:00:00,2026-03-24 10:00:00,CONVERTI,,,7446.000,521.220,7967.220,2026-02-22 10:00:00,2026-09-23 23:58:31.283,democli00041,cmuerhq5v0000ucvpy660gnw1
demodev00332,DEV-2026-0090,2026,2026-02-24 10:00:00,2026-03-26 10:00:00,CONVERTI,,,6545.200,1243.588,7788.788,2026-02-24 10:00:00,2026-09-23 23:58:31.283,democli00027,cmuerhq5v0000ucvpy660gnw1
demodev00333,DEV-2026-0092,2026,2026-02-27 10:00:00,2026-03-29 10:00:00,CONVERTI,,,38790.000,7370.100,46160.100,2026-02-27 10:00:00,2026-09-23 23:58:31.283,democli00027,cmuerhq5v0000ucvpy660gnw1
demodev00334,DEV-2026-0118,2026,2026-03-17 10:00:00,2026-04-16 10:00:00,CONVERTI,,,18473.000,3351.110,21824.110,2026-03-17 10:00:00,2026-09-23 23:58:31.283,democli00010,cmuerhq5v0000ucvpy660gnw1
demodev00335,DEV-2026-0116,2026,2026-03-13 10:00:00,2026-04-12 10:00:00,CONVERTI,,,1496.000,251.480,1747.480,2026-03-13 10:00:00,2026-09-23 23:58:31.283,democli00060,cmuerhq5v0000ucvpy660gnw1
demodev00336,DEV-2026-0129,2026,2026-03-26 10:00:00,2026-04-25 10:00:00,CONVERTI,,,680.000,129.200,809.200,2026-03-26 10:00:00,2026-09-23 23:58:31.283,democli00016,cmuerhq5v0000ucvpy660gnw1
demodev00337,DEV-2026-0134,2026,2026-03-29 10:00:00,2026-04-28 10:00:00,CONVERTI,,,5045.000,958.550,6003.550,2026-03-29 10:00:00,2026-09-23 23:58:31.283,democli00048,cmuerhq5v0000ucvpy660gnw1
demodev00338,DEV-2026-0108,2026,2026-03-08 10:00:00,2026-04-07 10:00:00,CONVERTI,,,850.000,161.500,1011.500,2026-03-08 10:00:00,2026-09-23 23:58:31.283,democli00031,cmuerhq5v0000ucvpy660gnw1
demodev00339,DEV-2026-0124,2026,2026-03-22 10:00:00,2026-04-21 10:00:00,CONVERTI,,,6383.040,862.195,7245.235,2026-03-22 10:00:00,2026-09-23 23:58:31.283,democli00059,cmuerhq5v0000ucvpy660gnw1
demodev00340,DEV-2026-0132,2026,2026-03-28 10:00:00,2026-04-27 10:00:00,CONVERTI,,,8670.000,1647.300,10317.300,2026-03-28 10:00:00,2026-09-23 23:58:31.283,democli00036,cmuerhq5v0000ucvpy660gnw1
demodev00341,DEV-2026-0130,2026,2026-03-27 10:00:00,2026-04-26 10:00:00,CONVERTI,,,1125.000,78.750,1203.750,2026-03-27 10:00:00,2026-09-23 23:58:31.283,democli00019,cmuerhq5v0000ucvpy660gnw1
demodev00342,DEV-2026-0135,2026,2026-03-29 10:00:00,2026-04-28 10:00:00,CONVERTI,,,3200.000,608.000,3808.000,2026-03-29 10:00:00,2026-09-23 23:58:31.283,democli00049,cmuerhq5v0000ucvpy660gnw1
demodev00343,DEV-2026-0125,2026,2026-03-22 10:00:00,2026-04-21 10:00:00,CONVERTI,,,2190.000,416.100,2606.100,2026-03-22 10:00:00,2026-09-23 23:58:31.283,democli00010,cmuerhq5v0000ucvpy660gnw1
demodev00344,DEV-2026-0114,2026,2026-03-12 10:00:00,2026-04-11 10:00:00,CONVERTI,,,10544.000,2003.360,12547.360,2026-03-12 10:00:00,2026-09-23 23:58:31.283,democli00009,cmuerhq5v0000ucvpy660gnw1
demodev00345,DEV-2026-0121,2026,2026-03-19 10:00:00,2026-04-18 10:00:00,CONVERTI,,,1790.000,340.100,2130.100,2026-03-19 10:00:00,2026-09-23 23:58:31.283,democli00010,cmuerhq5v0000ucvpy660gnw1
demodev00346,DEV-2026-0155,2026,2026-04-14 10:00:00,2026-05-14 10:00:00,CONVERTI,,,21512.000,4087.280,25599.280,2026-04-14 10:00:00,2026-09-23 23:58:31.283,democli00034,cmuerhq5v0000ucvpy660gnw1
demodev00347,DEV-2026-0136,2026,2026-03-31 10:00:00,2026-04-30 10:00:00,CONVERTI,,,5396.000,1025.240,6421.240,2026-03-31 10:00:00,2026-09-23 23:58:31.283,democli00003,cmuerhq5v0000ucvpy660gnw1
demodev00348,DEV-2026-0133,2026,2026-03-28 10:00:00,2026-04-27 10:00:00,CONVERTI,,,971.516,184.588,1156.104,2026-03-28 10:00:00,2026-09-23 23:58:31.283,democli00013,cmuerhq5v0000ucvpy660gnw1
demodev00349,DEV-2026-0148,2026,2026-04-10 10:00:00,2026-05-10 10:00:00,CONVERTI,,,588.000,111.720,699.720,2026-04-10 10:00:00,2026-09-23 23:58:31.283,democli00016,cmuerhq5v0000ucvpy660gnw1
demodev00350,DEV-2026-0151,2026,2026-04-12 10:00:00,2026-05-12 10:00:00,CONVERTI,,,6160.000,1170.400,7330.400,2026-04-12 10:00:00,2026-09-23 23:58:31.283,democli00010,cmuerhq5v0000ucvpy660gnw1
demodev00351,DEV-2026-0139,2026,2026-04-02 10:00:00,2026-05-02 10:00:00,CONVERTI,,,693.000,81.270,774.270,2026-04-02 10:00:00,2026-09-23 23:58:31.283,democli00016,cmuerhq5v0000ucvpy660gnw1
demodev00352,DEV-2026-0168,2026,2026-04-18 10:00:00,2026-05-18 10:00:00,CONVERTI,,,4230.000,803.700,5033.700,2026-04-18 10:00:00,2026-09-23 23:58:31.283,democli00049,cmuerhq5v0000ucvpy660gnw1
demodev00353,DEV-2026-0141,2026,2026-04-05 10:00:00,2026-05-05 10:00:00,CONVERTI,,,3200.000,608.000,3808.000,2026-04-05 10:00:00,2026-09-23 23:58:31.283,democli00037,cmuerhq5v0000ucvpy660gnw1
demodev00354,DEV-2026-0142,2026,2026-04-05 10:00:00,2026-05-05 10:00:00,CONVERTI,,,8600.000,1634.000,10234.000,2026-04-05 10:00:00,2026-09-23 23:58:31.283,democli00030,cmuerhq5v0000ucvpy660gnw1
demodev00355,DEV-2026-0157,2026,2026-04-15 10:00:00,2026-05-15 10:00:00,CONVERTI,,,18864.000,3584.160,22448.160,2026-04-15 10:00:00,2026-09-23 23:58:31.283,democli00037,cmuerhq5v0000ucvpy660gnw1
demodev00356,DEV-2026-0172,2026,2026-04-24 10:00:00,2026-05-24 10:00:00,CONVERTI,,,7700.000,1463.000,9163.000,2026-04-24 10:00:00,2026-09-23 23:58:31.283,democli00031,cmuerhq5v0000ucvpy660gnw1
demodev00357,DEV-2026-0166,2026,2026-04-17 10:00:00,2026-05-17 10:00:00,CONVERTI,,,290.000,55.100,345.100,2026-04-17 10:00:00,2026-09-23 23:58:31.283,democli00020,cmuerhq5v0000ucvpy660gnw1
demodev00358,DEV-2026-0169,2026,2026-04-18 10:00:00,2026-05-18 10:00:00,CONVERTI,,,18342.000,2512.260,20854.260,2026-04-18 10:00:00,2026-09-23 23:58:31.283,democli00052,cmuerhq5v0000ucvpy660gnw1
demodev00359,DEV-2026-0162,2026,2026-04-16 10:00:00,2026-05-16 10:00:00,CONVERTI,,,1842.750,128.993,1971.743,2026-04-16 10:00:00,2026-09-23 23:58:31.283,democli00040,cmuerhq5v0000ucvpy660gnw1
demodev00360,DEV-2026-0185,2026,2026-05-10 10:00:00,2026-06-09 10:00:00,CONVERTI,,,4950.000,940.500,5890.500,2026-05-10 10:00:00,2026-09-23 23:58:31.283,democli00049,cmuerhq5v0000ucvpy660gnw1
demodev00361,DEV-2026-0167,2026,2026-04-17 10:00:00,2026-05-17 10:00:00,CONVERTI,,,4830.000,917.700,5747.700,2026-04-17 10:00:00,2026-09-23 23:58:31.283,democli00006,cmuerhq5v0000ucvpy660gnw1
demodev00362,DEV-2026-0175,2026,2026-04-27 10:00:00,2026-05-27 10:00:00,CONVERTI,,,5094.000,967.860,6061.860,2026-04-27 10:00:00,2026-09-23 23:58:31.283,democli00049,cmuerhq5v0000ucvpy660gnw1
demodev00363,DEV-2026-0191,2026,2026-05-16 10:00:00,2026-06-15 10:00:00,CONVERTI,,,3040.000,577.600,3617.600,2026-05-16 10:00:00,2026-09-23 23:58:31.283,democli00042,cmuerhq5v0000ucvpy660gnw1
demodev00364,DEV-2026-0176,2026,2026-05-01 10:00:00,2026-05-31 10:00:00,CONVERTI,,,3384.000,642.960,4026.960,2026-05-01 10:00:00,2026-09-23 23:58:31.283,democli00003,cmuerhq5v0000ucvpy660gnw1
demodev00365,DEV-2026-0181,2026,2026-05-04 10:00:00,2026-06-03 10:00:00,CONVERTI,,,2484.000,471.960,2955.960,2026-05-04 10:00:00,2026-09-23 23:58:31.283,democli00001,cmuerhq5v0000ucvpy660gnw1
demodev00366,DEV-2026-0173,2026,2026-04-26 10:00:00,2026-05-26 10:00:00,CONVERTI,,,7465.000,1418.350,8883.350,2026-04-26 10:00:00,2026-09-23 23:58:31.283,democli00056,cmuerhq5v0000ucvpy660gnw1
demodev00367,DEV-2026-0206,2026,2026-05-21 10:00:00,2026-06-20 10:00:00,CONVERTI,,,2170.000,412.300,2582.300,2026-05-21 10:00:00,2026-09-23 23:58:31.283,democli00049,cmuerhq5v0000ucvpy660gnw1
demodev00368,DEV-2026-0190,2026,2026-05-15 10:00:00,2026-06-14 10:00:00,CONVERTI,,,9590.000,1822.100,11412.100,2026-05-15 10:00:00,2026-09-23 23:58:31.283,democli00040,cmuerhq5v0000ucvpy660gnw1
demodev00369,DEV-2026-0208,2026,2026-05-22 10:00:00,2026-06-21 10:00:00,CONVERTI,,,12050.000,2289.500,14339.500,2026-05-22 10:00:00,2026-09-23 23:58:31.283,democli00040,cmuerhq5v0000ucvpy660gnw1
demodev00370,DEV-2026-0200,2026,2026-05-18 10:00:00,2026-06-17 10:00:00,CONVERTI,,,2450.000,465.500,2915.500,2026-05-18 10:00:00,2026-09-23 23:58:31.283,democli00021,cmuerhq5v0000ucvpy660gnw1
demodev00371,DEV-2026-0196,2026,2026-05-17 10:00:00,2026-06-16 10:00:00,CONVERTI,,,3898.320,740.681,4639.001,2026-05-17 10:00:00,2026-09-23 23:58:31.283,democli00048,cmuerhq5v0000ucvpy660gnw1
demodev00372,DEV-2026-0223,2026,2026-05-30 10:00:00,2026-06-29 10:00:00,CONVERTI,,,20290.320,3754.361,24044.681,2026-05-30 10:00:00,2026-09-23 23:58:31.283,democli00058,cmuerhq5v0000ucvpy660gnw1
demodev00373,DEV-2026-0178,2026,2026-05-03 10:00:00,2026-06-02 10:00:00,CONVERTI,,,5344.800,1015.512,6360.312,2026-05-03 10:00:00,2026-09-23 23:58:31.283,democli00049,cmuerhq5v0000ucvpy660gnw1
demodev00374,DEV-2026-0205,2026,2026-05-20 10:00:00,2026-06-19 10:00:00,CONVERTI,,,1300.000,247.000,1547.000,2026-05-20 10:00:00,2026-09-23 23:58:31.283,democli00038,cmuerhq5v0000ucvpy660gnw1
demodev00375,DEV-2026-0217,2026,2026-05-27 10:00:00,2026-06-26 10:00:00,CONVERTI,,,1928.500,366.415,2294.915,2026-05-27 10:00:00,2026-09-23 23:58:31.283,democli00036,cmuerhq5v0000ucvpy660gnw1
demodev00376,DEV-2026-0186,2026,2026-05-12 10:00:00,2026-06-11 10:00:00,CONVERTI,,,3500.000,665.000,4165.000,2026-05-12 10:00:00,2026-09-23 23:58:31.283,democli00053,cmuerhq5v0000ucvpy660gnw1
demodev00377,DEV-2026-0192,2026,2026-05-16 10:00:00,2026-06-15 10:00:00,CONVERTI,,,1685.000,320.150,2005.150,2026-05-16 10:00:00,2026-09-23 23:58:31.283,democli00014,cmuerhq5v0000ucvpy660gnw1
demodev00378,DEV-2026-0207,2026,2026-05-21 10:00:00,2026-06-20 10:00:00,CONVERTI,,,4160.000,790.400,4950.400,2026-05-21 10:00:00,2026-09-23 23:58:31.283,democli00056,cmuerhq5v0000ucvpy660gnw1
demodev00379,DEV-2026-0203,2026,2026-05-19 10:00:00,2026-06-18 10:00:00,CONVERTI,,,210.000,14.700,224.700,2026-05-19 10:00:00,2026-09-23 23:58:31.283,democli00003,cmuerhq5v0000ucvpy660gnw1
demodev00380,DEV-2026-0214,2026,2026-05-26 10:00:00,2026-06-25 10:00:00,CONVERTI,,,33500.000,6365.000,39865.000,2026-05-26 10:00:00,2026-09-23 23:58:31.283,democli00019,cmuerhq5v0000ucvpy660gnw1
demodev00381,DEV-2026-0237,2026,2026-06-09 10:00:00,2026-07-09 10:00:00,CONVERTI,,,8808.000,1673.520,10481.520,2026-06-09 10:00:00,2026-09-23 23:58:31.283,democli00023,cmuerhq5v0000ucvpy660gnw1
demodev00382,DEV-2026-0218,2026,2026-05-27 10:00:00,2026-06-26 10:00:00,CONVERTI,,,554.190,105.296,659.486,2026-05-27 10:00:00,2026-09-23 23:58:31.283,democli00016,cmuerhq5v0000ucvpy660gnw1
demodev00383,DEV-2026-0210,2026,2026-05-23 10:00:00,2026-06-22 10:00:00,CONVERTI,,,7700.000,1463.000,9163.000,2026-05-23 10:00:00,2026-09-23 23:58:31.283,democli00049,cmuerhq5v0000ucvpy660gnw1
demodev00384,DEV-2026-0239,2026,2026-06-13 10:00:00,2026-07-13 10:00:00,CONVERTI,,,1334.432,253.542,1587.974,2026-06-13 10:00:00,2026-09-23 23:58:31.283,democli00006,cmuerhq5v0000ucvpy660gnw1
demodev00385,DEV-2026-0228,2026,2026-06-01 10:00:00,2026-07-01 10:00:00,CONVERTI,,,1800.000,342.000,2142.000,2026-06-01 10:00:00,2026-09-23 23:58:31.283,democli00031,cmuerhq5v0000ucvpy660gnw1
demodev00386,DEV-2026-0215,2026,2026-05-26 10:00:00,2026-06-25 10:00:00,CONVERTI,,,5352.000,910.800,6262.800,2026-05-26 10:00:00,2026-09-23 23:58:31.283,democli00060,cmuerhq5v0000ucvpy660gnw1
demodev00387,DEV-2026-0231,2026,2026-06-04 10:00:00,2026-07-04 10:00:00,CONVERTI,,,13740.000,2610.600,16350.600,2026-06-04 10:00:00,2026-09-23 23:58:31.283,democli00032,cmuerhq5v0000ucvpy660gnw1
demodev00388,DEV-2026-0220,2026,2026-05-28 10:00:00,2026-06-27 10:00:00,CONVERTI,,,645.250,122.598,767.848,2026-05-28 10:00:00,2026-09-23 23:58:31.283,democli00037,cmuerhq5v0000ucvpy660gnw1
demodev00389,DEV-2026-0244,2026,2026-06-16 10:00:00,2026-07-16 10:00:00,CONVERTI,,,1300.000,247.000,1547.000,2026-06-16 10:00:00,2026-09-23 23:58:31.283,democli00025,cmuerhq5v0000ucvpy660gnw1
demodev00390,DEV-2026-0234,2026,2026-06-08 10:00:00,2026-07-08 10:00:00,CONVERTI,,,300.000,57.000,357.000,2026-06-08 10:00:00,2026-09-23 23:58:31.283,democli00002,cmuerhq5v0000ucvpy660gnw1
demodev00391,DEV-2026-0221,2026,2026-05-29 10:00:00,2026-06-28 10:00:00,CONVERTI,,,3146.800,311.476,3458.276,2026-05-29 10:00:00,2026-09-23 23:58:31.283,democli00053,cmuerhq5v0000ucvpy660gnw1
demodev00392,DEV-2026-0224,2026,2026-05-30 10:00:00,2026-06-29 10:00:00,CONVERTI,,,2890.000,549.100,3439.100,2026-05-30 10:00:00,2026-09-23 23:58:31.283,democli00042,cmuerhq5v0000ucvpy660gnw1
demodev00393,DEV-2026-0243,2026,2026-06-15 10:00:00,2026-07-15 10:00:00,CONVERTI,,,540.000,102.600,642.600,2026-06-15 10:00:00,2026-09-23 23:58:31.283,democli00042,cmuerhq5v0000ucvpy660gnw1
demodev00394,DEV-2026-0240,2026,2026-06-13 10:00:00,2026-07-13 10:00:00,CONVERTI,,,16988.000,3227.720,20215.720,2026-06-13 10:00:00,2026-09-23 23:58:31.283,democli00054,cmuerhq5v0000ucvpy660gnw1
demodev00395,DEV-2026-0229,2026,2026-06-02 10:00:00,2026-07-02 10:00:00,CONVERTI,,,760.000,144.400,904.400,2026-06-02 10:00:00,2026-09-23 23:58:31.283,democli00011,cmuerhq5v0000ucvpy660gnw1
demodev00396,DEV-2026-0245,2026,2026-06-16 10:00:00,2026-07-16 10:00:00,CONVERTI,,,178.600,33.934,212.534,2026-06-16 10:00:00,2026-09-23 23:58:31.283,democli00008,cmuerhq5v0000ucvpy660gnw1
demodev00397,DEV-2026-0263,2026,2026-07-01 10:00:00,2026-07-31 10:00:00,CONVERTI,,,9455.200,1796.488,11251.688,2026-07-01 10:00:00,2026-09-23 23:58:31.283,democli00055,cmuerhq5v0000ucvpy660gnw1
demodev00398,DEV-2026-0247,2026,2026-06-17 10:00:00,2026-07-17 10:00:00,CONVERTI,,,1445.160,150.121,1595.281,2026-06-17 10:00:00,2026-09-23 23:58:31.283,democli00016,cmuerhq5v0000ucvpy660gnw1
demodev00399,DEV-2026-0256,2026,2026-06-27 10:00:00,2026-07-27 10:00:00,CONVERTI,,,3740.000,710.600,4450.600,2026-06-27 10:00:00,2026-09-23 23:58:31.283,democli00008,cmuerhq5v0000ucvpy660gnw1
demodev00400,DEV-2026-0251,2026,2026-06-21 10:00:00,2026-07-21 10:00:00,CONVERTI,,,4860.000,923.400,5783.400,2026-06-21 10:00:00,2026-09-23 23:58:31.283,democli00049,cmuerhq5v0000ucvpy660gnw1
demodev00401,DEV-2026-0246,2026,2026-06-16 10:00:00,2026-07-16 10:00:00,CONVERTI,,,1830.000,347.700,2177.700,2026-06-16 10:00:00,2026-09-23 23:58:31.283,democli00053,cmuerhq5v0000ucvpy660gnw1
demodev00402,DEV-2026-0248,2026,2026-06-17 10:00:00,2026-07-17 10:00:00,CONVERTI,,,8401.000,1596.190,9997.190,2026-06-17 10:00:00,2026-09-23 23:58:31.283,democli00027,cmuerhq5v0000ucvpy660gnw1
demodev00403,DEV-2026-0272,2026,2026-07-05 10:00:00,2026-08-04 10:00:00,CONVERTI,,,2900.000,551.000,3451.000,2026-07-05 10:00:00,2026-09-23 23:58:31.283,democli00038,cmuerhq5v0000ucvpy660gnw1
demodev00404,DEV-2026-0282,2026,2026-07-12 10:00:00,2026-08-11 10:00:00,CONVERTI,,,2095.250,398.098,2493.348,2026-07-12 10:00:00,2026-09-23 23:58:31.283,democli00022,cmuerhq5v0000ucvpy660gnw1
demodev00405,DEV-2026-0264,2026,2026-07-01 10:00:00,2026-07-31 10:00:00,CONVERTI,,,2655.000,504.450,3159.450,2026-07-01 10:00:00,2026-09-23 23:58:31.283,democli00021,cmuerhq5v0000ucvpy660gnw1
demodev00406,DEV-2026-0267,2026,2026-07-03 10:00:00,2026-08-02 10:00:00,CONVERTI,,,9520.000,1423.240,10943.240,2026-07-03 10:00:00,2026-09-23 23:58:31.283,democli00026,cmuerhq5v0000ucvpy660gnw1
demodev00407,DEV-2026-0265,2026,2026-07-01 10:00:00,2026-07-31 10:00:00,CONVERTI,,,3825.000,726.750,4551.750,2026-07-01 10:00:00,2026-09-23 23:58:31.283,democli00049,cmuerhq5v0000ucvpy660gnw1
demodev00408,DEV-2026-0268,2026,2026-07-03 10:00:00,2026-08-02 10:00:00,CONVERTI,,,9770.000,1856.300,11626.300,2026-07-03 10:00:00,2026-09-23 23:58:31.283,democli00049,cmuerhq5v0000ucvpy660gnw1
demodev00409,DEV-2026-0259,2026,2026-06-29 10:00:00,2026-07-29 10:00:00,CONVERTI,,,6818.000,1295.420,8113.420,2026-06-29 10:00:00,2026-09-23 23:58:31.283,democli00034,cmuerhq5v0000ucvpy660gnw1
demodev00410,DEV-2026-0284,2026,2026-07-17 10:00:00,2026-08-16 10:00:00,CONVERTI,,,21808.450,4143.606,25952.056,2026-07-17 10:00:00,2026-09-23 23:58:31.283,democli00045,cmuerhq5v0000ucvpy660gnw1
demodev00411,DEV-2026-0257,2026,2026-06-27 10:00:00,2026-07-27 10:00:00,CONVERTI,,,4500.000,855.000,5355.000,2026-06-27 10:00:00,2026-09-23 23:58:31.283,democli00001,cmuerhq5v0000ucvpy660gnw1
demodev00412,DEV-2026-0260,2026,2026-06-29 10:00:00,2026-07-29 10:00:00,CONVERTI,,,4180.000,794.200,4974.200,2026-06-29 10:00:00,2026-09-23 23:58:31.283,democli00042,cmuerhq5v0000ucvpy660gnw1
demodev00413,DEV-2026-0275,2026,2026-07-06 10:00:00,2026-08-05 10:00:00,CONVERTI,,,3410.000,647.900,4057.900,2026-07-06 10:00:00,2026-09-23 23:58:31.283,democli00056,cmuerhq5v0000ucvpy660gnw1
demodev00414,DEV-2026-0287,2026,2026-07-19 10:00:00,2026-08-18 10:00:00,CONVERTI,,,1980.000,275.400,2255.400,2026-07-19 10:00:00,2026-09-23 23:58:31.283,democli00044,cmuerhq5v0000ucvpy660gnw1
demodev00415,DEV-2026-0269,2026,2026-07-03 10:00:00,2026-08-02 10:00:00,CONVERTI,,,870.000,165.300,1035.300,2026-07-03 10:00:00,2026-09-23 23:58:31.283,democli00043,cmuerhq5v0000ucvpy660gnw1
demodev00416,DEV-2026-0273,2026,2026-07-05 10:00:00,2026-08-04 10:00:00,CONVERTI,,,12000.000,2280.000,14280.000,2026-07-05 10:00:00,2026-09-23 23:58:31.283,democli00057,cmuerhq5v0000ucvpy660gnw1
demodev00417,DEV-2026-0294,2026,2026-07-28 10:00:00,2026-08-27 10:00:00,CONVERTI,,,1220.000,231.800,1451.800,2026-07-28 10:00:00,2026-09-23 23:58:31.283,democli00021,cmuerhq5v0000ucvpy660gnw1
demodev00418,DEV-2026-0277,2026,2026-07-07 10:00:00,2026-08-06 10:00:00,CONVERTI,,,1728.000,120.960,1848.960,2026-07-07 10:00:00,2026-09-23 23:58:31.283,democli00031,cmuerhq5v0000ucvpy660gnw1
demodev00419,DEV-2026-0296,2026,2026-07-29 10:00:00,2026-08-28 10:00:00,CONVERTI,,,2830.000,537.700,3367.700,2026-07-29 10:00:00,2026-09-23 23:58:31.283,democli00059,cmuerhq5v0000ucvpy660gnw1
demodev00420,DEV-2026-0297,2026,2026-07-29 10:00:00,2026-08-28 10:00:00,CONVERTI,,,1223.040,232.378,1455.418,2026-07-29 10:00:00,2026-09-23 23:58:31.283,democli00043,cmuerhq5v0000ucvpy660gnw1
demodev00421,DEV-2026-0286,2026,2026-07-18 10:00:00,2026-08-17 10:00:00,CONVERTI,,,32240.000,6125.600,38365.600,2026-07-18 10:00:00,2026-09-23 23:58:31.283,democli00019,cmuerhq5v0000ucvpy660gnw1
demodev00422,DEV-2026-0303,2026,2026-08-02 10:00:00,2026-09-01 10:00:00,CONVERTI,,,4565.000,867.350,5432.350,2026-08-02 10:00:00,2026-09-23 23:58:31.283,democli00050,cmuerhq5v0000ucvpy660gnw1
demodev00423,DEV-2026-0291,2026,2026-07-23 10:00:00,2026-08-22 10:00:00,CONVERTI,,,15188.000,2648.840,17836.840,2026-07-23 10:00:00,2026-09-23 23:58:31.283,democli00022,cmuerhq5v0000ucvpy660gnw1
demodev00424,DEV-2026-0292,2026,2026-07-25 10:00:00,2026-08-24 10:00:00,CONVERTI,,,3030.000,575.700,3605.700,2026-07-25 10:00:00,2026-09-23 23:58:31.283,democli00059,cmuerhq5v0000ucvpy660gnw1
demodev00425,DEV-2026-0313,2026,2026-08-08 10:00:00,2026-09-07 10:00:00,CONVERTI,,,15600.000,2964.000,18564.000,2026-08-08 10:00:00,2026-09-23 23:58:31.283,democli00046,cmuerhq5v0000ucvpy660gnw1
demodev00426,DEV-2026-0322,2026,2026-08-13 10:00:00,2026-09-12 10:00:00,CONVERTI,,,5250.000,997.500,6247.500,2026-08-13 10:00:00,2026-09-23 23:58:31.283,democli00008,cmuerhq5v0000ucvpy660gnw1
demodev00427,DEV-2026-0326,2026,2026-08-15 10:00:00,2026-09-14 10:00:00,CONVERTI,,,2070.000,393.300,2463.300,2026-08-15 10:00:00,2026-09-23 23:58:31.283,democli00006,cmuerhq5v0000ucvpy660gnw1
demodev00428,DEV-2026-0319,2026,2026-08-10 10:00:00,2026-09-09 10:00:00,CONVERTI,,,798.000,151.620,949.620,2026-08-10 10:00:00,2026-09-23 23:58:31.283,democli00024,cmuerhq5v0000ucvpy660gnw1
demodev00429,DEV-2026-0327,2026,2026-08-15 10:00:00,2026-09-14 10:00:00,CONVERTI,,,30750.000,5716.500,36466.500,2026-08-15 10:00:00,2026-09-23 23:58:31.283,democli00017,cmuerhq5v0000ucvpy660gnw1
demodev00430,DEV-2026-0324,2026,2026-08-14 10:00:00,2026-09-13 10:00:00,CONVERTI,,,2400.000,456.000,2856.000,2026-08-14 10:00:00,2026-09-23 23:58:31.283,democli00030,cmuerhq5v0000ucvpy660gnw1
demodev00431,DEV-2026-0334,2026,2026-08-19 10:00:00,2026-09-18 10:00:00,CONVERTI,,,6460.000,839.800,7299.800,2026-08-19 10:00:00,2026-09-23 23:58:31.283,democli00042,cmuerhq5v0000ucvpy660gnw1
demodev00432,DEV-2026-0305,2026,2026-08-03 10:00:00,2026-09-02 10:00:00,CONVERTI,,,640.000,121.600,761.600,2026-08-03 10:00:00,2026-09-23 23:58:31.283,democli00021,cmuerhq5v0000ucvpy660gnw1
demodev00433,DEV-2026-0314,2026,2026-08-08 10:00:00,2026-09-07 10:00:00,CONVERTI,,,1140.000,216.600,1356.600,2026-08-08 10:00:00,2026-09-23 23:58:31.283,democli00032,cmuerhq5v0000ucvpy660gnw1
demodev00434,DEV-2026-0330,2026,2026-08-18 10:00:00,2026-09-17 10:00:00,CONVERTI,,,4250.000,681.500,4931.500,2026-08-18 10:00:00,2026-09-23 23:58:31.283,democli00010,cmuerhq5v0000ucvpy660gnw1
demodev00435,DEV-2026-0346,2026,2026-08-25 10:00:00,2026-09-24 10:00:00,CONVERTI,,,3422.400,650.256,4072.656,2026-08-25 10:00:00,2026-09-23 23:58:31.283,democli00007,cmuerhq5v0000ucvpy660gnw1
demodev00436,DEV-2026-0318,2026,2026-08-09 10:00:00,2026-09-08 10:00:00,CONVERTI,,,2400.000,456.000,2856.000,2026-08-09 10:00:00,2026-09-23 23:58:31.283,democli00003,cmuerhq5v0000ucvpy660gnw1
demodev00437,DEV-2026-0315,2026,2026-08-08 10:00:00,2026-09-07 10:00:00,CONVERTI,,,630.000,119.700,749.700,2026-08-08 10:00:00,2026-09-23 23:58:31.283,democli00059,cmuerhq5v0000ucvpy660gnw1
demodev00438,DEV-2026-0336,2026,2026-08-20 10:00:00,2026-09-19 10:00:00,CONVERTI,,,1280.400,243.276,1523.676,2026-08-20 10:00:00,2026-09-23 23:58:31.283,democli00020,cmuerhq5v0000ucvpy660gnw1
demodev00439,DEV-2026-0331,2026,2026-08-18 10:00:00,2026-09-17 10:00:00,CONVERTI,,,10040.000,1907.600,11947.600,2026-08-18 10:00:00,2026-09-23 23:58:31.283,democli00049,cmuerhq5v0000ucvpy660gnw1
demodev00440,DEV-2026-0351,2026,2026-08-30 10:00:00,2026-09-29 10:00:00,CONVERTI,,,6645.000,1262.550,7907.550,2026-08-30 10:00:00,2026-09-23 23:58:31.283,democli00025,cmuerhq5v0000ucvpy660gnw1
demodev00441,DEV-2026-0341,2026,2026-08-23 10:00:00,2026-09-22 10:00:00,CONVERTI,,,15458.400,2937.096,18395.496,2026-08-23 10:00:00,2026-09-23 23:58:31.283,democli00034,cmuerhq5v0000ucvpy660gnw1
demodev00442,DEV-2026-0339,2026,2026-08-22 10:00:00,2026-09-21 10:00:00,CONVERTI,,,3096.000,216.720,3312.720,2026-08-22 10:00:00,2026-09-23 23:58:31.283,democli00031,cmuerhq5v0000ucvpy660gnw1
demodev00443,DEV-2026-0343,2026,2026-08-24 10:00:00,2026-09-23 10:00:00,CONVERTI,,,2070.000,393.300,2463.300,2026-08-24 10:00:00,2026-09-23 23:58:31.283,democli00042,cmuerhq5v0000ucvpy660gnw1
demodev00444,DEV-2026-0332,2026,2026-08-18 10:00:00,2026-09-17 10:00:00,CONVERTI,,,8280.000,1573.200,9853.200,2026-08-18 10:00:00,2026-09-23 23:58:31.283,democli00032,cmuerhq5v0000ucvpy660gnw1
demodev00445,DEV-2026-0348,2026,2026-08-28 10:00:00,2026-09-27 10:00:00,CONVERTI,,,14287.000,1919.290,16206.290,2026-08-28 10:00:00,2026-09-23 23:58:31.283,democli00053,cmuerhq5v0000ucvpy660gnw1
demodev00446,DEV-2026-0338,2026,2026-08-21 10:00:00,2026-09-20 10:00:00,CONVERTI,,,4670.000,887.300,5557.300,2026-08-21 10:00:00,2026-09-23 23:58:31.283,democli00034,cmuerhq5v0000ucvpy660gnw1
demodev00447,DEV-2026-0342,2026,2026-08-23 10:00:00,2026-09-22 10:00:00,CONVERTI,,,9150.000,1738.500,10888.500,2026-08-23 10:00:00,2026-09-23 23:58:31.283,democli00036,cmuerhq5v0000ucvpy660gnw1
demodev00448,DEV-2026-0356,2026,2026-09-04 10:00:00,2026-10-04 10:00:00,CONVERTI,,,12730.800,2418.852,15149.652,2026-09-04 10:00:00,2026-09-23 23:58:31.283,democli00021,cmuerhq5v0000ucvpy660gnw1
demodev00449,DEV-2026-0359,2026,2026-09-09 10:00:00,2026-10-09 10:00:00,CONVERTI,,,4905.000,931.950,5836.950,2026-09-09 10:00:00,2026-09-23 23:58:31.283,democli00059,cmuerhq5v0000ucvpy660gnw1
demodev00450,DEV-2026-0337,2026,2026-08-20 10:00:00,2026-09-19 10:00:00,CONVERTI,,,7050.000,1339.500,8389.500,2026-08-20 10:00:00,2026-09-23 23:58:31.283,democli00042,cmuerhq5v0000ucvpy660gnw1
demodev00451,DEV-2026-0360,2026,2026-09-09 10:00:00,2026-10-09 10:00:00,CONVERTI,,,13300.000,2527.000,15827.000,2026-09-09 10:00:00,2026-09-23 23:58:31.283,democli00055,cmuerhq5v0000ucvpy660gnw1
demodev00452,DEV-2026-0362,2026,2026-09-11 10:00:00,2026-10-11 10:00:00,CONVERTI,,,685.000,130.150,815.150,2026-09-11 10:00:00,2026-09-23 23:58:31.283,democli00047,cmuerhq5v0000ucvpy660gnw1
demodev00453,DEV-2025-0235,2025,2025-06-21 10:00:00,2025-07-21 10:00:00,EXPIRE,,,4950.000,940.500,5890.500,2025-06-21 10:00:00,2026-09-23 23:58:31.283,democli00013,cmuerhq5v0000ucvpy660gnw1
demodev00454,DEV-2025-0064,2025,2025-02-16 10:00:00,2025-03-18 10:00:00,REFUSE,,,2760.000,524.400,3284.400,2025-02-16 10:00:00,2026-09-23 23:58:31.283,democli00046,cmuerhq5v0000ucvpy660gnw1
demodev00455,DEV-2026-0060,2026,2026-02-05 10:00:00,2026-03-07 10:00:00,REFUSE,,,5634.000,1070.460,6704.460,2026-02-05 10:00:00,2026-09-23 23:58:31.283,democli00037,cmuerhq5v0000ucvpy660gnw1
demodev00456,DEV-2024-0019,2024,2024-10-08 10:00:00,2024-11-07 10:00:00,EXPIRE,,,8100.000,1539.000,9639.000,2024-10-08 10:00:00,2026-09-23 23:58:31.283,democli00027,cmuerhq5v0000ucvpy660gnw1
demodev00457,DEV-2026-0365,2026,2026-09-15 10:00:00,2026-10-15 10:00:00,REFUSE,,,2710.000,363.700,3073.700,2026-09-15 10:00:00,2026-09-23 23:58:31.283,democli00060,cmuerhq5v0000ucvpy660gnw1
demodev00458,DEV-2026-0009,2026,2026-01-05 10:00:00,2026-02-04 10:00:00,REFUSE,,,18600.000,3534.000,22134.000,2026-01-05 10:00:00,2026-09-23 23:58:31.283,democli00034,cmuerhq5v0000ucvpy660gnw1
demodev00459,DEV-2025-0444,2025,2025-11-30 10:00:00,2025-12-30 10:00:00,REFUSE,,,8262.360,1569.848,9832.208,2025-11-30 10:00:00,2026-09-23 23:58:31.283,democli00050,cmuerhq5v0000ucvpy660gnw1
demodev00460,DEV-2026-0357,2026,2026-09-06 10:00:00,2026-10-06 10:00:00,ENVOYE,,,42000.000,6720.000,48720.000,2026-09-06 10:00:00,2026-09-23 23:58:31.283,democli00041,cmuerhq5v0000ucvpy660gnw1
demodev00461,DEV-2025-0397,2025,2025-10-28 10:00:00,2025-11-27 10:00:00,REFUSE,,,4050.000,769.500,4819.500,2025-10-28 10:00:00,2026-09-23 23:58:31.283,democli00014,cmuerhq5v0000ucvpy660gnw1
demodev00462,DEV-2026-0304,2026,2026-08-02 10:00:00,2026-09-01 10:00:00,REFUSE,,,3900.000,561.000,4461.000,2026-08-02 10:00:00,2026-09-23 23:58:31.283,democli00036,cmuerhq5v0000ucvpy660gnw1
demodev00463,DEV-2026-0299,2026,2026-07-30 10:00:00,2026-08-29 10:00:00,REFUSE,,,10955.000,2081.450,13036.450,2026-07-30 10:00:00,2026-09-23 23:58:31.283,democli00025,cmuerhq5v0000ucvpy660gnw1
demodev00464,DEV-2026-0112,2026,2026-03-11 10:00:00,2026-04-10 10:00:00,REFUSE,,,8314.300,1579.717,9894.017,2026-03-11 10:00:00,2026-09-23 23:58:31.283,democli00058,cmuerhq5v0000ucvpy660gnw1
demodev00465,DEV-2024-0079,2024,2024-11-22 10:00:00,2024-12-22 10:00:00,REFUSE,,,8889.000,1688.910,10577.910,2024-11-22 10:00:00,2026-09-23 23:58:31.283,democli00057,cmuerhq5v0000ucvpy660gnw1
demodev00466,DEV-2025-0274,2025,2025-07-24 10:00:00,2025-08-23 10:00:00,REFUSE,,,12000.000,2280.000,14280.000,2025-07-24 10:00:00,2026-09-23 23:58:31.283,democli00030,cmuerhq5v0000ucvpy660gnw1
demodev00467,DEV-2025-0462,2025,2025-12-10 10:00:00,2026-01-09 10:00:00,REFUSE,,,2220.000,421.800,2641.800,2025-12-10 10:00:00,2026-09-23 23:58:31.283,democli00038,cmuerhq5v0000ucvpy660gnw1
demodev00468,DEV-2024-0121,2024,2024-12-21 10:00:00,2025-01-20 10:00:00,REFUSE,,,1210.000,229.900,1439.900,2024-12-21 10:00:00,2026-09-23 23:58:31.283,democli00052,cmuerhq5v0000ucvpy660gnw1
demodev00469,DEV-2024-0080,2024,2024-11-22 10:00:00,2024-12-22 10:00:00,REFUSE,,,285.000,54.150,339.150,2024-11-22 10:00:00,2026-09-23 23:58:31.283,democli00015,cmuerhq5v0000ucvpy660gnw1
demodev00470,DEV-2026-0119,2026,2026-03-17 10:00:00,2026-04-16 10:00:00,EXPIRE,,,5955.000,1131.450,7086.450,2026-03-17 10:00:00,2026-09-23 23:58:31.283,democli00045,cmuerhq5v0000ucvpy660gnw1
demodev00471,DEV-2025-0095,2025,2025-03-16 10:00:00,2025-04-15 10:00:00,REFUSE,,,2400.000,456.000,2856.000,2025-03-16 10:00:00,2026-09-23 23:58:31.283,democli00030,cmuerhq5v0000ucvpy660gnw1
demodev00472,DEV-2025-0435,2025,2025-11-23 10:00:00,2025-12-23 10:00:00,EXPIRE,,,3600.000,684.000,4284.000,2025-11-23 10:00:00,2026-09-23 23:58:31.283,democli00015,cmuerhq5v0000ucvpy660gnw1
demodev00473,DEV-2025-0333,2025,2025-09-09 10:00:00,2025-10-09 10:00:00,EXPIRE,,,3000.000,210.000,3210.000,2025-09-09 10:00:00,2026-09-23 23:58:31.283,democli00019,cmuerhq5v0000ucvpy660gnw1
demodev00474,DEV-2025-0024,2025,2025-01-19 10:00:00,2025-02-18 10:00:00,REFUSE,,,11455.000,2176.450,13631.450,2025-01-19 10:00:00,2026-09-23 23:58:31.283,democli00027,cmuerhq5v0000ucvpy660gnw1
demodev00475,DEV-2025-0096,2025,2025-03-16 10:00:00,2025-04-15 10:00:00,REFUSE,,,460.000,87.400,547.400,2025-03-16 10:00:00,2026-09-23 23:58:31.283,democli00006,cmuerhq5v0000ucvpy660gnw1
demodev00476,DEV-2026-0099,2026,2026-03-03 10:00:00,2026-04-02 10:00:00,REFUSE,,,17598.000,2287.740,19885.740,2026-03-03 10:00:00,2026-09-23 23:58:31.283,democli00004,cmuerhq5v0000ucvpy660gnw1
demodev00477,DEV-2025-0162,2025,2025-05-02 10:00:00,2025-06-01 10:00:00,EXPIRE,,,21900.000,2901.000,24801.000,2025-05-02 10:00:00,2026-09-23 23:58:31.283,democli00004,cmuerhq5v0000ucvpy660gnw1
demodev00478,DEV-2026-0187,2026,2026-05-12 10:00:00,2026-06-11 10:00:00,REFUSE,,,16165.000,3071.350,19236.350,2026-05-12 10:00:00,2026-09-23 23:58:31.283,democli00051,cmuerhq5v0000ucvpy660gnw1
demodev00479,DEV-2025-0255,2025,2025-07-06 10:00:00,2025-08-05 10:00:00,REFUSE,,,16104.000,2264.880,18368.880,2025-07-06 10:00:00,2026-09-23 23:58:31.283,democli00041,cmuerhq5v0000ucvpy660gnw1
demodev00480,DEV-2025-0131,2025,2025-04-13 10:00:00,2025-05-13 10:00:00,REFUSE,,,3870.000,735.300,4605.300,2025-04-13 10:00:00,2026-09-23 23:58:31.283,democli00013,cmuerhq5v0000ucvpy660gnw1
demodev00481,DEV-2026-0276,2026,2026-07-06 10:00:00,2026-08-05 10:00:00,EXPIRE,,,348.750,24.413,373.163,2026-07-06 10:00:00,2026-09-23 23:58:31.283,democli00016,cmuerhq5v0000ucvpy660gnw1
demodev00482,DEV-2025-0356,2025,2025-09-25 10:00:00,2025-10-25 10:00:00,EXPIRE,,,3600.000,684.000,4284.000,2025-09-25 10:00:00,2026-09-23 23:58:31.283,democli00006,cmuerhq5v0000ucvpy660gnw1
demodev00483,DEV-2025-0407,2025,2025-11-06 10:00:00,2025-12-06 10:00:00,EXPIRE,,,6476.000,1230.440,7706.440,2025-11-06 10:00:00,2026-09-23 23:58:31.283,democli00038,cmuerhq5v0000ucvpy660gnw1
demodev00484,DEV-2024-0068,2024,2024-11-12 10:00:00,2024-12-12 10:00:00,EXPIRE,,,3502.000,665.380,4167.380,2024-11-12 10:00:00,2026-09-23 23:58:31.283,democli00005,cmuerhq5v0000ucvpy660gnw1
demodev00485,DEV-2025-0115,2025,2025-03-28 10:00:00,2025-04-27 10:00:00,REFUSE,,,7920.000,1504.800,9424.800,2025-03-28 10:00:00,2026-09-23 23:58:31.283,democli00050,cmuerhq5v0000ucvpy660gnw1
demodev00486,DEV-2025-0352,2025,2025-09-21 10:00:00,2025-10-21 10:00:00,EXPIRE,,,1260.000,239.400,1499.400,2025-09-21 10:00:00,2026-09-23 23:58:31.283,democli00012,cmuerhq5v0000ucvpy660gnw1
demodev00487,DEV-2025-0040,2025,2025-01-30 10:00:00,2025-03-01 10:00:00,REFUSE,,,2526.600,342.462,2869.062,2025-01-30 10:00:00,2026-09-23 23:58:31.283,democli00043,cmuerhq5v0000ucvpy660gnw1
demodev00488,DEV-2025-0174,2025,2025-05-09 10:00:00,2025-06-08 10:00:00,REFUSE,,,23550.000,3061.500,26611.500,2025-05-09 10:00:00,2026-09-23 23:58:31.283,democli00004,cmuerhq5v0000ucvpy660gnw1
demodev00489,DEV-2026-0188,2026,2026-05-14 10:00:00,2026-06-13 10:00:00,EXPIRE,,,3009.000,571.710,3580.710,2026-05-14 10:00:00,2026-09-23 23:58:31.283,democli00025,cmuerhq5v0000ucvpy660gnw1
demodev00490,DEV-2025-0354,2025,2025-09-24 10:00:00,2025-10-24 10:00:00,EXPIRE,,,3600.000,684.000,4284.000,2025-09-24 10:00:00,2026-09-23 23:58:31.283,democli00006,cmuerhq5v0000ucvpy660gnw1
demodev00491,DEV-2025-0347,2025,2025-09-19 10:00:00,2025-10-19 10:00:00,REFUSE,,,2900.000,551.000,3451.000,2025-09-19 10:00:00,2026-09-23 23:58:31.283,democli00021,cmuerhq5v0000ucvpy660gnw1
demodev00492,DEV-2026-0352,2026,2026-08-30 10:00:00,2026-09-29 10:00:00,ACCEPTE,,,11902.000,1907.140,13809.140,2026-08-30 10:00:00,2026-09-23 23:58:31.283,democli00010,cmuerhq5v0000ucvpy660gnw1
demodev00493,DEV-2024-0063,2024,2024-11-09 10:00:00,2024-12-09 10:00:00,REFUSE,,,3840.000,729.600,4569.600,2024-11-09 10:00:00,2026-09-23 23:58:31.283,democli00038,cmuerhq5v0000ucvpy660gnw1
demodev00494,DEV-2025-0008,2025,2025-01-04 10:00:00,2025-02-03 10:00:00,REFUSE,,,3802.400,722.456,4524.856,2025-01-04 10:00:00,2026-09-23 23:58:31.283,democli00054,cmuerhq5v0000ucvpy660gnw1
demodev00495,DEV-2026-0163,2026,2026-04-16 10:00:00,2026-05-16 10:00:00,EXPIRE,,,23100.000,4173.000,27273.000,2026-04-16 10:00:00,2026-09-23 23:58:31.283,democli00036,cmuerhq5v0000ucvpy660gnw1
demodev00496,DEV-2026-0041,2026,2026-01-26 10:00:00,2026-02-25 10:00:00,EXPIRE,,,580.050,110.210,690.260,2026-01-26 10:00:00,2026-09-23 23:58:31.283,democli00043,cmuerhq5v0000ucvpy660gnw1
demodev00497,DEV-2026-0017,2026,2026-01-10 10:00:00,2026-02-09 10:00:00,REFUSE,,,14500.000,2755.000,17255.000,2026-01-10 10:00:00,2026-09-23 23:58:31.283,democli00013,cmuerhq5v0000ucvpy660gnw1
demodev00498,DEV-2025-0286,2025,2025-08-05 10:00:00,2025-09-04 10:00:00,REFUSE,,,13060.000,1617.400,14677.400,2025-08-05 10:00:00,2026-09-23 23:58:31.283,democli00017,cmuerhq5v0000ucvpy660gnw1
demodev00499,DEV-2025-0243,2025,2025-06-26 10:00:00,2025-07-26 10:00:00,REFUSE,,,3998.000,615.620,4613.620,2025-06-26 10:00:00,2026-09-23 23:58:31.283,democli00040,cmuerhq5v0000ucvpy660gnw1
demodev00500,DEV-2024-0014,2024,2024-10-06 10:00:00,2024-11-05 10:00:00,REFUSE,,,9525.000,666.750,10191.750,2024-10-06 10:00:00,2026-09-23 23:58:31.283,democli00019,cmuerhq5v0000ucvpy660gnw1
demodev00501,DEV-2025-0411,2025,2025-11-08 10:00:00,2025-12-08 10:00:00,REFUSE,,,11789.800,2240.062,14029.862,2025-11-08 10:00:00,2026-09-23 23:58:31.283,democli00051,cmuerhq5v0000ucvpy660gnw1
demodev00502,DEV-2026-0249,2026,2026-06-17 10:00:00,2026-07-17 10:00:00,REFUSE,,,30112.500,5721.375,35833.875,2026-06-17 10:00:00,2026-09-23 23:58:31.283,democli00033,cmuerhq5v0000ucvpy660gnw1
demodev00503,DEV-2026-0197,2026,2026-05-17 10:00:00,2026-06-16 10:00:00,EXPIRE,,,5528.000,750.440,6278.440,2026-05-17 10:00:00,2026-09-23 23:58:31.283,democli00060,cmuerhq5v0000ucvpy660gnw1
demodev00504,DEV-2026-0091,2026,2026-02-24 10:00:00,2026-03-26 10:00:00,REFUSE,,,9760.000,1854.400,11614.400,2026-02-24 10:00:00,2026-09-23 23:58:31.283,democli00014,cmuerhq5v0000ucvpy660gnw1
demodev00505,DEV-2026-0216,2026,2026-05-26 10:00:00,2026-06-25 10:00:00,EXPIRE,,,665.000,126.350,791.350,2026-05-26 10:00:00,2026-09-23 23:58:31.283,democli00002,cmuerhq5v0000ucvpy660gnw1
demodev00506,DEV-2025-0439,2025,2025-11-26 10:00:00,2025-12-26 10:00:00,EXPIRE,,,13045.000,2478.550,15523.550,2025-11-26 10:00:00,2026-09-23 23:58:31.283,democli00032,cmuerhq5v0000ucvpy660gnw1
demodev00507,DEV-2024-0049,2024,2024-10-28 10:00:00,2024-11-27 10:00:00,REFUSE,,,3195.000,607.050,3802.050,2024-10-28 10:00:00,2026-09-23 23:58:31.283,democli00013,cmuerhq5v0000ucvpy660gnw1
demodev00508,DEV-2025-0422,2025,2025-11-16 10:00:00,2025-12-16 10:00:00,REFUSE,,,1750.000,332.500,2082.500,2025-11-16 10:00:00,2026-09-23 23:58:31.283,democli00047,cmuerhq5v0000ucvpy660gnw1
demodev00509,DEV-2024-0100,2024,2024-12-01 10:00:00,2024-12-31 10:00:00,REFUSE,,,6104.000,1159.760,7263.760,2024-12-01 10:00:00,2026-09-23 23:58:31.283,democli00046,cmuerhq5v0000ucvpy660gnw1
demodev00510,DEV-2025-0341,2025,2025-09-14 10:00:00,2025-10-14 10:00:00,EXPIRE,,,3590.000,682.100,4272.100,2025-09-14 10:00:00,2026-09-23 23:58:31.283,democli00038,cmuerhq5v0000ucvpy660gnw1
demodev00511,DEV-2024-0034,2024,2024-10-19 10:00:00,2024-11-18 10:00:00,EXPIRE,,,1520.000,288.800,1808.800,2024-10-19 10:00:00,2026-09-23 23:58:31.283,democli00006,cmuerhq5v0000ucvpy660gnw1
demodev00512,DEV-2024-0060,2024,2024-11-05 10:00:00,2024-12-05 10:00:00,REFUSE,,,3980.000,756.200,4736.200,2024-11-05 10:00:00,2026-09-23 23:58:31.283,democli00035,cmuerhq5v0000ucvpy660gnw1
demodev00513,DEV-2024-0022,2024,2024-10-11 10:00:00,2024-11-10 10:00:00,REFUSE,,,1276.000,242.440,1518.440,2024-10-11 10:00:00,2026-09-23 23:58:31.283,democli00047,cmuerhq5v0000ucvpy660gnw1
demodev00514,DEV-2024-0114,2024,2024-12-14 10:00:00,2025-01-13 10:00:00,REFUSE,,,7600.000,1444.000,9044.000,2024-12-14 10:00:00,2026-09-23 23:58:31.283,democli00038,cmuerhq5v0000ucvpy660gnw1
demodev00515,DEV-2025-0259,2025,2025-07-08 10:00:00,2025-08-07 10:00:00,EXPIRE,,,2320.000,440.800,2760.800,2025-07-08 10:00:00,2026-09-23 23:58:31.283,democli00043,cmuerhq5v0000ucvpy660gnw1
demodev00516,DEV-2025-0148,2025,2025-04-25 10:00:00,2025-05-25 10:00:00,EXPIRE,,,20400.000,2652.000,23052.000,2025-04-25 10:00:00,2026-09-23 23:58:31.283,democli00039,cmuerhq5v0000ucvpy660gnw1
demodev00517,DEV-2025-0244,2025,2025-06-26 10:00:00,2025-07-26 10:00:00,EXPIRE,,,630.000,119.700,749.700,2025-06-26 10:00:00,2026-09-23 23:58:31.283,democli00059,cmuerhq5v0000ucvpy660gnw1
demodev00518,DEV-2025-0103,2025,2025-03-18 10:00:00,2025-04-17 10:00:00,REFUSE,,,1785.000,339.150,2124.150,2025-03-18 10:00:00,2026-09-23 23:58:31.283,democli00034,cmuerhq5v0000ucvpy660gnw1
demodev00519,DEV-2025-0116,2025,2025-03-28 10:00:00,2025-04-27 10:00:00,EXPIRE,,,18750.000,3562.500,22312.500,2025-03-28 10:00:00,2026-09-23 23:58:31.283,democli00033,cmuerhq5v0000ucvpy660gnw1
demodev00520,DEV-2025-0360,2025,2025-09-28 10:00:00,2025-10-28 10:00:00,REFUSE,,,3600.000,684.000,4284.000,2025-09-28 10:00:00,2026-09-23 23:58:31.283,democli00052,cmuerhq5v0000ucvpy660gnw1
demodev00521,DEV-2026-0355,2026,2026-09-01 10:00:00,2026-10-01 10:00:00,BROUILLON,,,11136.000,2115.840,13251.840,2026-09-01 10:00:00,2026-09-23 23:58:31.283,democli00036,cmuerhq5v0000ucvpy660gnw1
demodev00522,DEV-2026-0253,2026,2026-06-22 10:00:00,2026-07-22 10:00:00,EXPIRE,,,1058.500,201.115,1259.615,2026-06-22 10:00:00,2026-09-23 23:58:31.283,democli00047,cmuerhq5v0000ucvpy660gnw1
demodev00523,DEV-2025-0408,2025,2025-11-06 10:00:00,2025-12-06 10:00:00,REFUSE,,,6420.000,1003.800,7423.800,2025-11-06 10:00:00,2026-09-23 23:58:31.283,democli00006,cmuerhq5v0000ucvpy660gnw1
demodev00524,DEV-2025-0097,2025,2025-03-16 10:00:00,2025-04-15 10:00:00,EXPIRE,,,3100.000,589.000,3689.000,2025-03-16 10:00:00,2026-09-23 23:58:31.283,democli00021,cmuerhq5v0000ucvpy660gnw1
demodev00525,DEV-2025-0450,2025,2025-12-03 10:00:00,2026-01-02 10:00:00,REFUSE,,,2475.000,173.250,2648.250,2025-12-03 10:00:00,2026-09-23 23:58:31.283,democli00018,cmuerhq5v0000ucvpy660gnw1
demodev00526,DEV-2026-0340,2026,2026-08-22 10:00:00,2026-09-21 10:00:00,ENVOYE,,,4770.000,906.300,5676.300,2026-08-22 10:00:00,2026-09-23 23:58:31.283,democli00032,cmuerhq5v0000ucvpy660gnw1
demodev00527,DEV-2024-0020,2024,2024-10-10 10:00:00,2024-11-09 10:00:00,REFUSE,,,7680.000,1459.200,9139.200,2024-10-10 10:00:00,2026-09-23 23:58:31.283,democli00008,cmuerhq5v0000ucvpy660gnw1
demodev00528,DEV-2025-0071,2025,2025-02-21 10:00:00,2025-03-23 10:00:00,EXPIRE,,,2022.756,384.324,2407.080,2025-02-21 10:00:00,2026-09-23 23:58:31.283,democli00048,cmuerhq5v0000ucvpy660gnw1
demodev00529,DEV-2026-0353,2026,2026-08-31 10:00:00,2026-09-30 10:00:00,BROUILLON,,,6035.000,1146.650,7181.650,2026-08-31 10:00:00,2026-09-23 23:58:31.283,democli00018,cmuerhq5v0000ucvpy660gnw1
demodev00530,DEV-2026-0238,2026,2026-06-11 10:00:00,2026-07-11 10:00:00,REFUSE,,,5676.000,1078.440,6754.440,2026-06-11 10:00:00,2026-09-23 23:58:31.283,democli00008,cmuerhq5v0000ucvpy660gnw1
demodev00531,DEV-2025-0314,2025,2025-08-28 10:00:00,2025-09-27 10:00:00,REFUSE,,,15104.000,2869.760,17973.760,2025-08-28 10:00:00,2026-09-23 23:58:31.283,democli00045,cmuerhq5v0000ucvpy660gnw1
demodev00532,DEV-2026-0278,2026,2026-07-07 10:00:00,2026-08-06 10:00:00,EXPIRE,,,1830.000,347.700,2177.700,2026-07-07 10:00:00,2026-09-23 23:58:31.283,democli00015,cmuerhq5v0000ucvpy660gnw1
demodev00533,DEV-2025-0171,2025,2025-05-06 10:00:00,2025-06-05 10:00:00,EXPIRE,,,11605.000,2204.950,13809.950,2025-05-06 10:00:00,2026-09-23 23:58:31.283,democli00037,cmuerhq5v0000ucvpy660gnw1
demodev00534,DEV-2024-0012,2024,2024-10-05 10:00:00,2024-11-04 10:00:00,EXPIRE,,,1930.000,291.100,2221.100,2024-10-05 10:00:00,2026-09-23 23:58:31.283,democli00010,cmuerhq5v0000ucvpy660gnw1
demodev00535,DEV-2026-0211,2026,2026-05-25 10:00:00,2026-06-24 10:00:00,EXPIRE,,,357.200,67.868,425.068,2026-05-25 10:00:00,2026-09-23 23:58:31.283,democli00060,cmuerhq5v0000ucvpy660gnw1
demodev00536,DEV-2026-0198,2026,2026-05-17 10:00:00,2026-06-16 10:00:00,EXPIRE,,,9222.000,1500.180,10722.180,2026-05-17 10:00:00,2026-09-23 23:58:31.283,democli00054,cmuerhq5v0000ucvpy660gnw1
demodev00537,DEV-2026-0288,2026,2026-07-19 10:00:00,2026-08-18 10:00:00,REFUSE,,,9950.000,1890.500,11840.500,2026-07-19 10:00:00,2026-09-23 23:58:31.283,democli00032,cmuerhq5v0000ucvpy660gnw1
demodev00538,DEV-2026-0131,2026,2026-03-27 10:00:00,2026-04-26 10:00:00,REFUSE,,,15600.000,2964.000,18564.000,2026-03-27 10:00:00,2026-09-23 23:58:31.283,democli00002,cmuerhq5v0000ucvpy660gnw1
demodev00539,DEV-2025-0183,2025,2025-05-15 10:00:00,2025-06-14 10:00:00,REFUSE,,,6426.000,989.820,7415.820,2025-05-15 10:00:00,2026-09-23 23:58:31.283,democli00031,cmuerhq5v0000ucvpy660gnw1
demodev00540,DEV-2026-0031,2026,2026-01-20 10:00:00,2026-02-19 10:00:00,EXPIRE,,,4335.000,823.650,5158.650,2026-01-20 10:00:00,2026-09-23 23:58:31.283,democli00033,cmuerhq5v0000ucvpy660gnw1
demodev00541,DEV-2025-0494,2025,2025-12-31 10:00:00,2026-01-30 10:00:00,EXPIRE,,,4994.000,948.860,5942.860,2025-12-31 10:00:00,2026-09-23 23:58:31.283,democli00029,cmuerhq5v0000ucvpy660gnw1
demodev00542,DEV-2025-0485,2025,2025-12-24 10:00:00,2026-01-23 10:00:00,EXPIRE,,,990.000,188.100,1178.100,2025-12-24 10:00:00,2026-09-23 23:58:31.283,democli00020,cmuerhq5v0000ucvpy660gnw1
demodev00543,DEV-2024-0037,2024,2024-10-21 10:00:00,2024-11-20 10:00:00,EXPIRE,,,19152.000,3638.880,22790.880,2024-10-21 10:00:00,2026-09-23 23:58:31.283,democli00034,cmuerhq5v0000ucvpy660gnw1
demodev00544,DEV-2026-0235,2026,2026-06-08 10:00:00,2026-07-08 10:00:00,REFUSE,,,4930.000,936.700,5866.700,2026-06-08 10:00:00,2026-09-23 23:58:31.283,democli00011,cmuerhq5v0000ucvpy660gnw1
demodev00545,DEV-2025-0013,2025,2025-01-06 10:00:00,2025-02-05 10:00:00,EXPIRE,,,20300.000,3857.000,24157.000,2025-01-06 10:00:00,2026-09-23 23:58:31.283,democli00051,cmuerhq5v0000ucvpy660gnw1
demodev00546,DEV-2025-0325,2025,2025-09-05 10:00:00,2025-10-05 10:00:00,EXPIRE,,,3040.000,577.600,3617.600,2025-09-05 10:00:00,2026-09-23 23:58:31.283,democli00051,cmuerhq5v0000ucvpy660gnw1
demodev00547,DEV-2026-0027,2026,2026-01-17 10:00:00,2026-02-16 10:00:00,REFUSE,,,16830.000,3197.700,20027.700,2026-01-17 10:00:00,2026-09-23 23:58:31.283,democli00001,cmuerhq5v0000ucvpy660gnw1
demodev00548,DEV-2026-0177,2026,2026-05-02 10:00:00,2026-06-01 10:00:00,EXPIRE,,,1620.000,307.800,1927.800,2026-05-02 10:00:00,2026-09-23 23:58:31.283,democli00057,cmuerhq5v0000ucvpy660gnw1
demodev00549,DEV-2026-0100,2026,2026-03-05 10:00:00,2026-04-04 10:00:00,EXPIRE,,,2900.000,551.000,3451.000,2026-03-05 10:00:00,2026-09-23 23:58:31.283,democli00049,cmuerhq5v0000ucvpy660gnw1
demodev00550,DEV-2025-0220,2025,2025-06-10 10:00:00,2025-07-10 10:00:00,EXPIRE,,,1800.000,126.000,1926.000,2025-06-10 10:00:00,2026-09-23 23:58:31.283,democli00041,cmuerhq5v0000ucvpy660gnw1
demodev00551,DEV-2025-0135,2025,2025-04-14 10:00:00,2025-05-14 10:00:00,EXPIRE,,,9640.000,1831.600,11471.600,2025-04-14 10:00:00,2026-09-23 23:58:31.283,democli00038,cmuerhq5v0000ucvpy660gnw1
demodev00552,DEV-2025-0294,2025,2025-08-13 10:00:00,2025-09-12 10:00:00,EXPIRE,,,3930.000,746.700,4676.700,2025-08-13 10:00:00,2026-09-23 23:58:31.283,democli00038,cmuerhq5v0000ucvpy660gnw1
demodev00553,DEV-2025-0282,2025,2025-08-01 10:00:00,2025-08-31 10:00:00,EXPIRE,,,20400.000,2652.000,23052.000,2025-08-01 10:00:00,2026-09-23 23:58:31.283,democli00039,cmuerhq5v0000ucvpy660gnw1
demodev00554,DEV-2025-0145,2025,2025-04-22 10:00:00,2025-05-22 10:00:00,REFUSE,,,20550.000,3904.500,24454.500,2025-04-22 10:00:00,2026-09-23 23:58:31.283,democli00005,cmuerhq5v0000ucvpy660gnw1
demodev00555,DEV-2026-0266,2026,2026-07-02 10:00:00,2026-08-01 10:00:00,EXPIRE,,,4060.000,771.400,4831.400,2026-07-02 10:00:00,2026-09-23 23:58:31.283,democli00015,cmuerhq5v0000ucvpy660gnw1
demodev00556,DEV-2025-0318,2025,2025-08-31 10:00:00,2025-09-30 10:00:00,REFUSE,,,4722.000,844.260,5566.260,2025-08-31 10:00:00,2026-09-23 23:58:31.283,democli00022,cmuerhq5v0000ucvpy660gnw1
demodev00557,DEV-2026-0302,2026,2026-08-01 10:00:00,2026-08-31 10:00:00,EXPIRE,,,15953.150,3031.099,18984.249,2026-08-01 10:00:00,2026-09-23 23:58:31.283,democli00011,cmuerhq5v0000ucvpy660gnw1
demodev00558,DEV-2026-0028,2026,2026-01-17 10:00:00,2026-02-16 10:00:00,EXPIRE,,,11957.800,2271.982,14229.782,2026-01-17 10:00:00,2026-09-23 23:58:31.283,democli00056,cmuerhq5v0000ucvpy660gnw1
demodev00559,DEV-2026-0083,2026,2026-02-21 10:00:00,2026-03-23 10:00:00,REFUSE,,,790.000,150.100,940.100,2026-02-21 10:00:00,2026-09-23 23:58:31.283,democli00014,cmuerhq5v0000ucvpy660gnw1
demodev00560,DEV-2025-0266,2025,2025-07-15 10:00:00,2025-08-14 10:00:00,REFUSE,,,3560.000,676.400,4236.400,2025-07-15 10:00:00,2026-09-23 23:58:31.283,democli00028,cmuerhq5v0000ucvpy660gnw1
demodev00561,DEV-2025-0469,2025,2025-12-13 10:00:00,2026-01-12 10:00:00,EXPIRE,,,5226.400,841.816,6068.216,2025-12-13 10:00:00,2026-09-23 23:58:31.283,democli00018,cmuerhq5v0000ucvpy660gnw1
demodev00562,DEV-2026-0152,2026,2026-04-13 10:00:00,2026-05-13 10:00:00,REFUSE,,,4520.000,858.800,5378.800,2026-04-13 10:00:00,2026-09-23 23:58:31.283,democli00029,cmuerhq5v0000ucvpy660gnw1
demodev00563,DEV-2025-0459,2025,2025-12-09 10:00:00,2026-01-08 10:00:00,REFUSE,,,3600.000,684.000,4284.000,2025-12-09 10:00:00,2026-09-23 23:58:31.283,democli00032,cmuerhq5v0000ucvpy660gnw1
demodev00564,DEV-2026-0320,2026,2026-08-10 10:00:00,2026-09-09 10:00:00,ACCEPTE,,,2164.000,253.480,2417.480,2026-08-10 10:00:00,2026-09-23 23:58:31.283,democli00031,cmuerhq5v0000ucvpy660gnw1
demodev00565,DEV-2025-0227,2025,2025-06-14 10:00:00,2025-07-14 10:00:00,EXPIRE,,,9800.000,1862.000,11662.000,2025-06-14 10:00:00,2026-09-23 23:58:31.283,democli00033,cmuerhq5v0000ucvpy660gnw1
demodev00566,DEV-2026-0123,2026,2026-03-21 10:00:00,2026-04-20 10:00:00,REFUSE,,,991.500,188.385,1179.885,2026-03-21 10:00:00,2026-09-23 23:58:31.283,democli00011,cmuerhq5v0000ucvpy660gnw1
demodev00567,DEV-2026-0101,2026,2026-03-05 10:00:00,2026-04-04 10:00:00,EXPIRE,,,753.300,52.731,806.031,2026-03-05 10:00:00,2026-09-23 23:58:31.283,democli00016,cmuerhq5v0000ucvpy660gnw1
demodev00568,DEV-2026-0363,2026,2026-09-12 10:00:00,2026-10-12 10:00:00,BROUILLON,,,815.000,154.850,969.850,2026-09-12 10:00:00,2026-09-23 23:58:31.283,democli00014,cmuerhq5v0000ucvpy660gnw1
demodev00569,DEV-2025-0028,2025,2025-01-23 10:00:00,2025-02-22 10:00:00,REFUSE,,,42212.500,8020.375,50232.875,2025-01-23 10:00:00,2026-09-23 23:58:31.283,democli00027,cmuerhq5v0000ucvpy660gnw1
demodev00570,DEV-2026-0140,2026,2026-04-04 10:00:00,2026-05-04 10:00:00,REFUSE,,,15797.250,3001.478,18798.728,2026-04-04 10:00:00,2026-09-23 23:58:31.283,democli00048,cmuerhq5v0000ucvpy660gnw1
demodev00571,DEV-2026-0209,2026,2026-05-22 10:00:00,2026-06-21 10:00:00,EXPIRE,,,25048.000,4759.120,29807.120,2026-05-22 10:00:00,2026-09-23 23:58:31.283,democli00028,cmuerhq5v0000ucvpy660gnw1
demodev00572,DEV-2025-0061,2025,2025-02-14 10:00:00,2025-03-16 10:00:00,EXPIRE,,,21422.985,4070.367,25493.352,2025-02-14 10:00:00,2026-09-23 23:58:31.283,democli00002,cmuerhq5v0000ucvpy660gnw1
demodev00573,DEV-2025-0078,2025,2025-02-25 10:00:00,2025-03-27 10:00:00,EXPIRE,,,22650.000,3943.500,26593.500,2025-02-25 10:00:00,2026-09-23 23:58:31.283,democli00041,cmuerhq5v0000ucvpy660gnw1
demodev00574,DEV-2025-0438,2025,2025-11-25 10:00:00,2025-12-25 10:00:00,REFUSE,,,9560.000,1816.400,11376.400,2025-11-25 10:00:00,2026-09-23 23:58:31.283,democli00046,cmuerhq5v0000ucvpy660gnw1
demodev00575,DEV-2025-0204,2025,2025-05-30 10:00:00,2025-06-29 10:00:00,REFUSE,,,5138.000,855.260,5993.260,2025-05-30 10:00:00,2026-09-23 23:58:31.283,democli00035,cmuerhq5v0000ucvpy660gnw1
demodev00576,DEV-2025-0160,2025,2025-05-01 10:00:00,2025-05-31 10:00:00,REFUSE,,,1390.000,188.500,1578.500,2025-05-01 10:00:00,2026-09-23 23:58:31.283,democli00052,cmuerhq5v0000ucvpy660gnw1
demodev00577,DEV-2025-0295,2025,2025-08-14 10:00:00,2025-09-13 10:00:00,EXPIRE,,,6020.000,1143.800,7163.800,2025-08-14 10:00:00,2026-09-23 23:58:31.283,democli00046,cmuerhq5v0000ucvpy660gnw1
demodev00578,DEV-2025-0445,2025,2025-11-30 10:00:00,2025-12-30 10:00:00,EXPIRE,,,960.000,182.400,1142.400,2025-11-30 10:00:00,2026-09-23 23:58:31.283,democli00021,cmuerhq5v0000ucvpy660gnw1
demodev00579,DEV-2025-0209,2025,2025-06-02 10:00:00,2025-07-02 10:00:00,REFUSE,,,8550.000,1624.500,10174.500,2025-06-02 10:00:00,2026-09-23 23:58:31.283,democli00013,cmuerhq5v0000ucvpy660gnw1
demodev00580,DEV-2025-0233,2025,2025-06-20 10:00:00,2025-07-20 10:00:00,REFUSE,,,4667.000,886.730,5553.730,2025-06-20 10:00:00,2026-09-23 23:58:31.283,democli00024,cmuerhq5v0000ucvpy660gnw1
demodev00581,DEV-2026-0179,2026,2026-05-03 10:00:00,2026-06-02 10:00:00,REFUSE,,,9930.000,1886.700,11816.700,2026-05-03 10:00:00,2026-09-23 23:58:31.283,democli00042,cmuerhq5v0000ucvpy660gnw1
demodev00582,DEV-2026-0030,2026,2026-01-18 10:00:00,2026-02-17 10:00:00,REFUSE,,,12065.000,2292.350,14357.350,2026-01-18 10:00:00,2026-09-23 23:58:31.283,democli00054,cmuerhq5v0000ucvpy660gnw1
demodev00583,DEV-2024-0035,2024,2024-10-20 10:00:00,2024-11-19 10:00:00,REFUSE,,,2136.000,405.840,2541.840,2024-10-20 10:00:00,2026-09-23 23:58:31.283,democli00005,cmuerhq5v0000ucvpy660gnw1
demodev00584,DEV-2026-0250,2026,2026-06-17 10:00:00,2026-07-17 10:00:00,REFUSE,,,7640.000,1451.600,9091.600,2026-06-17 10:00:00,2026-09-23 23:58:31.283,democli00025,cmuerhq5v0000ucvpy660gnw1
demodev00585,DEV-2024-0039,2024,2024-10-22 10:00:00,2024-11-21 10:00:00,EXPIRE,,,3144.000,220.080,3364.080,2024-10-22 10:00:00,2026-09-23 23:58:31.283,democli00040,cmuerhq5v0000ucvpy660gnw1
demodev00586,DEV-2025-0153,2025,2025-04-28 10:00:00,2025-05-28 10:00:00,EXPIRE,,,2107.500,349.125,2456.625,2025-04-28 10:00:00,2026-09-23 23:58:31.283,democli00018,cmuerhq5v0000ucvpy660gnw1
demodev00587,DEV-2025-0263,2025,2025-07-11 10:00:00,2025-08-10 10:00:00,REFUSE,,,9540.000,1812.600,11352.600,2025-07-11 10:00:00,2026-09-23 23:58:31.283,democli00026,cmuerhq5v0000ucvpy660gnw1
demodev00588,DEV-2025-0117,2025,2025-03-28 10:00:00,2025-04-27 10:00:00,REFUSE,,,4340.000,824.600,5164.600,2025-03-28 10:00:00,2026-09-23 23:58:31.283,democli00025,cmuerhq5v0000ucvpy660gnw1
demodev00589,DEV-2026-0107,2026,2026-03-07 10:00:00,2026-04-06 10:00:00,REFUSE,,,3200.000,608.000,3808.000,2026-03-07 10:00:00,2026-09-23 23:58:31.283,democli00051,cmuerhq5v0000ucvpy660gnw1
demodev00590,DEV-2026-0212,2026,2026-05-25 10:00:00,2026-06-24 10:00:00,REFUSE,,,636.690,120.971,757.661,2026-05-25 10:00:00,2026-09-23 23:58:31.283,democli00047,cmuerhq5v0000ucvpy660gnw1
demodev00591,DEV-2025-0231,2025,2025-06-18 10:00:00,2025-07-18 10:00:00,REFUSE,,,9760.000,1854.400,11614.400,2025-06-18 10:00:00,2026-09-23 23:58:31.283,democli00011,cmuerhq5v0000ucvpy660gnw1
demodev00592,DEV-2026-0115,2026,2026-03-12 10:00:00,2026-04-11 10:00:00,EXPIRE,,,1050.000,73.500,1123.500,2026-03-12 10:00:00,2026-09-23 23:58:31.283,democli00018,cmuerhq5v0000ucvpy660gnw1
demodev00593,DEV-2026-0183,2026,2026-05-06 10:00:00,2026-06-05 10:00:00,EXPIRE,,,4950.600,940.614,5891.214,2026-05-06 10:00:00,2026-09-23 23:58:31.283,democli00049,cmuerhq5v0000ucvpy660gnw1
demodev00594,DEV-2026-0310,2026,2026-08-07 10:00:00,2026-09-06 10:00:00,REFUSE,,,22332.000,4041.480,26373.480,2026-08-07 10:00:00,2026-09-23 23:58:31.283,democli00058,cmuerhq5v0000ucvpy660gnw1
demodev00595,DEV-2025-0212,2025,2025-06-04 10:00:00,2025-07-04 10:00:00,EXPIRE,,,3600.000,684.000,4284.000,2025-06-04 10:00:00,2026-09-23 23:58:31.283,democli00008,cmuerhq5v0000ucvpy660gnw1
demodev00596,DEV-2025-0070,2025,2025-02-20 10:00:00,2025-03-22 10:00:00,EXPIRE,,,4800.000,912.000,5712.000,2025-02-20 10:00:00,2026-09-23 23:58:31.283,democli00057,cmuerhq5v0000ucvpy660gnw1
demodev00597,DEV-2026-0056,2026,2026-02-04 10:00:00,2026-03-06 10:00:00,REFUSE,,,1340.000,254.600,1594.600,2026-02-04 10:00:00,2026-09-23 23:58:31.283,democli00052,cmuerhq5v0000ucvpy660gnw1
demodev00598,DEV-2026-0094,2026,2026-02-28 10:00:00,2026-03-30 10:00:00,REFUSE,,,21000.000,2730.000,23730.000,2026-02-28 10:00:00,2026-09-23 23:58:31.283,democli00004,cmuerhq5v0000ucvpy660gnw1
demodev00599,DEV-2026-0158,2026,2026-04-15 10:00:00,2026-05-15 10:00:00,EXPIRE,,,6790.000,912.100,7702.100,2026-04-15 10:00:00,2026-09-23 23:58:31.283,democli00060,cmuerhq5v0000ucvpy660gnw1
demodev00600,DEV-2025-0091,2025,2025-03-10 10:00:00,2025-04-09 10:00:00,EXPIRE,,,4100.000,779.000,4879.000,2025-03-10 10:00:00,2026-09-23 23:58:31.283,democli00021,cmuerhq5v0000ucvpy660gnw1
demodev00601,DEV-2025-0374,2025,2025-10-12 10:00:00,2025-11-11 10:00:00,EXPIRE,,,450.000,31.500,481.500,2025-10-12 10:00:00,2026-09-23 23:58:31.283,democli00040,cmuerhq5v0000ucvpy660gnw1
demodev00602,DEV-2025-0472,2025,2025-12-16 10:00:00,2026-01-15 10:00:00,EXPIRE,,,1600.000,304.000,1904.000,2025-12-16 10:00:00,2026-09-23 23:58:31.283,democli00024,cmuerhq5v0000ucvpy660gnw1
demodev00603,DEV-2026-0344,2026,2026-08-24 10:00:00,2026-09-23 10:00:00,BROUILLON,,,4746.000,616.980,5362.980,2026-08-24 10:00:00,2026-09-23 23:58:31.283,democli00026,cmuerhq5v0000ucvpy660gnw1
demodev00604,DEV-2024-0029,2024,2024-10-15 10:00:00,2024-11-14 10:00:00,REFUSE,,,285.000,54.150,339.150,2024-10-15 10:00:00,2026-09-23 23:58:31.283,democli00060,cmuerhq5v0000ucvpy660gnw1
demodev00605,DEV-2026-0289,2026,2026-07-19 10:00:00,2026-08-18 10:00:00,REFUSE,,,1131.000,214.890,1345.890,2026-07-19 10:00:00,2026-09-23 23:58:31.283,democli00038,cmuerhq5v0000ucvpy660gnw1
demodev00606,DEV-2026-0298,2026,2026-07-29 10:00:00,2026-08-28 10:00:00,EXPIRE,,,12000.000,2280.000,14280.000,2026-07-29 10:00:00,2026-09-23 23:58:31.283,democli00025,cmuerhq5v0000ucvpy660gnw1
demodev00607,DEV-2025-0130,2025,2025-04-12 10:00:00,2025-05-12 10:00:00,REFUSE,,,1680.000,319.200,1999.200,2025-04-12 10:00:00,2026-09-23 23:58:31.283,democli00054,cmuerhq5v0000ucvpy660gnw1
demodev00608,DEV-2025-0205,2025,2025-05-30 10:00:00,2025-06-29 10:00:00,REFUSE,,,540.000,102.600,642.600,2025-05-30 10:00:00,2026-09-23 23:58:31.283,democli00012,cmuerhq5v0000ucvpy660gnw1
demodev00609,DEV-2024-0031,2024,2024-10-17 10:00:00,2024-11-16 10:00:00,EXPIRE,,,14848.000,1930.240,16778.240,2024-10-17 10:00:00,2026-09-23 23:58:31.283,democli00039,cmuerhq5v0000ucvpy660gnw1
demodev00610,DEV-2026-0038,2026,2026-01-24 10:00:00,2026-02-23 10:00:00,REFUSE,,,8764.200,1513.494,10277.694,2026-01-24 10:00:00,2026-09-23 23:58:31.283,democli00045,cmuerhq5v0000ucvpy660gnw1
demodev00611,DEV-2025-0003,2025,2025-01-02 10:00:00,2025-02-01 10:00:00,EXPIRE,,,6100.400,1159.076,7259.476,2025-01-02 10:00:00,2026-09-23 23:58:31.283,democli00044,cmuerhq5v0000ucvpy660gnw1
demodev00612,DEV-2026-0182,2026,2026-05-05 10:00:00,2026-06-04 10:00:00,REFUSE,,,8220.000,1201.800,9421.800,2026-05-05 10:00:00,2026-09-23 23:58:31.283,democli00019,cmuerhq5v0000ucvpy660gnw1
demodev00613,DEV-2024-0010,2024,2024-10-04 10:00:00,2024-11-03 10:00:00,REFUSE,,,14444.900,2744.531,17189.431,2024-10-04 10:00:00,2026-09-23 23:58:31.283,democli00001,cmuerhq5v0000ucvpy660gnw1
demodev00614,DEV-2025-0458,2025,2025-12-08 10:00:00,2026-01-07 10:00:00,EXPIRE,,,1360.000,176.800,1536.800,2025-12-08 10:00:00,2026-09-23 23:58:31.283,democli00004,cmuerhq5v0000ucvpy660gnw1
demodev00615,DEV-2025-0009,2025,2025-01-04 10:00:00,2025-02-03 10:00:00,EXPIRE,,,39780.000,7558.200,47338.200,2025-01-04 10:00:00,2026-09-23 23:58:31.283,democli00032,cmuerhq5v0000ucvpy660gnw1
demodev00616,DEV-2026-0241,2026,2026-06-13 10:00:00,2026-07-13 10:00:00,REFUSE,,,36635.000,5700.650,42335.650,2026-06-13 10:00:00,2026-09-23 23:58:31.283,democli00004,cmuerhq5v0000ucvpy660gnw1
demodev00617,DEV-2025-0426,2025,2025-11-17 10:00:00,2025-12-17 10:00:00,EXPIRE,,,3951.000,276.570,4227.570,2025-11-17 10:00:00,2026-09-23 23:58:31.283,democli00053,cmuerhq5v0000ucvpy660gnw1
demodev00618,DEV-2026-0143,2026,2026-04-05 10:00:00,2026-05-05 10:00:00,REFUSE,,,7960.000,1512.400,9472.400,2026-04-05 10:00:00,2026-09-23 23:58:31.283,democli00046,cmuerhq5v0000ucvpy660gnw1
demodev00619,DEV-2025-0346,2025,2025-09-18 10:00:00,2025-10-18 10:00:00,REFUSE,,,8700.000,1653.000,10353.000,2025-09-18 10:00:00,2026-09-23 23:58:31.283,democli00055,cmuerhq5v0000ucvpy660gnw1
demodev00620,DEV-2026-0113,2026,2026-03-11 10:00:00,2026-04-10 10:00:00,REFUSE,,,3200.000,608.000,3808.000,2026-03-11 10:00:00,2026-09-23 23:58:31.283,democli00031,cmuerhq5v0000ucvpy660gnw1
demodev00621,DEV-2026-0279,2026,2026-07-09 10:00:00,2026-08-08 10:00:00,REFUSE,,,16050.000,3049.500,19099.500,2026-07-09 10:00:00,2026-09-23 23:58:31.283,democli00002,cmuerhq5v0000ucvpy660gnw1
demodev00622,DEV-2025-0463,2025,2025-12-10 10:00:00,2026-01-09 10:00:00,EXPIRE,,,14700.000,2793.000,17493.000,2025-12-10 10:00:00,2026-09-23 23:58:31.283,democli00011,cmuerhq5v0000ucvpy660gnw1
demodev00623,DEV-2026-0230,2026,2026-06-03 10:00:00,2026-07-03 10:00:00,REFUSE,,,1300.000,247.000,1547.000,2026-06-03 10:00:00,2026-09-23 23:58:31.283,democli00025,cmuerhq5v0000ucvpy660gnw1
demodev00624,DEV-2024-0108,2024,2024-12-08 10:00:00,2025-01-07 10:00:00,EXPIRE,,,4720.000,896.800,5616.800,2024-12-08 10:00:00,2026-09-23 23:58:31.283,democli00042,cmuerhq5v0000ucvpy660gnw1
demodev00625,DEV-2026-0024,2026,2026-01-14 10:00:00,2026-02-13 10:00:00,REFUSE,,,5460.000,1037.400,6497.400,2026-01-14 10:00:00,2026-09-23 23:58:31.283,democli00026,cmuerhq5v0000ucvpy660gnw1
demodev00626,DEV-2025-0075,2025,2025-02-23 10:00:00,2025-03-25 10:00:00,REFUSE,,,1973.250,138.128,2111.378,2025-02-23 10:00:00,2026-09-23 23:58:31.283,democli00018,cmuerhq5v0000ucvpy660gnw1
demodev00627,DEV-2025-0473,2025,2025-12-16 10:00:00,2026-01-15 10:00:00,EXPIRE,,,1165.000,221.350,1386.350,2025-12-16 10:00:00,2026-09-23 23:58:31.283,democli00059,cmuerhq5v0000ucvpy660gnw1
demodev00628,DEV-2025-0067,2025,2025-02-19 10:00:00,2025-03-21 10:00:00,REFUSE,,,23380.000,3039.400,26419.400,2025-02-19 10:00:00,2026-09-23 23:58:31.283,democli00004,cmuerhq5v0000ucvpy660gnw1
demodev00629,DEV-2024-0101,2024,2024-12-02 10:00:00,2025-01-01 10:00:00,REFUSE,,,31030.000,5895.700,36925.700,2024-12-02 10:00:00,2026-09-23 23:58:31.283,democli00017,cmuerhq5v0000ucvpy660gnw1
demodev00630,DEV-2025-0228,2025,2025-06-14 10:00:00,2025-07-14 10:00:00,REFUSE,,,5041.000,957.790,5998.790,2025-06-14 10:00:00,2026-09-23 23:58:31.283,democli00024,cmuerhq5v0000ucvpy660gnw1
demodev00631,DEV-2024-0069,2024,2024-11-13 10:00:00,2024-12-13 10:00:00,REFUSE,,,12000.000,2280.000,14280.000,2024-11-13 10:00:00,2026-09-23 23:58:31.283,democli00032,cmuerhq5v0000ucvpy660gnw1
demodev00632,DEV-2025-0275,2025,2025-07-25 10:00:00,2025-08-24 10:00:00,REFUSE,,,16035.000,3046.650,19081.650,2025-07-25 10:00:00,2026-09-23 23:58:31.283,democli00054,cmuerhq5v0000ucvpy660gnw1
demodev00633,DEV-2025-0456,2025,2025-12-07 10:00:00,2026-01-06 10:00:00,EXPIRE,,,12760.000,2424.400,15184.400,2025-12-07 10:00:00,2026-09-23 23:58:31.283,democli00032,cmuerhq5v0000ucvpy660gnw1
demodev00634,DEV-2026-0018,2026,2026-01-10 10:00:00,2026-02-09 10:00:00,REFUSE,,,12960.000,2462.400,15422.400,2026-01-10 10:00:00,2026-09-23 23:58:31.283,democli00037,cmuerhq5v0000ucvpy660gnw1
demodev00635,DEV-2026-0285,2026,2026-07-17 10:00:00,2026-08-16 10:00:00,REFUSE,,,4804.800,912.912,5717.712,2026-07-17 10:00:00,2026-09-23 23:58:31.283,democli00048,cmuerhq5v0000ucvpy660gnw1
demodev00636,DEV-2025-0355,2025,2025-09-24 10:00:00,2025-10-24 10:00:00,EXPIRE,,,6089.600,1157.024,7246.624,2025-09-24 10:00:00,2026-09-23 23:58:31.283,democli00054,cmuerhq5v0000ucvpy660gnw1
demodev00637,DEV-2024-0096,2024,2024-11-30 10:00:00,2024-12-30 10:00:00,REFUSE,,,9480.000,1185.600,10665.600,2024-11-30 10:00:00,2026-09-23 23:58:31.283,democli00053,cmuerhq5v0000ucvpy660gnw1
demodev00638,DEV-2026-0050,2026,2026-02-02 10:00:00,2026-03-04 10:00:00,EXPIRE,,,1905.000,361.950,2266.950,2026-02-02 10:00:00,2026-09-23 23:58:31.283,democli00020,cmuerhq5v0000ucvpy660gnw1
demodev00639,DEV-2025-0190,2025,2025-05-20 10:00:00,2025-06-19 10:00:00,REFUSE,,,12000.000,2280.000,14280.000,2025-05-20 10:00:00,2026-09-23 23:58:31.283,democli00037,cmuerhq5v0000ucvpy660gnw1
demodev00640,DEV-2026-0236,2026,2026-06-08 10:00:00,2026-07-08 10:00:00,REFUSE,,,3600.000,684.000,4284.000,2026-06-08 10:00:00,2026-09-23 23:58:31.283,democli00010,cmuerhq5v0000ucvpy660gnw1
demodev00641,DEV-2024-0033,2024,2024-10-18 10:00:00,2024-11-17 10:00:00,REFUSE,,,1248.300,237.177,1485.477,2024-10-18 10:00:00,2026-09-23 23:58:31.283,democli00048,cmuerhq5v0000ucvpy660gnw1
demodev00642,DEV-2024-0081,2024,2024-11-22 10:00:00,2024-12-22 10:00:00,REFUSE,,,3410.000,647.900,4057.900,2024-11-22 10:00:00,2026-09-23 23:58:31.283,democli00008,cmuerhq5v0000ucvpy660gnw1
demodev00643,DEV-2024-0015,2024,2024-10-07 10:00:00,2024-11-06 10:00:00,REFUSE,,,26689.000,5070.910,31759.910,2024-10-07 10:00:00,2026-09-23 23:58:31.283,democli00005,cmuerhq5v0000ucvpy660gnw1
demodev00644,DEV-2026-0068,2026,2026-02-10 10:00:00,2026-03-12 10:00:00,EXPIRE,,,1200.000,228.000,1428.000,2026-02-10 10:00:00,2026-09-23 23:58:31.283,democli00030,cmuerhq5v0000ucvpy660gnw1
demodev00645,DEV-2025-0466,2025,2025-12-11 10:00:00,2026-01-10 10:00:00,REFUSE,,,20400.000,2652.000,23052.000,2025-12-11 10:00:00,2026-09-23 23:58:31.283,democli00032,cmuerhq5v0000ucvpy660gnw1
demodev00646,DEV-2025-0414,2025,2025-11-10 10:00:00,2025-12-10 10:00:00,EXPIRE,,,610.500,115.995,726.495,2025-11-10 10:00:00,2026-09-23 23:58:31.283,democli00020,cmuerhq5v0000ucvpy660gnw1
demodev00647,DEV-2026-0232,2026,2026-06-04 10:00:00,2026-07-04 10:00:00,EXPIRE,,,12000.000,2280.000,14280.000,2026-06-04 10:00:00,2026-09-23 23:58:31.283,democli00055,cmuerhq5v0000ucvpy660gnw1
demodev00648,DEV-2025-0191,2025,2025-05-20 10:00:00,2025-06-19 10:00:00,EXPIRE,,,2556.000,355.080,2911.080,2025-05-20 10:00:00,2026-09-23 23:58:31.283,democli00060,cmuerhq5v0000ucvpy660gnw1
demodev00649,DEV-2025-0100,2025,2025-03-17 10:00:00,2025-04-16 10:00:00,REFUSE,,,1020.000,132.600,1152.600,2025-03-17 10:00:00,2026-09-23 23:58:31.283,democli00049,cmuerhq5v0000ucvpy660gnw1
demodev00650,DEV-2025-0094,2025,2025-03-13 10:00:00,2025-04-12 10:00:00,REFUSE,,,7200.000,1368.000,8568.000,2025-03-13 10:00:00,2026-09-23 23:58:31.283,democli00011,cmuerhq5v0000ucvpy660gnw1
demodev00651,DEV-2026-0021,2026,2026-01-11 10:00:00,2026-02-10 10:00:00,EXPIRE,,,5178.000,983.820,6161.820,2026-01-11 10:00:00,2026-09-23 23:58:31.283,democli00047,cmuerhq5v0000ucvpy660gnw1
demodev00652,DEV-2026-0306,2026,2026-08-03 10:00:00,2026-09-02 10:00:00,REFUSE,,,20017.500,3803.325,23820.825,2026-08-03 10:00:00,2026-09-23 23:58:31.283,democli00029,cmuerhq5v0000ucvpy660gnw1
demodev00653,DEV-2025-0483,2025,2025-12-23 10:00:00,2026-01-22 10:00:00,REFUSE,,,1700.000,323.000,2023.000,2025-12-23 10:00:00,2026-09-23 23:58:31.283,democli00043,cmuerhq5v0000ucvpy660gnw1
demodev00654,DEV-2024-0013,2024,2024-10-05 10:00:00,2024-11-04 10:00:00,EXPIRE,,,285.000,54.150,339.150,2024-10-05 10:00:00,2026-09-23 23:58:31.283,democli00047,cmuerhq5v0000ucvpy660gnw1
demodev00655,DEV-2024-0061,2024,2024-11-07 10:00:00,2024-12-07 10:00:00,EXPIRE,,,6442.000,845.980,7287.980,2024-11-07 10:00:00,2026-09-23 23:58:31.283,democli00043,cmuerhq5v0000ucvpy660gnw1
demodev00656,DEV-2025-0113,2025,2025-03-25 10:00:00,2025-04-24 10:00:00,EXPIRE,,,33182.000,5288.660,38470.660,2025-03-25 10:00:00,2026-09-23 23:58:31.283,democli00058,cmuerhq5v0000ucvpy660gnw1
demodev00657,DEV-2025-0383,2025,2025-10-18 10:00:00,2025-11-17 10:00:00,EXPIRE,,,6840.000,1299.600,8139.600,2025-10-18 10:00:00,2026-09-23 23:58:31.283,democli00056,cmuerhq5v0000ucvpy660gnw1
demodev00658,DEV-2026-0293,2026,2026-07-26 10:00:00,2026-08-25 10:00:00,EXPIRE,,,1260.000,239.400,1499.400,2026-07-26 10:00:00,2026-09-23 23:58:31.283,democli00058,cmuerhq5v0000ucvpy660gnw1
demodev00659,DEV-2025-0079,2025,2025-02-26 10:00:00,2025-03-28 10:00:00,EXPIRE,,,810.000,153.900,963.900,2025-02-26 10:00:00,2026-09-23 23:58:31.283,democli00059,cmuerhq5v0000ucvpy660gnw1
demodev00660,DEV-2026-0102,2026,2026-03-05 10:00:00,2026-04-04 10:00:00,EXPIRE,,,8460.000,1607.400,10067.400,2026-03-05 10:00:00,2026-09-23 23:58:31.283,democli00013,cmuerhq5v0000ucvpy660gnw1
demodev00661,DEV-2024-0110,2024,2024-12-09 10:00:00,2025-01-08 10:00:00,EXPIRE,,,4700.000,893.000,5593.000,2024-12-09 10:00:00,2026-09-23 23:58:31.283,democli00021,cmuerhq5v0000ucvpy660gnw1
demodev00662,DEV-2026-0043,2026,2026-01-27 10:00:00,2026-02-26 10:00:00,REFUSE,,,4660.000,885.400,5545.400,2026-01-27 10:00:00,2026-09-23 23:58:31.283,democli00057,cmuerhq5v0000ucvpy660gnw1
demodev00663,DEV-2026-0159,2026,2026-04-15 10:00:00,2026-05-15 10:00:00,REFUSE,,,5000.000,950.000,5950.000,2026-04-15 10:00:00,2026-09-23 23:58:31.283,democli00047,cmuerhq5v0000ucvpy660gnw1
demodev00664,DEV-2024-0104,2024,2024-12-04 10:00:00,2025-01-03 10:00:00,REFUSE,,,3600.000,684.000,4284.000,2024-12-04 10:00:00,2026-09-23 23:58:31.283,democli00044,cmuerhq5v0000ucvpy660gnw1
demodev00665,DEV-2024-0087,2024,2024-11-26 10:00:00,2024-12-26 10:00:00,REFUSE,,,540.000,102.600,642.600,2024-11-26 10:00:00,2026-09-23 23:58:31.283,democli00018,cmuerhq5v0000ucvpy660gnw1
demodev00666,DEV-2025-0240,2025,2025-06-23 10:00:00,2025-07-23 10:00:00,EXPIRE,,,18330.000,3482.700,21812.700,2025-06-23 10:00:00,2026-09-23 23:58:31.283,democli00015,cmuerhq5v0000ucvpy660gnw1
demodev00667,DEV-2026-0051,2026,2026-02-02 10:00:00,2026-03-04 10:00:00,REFUSE,,,3825.000,726.750,4551.750,2026-02-02 10:00:00,2026-09-23 23:58:31.283,democli00025,cmuerhq5v0000ucvpy660gnw1
demodev00668,DEV-2025-0437,2025,2025-11-24 10:00:00,2025-12-24 10:00:00,EXPIRE,,,1602.000,304.380,1906.380,2025-11-24 10:00:00,2026-09-23 23:58:31.283,democli00043,cmuerhq5v0000ucvpy660gnw1
demodev00669,DEV-2026-0054,2026,2026-02-03 10:00:00,2026-03-05 10:00:00,REFUSE,,,8685.800,1650.302,10336.102,2026-02-03 10:00:00,2026-09-23 23:58:31.283,democli00025,cmuerhq5v0000ucvpy660gnw1
demodev00670,DEV-2026-0025,2026,2026-01-16 10:00:00,2026-02-15 10:00:00,REFUSE,,,16620.000,3157.800,19777.800,2026-01-16 10:00:00,2026-09-23 23:58:31.283,democli00029,cmuerhq5v0000ucvpy660gnw1
demodev00671,DEV-2025-0305,2025,2025-08-22 10:00:00,2025-09-21 10:00:00,EXPIRE,,,3960.000,752.400,4712.400,2025-08-22 10:00:00,2026-09-23 23:58:31.283,democli00014,cmuerhq5v0000ucvpy660gnw1
demodev00672,DEV-2025-0283,2025,2025-08-01 10:00:00,2025-08-31 10:00:00,EXPIRE,,,16562.000,3146.780,19708.780,2025-08-01 10:00:00,2026-09-23 23:58:31.283,democli00028,cmuerhq5v0000ucvpy660gnw1
demodev00673,DEV-2026-0097,2026,2026-03-02 10:00:00,2026-04-01 10:00:00,EXPIRE,,,16950.000,3220.500,20170.500,2026-03-02 10:00:00,2026-09-23 23:58:31.283,democli00027,cmuerhq5v0000ucvpy660gnw1
demodev00674,DEV-2025-0399,2025,2025-10-29 10:00:00,2025-11-28 10:00:00,EXPIRE,,,1680.000,319.200,1999.200,2025-10-29 10:00:00,2026-09-23 23:58:31.283,democli00010,cmuerhq5v0000ucvpy660gnw1
demodev00675,DEV-2026-0201,2026,2026-05-18 10:00:00,2026-06-17 10:00:00,REFUSE,,,1410.000,167.100,1577.100,2026-05-18 10:00:00,2026-09-23 23:58:31.283,democli00022,cmuerhq5v0000ucvpy660gnw1
demodev00676,DEV-2024-0116,2024,2024-12-17 10:00:00,2025-01-16 10:00:00,EXPIRE,,,3348.000,636.120,3984.120,2024-12-17 10:00:00,2026-09-23 23:58:31.283,democli00012,cmuerhq5v0000ucvpy660gnw1
demodev00677,DEV-2025-0149,2025,2025-04-25 10:00:00,2025-05-25 10:00:00,EXPIRE,,,14478.000,2750.820,17228.820,2025-04-25 10:00:00,2026-09-23 23:58:31.283,democli00056,cmuerhq5v0000ucvpy660gnw1
demodev00678,DEV-2026-0347,2026,2026-08-25 10:00:00,2026-09-24 10:00:00,ENVOYE,,,5750.000,1092.500,6842.500,2026-08-25 10:00:00,2026-09-23 23:58:31.283,democli00055,cmuerhq5v0000ucvpy660gnw1
demodev00679,DEV-2026-0290,2026,2026-07-19 10:00:00,2026-08-18 10:00:00,EXPIRE,,,2350.000,446.500,2796.500,2026-07-19 10:00:00,2026-09-23 23:58:31.283,democli00015,cmuerhq5v0000ucvpy660gnw1
demodev00680,DEV-2025-0276,2025,2025-07-25 10:00:00,2025-08-24 10:00:00,REFUSE,,,1800.000,342.000,2142.000,2025-07-25 10:00:00,2026-09-23 23:58:31.283,democli00012,cmuerhq5v0000ucvpy660gnw1
demodev00681,DEV-2024-0062,2024,2024-11-07 10:00:00,2024-12-07 10:00:00,EXPIRE,,,3891.000,272.370,4163.370,2024-11-07 10:00:00,2026-09-23 23:58:31.283,democli00053,cmuerhq5v0000ucvpy660gnw1
demodev00682,DEV-2025-0447,2025,2025-12-01 10:00:00,2025-12-31 10:00:00,REFUSE,,,3675.000,698.250,4373.250,2025-12-01 10:00:00,2026-09-23 23:58:31.283,democli00002,cmuerhq5v0000ucvpy660gnw1
demodev00683,DEV-2026-0032,2026,2026-01-20 10:00:00,2026-02-19 10:00:00,EXPIRE,,,16091.000,3057.290,19148.290,2026-01-20 10:00:00,2026-09-23 23:58:31.283,democli00025,cmuerhq5v0000ucvpy660gnw1
demodev00684,DEV-2025-0046,2025,2025-02-05 10:00:00,2025-03-07 10:00:00,EXPIRE,,,12000.000,2280.000,14280.000,2025-02-05 10:00:00,2026-09-23 23:58:31.283,democli00031,cmuerhq5v0000ucvpy660gnw1
demodev00685,DEV-2026-0311,2026,2026-08-07 10:00:00,2026-09-06 10:00:00,REFUSE,,,15885.000,3018.150,18903.150,2026-08-07 10:00:00,2026-09-23 23:58:31.283,democli00011,cmuerhq5v0000ucvpy660gnw1
demodev00686,DEV-2025-0323,2025,2025-09-03 10:00:00,2025-10-03 10:00:00,EXPIRE,,,860.000,163.400,1023.400,2025-09-03 10:00:00,2026-09-23 23:58:31.283,democli00047,cmuerhq5v0000ucvpy660gnw1
demodev00687,DEV-2025-0087,2025,2025-03-07 10:00:00,2025-04-06 10:00:00,EXPIRE,,,6710.000,1274.900,7984.900,2025-03-07 10:00:00,2026-09-23 23:58:31.283,democli00055,cmuerhq5v0000ucvpy660gnw1
demodev00688,DEV-2024-0042,2024,2024-10-24 10:00:00,2024-11-23 10:00:00,EXPIRE,,,12648.000,1644.240,14292.240,2024-10-24 10:00:00,2026-09-23 23:58:31.283,democli00004,cmuerhq5v0000ucvpy660gnw1
demodev00689,DEV-2024-0030,2024,2024-10-15 10:00:00,2024-11-14 10:00:00,EXPIRE,,,2856.500,542.735,3399.235,2024-10-15 10:00:00,2026-09-23 23:58:31.283,democli00033,cmuerhq5v0000ucvpy660gnw1
demodev00690,DEV-2024-0088,2024,2024-11-26 10:00:00,2024-12-26 10:00:00,REFUSE,,,4914.000,933.660,5847.660,2024-11-26 10:00:00,2026-09-23 23:58:31.283,democli00052,cmuerhq5v0000ucvpy660gnw1
demodev00691,DEV-2026-0333,2026,2026-08-18 10:00:00,2026-09-17 10:00:00,ACCEPTE,,,7950.000,1150.500,9100.500,2026-08-18 10:00:00,2026-09-23 23:58:31.283,democli00036,cmuerhq5v0000ucvpy660gnw1
demodev00692,DEV-2025-0049,2025,2025-02-07 10:00:00,2025-03-09 10:00:00,EXPIRE,,,7181.600,890.312,8071.912,2025-02-07 10:00:00,2026-09-23 23:58:31.283,democli00018,cmuerhq5v0000ucvpy660gnw1
demodev00693,DEV-2025-0388,2025,2025-10-22 10:00:00,2025-11-21 10:00:00,REFUSE,,,6972.000,488.040,7460.040,2025-10-22 10:00:00,2026-09-23 23:58:31.283,democli00018,cmuerhq5v0000ucvpy660gnw1
demodev00694,DEV-2025-0026,2025,2025-01-22 10:00:00,2025-02-21 10:00:00,REFUSE,,,300.000,57.000,357.000,2025-01-22 10:00:00,2026-09-23 23:58:31.283,democli00021,cmuerhq5v0000ucvpy660gnw1
demodev00695,DEV-2025-0281,2025,2025-07-30 10:00:00,2025-08-29 10:00:00,EXPIRE,,,1946.100,369.759,2315.859,2025-07-30 10:00:00,2026-09-23 23:58:31.283,democli00002,cmuerhq5v0000ucvpy660gnw1
demodev00696,DEV-2025-0464,2025,2025-12-10 10:00:00,2026-01-09 10:00:00,EXPIRE,,,13842.750,2408.993,16251.743,2025-12-10 10:00:00,2026-09-23 23:58:31.283,democli00041,cmuerhq5v0000ucvpy660gnw1
demodev00697,DEV-2026-0193,2026,2026-05-16 10:00:00,2026-06-15 10:00:00,EXPIRE,,,7608.500,830.015,8438.515,2026-05-16 10:00:00,2026-09-23 23:58:31.283,democli00040,cmuerhq5v0000ucvpy660gnw1
demodev00698,DEV-2026-0117,2026,2026-03-16 10:00:00,2026-04-15 10:00:00,EXPIRE,,,375.000,26.250,401.250,2026-03-16 10:00:00,2026-09-23 23:58:31.283,democli00053,cmuerhq5v0000ucvpy660gnw1
demodev00699,DEV-2025-0326,2025,2025-09-05 10:00:00,2025-10-05 10:00:00,REFUSE,,,8844.000,1680.360,10524.360,2025-09-05 10:00:00,2026-09-23 23:58:31.283,democli00055,cmuerhq5v0000ucvpy660gnw1
demodev00700,DEV-2024-0044,2024,2024-10-25 10:00:00,2024-11-24 10:00:00,EXPIRE,,,4472.000,849.680,5321.680,2024-10-25 10:00:00,2026-09-23 23:58:31.283,democli00052,cmuerhq5v0000ucvpy660gnw1
demodev00701,DEV-2025-0246,2025,2025-06-27 10:00:00,2025-07-27 10:00:00,REFUSE,,,600.000,114.000,714.000,2025-06-27 10:00:00,2026-09-23 23:58:31.283,democli00049,cmuerhq5v0000ucvpy660gnw1
demodev00702,DEV-2025-0249,2025,2025-07-02 10:00:00,2025-08-01 10:00:00,EXPIRE,,,1720.400,326.876,2047.276,2025-07-02 10:00:00,2026-09-23 23:58:31.283,democli00045,cmuerhq5v0000ucvpy660gnw1
demodev00703,DEV-2026-0110,2026,2026-03-10 10:00:00,2026-04-09 10:00:00,REFUSE,,,1160.000,220.400,1380.400,2026-03-10 10:00:00,2026-09-23 23:58:31.283,democli00043,cmuerhq5v0000ucvpy660gnw1
demodev00704,DEV-2024-0046,2024,2024-10-26 10:00:00,2024-11-25 10:00:00,EXPIRE,,,7500.000,1425.000,8925.000,2024-10-26 10:00:00,2026-09-23 23:58:31.283,democli00033,cmuerhq5v0000ucvpy660gnw1
demodev00705,DEV-2024-0130,2024,2024-12-28 10:00:00,2025-01-27 10:00:00,REFUSE,,,20671.000,3927.490,24598.490,2024-12-28 10:00:00,2026-09-23 23:58:31.283,democli00045,cmuerhq5v0000ucvpy660gnw1
demodev00706,DEV-2025-0128,2025,2025-04-08 10:00:00,2025-05-08 10:00:00,REFUSE,,,18750.000,3562.500,22312.500,2025-04-08 10:00:00,2026-09-23 23:58:31.283,democli00011,cmuerhq5v0000ucvpy660gnw1
demodev00707,DEV-2025-0032,2025,2025-01-24 10:00:00,2025-02-23 10:00:00,REFUSE,,,980.800,114.352,1095.152,2025-01-24 10:00:00,2026-09-23 23:58:31.283,democli00016,cmuerhq5v0000ucvpy660gnw1
demodev00708,DEV-2025-0063,2025,2025-02-15 10:00:00,2025-03-17 10:00:00,EXPIRE,,,760.000,144.400,904.400,2025-02-15 10:00:00,2026-09-23 23:58:31.283,democli00052,cmuerhq5v0000ucvpy660gnw1
demodev00709,DEV-2025-0351,2025,2025-09-20 10:00:00,2025-10-20 10:00:00,REFUSE,,,3450.000,655.500,4105.500,2025-09-20 10:00:00,2026-09-23 23:58:31.283,democli00043,cmuerhq5v0000ucvpy660gnw1
demodev00710,DEV-2025-0005,2025,2025-01-03 10:00:00,2025-02-02 10:00:00,EXPIRE,,,6246.000,437.220,6683.220,2025-01-03 10:00:00,2026-09-23 23:58:31.283,democli00040,cmuerhq5v0000ucvpy660gnw1
demodev00711,DEV-2024-0008,2024,2024-10-03 10:00:00,2024-11-02 10:00:00,REFUSE,,,864.000,164.160,1028.160,2024-10-03 10:00:00,2026-09-23 23:58:31.283,democli00026,cmuerhq5v0000ucvpy660gnw1
demodev00712,DEV-2026-0076,2026,2026-02-16 10:00:00,2026-03-18 10:00:00,REFUSE,,,10300.000,1957.000,12257.000,2026-02-16 10:00:00,2026-09-23 23:58:31.283,democli00055,cmuerhq5v0000ucvpy660gnw1
demodev00713,DEV-2025-0120,2025,2025-03-31 10:00:00,2025-04-30 10:00:00,EXPIRE,,,565.500,107.445,672.945,2025-03-31 10:00:00,2026-09-23 23:58:31.283,democli00048,cmuerhq5v0000ucvpy660gnw1
demodev00714,DEV-2025-0232,2025,2025-06-18 10:00:00,2025-07-18 10:00:00,REFUSE,,,680.000,129.200,809.200,2025-06-18 10:00:00,2026-09-23 23:58:31.283,democli00044,cmuerhq5v0000ucvpy660gnw1
demodev00715,DEV-2025-0358,2025,2025-09-26 10:00:00,2025-10-26 10:00:00,REFUSE,,,13872.000,1803.360,15675.360,2025-09-26 10:00:00,2026-09-23 23:58:31.283,democli00039,cmuerhq5v0000ucvpy660gnw1
demodev00716,DEV-2025-0272,2025,2025-07-23 10:00:00,2025-08-22 10:00:00,REFUSE,,,1450.000,275.500,1725.500,2025-07-23 10:00:00,2026-09-23 23:58:31.283,democli00048,cmuerhq5v0000ucvpy660gnw1
demodev00717,DEV-2026-0079,2026,2026-02-18 10:00:00,2026-03-20 10:00:00,REFUSE,,,817.800,155.382,973.182,2026-02-18 10:00:00,2026-09-23 23:58:31.283,democli00059,cmuerhq5v0000ucvpy660gnw1
demodev00718,DEV-2026-0146,2026,2026-04-08 10:00:00,2026-05-08 10:00:00,REFUSE,,,840.000,159.600,999.600,2026-04-08 10:00:00,2026-09-23 23:58:31.283,democli00021,cmuerhq5v0000ucvpy660gnw1
demodev00719,DEV-2026-0312,2026,2026-08-07 10:00:00,2026-09-06 10:00:00,REFUSE,,,1750.000,278.500,2028.500,2026-08-07 10:00:00,2026-09-23 23:58:31.283,democli00055,cmuerhq5v0000ucvpy660gnw1
demodev00720,DEV-2025-0175,2025,2025-05-09 10:00:00,2025-06-08 10:00:00,EXPIRE,,,4230.000,728.100,4958.100,2025-05-09 10:00:00,2026-09-23 23:58:31.283,democli00044,cmuerhq5v0000ucvpy660gnw1
demodev00721,DEV-2025-0359,2025,2025-09-27 10:00:00,2025-10-27 10:00:00,EXPIRE,,,14050.000,2669.500,16719.500,2025-09-27 10:00:00,2026-09-23 23:58:31.283,democli00050,cmuerhq5v0000ucvpy660gnw1
demodev00722,DEV-2026-0325,2026,2026-08-14 10:00:00,2026-09-13 10:00:00,REFUSE,,,6325.000,1201.750,7526.750,2026-08-14 10:00:00,2026-09-23 23:58:31.283,democli00014,cmuerhq5v0000ucvpy660gnw1
demodev00723,DEV-2024-0027,2024,2024-10-14 10:00:00,2024-11-13 10:00:00,EXPIRE,,,14400.000,2736.000,17136.000,2024-10-14 10:00:00,2026-09-23 23:58:31.283,democli00054,cmuerhq5v0000ucvpy660gnw1
demodev00724,DEV-2024-0112,2024,2024-12-12 10:00:00,2025-01-11 10:00:00,EXPIRE,,,4280.000,813.200,5093.200,2024-12-12 10:00:00,2026-09-23 23:58:31.283,democli00006,cmuerhq5v0000ucvpy660gnw1
demodev00725,DEV-2024-0074,2024,2024-11-18 10:00:00,2024-12-18 10:00:00,EXPIRE,,,7590.000,1442.100,9032.100,2024-11-18 10:00:00,2026-09-23 23:58:31.283,democli00030,cmuerhq5v0000ucvpy660gnw1
demodev00726,DEV-2026-0329,2026,2026-08-17 10:00:00,2026-09-16 10:00:00,BROUILLON,,,585.000,111.150,696.150,2026-08-17 10:00:00,2026-09-23 23:58:31.283,democli00043,cmuerhq5v0000ucvpy660gnw1
demodev00727,DEV-2025-0486,2025,2025-12-24 10:00:00,2026-01-23 10:00:00,REFUSE,,,7958.000,1512.020,9470.020,2025-12-24 10:00:00,2026-09-23 23:58:31.283,democli00055,cmuerhq5v0000ucvpy660gnw1
demodev00728,DEV-2025-0345,2025,2025-09-17 10:00:00,2025-10-17 10:00:00,REFUSE,,,15200.000,2888.000,18088.000,2025-09-17 10:00:00,2026-09-23 23:58:31.283,democli00030,cmuerhq5v0000ucvpy660gnw1
demodev00729,DEV-2025-0441,2025,2025-11-27 10:00:00,2025-12-27 10:00:00,REFUSE,,,16200.000,3078.000,19278.000,2025-11-27 10:00:00,2026-09-23 23:58:31.283,democli00010,cmuerhq5v0000ucvpy660gnw1
demodev00730,DEV-2025-0010,2025,2025-01-04 10:00:00,2025-02-03 10:00:00,REFUSE,,,10481.080,1991.405,12472.485,2025-01-04 10:00:00,2026-09-23 23:58:31.283,democli00009,cmuerhq5v0000ucvpy660gnw1
demodev00731,DEV-2025-0224,2025,2025-06-11 10:00:00,2025-07-11 10:00:00,REFUSE,,,5675.000,1078.250,6753.250,2025-06-11 10:00:00,2026-09-23 23:58:31.283,democli00038,cmuerhq5v0000ucvpy660gnw1
demodev00732,DEV-2025-0290,2025,2025-08-08 10:00:00,2025-09-07 10:00:00,EXPIRE,,,5559.040,774.875,6333.915,2025-08-08 10:00:00,2026-09-23 23:58:31.283,democli00043,cmuerhq5v0000ucvpy660gnw1
demodev00733,DEV-2026-0147,2026,2026-04-09 10:00:00,2026-05-09 10:00:00,REFUSE,,,13145.000,2497.550,15642.550,2026-04-09 10:00:00,2026-09-23 23:58:31.283,democli00028,cmuerhq5v0000ucvpy660gnw1
demodev00734,DEV-2025-0412,2025,2025-11-08 10:00:00,2025-12-08 10:00:00,EXPIRE,,,3030.000,525.300,3555.300,2025-11-08 10:00:00,2026-09-23 23:58:31.283,democli00010,cmuerhq5v0000ucvpy660gnw1
demodev00735,DEV-2024-0085,2024,2024-11-24 10:00:00,2024-12-24 10:00:00,EXPIRE,,,16940.000,3218.600,20158.600,2024-11-24 10:00:00,2026-09-23 23:58:31.283,democli00005,cmuerhq5v0000ucvpy660gnw1
demodev00736,DEV-2025-0195,2025,2025-05-25 10:00:00,2025-06-24 10:00:00,REFUSE,,,45.000,8.550,53.550,2025-05-25 10:00:00,2026-09-23 23:58:31.283,democli00043,cmuerhq5v0000ucvpy660gnw1
demodev00737,DEV-2025-0491,2025,2025-12-28 10:00:00,2026-01-27 10:00:00,EXPIRE,,,1190.000,226.100,1416.100,2025-12-28 10:00:00,2026-09-23 23:58:31.283,democli00056,cmuerhq5v0000ucvpy660gnw1
demodev00738,DEV-2026-0321,2026,2026-08-10 10:00:00,2026-09-09 10:00:00,ACCEPTE,,,6075.000,1154.250,7229.250,2026-08-10 10:00:00,2026-09-23 23:58:31.283,democli00007,cmuerhq5v0000ucvpy660gnw1
demodev00739,DEV-2025-0400,2025,2025-10-29 10:00:00,2025-11-28 10:00:00,EXPIRE,,,9628.800,1829.472,11458.272,2025-10-29 10:00:00,2026-09-23 23:58:31.283,democli00038,cmuerhq5v0000ucvpy660gnw1
demodev00740,DEV-2025-0221,2025,2025-06-10 10:00:00,2025-07-10 10:00:00,REFUSE,,,12426.000,2360.940,14786.940,2025-06-10 10:00:00,2026-09-23 23:58:31.283,democli00058,cmuerhq5v0000ucvpy660gnw1
demodev00741,DEV-2025-0389,2025,2025-10-23 10:00:00,2025-11-22 10:00:00,EXPIRE,,,15500.000,2945.000,18445.000,2025-10-23 10:00:00,2026-09-23 23:58:31.283,democli00018,cmuerhq5v0000ucvpy660gnw1
demodev00742,DEV-2025-0315,2025,2025-08-29 10:00:00,2025-09-28 10:00:00,REFUSE,,,8556.000,1463.640,10019.640,2025-08-29 10:00:00,2026-09-23 23:58:31.283,democli00031,cmuerhq5v0000ucvpy660gnw1
demodev00743,DEV-2025-0053,2025,2025-02-10 10:00:00,2025-03-12 10:00:00,EXPIRE,,,1099.300,208.867,1308.167,2025-02-10 10:00:00,2026-09-23 23:58:31.283,democli00020,cmuerhq5v0000ucvpy660gnw1
demodev00744,DEV-2024-0040,2024,2024-10-23 10:00:00,2024-11-22 10:00:00,EXPIRE,,,3357.000,637.830,3994.830,2024-10-23 10:00:00,2026-09-23 23:58:31.283,democli00027,cmuerhq5v0000ucvpy660gnw1
demodev00745,DEV-2026-0164,2026,2026-04-16 10:00:00,2026-05-16 10:00:00,REFUSE,,,12000.000,2280.000,14280.000,2026-04-16 10:00:00,2026-09-23 23:58:31.283,democli00006,cmuerhq5v0000ucvpy660gnw1
demodev00746,DEV-2025-0004,2025,2025-01-02 10:00:00,2025-02-01 10:00:00,REFUSE,,,12826.840,2218.493,15045.333,2025-01-02 10:00:00,2026-09-23 23:58:31.283,democli00026,cmuerhq5v0000ucvpy660gnw1
demodev00747,DEV-2026-0072,2026,2026-02-13 10:00:00,2026-03-15 10:00:00,EXPIRE,,,2400.000,456.000,2856.000,2026-02-13 10:00:00,2026-09-23 23:58:31.283,democli00057,cmuerhq5v0000ucvpy660gnw1
demodev00748,DEV-2026-0308,2026,2026-08-06 10:00:00,2026-09-05 10:00:00,EXPIRE,,,6442.800,1224.132,7666.932,2026-08-06 10:00:00,2026-09-23 23:58:31.283,democli00006,cmuerhq5v0000ucvpy660gnw1
demodev00749,DEV-2025-0284,2025,2025-08-04 10:00:00,2025-09-03 10:00:00,REFUSE,,,4580.000,870.200,5450.200,2025-08-04 10:00:00,2026-09-23 23:58:31.283,democli00038,cmuerhq5v0000ucvpy660gnw1
demodev00750,DEV-2025-0309,2025,2025-08-24 10:00:00,2025-09-23 10:00:00,EXPIRE,,,8050.000,1529.500,9579.500,2025-08-24 10:00:00,2026-09-23 23:58:31.283,democli00004,cmuerhq5v0000ucvpy660gnw1
demodev00751,DEV-2026-0283,2026,2026-07-14 10:00:00,2026-08-13 10:00:00,EXPIRE,,,6000.000,1140.000,7140.000,2026-07-14 10:00:00,2026-09-23 23:58:31.283,democli00032,cmuerhq5v0000ucvpy660gnw1
demodev00752,DEV-2026-0149,2026,2026-04-11 10:00:00,2026-05-11 10:00:00,EXPIRE,,,7250.000,1377.500,8627.500,2026-04-11 10:00:00,2026-09-23 23:58:31.283,democli00052,cmuerhq5v0000ucvpy660gnw1
demodev00753,DEV-2026-0199,2026,2026-05-17 10:00:00,2026-06-16 10:00:00,REFUSE,,,34880.000,6627.200,41507.200,2026-05-17 10:00:00,2026-09-23 23:58:31.283,democli00046,cmuerhq5v0000ucvpy660gnw1
demodev00754,DEV-2026-0019,2026,2026-01-10 10:00:00,2026-02-09 10:00:00,EXPIRE,,,14500.000,2755.000,17255.000,2026-01-10 10:00:00,2026-09-23 23:58:31.283,democli00017,cmuerhq5v0000ucvpy660gnw1
demodev00755,DEV-2025-0319,2025,2025-08-31 10:00:00,2025-09-30 10:00:00,EXPIRE,,,19554.000,3150.780,22704.780,2025-08-31 10:00:00,2026-09-23 23:58:31.283,democli00050,cmuerhq5v0000ucvpy660gnw1
demodev00756,DEV-2025-0343,2025,2025-09-15 10:00:00,2025-10-15 10:00:00,EXPIRE,,,5366.000,1019.540,6385.540,2025-09-15 10:00:00,2026-09-23 23:58:31.283,democli00025,cmuerhq5v0000ucvpy660gnw1
demodev00757,DEV-2026-0252,2026,2026-06-21 10:00:00,2026-07-21 10:00:00,EXPIRE,,,450.000,85.500,535.500,2026-06-21 10:00:00,2026-09-23 23:58:31.283,democli00052,cmuerhq5v0000ucvpy660gnw1
demodev00758,DEV-2024-0051,2024,2024-10-29 10:00:00,2024-11-28 10:00:00,REFUSE,,,1276.800,242.592,1519.392,2024-10-29 10:00:00,2026-09-23 23:58:31.283,democli00047,cmuerhq5v0000ucvpy660gnw1
demodev00759,DEV-2026-0194,2026,2026-05-16 10:00:00,2026-06-15 10:00:00,REFUSE,,,23050.000,4379.500,27429.500,2026-05-16 10:00:00,2026-09-23 23:58:31.283,democli00013,cmuerhq5v0000ucvpy660gnw1
demodev00760,DEV-2026-0184,2026,2026-05-09 10:00:00,2026-06-08 10:00:00,EXPIRE,,,1410.000,217.500,1627.500,2026-05-09 10:00:00,2026-09-23 23:58:31.283,democli00044,cmuerhq5v0000ucvpy660gnw1
demodev00761,DEV-2026-0145,2026,2026-04-07 10:00:00,2026-05-07 10:00:00,REFUSE,,,12000.000,2280.000,14280.000,2026-04-07 10:00:00,2026-09-23 23:58:31.283,democli00001,cmuerhq5v0000ucvpy660gnw1
demodev00762,DEV-2025-0322,2025,2025-09-02 10:00:00,2025-10-02 10:00:00,REFUSE,,,6578.000,877.940,7455.940,2025-09-02 10:00:00,2026-09-23 23:58:31.283,democli00060,cmuerhq5v0000ucvpy660gnw1
demodev00763,DEV-2026-0189,2026,2026-05-14 10:00:00,2026-06-13 10:00:00,EXPIRE,,,2118.000,402.420,2520.420,2026-05-14 10:00:00,2026-09-23 23:58:31.283,democli00052,cmuerhq5v0000ucvpy660gnw1
demodev00764,DEV-2024-0025,2024,2024-10-12 10:00:00,2024-11-11 10:00:00,REFUSE,,,8233.100,1564.289,9797.389,2024-10-12 10:00:00,2026-09-23 23:58:31.283,democli00055,cmuerhq5v0000ucvpy660gnw1
demodev00765,DEV-2025-0138,2025,2025-04-17 10:00:00,2025-05-17 10:00:00,EXPIRE,,,1045.000,198.550,1243.550,2025-04-17 10:00:00,2026-09-23 23:58:31.283,democli00060,cmuerhq5v0000ucvpy660gnw1
demodev00766,DEV-2025-0398,2025,2025-10-28 10:00:00,2025-11-27 10:00:00,REFUSE,,,14600.000,2414.000,17014.000,2025-10-28 10:00:00,2026-09-23 23:58:31.283,democli00019,cmuerhq5v0000ucvpy660gnw1
demodev00767,DEV-2026-0061,2026,2026-02-05 10:00:00,2026-03-07 10:00:00,REFUSE,,,305.000,32.750,337.750,2026-02-05 10:00:00,2026-09-23 23:58:31.283,democli00009,cmuerhq5v0000ucvpy660gnw1
demodev00768,DEV-2025-0448,2025,2025-12-01 10:00:00,2025-12-31 10:00:00,REFUSE,,,20092.500,2612.025,22704.525,2025-12-01 10:00:00,2026-09-23 23:58:31.283,democli00004,cmuerhq5v0000ucvpy660gnw1
demodev00769,DEV-2026-0137,2026,2026-03-31 10:00:00,2026-04-30 10:00:00,REFUSE,,,5770.000,1096.300,6866.300,2026-03-31 10:00:00,2026-09-23 23:58:31.283,democli00008,cmuerhq5v0000ucvpy660gnw1
demodev00770,DEV-2025-0451,2025,2025-12-03 10:00:00,2026-01-02 10:00:00,REFUSE,,,6134.400,1165.536,7299.936,2025-12-03 10:00:00,2026-09-23 23:58:31.283,democli00029,cmuerhq5v0000ucvpy660gnw1
demodev00771,DEV-2024-0026,2024,2024-10-12 10:00:00,2024-11-11 10:00:00,REFUSE,,,1260.000,239.400,1499.400,2024-10-12 10:00:00,2026-09-23 23:58:31.283,democli00012,cmuerhq5v0000ucvpy660gnw1
demodev00772,DEV-2025-0038,2025,2025-01-29 10:00:00,2025-02-28 10:00:00,REFUSE,,,1260.000,239.400,1499.400,2025-01-29 10:00:00,2026-09-23 23:58:31.283,democli00038,cmuerhq5v0000ucvpy660gnw1
demodev00773,DEV-2026-0242,2026,2026-06-14 10:00:00,2026-07-14 10:00:00,REFUSE,,,2944.000,559.360,3503.360,2026-06-14 10:00:00,2026-09-23 23:58:31.283,democli00030,cmuerhq5v0000ucvpy660gnw1
demodev00774,DEV-2024-0109,2024,2024-12-08 10:00:00,2025-01-07 10:00:00,REFUSE,,,21000.000,3990.000,24990.000,2024-12-08 10:00:00,2026-09-23 23:58:31.283,democli00041,cmuerhq5v0000ucvpy660gnw1
demodev00775,DEV-2025-0058,2025,2025-02-13 10:00:00,2025-03-15 10:00:00,EXPIRE,,,3920.000,744.800,4664.800,2025-02-13 10:00:00,2026-09-23 23:58:31.283,democli00024,cmuerhq5v0000ucvpy660gnw1
demodev00776,DEV-2025-0194,2025,2025-05-23 10:00:00,2025-06-22 10:00:00,EXPIRE,,,14620.000,2777.800,17397.800,2025-05-23 10:00:00,2026-09-23 23:58:31.283,democli00037,cmuerhq5v0000ucvpy660gnw1
demodev00777,DEV-2025-0434,2025,2025-11-22 10:00:00,2025-12-22 10:00:00,REFUSE,,,320.000,60.800,380.800,2025-11-22 10:00:00,2026-09-23 23:58:31.283,democli00022,cmuerhq5v0000ucvpy660gnw1
demodev00778,DEV-2026-0274,2026,2026-07-05 10:00:00,2026-08-04 10:00:00,REFUSE,,,1170.000,222.300,1392.300,2026-07-05 10:00:00,2026-09-23 23:58:31.283,democli00015,cmuerhq5v0000ucvpy660gnw1
demodev00779,DEV-2025-0068,2025,2025-02-19 10:00:00,2025-03-21 10:00:00,EXPIRE,,,2310.000,438.900,2748.900,2025-02-19 10:00:00,2026-09-23 23:58:31.283,democli00054,cmuerhq5v0000ucvpy660gnw1
demodev00780,DEV-2025-0025,2025,2025-01-20 10:00:00,2025-02-19 10:00:00,REFUSE,,,1020.000,193.800,1213.800,2025-01-20 10:00:00,2026-09-23 23:58:31.283,democli00014,cmuerhq5v0000ucvpy660gnw1
demodev00781,DEV-2025-0465,2025,2025-12-10 10:00:00,2026-01-09 10:00:00,EXPIRE,,,2880.000,547.200,3427.200,2025-12-10 10:00:00,2026-09-23 23:58:31.283,democli00049,cmuerhq5v0000ucvpy660gnw1
demodev00782,DEV-2024-0133,2024,2024-12-30 10:00:00,2025-01-29 10:00:00,EXPIRE,,,3600.000,684.000,4284.000,2024-12-30 10:00:00,2026-09-23 23:58:31.283,democli00014,cmuerhq5v0000ucvpy660gnw1
demodev00783,DEV-2026-0088,2026,2026-02-23 10:00:00,2026-03-25 10:00:00,REFUSE,,,15371.000,2920.490,18291.490,2026-02-23 10:00:00,2026-09-23 23:58:31.283,democli00011,cmuerhq5v0000ucvpy660gnw1
demodev00784,DEV-2025-0125,2025,2025-04-07 10:00:00,2025-05-07 10:00:00,REFUSE,,,5363.900,1019.141,6383.041,2025-04-07 10:00:00,2026-09-23 23:58:31.283,democli00048,cmuerhq5v0000ucvpy660gnw1
demodev00785,DEV-2025-0050,2025,2025-02-08 10:00:00,2025-03-10 10:00:00,REFUSE,,,6037.000,1147.030,7184.030,2025-02-08 10:00:00,2026-09-23 23:58:31.283,democli00013,cmuerhq5v0000ucvpy660gnw1
demodev00786,DEV-2025-0262,2025,2025-07-10 10:00:00,2025-08-09 10:00:00,REFUSE,,,930.000,176.700,1106.700,2025-07-10 10:00:00,2026-09-23 23:58:31.283,democli00009,cmuerhq5v0000ucvpy660gnw1
demodev00787,DEV-2026-0104,2026,2026-03-06 10:00:00,2026-04-05 10:00:00,EXPIRE,,,3088.000,464.320,3552.320,2026-03-06 10:00:00,2026-09-23 23:58:31.283,democli00016,cmuerhq5v0000ucvpy660gnw1
demodev00788,DEV-2026-0062,2026,2026-02-05 10:00:00,2026-03-07 10:00:00,EXPIRE,,,5430.000,686.100,6116.100,2026-02-05 10:00:00,2026-09-23 23:58:31.283,democli00031,cmuerhq5v0000ucvpy660gnw1
demodev00789,DEV-2024-0065,2024,2024-11-11 10:00:00,2024-12-11 10:00:00,REFUSE,,,10770.000,2046.300,12816.300,2024-11-11 10:00:00,2026-09-23 23:58:31.283,democli00032,cmuerhq5v0000ucvpy660gnw1
demodev00790,DEV-2025-0199,2025,2025-05-28 10:00:00,2025-06-27 10:00:00,REFUSE,,,1965.120,373.373,2338.493,2025-05-28 10:00:00,2026-09-23 23:58:31.283,democli00044,cmuerhq5v0000ucvpy660gnw1
demodev00791,DEV-2026-0105,2026,2026-03-06 10:00:00,2026-04-05 10:00:00,REFUSE,,,11979.000,2276.010,14255.010,2026-03-06 10:00:00,2026-09-23 23:58:31.283,democli00037,cmuerhq5v0000ucvpy660gnw1
demodev00792,DEV-2025-0154,2025,2025-04-28 10:00:00,2025-05-28 10:00:00,EXPIRE,,,1865.000,354.350,2219.350,2025-04-28 10:00:00,2026-09-23 23:58:31.283,democli00026,cmuerhq5v0000ucvpy660gnw1
demodev00793,DEV-2025-0034,2025,2025-01-25 10:00:00,2025-02-24 10:00:00,EXPIRE,,,6640.000,1261.600,7901.600,2025-01-25 10:00:00,2026-09-23 23:58:31.283,democli00014,cmuerhq5v0000ucvpy660gnw1
demodev00794,DEV-2024-0077,2024,2024-11-20 10:00:00,2024-12-20 10:00:00,REFUSE,,,3204.000,224.280,3428.280,2024-11-20 10:00:00,2026-09-23 23:58:31.283,democli00053,cmuerhq5v0000ucvpy660gnw1
demodev00795,DEV-2026-0138,2026,2026-03-31 10:00:00,2026-04-30 10:00:00,EXPIRE,,,8630.000,1639.700,10269.700,2026-03-31 10:00:00,2026-09-23 23:58:31.283,democli00046,cmuerhq5v0000ucvpy660gnw1
demodev00796,DEV-2025-0313,2025,2025-08-26 10:00:00,2025-09-25 10:00:00,REFUSE,,,3630.000,689.700,4319.700,2025-08-26 10:00:00,2026-09-23 23:58:31.283,democli00012,cmuerhq5v0000ucvpy660gnw1
demodev00797,DEV-2026-0012,2026,2026-01-06 10:00:00,2026-02-05 10:00:00,EXPIRE,,,879.060,114.278,993.338,2026-01-06 10:00:00,2026-09-23 23:58:31.283,democli00039,cmuerhq5v0000ucvpy660gnw1
demodev00798,DEV-2025-0316,2025,2025-08-29 10:00:00,2025-09-28 10:00:00,EXPIRE,,,12916.200,2027.106,14943.306,2025-08-29 10:00:00,2026-09-23 23:58:31.283,democli00022,cmuerhq5v0000ucvpy660gnw1
demodev00799,DEV-2025-0029,2025,2025-01-23 10:00:00,2025-02-22 10:00:00,EXPIRE,,,9420.000,1789.800,11209.800,2025-01-23 10:00:00,2026-09-23 23:58:31.283,democli00042,cmuerhq5v0000ucvpy660gnw1
demodev00800,DEV-2026-0126,2026,2026-03-22 10:00:00,2026-04-21 10:00:00,REFUSE,,,6525.000,1239.750,7764.750,2026-03-22 10:00:00,2026-09-23 23:58:31.283,democli00001,cmuerhq5v0000ucvpy660gnw1
demodev00801,DEV-2026-0036,2026,2026-01-22 10:00:00,2026-02-21 10:00:00,EXPIRE,,,840.000,159.600,999.600,2026-01-22 10:00:00,2026-09-23 23:58:31.283,democli00045,cmuerhq5v0000ucvpy660gnw1
demodev00802,DEV-2026-0039,2026,2026-01-24 10:00:00,2026-02-23 10:00:00,EXPIRE,,,210.000,14.700,224.700,2026-01-24 10:00:00,2026-09-23 23:58:31.283,democli00058,cmuerhq5v0000ucvpy660gnw1
demodev00803,DEV-2025-0193,2025,2025-05-22 10:00:00,2025-06-21 10:00:00,REFUSE,,,2620.000,497.800,3117.800,2025-05-22 10:00:00,2026-09-23 23:58:31.283,democli00050,cmuerhq5v0000ucvpy660gnw1
demodev00804,DEV-2026-0022,2026,2026-01-13 10:00:00,2026-02-12 10:00:00,REFUSE,,,1560.000,296.400,1856.400,2026-01-13 10:00:00,2026-09-23 23:58:31.283,democli00037,cmuerhq5v0000ucvpy660gnw1
demodev00805,DEV-2025-0073,2025,2025-02-22 10:00:00,2025-03-24 10:00:00,REFUSE,,,2400.000,456.000,2856.000,2025-02-22 10:00:00,2026-09-23 23:58:31.283,democli00036,cmuerhq5v0000ucvpy660gnw1
demodev00806,DEV-2024-0117,2024,2024-12-17 10:00:00,2025-01-16 10:00:00,REFUSE,,,1450.000,275.500,1725.500,2024-12-17 10:00:00,2026-09-23 23:58:31.283,democli00028,cmuerhq5v0000ucvpy660gnw1
demodev00807,DEV-2025-0011,2025,2025-01-04 10:00:00,2025-02-03 10:00:00,REFUSE,,,2550.000,484.500,3034.500,2025-01-04 10:00:00,2026-09-23 23:58:31.283,democli00037,cmuerhq5v0000ucvpy660gnw1
demodev00808,DEV-2025-0310,2025,2025-08-24 10:00:00,2025-09-23 10:00:00,REFUSE,,,31178.000,5923.820,37101.820,2025-08-24 10:00:00,2026-09-23 23:58:31.283,democli00033,cmuerhq5v0000ucvpy660gnw1
demodev00809,DEV-2025-0176,2025,2025-05-09 10:00:00,2025-06-08 10:00:00,REFUSE,,,8476.000,1610.440,10086.440,2025-05-09 10:00:00,2026-09-23 23:58:31.283,democli00049,cmuerhq5v0000ucvpy660gnw1
demodev00810,DEV-2025-0074,2025,2025-02-22 10:00:00,2025-03-24 10:00:00,REFUSE,,,3200.000,608.000,3808.000,2025-02-22 10:00:00,2026-09-23 23:58:31.283,democli00030,cmuerhq5v0000ucvpy660gnw1
demodev00811,DEV-2026-0093,2026,2026-02-27 10:00:00,2026-03-29 10:00:00,EXPIRE,,,6900.000,1311.000,8211.000,2026-02-27 10:00:00,2026-09-23 23:58:31.283,democli00056,cmuerhq5v0000ucvpy660gnw1
demodev00812,DEV-2026-0280,2026,2026-07-09 10:00:00,2026-08-08 10:00:00,EXPIRE,,,6300.000,1197.000,7497.000,2026-07-09 10:00:00,2026-09-23 23:58:31.283,democli00037,cmuerhq5v0000ucvpy660gnw1
demodev00813,DEV-2026-0300,2026,2026-07-30 10:00:00,2026-08-29 10:00:00,REFUSE,,,9450.000,1795.500,11245.500,2026-07-30 10:00:00,2026-09-23 23:58:31.283,democli00032,cmuerhq5v0000ucvpy660gnw1
demodev00814,DEV-2025-0377,2025,2025-10-14 10:00:00,2025-11-13 10:00:00,EXPIRE,,,10431.000,1981.890,12412.890,2025-10-14 10:00:00,2026-09-23 23:58:31.283,democli00006,cmuerhq5v0000ucvpy660gnw1
demodev00815,DEV-2026-0015,2026,2026-01-08 10:00:00,2026-02-07 10:00:00,REFUSE,,,10240.000,1945.600,12185.600,2026-01-08 10:00:00,2026-09-23 23:58:31.283,democli00046,cmuerhq5v0000ucvpy660gnw1
demodev00816,DEV-2026-0367,2026,2026-09-20 10:00:00,2026-10-20 10:00:00,BROUILLON,,,11933.000,2267.270,14200.270,2026-09-20 10:00:00,2026-09-23 23:58:31.283,democli00002,cmuerhq5v0000ucvpy660gnw1
demodev00817,DEV-2025-0391,2025,2025-10-24 10:00:00,2025-11-23 10:00:00,REFUSE,,,889.500,169.005,1058.505,2025-10-24 10:00:00,2026-09-23 23:58:31.283,democli00020,cmuerhq5v0000ucvpy660gnw1
demodev00818,DEV-2026-0057,2026,2026-02-04 10:00:00,2026-03-06 10:00:00,REFUSE,,,6574.000,1175.620,7749.620,2026-02-04 10:00:00,2026-09-23 23:58:31.283,democli00060,cmuerhq5v0000ucvpy660gnw1
demodev00819,DEV-2025-0018,2025,2025-01-10 10:00:00,2025-02-09 10:00:00,EXPIRE,,,3384.000,353.520,3737.520,2025-01-10 10:00:00,2026-09-23 23:58:31.283,democli00031,cmuerhq5v0000ucvpy660gnw1
demodev00820,DEV-2025-0163,2025,2025-05-02 10:00:00,2025-06-01 10:00:00,EXPIRE,,,5586.000,1061.340,6647.340,2025-05-02 10:00:00,2026-09-23 23:58:31.283,democli00001,cmuerhq5v0000ucvpy660gnw1
demodev00821,DEV-2026-0335,2026,2026-08-19 10:00:00,2026-09-18 10:00:00,ACCEPTE,,,5100.000,969.000,6069.000,2026-08-19 10:00:00,2026-09-23 23:58:31.283,democli00017,cmuerhq5v0000ucvpy660gnw1
demodev00822,DEV-2025-0298,2025,2025-08-15 10:00:00,2025-09-14 10:00:00,EXPIRE,,,2160.000,385.200,2545.200,2025-08-15 10:00:00,2026-09-23 23:58:31.283,democli00017,cmuerhq5v0000ucvpy660gnw1
demodev00823,DEV-2024-0047,2024,2024-10-26 10:00:00,2024-11-25 10:00:00,REFUSE,,,12000.000,2280.000,14280.000,2024-10-26 10:00:00,2026-09-23 23:58:31.283,democli00036,cmuerhq5v0000ucvpy660gnw1
demodev00824,DEV-2025-0285,2025,2025-08-04 10:00:00,2025-09-03 10:00:00,EXPIRE,,,7500.000,1425.000,8925.000,2025-08-04 10:00:00,2026-09-23 23:58:31.283,democli00055,cmuerhq5v0000ucvpy660gnw1
demodev00825,DEV-2024-0135,2024,2024-12-31 10:00:00,2025-01-30 10:00:00,REFUSE,,,3564.000,425.160,3989.160,2024-12-31 10:00:00,2026-09-23 23:58:31.283,democli00010,cmuerhq5v0000ucvpy660gnw1
demodev00826,DEV-2025-0418,2025,2025-11-14 10:00:00,2025-12-14 10:00:00,REFUSE,,,20400.000,2652.000,23052.000,2025-11-14 10:00:00,2026-09-23 23:58:31.283,democli00039,cmuerhq5v0000ucvpy660gnw1
demodev00827,DEV-2026-0358,2026,2026-09-08 10:00:00,2026-10-08 10:00:00,BROUILLON,,,1300.000,247.000,1547.000,2026-09-08 10:00:00,2026-09-23 23:58:31.283,democli00006,cmuerhq5v0000ucvpy660gnw1
demodev00828,DEV-2025-0250,2025,2025-07-02 10:00:00,2025-08-01 10:00:00,EXPIRE,,,5868.000,1114.920,6982.920,2025-07-02 10:00:00,2026-09-23 23:58:31.283,democli00036,cmuerhq5v0000ucvpy660gnw1
demodev00829,DEV-2025-0088,2025,2025-03-07 10:00:00,2025-04-06 10:00:00,EXPIRE,,,3240.000,615.600,3855.600,2025-03-07 10:00:00,2026-09-23 23:58:31.283,democli00025,cmuerhq5v0000ucvpy660gnw1
demodev00830,DEV-2024-0076,2024,2024-11-19 10:00:00,2024-12-19 10:00:00,EXPIRE,,,12000.000,2280.000,14280.000,2024-11-19 10:00:00,2026-09-23 23:58:31.283,democli00032,cmuerhq5v0000ucvpy660gnw1
demodev00831,DEV-2025-0044,2025,2025-02-03 10:00:00,2025-03-05 10:00:00,REFUSE,,,2228.250,423.368,2651.618,2025-02-03 10:00:00,2026-09-23 23:58:31.283,democli00047,cmuerhq5v0000ucvpy660gnw1
demodev00832,DEV-2025-0363,2025,2025-09-29 10:00:00,2025-10-29 10:00:00,EXPIRE,,,980.000,186.200,1166.200,2025-09-29 10:00:00,2026-09-23 23:58:31.283,democli00021,cmuerhq5v0000ucvpy660gnw1
demodev00833,DEV-2025-0211,2025,2025-06-03 10:00:00,2025-07-03 10:00:00,EXPIRE,,,8700.000,1653.000,10353.000,2025-06-03 10:00:00,2026-09-23 23:58:31.283,democli00033,cmuerhq5v0000ucvpy660gnw1
demodev00834,DEV-2024-0082,2024,2024-11-23 10:00:00,2024-12-23 10:00:00,REFUSE,,,1428.000,99.960,1527.960,2024-11-23 10:00:00,2026-09-23 23:58:31.283,democli00016,cmuerhq5v0000ucvpy660gnw1
demodev00835,DEV-2026-0073,2026,2026-02-13 10:00:00,2026-03-15 10:00:00,EXPIRE,,,18750.000,3562.500,22312.500,2026-02-13 10:00:00,2026-09-23 23:58:31.283,democli00017,cmuerhq5v0000ucvpy660gnw1
demodev00836,DEV-2025-0268,2025,2025-07-18 10:00:00,2025-08-17 10:00:00,REFUSE,,,1640.000,160.400,1800.400,2025-07-18 10:00:00,2026-09-23 23:58:31.283,democli00052,cmuerhq5v0000ucvpy660gnw1
demodev00837,DEV-2024-0058,2024,2024-11-03 10:00:00,2024-12-03 10:00:00,REFUSE,,,12000.000,2280.000,14280.000,2024-11-03 10:00:00,2026-09-23 23:58:31.283,democli00041,cmuerhq5v0000ucvpy660gnw1
demodev00838,DEV-2025-0455,2025,2025-12-06 10:00:00,2026-01-05 10:00:00,REFUSE,,,1160.000,220.400,1380.400,2025-12-06 10:00:00,2026-09-23 23:58:31.283,democli00015,cmuerhq5v0000ucvpy660gnw1
demodev00839,DEV-2025-0366,2025,2025-10-02 10:00:00,2025-11-01 10:00:00,REFUSE,,,16247.600,3087.044,19334.644,2025-10-02 10:00:00,2026-09-23 23:58:31.283,democli00029,cmuerhq5v0000ucvpy660gnw1
demodev00840,DEV-2026-0013,2026,2026-01-06 10:00:00,2026-02-05 10:00:00,REFUSE,,,7809.000,1483.710,9292.710,2026-01-06 10:00:00,2026-09-23 23:58:31.283,democli00009,cmuerhq5v0000ucvpy660gnw1
demodev00841,DEV-2026-0037,2026,2026-01-23 10:00:00,2026-02-22 10:00:00,REFUSE,,,9850.000,1871.500,11721.500,2026-01-23 10:00:00,2026-09-23 23:58:31.283,democli00058,cmuerhq5v0000ucvpy660gnw1
demodev00842,DEV-2026-0204,2026,2026-05-19 10:00:00,2026-06-18 10:00:00,REFUSE,,,1800.000,342.000,2142.000,2026-05-19 10:00:00,2026-09-23 23:58:31.283,democli00038,cmuerhq5v0000ucvpy660gnw1
demodev00843,DEV-2025-0299,2025,2025-08-17 10:00:00,2025-09-16 10:00:00,REFUSE,,,8087.500,1536.625,9624.125,2025-08-17 10:00:00,2026-09-23 23:58:31.283,democli00030,cmuerhq5v0000ucvpy660gnw1
demodev00844,DEV-2025-0260,2025,2025-07-08 10:00:00,2025-08-07 10:00:00,EXPIRE,,,2170.000,336.700,2506.700,2025-07-08 10:00:00,2026-09-23 23:58:31.283,democli00043,cmuerhq5v0000ucvpy660gnw1
demodev00845,DEV-2025-0293,2025,2025-08-11 10:00:00,2025-09-10 10:00:00,REFUSE,,,511.000,97.090,608.090,2025-08-11 10:00:00,2026-09-23 23:58:31.283,democli00060,cmuerhq5v0000ucvpy660gnw1
demodev00846,DEV-2025-0166,2025,2025-05-03 10:00:00,2025-06-02 10:00:00,EXPIRE,,,19126.000,3058.780,22184.780,2025-05-03 10:00:00,2026-09-23 23:58:31.283,democli00022,cmuerhq5v0000ucvpy660gnw1
demodev00847,DEV-2026-0281,2026,2026-07-11 10:00:00,2026-08-10 10:00:00,EXPIRE,,,10669.000,2027.110,12696.110,2026-07-11 10:00:00,2026-09-23 23:58:31.283,democli00025,cmuerhq5v0000ucvpy660gnw1
demodev00848,DEV-2025-0085,2025,2025-03-06 10:00:00,2025-04-05 10:00:00,EXPIRE,,,585.900,41.013,626.913,2025-03-06 10:00:00,2026-09-23 23:58:31.283,democli00058,cmuerhq5v0000ucvpy660gnw1
demodev00849,DEV-2026-0309,2026,2026-08-06 10:00:00,2026-09-05 10:00:00,REFUSE,,,8220.000,1068.600,9288.600,2026-08-06 10:00:00,2026-09-23 23:58:31.283,democli00026,cmuerhq5v0000ucvpy660gnw1
demodev00850,DEV-2026-0150,2026,2026-04-11 10:00:00,2026-05-11 10:00:00,EXPIRE,,,2170.000,412.300,2582.300,2026-04-11 10:00:00,2026-09-23 23:58:31.283,democli00024,cmuerhq5v0000ucvpy660gnw1
demodev00851,DEV-2025-0460,2025,2025-12-09 10:00:00,2026-01-08 10:00:00,EXPIRE,,,2900.000,551.000,3451.000,2025-12-09 10:00:00,2026-09-23 23:58:31.283,democli00024,cmuerhq5v0000ucvpy660gnw1
demodev00852,DEV-2025-0066,2025,2025-02-17 10:00:00,2025-03-19 10:00:00,EXPIRE,,,17813.400,2520.546,20333.946,2025-02-17 10:00:00,2026-09-23 23:58:31.283,democli00019,cmuerhq5v0000ucvpy660gnw1
demodev00853,DEV-2026-0010,2026,2026-01-05 10:00:00,2026-02-04 10:00:00,REFUSE,,,6600.000,1254.000,7854.000,2026-01-05 10:00:00,2026-09-23 23:58:31.283,democli00055,cmuerhq5v0000ucvpy660gnw1
demodev00854,DEV-2025-0155,2025,2025-04-28 10:00:00,2025-05-28 10:00:00,EXPIRE,,,6200.000,1178.000,7378.000,2025-04-28 10:00:00,2026-09-23 23:58:31.283,democli00038,cmuerhq5v0000ucvpy660gnw1
demodev00855,DEV-2026-0328,2026,2026-08-15 10:00:00,2026-09-14 10:00:00,ACCEPTE,,,24245.000,4606.550,28851.550,2026-08-15 10:00:00,2026-09-23 23:58:31.283,democli00051,cmuerhq5v0000ucvpy660gnw1
demodev00856,DEV-2026-0066,2026,2026-02-08 10:00:00,2026-03-10 10:00:00,REFUSE,,,5520.000,1048.800,6568.800,2026-02-08 10:00:00,2026-09-23 23:58:31.283,democli00008,cmuerhq5v0000ucvpy660gnw1
demodev00857,DEV-2025-0101,2025,2025-03-17 10:00:00,2025-04-16 10:00:00,REFUSE,,,9120.000,1732.800,10852.800,2025-03-17 10:00:00,2026-09-23 23:58:31.283,democli00042,cmuerhq5v0000ucvpy660gnw1
demodev00858,DEV-2025-0490,2025,2025-12-27 10:00:00,2026-01-26 10:00:00,REFUSE,,,4800.000,912.000,5712.000,2025-12-27 10:00:00,2026-09-23 23:58:31.283,democli00057,cmuerhq5v0000ucvpy660gnw1
demodev00859,DEV-2024-0071,2024,2024-11-16 10:00:00,2024-12-16 10:00:00,EXPIRE,,,3660.000,695.400,4355.400,2024-11-16 10:00:00,2026-09-23 23:58:31.283,democli00013,cmuerhq5v0000ucvpy660gnw1
demodev00860,DEV-2026-0052,2026,2026-02-02 10:00:00,2026-03-04 10:00:00,EXPIRE,,,11640.000,2211.600,13851.600,2026-02-02 10:00:00,2026-09-23 23:58:31.283,democli00036,cmuerhq5v0000ucvpy660gnw1
demodev00861,DEV-2025-0021,2025,2025-01-14 10:00:00,2025-02-13 10:00:00,EXPIRE,,,11390.000,2164.100,13554.100,2025-01-14 10:00:00,2026-09-23 23:58:31.283,democli00055,cmuerhq5v0000ucvpy660gnw1
demodev00862,DEV-2025-0156,2025,2025-04-28 10:00:00,2025-05-28 10:00:00,EXPIRE,,,16800.000,3192.000,19992.000,2025-04-28 10:00:00,2026-09-23 23:58:31.283,democli00011,cmuerhq5v0000ucvpy660gnw1
demodev00863,DEV-2026-0095,2026,2026-03-01 10:00:00,2026-03-31 10:00:00,EXPIRE,,,5440.000,1033.600,6473.600,2026-03-01 10:00:00,2026-09-23 23:58:31.283,democli00026,cmuerhq5v0000ucvpy660gnw1
demodev00864,DEV-2024-0127,2024,2024-12-27 10:00:00,2025-01-26 10:00:00,EXPIRE,,,760.000,144.400,904.400,2024-12-27 10:00:00,2026-09-23 23:58:31.283,democli00014,cmuerhq5v0000ucvpy660gnw1
demodev00865,DEV-2025-0302,2025,2025-08-20 10:00:00,2025-09-19 10:00:00,REFUSE,,,7800.000,1276.800,9076.800,2025-08-20 10:00:00,2026-09-23 23:58:31.283,democli00041,cmuerhq5v0000ucvpy660gnw1
demodev00866,DEV-2025-0241,2025,2025-06-24 10:00:00,2025-07-24 10:00:00,REFUSE,,,5580.000,1060.200,6640.200,2025-06-24 10:00:00,2026-09-23 23:58:31.283,democli00057,cmuerhq5v0000ucvpy660gnw1
demodev00867,DEV-2025-0336,2025,2025-09-11 10:00:00,2025-10-11 10:00:00,EXPIRE,,,1960.000,372.400,2332.400,2025-09-11 10:00:00,2026-09-23 23:58:31.283,democli00060,cmuerhq5v0000ucvpy660gnw1
demodev00868,DEV-2025-0041,2025,2025-02-01 10:00:00,2025-03-03 10:00:00,REFUSE,,,3600.000,684.000,4284.000,2025-02-01 10:00:00,2026-09-23 23:58:31.283,democli00014,cmuerhq5v0000ucvpy660gnw1
demodev00869,DEV-2026-0165,2026,2026-04-16 10:00:00,2026-05-16 10:00:00,REFUSE,,,1904.650,310.044,2214.694,2026-04-16 10:00:00,2026-09-23 23:58:31.283,democli00016,cmuerhq5v0000ucvpy660gnw1
demodev00870,DEV-2025-0019,2025,2025-01-10 10:00:00,2025-02-09 10:00:00,EXPIRE,,,28450.000,5405.500,33855.500,2025-01-10 10:00:00,2026-09-23 23:58:31.283,democli00005,cmuerhq5v0000ucvpy660gnw1
demodev00871,DEV-2025-0492,2025,2025-12-28 10:00:00,2026-01-27 10:00:00,REFUSE,,,17388.000,2260.440,19648.440,2025-12-28 10:00:00,2026-09-23 23:58:31.283,democli00039,cmuerhq5v0000ucvpy660gnw1
demodev00872,DEV-2024-0093,2024,2024-11-28 10:00:00,2024-12-28 10:00:00,EXPIRE,,,1660.000,315.400,1975.400,2024-11-28 10:00:00,2026-09-23 23:58:31.283,democli00052,cmuerhq5v0000ucvpy660gnw1
demodev00873,DEV-2025-0065,2025,2025-02-16 10:00:00,2025-03-18 10:00:00,REFUSE,,,3960.000,752.400,4712.400,2025-02-16 10:00:00,2026-09-23 23:58:31.283,democli00053,cmuerhq5v0000ucvpy660gnw1
demodev00874,DEV-2025-0348,2025,2025-09-19 10:00:00,2025-10-19 10:00:00,EXPIRE,,,9867.800,1874.882,11742.682,2025-09-19 10:00:00,2026-09-23 23:58:31.283,democli00034,cmuerhq5v0000ucvpy660gnw1
demodev00875,DEV-2025-0487,2025,2025-12-24 10:00:00,2026-01-23 10:00:00,REFUSE,,,2838.000,539.220,3377.220,2025-12-24 10:00:00,2026-09-23 23:58:31.283,democli00048,cmuerhq5v0000ucvpy660gnw1
demodev00876,DEV-2026-0261,2026,2026-06-30 10:00:00,2026-07-30 10:00:00,REFUSE,,,9400.000,1786.000,11186.000,2026-06-30 10:00:00,2026-09-23 23:58:31.283,democli00048,cmuerhq5v0000ucvpy660gnw1
demodev00877,DEV-2026-0160,2026,2026-04-15 10:00:00,2026-05-15 10:00:00,EXPIRE,,,5300.000,1007.000,6307.000,2026-04-15 10:00:00,2026-09-23 23:58:31.283,democli00013,cmuerhq5v0000ucvpy660gnw1
demodev00878,DEV-2026-0270,2026,2026-07-03 10:00:00,2026-08-02 10:00:00,EXPIRE,,,7080.000,1345.200,8425.200,2026-07-03 10:00:00,2026-09-23 23:58:31.283,democli00029,cmuerhq5v0000ucvpy660gnw1
demodev00879,DEV-2025-0277,2025,2025-07-25 10:00:00,2025-08-24 10:00:00,REFUSE,,,5754.000,748.020,6502.020,2025-07-25 10:00:00,2026-09-23 23:58:31.283,democli00059,cmuerhq5v0000ucvpy660gnw1
demodev00880,DEV-2025-0334,2025,2025-09-10 10:00:00,2025-10-10 10:00:00,EXPIRE,,,20875.000,3966.250,24841.250,2025-09-10 10:00:00,2026-09-23 23:58:31.283,democli00032,cmuerhq5v0000ucvpy660gnw1
demodev00881,DEV-2025-0177,2025,2025-05-09 10:00:00,2025-06-08 10:00:00,EXPIRE,,,11010.000,1018.380,12028.380,2025-05-09 10:00:00,2026-09-23 23:58:31.283,democli00036,cmuerhq5v0000ucvpy660gnw1
demodev00882,DEV-2025-0393,2025,2025-10-25 10:00:00,2025-11-24 10:00:00,REFUSE,,,11123.500,2113.465,13236.965,2025-10-25 10:00:00,2026-09-23 23:58:31.283,democli00048,cmuerhq5v0000ucvpy660gnw1
demodev00883,DEV-2025-0124,2025,2025-04-06 10:00:00,2025-05-06 10:00:00,REFUSE,,,2100.000,147.000,2247.000,2025-04-06 10:00:00,2026-09-23 23:58:31.283,democli00017,cmuerhq5v0000ucvpy660gnw1
demodev00884,DEV-2024-0105,2024,2024-12-05 10:00:00,2025-01-04 10:00:00,REFUSE,,,29680.000,5639.200,35319.200,2024-12-05 10:00:00,2026-09-23 23:58:31.283,democli00046,cmuerhq5v0000ucvpy660gnw1
demodev00885,DEV-2025-0016,2025,2025-01-08 10:00:00,2025-02-07 10:00:00,EXPIRE,,,2700.000,513.000,3213.000,2025-01-08 10:00:00,2026-09-23 23:58:31.283,democli00017,cmuerhq5v0000ucvpy660gnw1
demodev00886,DEV-2025-0361,2025,2025-09-28 10:00:00,2025-10-28 10:00:00,REFUSE,,,23700.000,4503.000,28203.000,2025-09-28 10:00:00,2026-09-23 23:58:31.283,democli00054,cmuerhq5v0000ucvpy660gnw1
demodev00887,DEV-2026-0350,2026,2026-08-29 10:00:00,2026-09-28 10:00:00,BROUILLON,,,1283.400,243.846,1527.246,2026-08-29 10:00:00,2026-09-23 23:58:31.283,democli00042,cmuerhq5v0000ucvpy660gnw1
demodev00888,DEV-2026-0127,2026,2026-03-23 10:00:00,2026-04-22 10:00:00,EXPIRE,,,2612.550,306.305,2918.855,2026-03-23 10:00:00,2026-09-23 23:58:31.283,democli00053,cmuerhq5v0000ucvpy660gnw1
demodev00889,DEV-2024-0097,2024,2024-11-30 10:00:00,2024-12-30 10:00:00,REFUSE,,,5280.000,1003.200,6283.200,2024-11-30 10:00:00,2026-09-23 23:58:31.283,democli00012,cmuerhq5v0000ucvpy660gnw1
demodev00890,DEV-2026-0161,2026,2026-04-15 10:00:00,2026-05-15 10:00:00,EXPIRE,,,600.000,42.000,642.000,2026-04-15 10:00:00,2026-09-23 23:58:31.283,democli00016,cmuerhq5v0000ucvpy660gnw1
demodev00891,DEV-2026-0226,2026,2026-05-31 10:00:00,2026-06-30 10:00:00,REFUSE,,,3980.000,756.200,4736.200,2026-05-31 10:00:00,2026-09-23 23:58:31.283,democli00044,cmuerhq5v0000ucvpy660gnw1
demodev00892,DEV-2026-0171,2026,2026-04-22 10:00:00,2026-05-22 10:00:00,EXPIRE,,,1564.000,297.160,1861.160,2026-04-22 10:00:00,2026-09-23 23:58:31.283,democli00031,cmuerhq5v0000ucvpy660gnw1
demodev00893,DEV-2026-0222,2026,2026-05-29 10:00:00,2026-06-28 10:00:00,REFUSE,,,4475.000,697.250,5172.250,2026-05-29 10:00:00,2026-09-23 23:58:31.283,democli00031,cmuerhq5v0000ucvpy660gnw1
demodev00894,DEV-2025-0035,2025,2025-01-26 10:00:00,2025-02-25 10:00:00,EXPIRE,,,4019.800,763.762,4783.562,2025-01-26 10:00:00,2026-09-23 23:58:31.283,democli00009,cmuerhq5v0000ucvpy660gnw1
demodev00895,DEV-2024-0113,2024,2024-12-13 10:00:00,2025-01-12 10:00:00,REFUSE,,,9900.000,1017.000,10917.000,2024-12-13 10:00:00,2026-09-23 23:58:31.283,democli00036,cmuerhq5v0000ucvpy660gnw1
demodev00896,DEV-2025-0006,2025,2025-01-03 10:00:00,2025-02-02 10:00:00,REFUSE,,,20400.000,2652.000,23052.000,2025-01-03 10:00:00,2026-09-23 23:58:31.283,democli00004,cmuerhq5v0000ucvpy660gnw1
demodev00897,DEV-2025-0251,2025,2025-07-04 10:00:00,2025-08-03 10:00:00,REFUSE,,,6315.000,1199.850,7514.850,2025-07-04 10:00:00,2026-09-23 23:58:31.283,democli00013,cmuerhq5v0000ucvpy660gnw1
demodev00898,DEV-2025-0273,2025,2025-07-23 10:00:00,2025-08-22 10:00:00,EXPIRE,,,1062.000,74.340,1136.340,2025-07-23 10:00:00,2026-09-23 23:58:31.283,democli00016,cmuerhq5v0000ucvpy660gnw1
demodev00899,DEV-2026-0225,2026,2026-05-30 10:00:00,2026-06-29 10:00:00,REFUSE,,,2940.000,558.600,3498.600,2026-05-30 10:00:00,2026-09-23 23:58:31.283,democli00057,cmuerhq5v0000ucvpy660gnw1
demodev00900,DEV-2024-0119,2024,2024-12-20 10:00:00,2025-01-19 10:00:00,REFUSE,,,5445.440,707.907,6153.347,2024-12-20 10:00:00,2026-09-23 23:58:31.283,democli00026,cmuerhq5v0000ucvpy660gnw1
demodev00901,DEV-2026-0368,2026,2026-09-23 10:00:00,2026-10-23 10:00:00,ENVOYE,,,6185.000,1175.150,7360.150,2026-09-23 10:00:00,2026-09-23 23:58:31.283,democli00021,cmuerhq5v0000ucvpy660gnw1
demodev00902,DEV-2025-0394,2025,2025-10-26 10:00:00,2025-11-25 10:00:00,REFUSE,,,2161.000,410.590,2571.590,2025-10-26 10:00:00,2026-09-23 23:58:31.283,democli00048,cmuerhq5v0000ucvpy660gnw1
demodev00903,DEV-2025-0012,2025,2025-01-05 10:00:00,2025-02-04 10:00:00,REFUSE,,,2670.000,507.300,3177.300,2025-01-05 10:00:00,2026-09-23 23:58:31.283,democli00009,cmuerhq5v0000ucvpy660gnw1
demodev00904,DEV-2025-0054,2025,2025-02-10 10:00:00,2025-03-12 10:00:00,EXPIRE,,,14410.000,2737.900,17147.900,2025-02-10 10:00:00,2026-09-23 23:58:31.283,democli00012,cmuerhq5v0000ucvpy660gnw1
demodev00905,DEV-2026-0058,2026,2026-02-04 10:00:00,2026-03-06 10:00:00,EXPIRE,,,4200.000,798.000,4998.000,2026-02-04 10:00:00,2026-09-23 23:58:31.283,democli00021,cmuerhq5v0000ucvpy660gnw1
demodev00906,DEV-2024-0094,2024,2024-11-28 10:00:00,2024-12-28 10:00:00,EXPIRE,,,7920.000,1504.800,9424.800,2024-11-28 10:00:00,2026-09-23 23:58:31.283,democli00032,cmuerhq5v0000ucvpy660gnw1
demodev00907,DEV-2025-0296,2025,2025-08-14 10:00:00,2025-09-13 10:00:00,EXPIRE,,,10160.000,1930.400,12090.400,2025-08-14 10:00:00,2026-09-23 23:58:31.283,democli00008,cmuerhq5v0000ucvpy660gnw1
demodev00908,DEV-2026-0153,2026,2026-04-13 10:00:00,2026-05-13 10:00:00,EXPIRE,,,21528.000,4090.320,25618.320,2026-04-13 10:00:00,2026-09-23 23:58:31.283,democli00001,cmuerhq5v0000ucvpy660gnw1
demodev00909,DEV-2025-0045,2025,2025-02-04 10:00:00,2025-03-06 10:00:00,EXPIRE,,,3600.000,684.000,4284.000,2025-02-04 10:00:00,2026-09-23 23:58:31.283,democli00047,cmuerhq5v0000ucvpy660gnw1
demodev00910,DEV-2025-0329,2025,2025-09-06 10:00:00,2025-10-06 10:00:00,REFUSE,,,1080.000,205.200,1285.200,2025-09-06 10:00:00,2026-09-23 23:58:31.283,democli00043,cmuerhq5v0000ucvpy660gnw1
demodev00911,DEV-2025-0403,2025,2025-11-04 10:00:00,2025-12-04 10:00:00,EXPIRE,,,2475.000,470.250,2945.250,2025-11-04 10:00:00,2026-09-23 23:58:31.283,democli00054,cmuerhq5v0000ucvpy660gnw1
demodev00912,DEV-2026-0074,2026,2026-02-14 10:00:00,2026-03-16 10:00:00,REFUSE,,,12850.000,2441.500,15291.500,2026-02-14 10:00:00,2026-09-23 23:58:31.283,democli00051,cmuerhq5v0000ucvpy660gnw1
demodev00913,DEV-2025-0192,2025,2025-05-20 10:00:00,2025-06-19 10:00:00,EXPIRE,,,4250.000,807.500,5057.500,2025-05-20 10:00:00,2026-09-23 23:58:31.283,democli00037,cmuerhq5v0000ucvpy660gnw1
demodev00914,DEV-2026-0202,2026,2026-05-18 10:00:00,2026-06-17 10:00:00,EXPIRE,,,6422.000,1220.180,7642.180,2026-05-18 10:00:00,2026-09-23 23:58:31.283,democli00050,cmuerhq5v0000ucvpy660gnw1
demodev00915,DEV-2025-0121,2025,2025-03-31 10:00:00,2025-04-30 10:00:00,EXPIRE,,,4747.200,901.968,5649.168,2025-03-31 10:00:00,2026-09-23 23:58:31.283,democli00046,cmuerhq5v0000ucvpy660gnw1
demodev00916,DEV-2026-0170,2026,2026-04-20 10:00:00,2026-05-20 10:00:00,REFUSE,,,1800.900,342.171,2143.071,2026-04-20 10:00:00,2026-09-23 23:58:31.283,democli00050,cmuerhq5v0000ucvpy660gnw1
demodev00917,DEV-2025-0452,2025,2025-12-03 10:00:00,2026-01-02 10:00:00,REFUSE,,,18134.000,2661.380,20795.380,2025-12-03 10:00:00,2026-09-23 23:58:31.283,democli00019,cmuerhq5v0000ucvpy660gnw1
demodev00918,DEV-2026-0345,2026,2026-08-24 10:00:00,2026-09-23 10:00:00,ACCEPTE,,,1300.000,247.000,1547.000,2026-08-24 10:00:00,2026-09-23 23:58:31.283,democli00038,cmuerhq5v0000ucvpy660gnw1
demodev00919,DEV-2025-0402,2025,2025-11-03 10:00:00,2025-12-03 10:00:00,EXPIRE,,,4500.000,855.000,5355.000,2025-11-03 10:00:00,2026-09-23 23:58:31.283,democli00013,cmuerhq5v0000ucvpy660gnw1
demodev00920,DEV-2026-0195,2026,2026-05-16 10:00:00,2026-06-15 10:00:00,REFUSE,,,290.000,55.100,345.100,2026-05-16 10:00:00,2026-09-23 23:58:31.283,democli00020,cmuerhq5v0000ucvpy660gnw1
demodev00921,DEV-2026-0219,2026,2026-05-27 10:00:00,2026-06-26 10:00:00,EXPIRE,,,1950.000,370.500,2320.500,2026-05-27 10:00:00,2026-09-23 23:58:31.283,democli00012,cmuerhq5v0000ucvpy660gnw1
demodev00922,DEV-2026-0156,2026,2026-04-14 10:00:00,2026-05-14 10:00:00,REFUSE,,,4500.000,855.000,5355.000,2026-04-14 10:00:00,2026-09-23 23:58:31.283,democli00051,cmuerhq5v0000ucvpy660gnw1
demodev00923,DEV-2026-0366,2026,2026-09-15 10:00:00,2026-10-15 10:00:00,ENVOYE,,,15756.000,2993.640,18749.640,2026-09-15 10:00:00,2026-09-23 23:58:31.283,democli00028,cmuerhq5v0000ucvpy660gnw1
demodev00924,DEV-2025-0170,2025,2025-05-05 10:00:00,2025-06-04 10:00:00,REFUSE,,,3276.000,524.160,3800.160,2025-05-05 10:00:00,2026-09-23 23:58:31.283,democli00021,cmuerhq5v0000ucvpy660gnw1
demodev00925,DEV-2025-0055,2025,2025-02-10 10:00:00,2025-03-12 10:00:00,REFUSE,,,7090.080,1347.115,8437.195,2025-02-10 10:00:00,2026-09-23 23:58:31.283,democli00009,cmuerhq5v0000ucvpy660gnw1
demodev00926,DEV-2026-0258,2026,2026-06-28 10:00:00,2026-07-28 10:00:00,EXPIRE,,,375.000,26.250,401.250,2026-06-28 10:00:00,2026-09-23 23:58:31.283,democli00016,cmuerhq5v0000ucvpy660gnw1
demodev00927,DEV-2025-0181,2025,2025-05-12 10:00:00,2025-06-11 10:00:00,REFUSE,,,12000.000,2280.000,14280.000,2025-05-12 10:00:00,2026-09-23 23:58:31.283,democli00030,cmuerhq5v0000ucvpy660gnw1
demodev00928,DEV-2026-0111,2026,2026-03-10 10:00:00,2026-04-09 10:00:00,EXPIRE,,,3591.000,531.090,4122.090,2026-03-10 10:00:00,2026-09-23 23:58:31.283,democli00043,cmuerhq5v0000ucvpy660gnw1
demodev00929,DEV-2024-0016,2024,2024-10-07 10:00:00,2024-11-06 10:00:00,EXPIRE,,,11600.000,2204.000,13804.000,2024-10-07 10:00:00,2026-09-23 23:58:31.283,democli00034,cmuerhq5v0000ucvpy660gnw1
demodev00930,DEV-2024-0086,2024,2024-11-24 10:00:00,2024-12-24 10:00:00,EXPIRE,,,13775.000,2617.250,16392.250,2024-11-24 10:00:00,2026-09-23 23:58:31.283,democli00028,cmuerhq5v0000ucvpy660gnw1
demodev00931,DEV-2026-0227,2026,2026-05-31 10:00:00,2026-06-30 10:00:00,REFUSE,,,1800.000,342.000,2142.000,2026-05-31 10:00:00,2026-09-23 23:58:31.283,democli00040,cmuerhq5v0000ucvpy660gnw1
demodev00932,DEV-2025-0132,2025,2025-04-13 10:00:00,2025-05-13 10:00:00,REFUSE,,,11292.600,1281.594,12574.194,2025-04-13 10:00:00,2026-09-23 23:58:31.283,democli00041,cmuerhq5v0000ucvpy660gnw1
demodev00933,DEV-2026-0316,2026,2026-08-08 10:00:00,2026-09-07 10:00:00,EXPIRE,,,1475.600,280.364,1755.964,2026-08-08 10:00:00,2026-09-23 23:58:31.283,democli00045,cmuerhq5v0000ucvpy660gnw1
demodev00934,DEV-2024-0056,2024,2024-11-01 10:00:00,2024-12-01 10:00:00,REFUSE,,,8675.000,1648.250,10323.250,2024-11-01 10:00:00,2026-09-23 23:58:31.283,democli00038,cmuerhq5v0000ucvpy660gnw1
demodev00935,DEV-2026-0080,2026,2026-02-18 10:00:00,2026-03-20 10:00:00,REFUSE,,,6469.600,1229.224,7698.824,2026-02-18 10:00:00,2026-09-23 23:58:31.283,democli00021,cmuerhq5v0000ucvpy660gnw1
demodev00936,DEV-2026-0144,2026,2026-04-05 10:00:00,2026-05-05 10:00:00,EXPIRE,,,2249.500,427.405,2676.905,2026-04-05 10:00:00,2026-09-23 23:58:31.283,democli00048,cmuerhq5v0000ucvpy660gnw1
demodev00937,DEV-2026-0120,2026,2026-03-18 10:00:00,2026-04-17 10:00:00,EXPIRE,,,7148.400,1232.196,8380.596,2026-03-18 10:00:00,2026-09-23 23:58:31.283,democli00058,cmuerhq5v0000ucvpy660gnw1
demodev00938,DEV-2026-0262,2026,2026-06-30 10:00:00,2026-07-30 10:00:00,EXPIRE,,,4170.000,792.300,4962.300,2026-06-30 10:00:00,2026-09-23 23:58:31.283,democli00012,cmuerhq5v0000ucvpy660gnw1
demodev00939,DEV-2025-0252,2025,2025-07-05 10:00:00,2025-08-04 10:00:00,REFUSE,,,6200.000,1178.000,7378.000,2025-07-05 10:00:00,2026-09-23 23:58:31.283,democli00030,cmuerhq5v0000ucvpy660gnw1
demodev00940,DEV-2026-0180,2026,2026-05-03 10:00:00,2026-06-02 10:00:00,REFUSE,,,12000.000,2280.000,14280.000,2026-05-03 10:00:00,2026-09-23 23:58:31.283,democli00032,cmuerhq5v0000ucvpy660gnw1
demodev00941,DEV-2025-0167,2025,2025-05-04 10:00:00,2025-06-03 10:00:00,REFUSE,,,3525.000,669.750,4194.750,2025-05-04 10:00:00,2026-09-23 23:58:31.283,democli00048,cmuerhq5v0000ucvpy660gnw1
demodev00942,DEV-2026-0361,2026,2026-09-09 10:00:00,2026-10-09 10:00:00,ENVOYE,,,4152.000,788.880,4940.880,2026-09-09 10:00:00,2026-09-23 23:58:31.283,democli00010,cmuerhq5v0000ucvpy660gnw1
demodev00943,DEV-2026-0006,2026,2026-01-03 10:00:00,2026-02-02 10:00:00,REFUSE,,,19000.000,3610.000,22610.000,2026-01-03 10:00:00,2026-09-23 23:58:31.283,democli00051,cmuerhq5v0000ucvpy660gnw1
demodev00944,DEV-2026-0086,2026,2026-02-22 10:00:00,2026-03-24 10:00:00,EXPIRE,,,9396.000,1785.240,11181.240,2026-02-22 10:00:00,2026-09-23 23:58:31.283,democli00001,cmuerhq5v0000ucvpy660gnw1
demodev00945,DEV-2025-0349,2025,2025-09-19 10:00:00,2025-10-19 10:00:00,REFUSE,,,22608.800,4295.672,26904.472,2025-09-19 10:00:00,2026-09-23 23:58:31.283,democli00041,cmuerhq5v0000ucvpy660gnw1
demodev00946,DEV-2025-0476,2025,2025-12-18 10:00:00,2026-01-17 10:00:00,REFUSE,,,5436.000,1032.840,6468.840,2025-12-18 10:00:00,2026-09-23 23:58:31.283,democli00058,cmuerhq5v0000ucvpy660gnw1
demodev00947,DEV-2025-0157,2025,2025-04-28 10:00:00,2025-05-28 10:00:00,EXPIRE,,,3600.000,684.000,4284.000,2025-04-28 10:00:00,2026-09-23 23:58:31.283,democli00047,cmuerhq5v0000ucvpy660gnw1
demodev00948,DEV-2025-0107,2025,2025-03-19 10:00:00,2025-04-18 10:00:00,REFUSE,,,1552.000,294.880,1846.880,2025-03-19 10:00:00,2026-09-23 23:58:31.283,democli00028,cmuerhq5v0000ucvpy660gnw1
demodev00949,DEV-2026-0301,2026,2026-07-30 10:00:00,2026-08-29 10:00:00,REFUSE,,,20750.000,3942.500,24692.500,2026-07-30 10:00:00,2026-09-23 23:58:31.283,democli00005,cmuerhq5v0000ucvpy660gnw1
demodev00950,DEV-2025-0256,2025,2025-07-06 10:00:00,2025-08-05 10:00:00,REFUSE,,,7318.000,983.740,8301.740,2025-07-06 10:00:00,2026-09-23 23:58:31.283,democli00059,cmuerhq5v0000ucvpy660gnw1
demodev00951,DEV-2024-0122,2024,2024-12-21 10:00:00,2025-01-20 10:00:00,EXPIRE,,,6200.000,1178.000,7378.000,2024-12-21 10:00:00,2026-09-23 23:58:31.283,democli00004,cmuerhq5v0000ucvpy660gnw1
demodev00952,DEV-2026-0354,2026,2026-08-31 10:00:00,2026-09-30 10:00:00,REFUSE,,,1906.000,188.620,2094.620,2026-08-31 10:00:00,2026-09-23 23:58:31.283,democli00016,cmuerhq5v0000ucvpy660gnw1
demodev00953,DEV-2026-0255,2026,2026-06-25 10:00:00,2026-07-25 10:00:00,EXPIRE,,,9044.000,1506.680,10550.680,2026-06-25 10:00:00,2026-09-23 23:58:31.283,democli00055,cmuerhq5v0000ucvpy660gnw1
demodev00954,DEV-2026-0067,2026,2026-02-09 10:00:00,2026-03-11 10:00:00,EXPIRE,,,2046.000,388.740,2434.740,2026-02-09 10:00:00,2026-09-23 23:58:31.283,democli00015,cmuerhq5v0000ucvpy660gnw1
demodev00955,DEV-2024-0038,2024,2024-10-21 10:00:00,2024-11-20 10:00:00,EXPIRE,,,545.200,103.588,648.788,2024-10-21 10:00:00,2026-09-23 23:58:31.283,democli00008,cmuerhq5v0000ucvpy660gnw1
demodev00956,DEV-2026-0154,2026,2026-04-13 10:00:00,2026-05-13 10:00:00,EXPIRE,,,3950.000,750.500,4700.500,2026-04-13 10:00:00,2026-09-23 23:58:31.283,democli00030,cmuerhq5v0000ucvpy660gnw1
demodev00957,DEV-2025-0416,2025,2025-11-12 10:00:00,2025-12-12 10:00:00,REFUSE,,,9884.000,1201.880,11085.880,2025-11-12 10:00:00,2026-09-23 23:58:31.283,democli00055,cmuerhq5v0000ucvpy660gnw1
demodev00958,DEV-2026-0128,2026,2026-03-24 10:00:00,2026-04-23 10:00:00,EXPIRE,,,9057.600,1720.944,10778.544,2026-03-24 10:00:00,2026-09-23 23:58:31.283,democli00017,cmuerhq5v0000ucvpy660gnw1
demodev00959,DEV-2024-0131,2024,2024-12-28 10:00:00,2025-01-27 10:00:00,REFUSE,,,3454.000,542.020,3996.020,2024-12-28 10:00:00,2026-09-23 23:58:31.283,democli00024,cmuerhq5v0000ucvpy660gnw1
demodev00960,DEV-2026-0307,2026,2026-08-05 10:00:00,2026-09-04 10:00:00,EXPIRE,,,290.000,55.100,345.100,2026-08-05 10:00:00,2026-09-23 23:58:31.283,democli00043,cmuerhq5v0000ucvpy660gnw1
demodev00961,DEV-2026-0213,2026,2026-05-25 10:00:00,2026-06-24 10:00:00,REFUSE,,,23608.000,4309.120,27917.120,2026-05-25 10:00:00,2026-09-23 23:58:31.283,democli00058,cmuerhq5v0000ucvpy660gnw1
demodev00962,DEV-2025-0236,2025,2025-06-21 10:00:00,2025-07-21 10:00:00,REFUSE,,,672.000,127.680,799.680,2025-06-21 10:00:00,2026-09-23 23:58:31.283,democli00043,cmuerhq5v0000ucvpy660gnw1
demodev00963,DEV-2025-0051,2025,2025-02-09 10:00:00,2025-03-11 10:00:00,EXPIRE,,,26340.000,5004.600,31344.600,2025-02-09 10:00:00,2026-09-23 23:58:31.283,democli00050,cmuerhq5v0000ucvpy660gnw1
demodev00964,DEV-2025-0133,2025,2025-04-13 10:00:00,2025-05-13 10:00:00,REFUSE,,,3550.000,674.500,4224.500,2025-04-13 10:00:00,2026-09-23 23:58:31.283,democli00021,cmuerhq5v0000ucvpy660gnw1
demodev00965,DEV-2026-0098,2026,2026-03-02 10:00:00,2026-04-01 10:00:00,REFUSE,,,1692.000,321.480,2013.480,2026-03-02 10:00:00,2026-09-23 23:58:31.283,democli00015,cmuerhq5v0000ucvpy660gnw1
demodev00966,DEV-2024-0125,2024,2024-12-24 10:00:00,2025-01-23 10:00:00,REFUSE,,,5656.000,1074.640,6730.640,2024-12-24 10:00:00,2026-09-23 23:58:31.283,democli00020,cmuerhq5v0000ucvpy660gnw1
demodev00967,DEV-2025-0077,2025,2025-02-24 10:00:00,2025-03-26 10:00:00,EXPIRE,,,460.000,87.400,547.400,2025-02-24 10:00:00,2026-09-23 23:58:31.283,democli00042,cmuerhq5v0000ucvpy660gnw1
demodev00968,DEV-2026-0271,2026,2026-07-03 10:00:00,2026-08-02 10:00:00,REFUSE,,,2150.000,408.500,2558.500,2026-07-03 10:00:00,2026-09-23 23:58:31.283,democli00024,cmuerhq5v0000ucvpy660gnw1
demodev00969,DEV-2024-0102,2024,2024-12-02 10:00:00,2025-01-01 10:00:00,REFUSE,,,3910.000,742.900,4652.900,2024-12-02 10:00:00,2026-09-23 23:58:31.283,democli00055,cmuerhq5v0000ucvpy660gnw1
demodev00970,DEV-2025-0234,2025,2025-06-20 10:00:00,2025-07-20 10:00:00,EXPIRE,,,5698.800,1082.772,6781.572,2025-06-20 10:00:00,2026-09-23 23:58:31.283,democli00054,cmuerhq5v0000ucvpy660gnw1
demodev00971,DEV-2025-0454,2025,2025-12-04 10:00:00,2026-01-03 10:00:00,REFUSE,,,6822.000,928.260,7750.260,2025-12-04 10:00:00,2026-09-23 23:58:31.283,democli00060,cmuerhq5v0000ucvpy660gnw1
demodev00972,DEV-2026-0295,2026,2026-07-28 10:00:00,2026-08-27 10:00:00,EXPIRE,,,15000.000,2490.000,17490.000,2026-07-28 10:00:00,2026-09-23 23:58:31.283,democli00041,cmuerhq5v0000ucvpy660gnw1
demodev00973,DEV-2026-0349,2026,2026-08-28 10:00:00,2026-09-27 10:00:00,REFUSE,,,13560.000,2576.400,16136.400,2026-08-28 10:00:00,2026-09-23 23:58:31.283,democli00023,cmuerhq5v0000ucvpy660gnw1
demodev00974,DEV-2025-0423,2025,2025-11-16 10:00:00,2025-12-16 10:00:00,EXPIRE,,,1960.000,372.400,2332.400,2025-11-16 10:00:00,2026-09-23 23:58:31.283,democli00006,cmuerhq5v0000ucvpy660gnw1
demodev00975,DEV-2026-0109,2026,2026-03-08 10:00:00,2026-04-07 10:00:00,REFUSE,,,22325.000,4241.750,26566.750,2026-03-08 10:00:00,2026-09-23 23:58:31.283,democli00046,cmuerhq5v0000ucvpy660gnw1
demodev00976,DEV-2025-0090,2025,2025-03-09 10:00:00,2025-04-08 10:00:00,REFUSE,,,1350.000,94.500,1444.500,2025-03-09 10:00:00,2026-09-23 23:58:31.283,democli00018,cmuerhq5v0000ucvpy660gnw1
demodev00977,DEV-2026-0174,2026,2026-04-26 10:00:00,2026-05-26 10:00:00,REFUSE,,,2400.000,456.000,2856.000,2026-04-26 10:00:00,2026-09-23 23:58:31.283,democli00032,cmuerhq5v0000ucvpy660gnw1
demodev00978,DEV-2025-0152,2025,2025-04-27 10:00:00,2025-05-27 10:00:00,EXPIRE,,,3600.000,684.000,4284.000,2025-04-27 10:00:00,2026-09-23 23:58:31.283,democli00011,cmuerhq5v0000ucvpy660gnw1
demodev00979,DEV-2026-0323,2026,2026-08-13 10:00:00,2026-09-12 10:00:00,ACCEPTE,,,760.000,144.400,904.400,2026-08-13 10:00:00,2026-09-23 23:58:31.283,democli00044,cmuerhq5v0000ucvpy660gnw1
demodev00980,DEV-2026-0254,2026,2026-06-22 10:00:00,2026-07-22 10:00:00,REFUSE,,,1760.000,334.400,2094.400,2026-06-22 10:00:00,2026-09-23 23:58:31.283,democli00056,cmuerhq5v0000ucvpy660gnw1
demodev00981,DEV-2025-0164,2025,2025-05-02 10:00:00,2025-06-01 10:00:00,EXPIRE,,,4066.000,772.540,4838.540,2025-05-02 10:00:00,2026-09-23 23:58:31.283,democli00052,cmuerhq5v0000ucvpy660gnw1
demodev00982,DEV-2025-0140,2025,2025-04-18 10:00:00,2025-05-18 10:00:00,EXPIRE,,,4950.000,940.500,5890.500,2025-04-18 10:00:00,2026-09-23 23:58:31.283,democli00033,cmuerhq5v0000ucvpy660gnw1
demodev00983,DEV-2026-0317,2026,2026-08-08 10:00:00,2026-09-07 10:00:00,REFUSE,,,3960.000,752.400,4712.400,2026-08-08 10:00:00,2026-09-23 23:58:31.283,democli00030,cmuerhq5v0000ucvpy660gnw1
demodev00984,DEV-2026-0063,2026,2026-02-05 10:00:00,2026-03-07 10:00:00,REFUSE,,,1422.000,99.540,1521.540,2026-02-05 10:00:00,2026-09-23 23:58:31.283,democli00035,cmuerhq5v0000ucvpy660gnw1
demodev00985,DEV-2025-0196,2025,2025-05-26 10:00:00,2025-06-25 10:00:00,EXPIRE,,,1470.000,102.900,1572.900,2025-05-26 10:00:00,2026-09-23 23:58:31.283,democli00052,cmuerhq5v0000ucvpy660gnw1
demodev00986,DEV-2026-0075,2026,2026-02-14 10:00:00,2026-03-16 10:00:00,EXPIRE,,,22230.000,4223.700,26453.700,2026-02-14 10:00:00,2026-09-23 23:58:31.283,democli00029,cmuerhq5v0000ucvpy660gnw1
demodev00987,DEV-2025-0002,2025,2025-01-01 10:00:00,2025-01-31 10:00:00,EXPIRE,,,11400.000,2166.000,13566.000,2025-01-01 10:00:00,2026-09-23 23:58:31.283,democli00041,cmuerhq5v0000ucvpy660gnw1
demodev00988,DEV-2026-0233,2026,2026-06-06 10:00:00,2026-07-06 10:00:00,REFUSE,,,2670.000,507.300,3177.300,2026-06-06 10:00:00,2026-09-23 23:58:31.283,democli00025,cmuerhq5v0000ucvpy660gnw1
demodev00989,DEV-2025-0108,2025,2025-03-19 10:00:00,2025-04-18 10:00:00,EXPIRE,,,3000.000,570.000,3570.000,2025-03-19 10:00:00,2026-09-23 23:58:31.283,democli00030,cmuerhq5v0000ucvpy660gnw1
demodev00990,DEV-2026-0014,2026,2026-01-06 10:00:00,2026-02-05 10:00:00,REFUSE,,,2380.000,452.200,2832.200,2026-01-06 10:00:00,2026-09-23 23:58:31.283,democli00015,cmuerhq5v0000ucvpy660gnw1
demodev00991,DEV-2025-0129,2025,2025-04-10 10:00:00,2025-05-10 10:00:00,REFUSE,,,3243.920,483.202,3727.122,2025-04-10 10:00:00,2026-09-23 23:58:31.283,democli00053,cmuerhq5v0000ucvpy660gnw1
demodev00992,DEV-2024-0009,2024,2024-10-03 10:00:00,2024-11-02 10:00:00,REFUSE,,,6452.000,1225.880,7677.880,2024-10-03 10:00:00,2026-09-23 23:58:31.283,democli00025,cmuerhq5v0000ucvpy660gnw1
demodev00993,DEV-2026-0364,2026,2026-09-14 10:00:00,2026-10-14 10:00:00,ENVOYE,,,4083.200,775.808,4859.008,2026-09-14 10:00:00,2026-09-23 23:58:31.283,democli00034,cmuerhq5v0000ucvpy660gnw1
demodev00994,DEV-2025-0484,2025,2025-12-23 10:00:00,2026-01-22 10:00:00,EXPIRE,,,380.000,72.200,452.200,2025-12-23 10:00:00,2026-09-23 23:58:31.283,democli00035,cmuerhq5v0000ucvpy660gnw1
demodev00995,DEV-2026-0122,2026,2026-03-20 10:00:00,2026-04-19 10:00:00,REFUSE,,,1190.000,226.100,1416.100,2026-03-20 10:00:00,2026-09-23 23:58:31.283,democli00021,cmuerhq5v0000ucvpy660gnw1
demodev00996,DEV-2025-0482,2025,2025-12-22 10:00:00,2026-01-21 10:00:00,REFUSE,,,22207.000,4219.330,26426.330,2025-12-22 10:00:00,2026-09-23 23:58:31.283,democli00032,cmuerhq5v0000ucvpy660gnw1
demodev00997,DEV-2025-0307,2025,2025-08-23 10:00:00,2025-09-22 10:00:00,REFUSE,,,3200.000,608.000,3808.000,2025-08-23 10:00:00,2026-09-23 23:58:31.283,democli00049,cmuerhq5v0000ucvpy660gnw1
