id,numero,annee,dateEmission,dateEcheance,statut,notes,conditionsPaiement,sousTotalHT,totalTva,timbreFiscal,totalTTC,montantPaye,createdAt,updatedAt,clientId,devisOrigineId,createdById
demofac00001,FAC-2024-0001,2024,2024-10-01 10:00:00,2024-10-31 10:00:00,PAYEE,,,10210.000,1939.900,1.000,12150.900,12150.900,2024-10-01 10:00:00,2026-09-23 23:58:32.311,democli00011,,cmuerhq5v0000ucvpy660gnw1
demofac00002,FAC-2024-0002,2024,2024-10-01 10:00:00,2024-10-01 10:00:00,PAYEE,,,3370.000,640.300,1.000,4011.300,4011.300,2024-10-01 10:00:00,2026-09-23 23:58:32.311,democli00020,,cmuerhq5v0000ucvpy660gnw1
demofac00003,FAC-2024-0003,2024,2024-10-01 10:00:00,2024-10-01 10:00:00,PAYEE,,,2170.000,412.300,1.000,2583.300,2583.300,2024-10-01 10:00:00,2026-09-23 23:58:32.311,democli00042,,cmuerhq5v0000ucvpy660gnw1
demofac00004,FAC-2024-0004,2024,2024-10-02 10:00:00,2024-11-16 10:00:00,PAYEE,,,5280.000,801.600,1.000,6082.600,6082.600,2024-10-02 10:00:00,2026-09-23 23:58:32.311,democli00017,demodev00001,cmuerhq5v0000ucvpy660gnw1
demofac00005,FAC-2024-0005,2024,2024-10-02 10:00:00,2024-11-01 10:00:00,PAYEE,,,10210.000,1939.900,1.000,12150.900,12150.900,2024-10-02 10:00:00,2026-09-23 23:58:32.311,democli00011,,cmuerhq5v0000ucvpy660gnw1
demofac00006,FAC-2024-0006,2024,2024-10-03 10:00:00,2024-11-17 10:00:00,PAYEE,,,8512.000,1322.560,1.000,9835.560,9835.560,2024-10-03 10:00:00,2026-09-23 23:58:32.311,democli00060,,cmuerhq5v0000ucvpy660gnw1
demofac00007,FAC-2024-0007,2024,2024-10-04 10:00:00,2024-11-03 10:00:00,PAYEE,,,2400.000,456.000,1.000,2857.000,2857.000,2024-10-04 10:00:00,2026-09-23 23:58:32.311,democli00011,,cmuerhq5v0000ucvpy660gnw1
demofac00008,FAC-2024-0008,2024,2024-10-04 10:00:00,2024-10-19 10:00:00,PAYEE,,,11390.000,2164.100,1.000,13555.100,13555.100,2024-10-04 10:00:00,2026-09-23 23:58:32.311,democli00055,,cmuerhq5v0000ucvpy660gnw1
demofac00009,FAC-2024-0009,2024,2024-10-05 10:00:00,2024-11-19 10:00:00,PAYEE,,,1060.000,201.400,1.000,1262.400,1262.400,2024-10-05 10:00:00,2026-09-23 23:58:32.311,democli00060,,cmuerhq5v0000ucvpy660gnw1
demofac00010,FAC-2024-0010,2024,2024-10-05 10:00:00,2024-10-20 10:00:00,PAYEE,,,750.000,142.500,1.000,893.500,893.500,2024-10-05 10:00:00,2026-09-23 23:58:32.311,democli00008,,cmuerhq5v0000ucvpy660gnw1
demofac00011,FAC-2024-0011,2024,2024-10-06 10:00:00,2024-10-06 10:00:00,PAYEE,,,6820.000,1295.800,1.000,8116.800,8116.800,2024-10-06 10:00:00,2026-09-23 23:58:32.311,democli00056,demodev00002,cmuerhq5v0000ucvpy660gnw1
demofac00012,FAC-2024-0012,2024,2024-10-06 10:00:00,2024-11-05 10:00:00,PAYEE,,,9523.800,1809.522,1.000,11334.322,11334.322,2024-10-06 10:00:00,2026-09-23 23:58:32.311,democli00006,demodev00003,cmuerhq5v0000ucvpy660gnw1
demofac00013,FAC-2024-0013,2024,2024-10-07 10:00:00,2024-11-21 10:00:00,PAYEE,,,3611.640,434.212,1.000,4046.852,4046.852,2024-10-07 10:00:00,2026-09-23 23:58:32.311,democli00054,,cmuerhq5v0000ucvpy660gnw1
demofac00014,FAC-2024-0014,2024,2024-10-07 10:00:00,2024-11-21 10:00:00,PAYEE,,,16156.000,2616.040,1.000,18773.040,18773.040,2024-10-07 10:00:00,2026-09-23 23:58:32.311,democli00059,demodev00004,cmuerhq5v0000ucvpy660gnw1
demofac00015,FAC-2024-0015,2024,2024-10-08 10:00:00,2024-11-07 10:00:00,PAYEE,,,5220.000,991.800,1.000,6212.800,6212.800,2024-10-08 10:00:00,2026-09-23 23:58:32.311,democli00006,,cmuerhq5v0000ucvpy660gnw1
demofac00016,FAC-2024-0016,2024,2024-10-08 10:00:00,2024-10-23 10:00:00,PAYEE,,,3876.000,503.880,1.000,4380.880,4380.880,2024-10-08 10:00:00,2026-09-23 23:58:32.311,democli00039,,cmuerhq5v0000ucvpy660gnw1
demofac00017,FAC-2024-0017,2024,2024-10-09 10:00:00,2024-11-23 10:00:00,PAYEE,,,570.000,108.300,1.000,679.300,679.300,2024-10-09 10:00:00,2026-09-23 23:58:32.311,democli00036,demodev00005,cmuerhq5v0000ucvpy660gnw1
demofac00018,FAC-2024-0018,2024,2024-10-09 10:00:00,2024-11-08 10:00:00,PAYEE,,,225.000,15.750,1.000,241.750,241.750,2024-10-09 10:00:00,2026-09-23 23:58:32.311,democli00053,,cmuerhq5v0000ucvpy660gnw1
demofac00019,FAC-2024-0019,2024,2024-10-10 10:00:00,2024-11-09 10:00:00,PAYEE,,,19740.000,3750.600,1.000,23491.600,23491.600,2024-10-10 10:00:00,2026-09-23 23:58:32.311,democli00011,,cmuerhq5v0000ucvpy660gnw1
demofac00020,FAC-2024-0020,2024,2024-10-11 10:00:00,2024-12-10 10:00:00,PAYEE,,,20225.000,2807.750,1.000,23033.750,23033.750,2024-10-11 10:00:00,2026-09-23 23:58:32.311,democli00019,demodev00006,cmuerhq5v0000ucvpy660gnw1
demofac00021,FAC-2024-0021,2024,2024-10-11 10:00:00,2024-10-11 10:00:00,PAYEE,,,2500.000,475.000,1.000,2976.000,2976.000,2024-10-11 10:00:00,2026-09-23 23:58:32.311,democli00020,,cmuerhq5v0000ucvpy660gnw1
demofac00022,FAC-2024-0022,2024,2024-10-13 10:00:00,2024-10-28 10:00:00,PAYEE,,,9200.000,1748.000,1.000,10949.000,10949.000,2024-10-13 10:00:00,2026-09-23 23:58:32.311,democli00014,,cmuerhq5v0000ucvpy660gnw1
demofac00023,FAC-2024-0023,2024,2024-10-14 10:00:00,2024-11-28 10:00:00,PAYEE,,,16350.000,2242.500,1.000,18593.500,18593.500,2024-10-14 10:00:00,2026-09-23 23:58:32.311,democli00036,,cmuerhq5v0000ucvpy660gnw1
demofac00024,FAC-2024-0024,2024,2024-10-14 10:00:00,2024-11-13 10:00:00,PAYEE,,,3720.000,706.800,1.000,4427.800,4427.800,2024-10-14 10:00:00,2026-09-23 23:58:32.311,democli00006,,cmuerhq5v0000ucvpy660gnw1
demofac00025,FAC-2024-0025,2024,2024-10-14 10:00:00,2024-10-29 10:00:00,PAYEE,,,1860.000,353.400,1.000,2214.400,2214.400,2024-10-14 10:00:00,2026-09-23 23:58:32.311,democli00024,demodev00007,cmuerhq5v0000ucvpy660gnw1
demofac00026,FAC-2024-0026,2024,2024-10-16 10:00:00,2024-12-15 10:00:00,PAYEE,,,13984.000,2656.960,1.000,16641.960,16641.960,2024-10-16 10:00:00,2026-09-23 23:58:32.311,democli00019,,cmuerhq5v0000ucvpy660gnw1
demofac00027,FAC-2024-0027,2024,2024-10-17 10:00:00,2024-11-16 10:00:00,PAYEE,,,540.000,102.600,1.000,643.600,643.600,2024-10-17 10:00:00,2026-09-23 23:58:32.311,democli00057,,cmuerhq5v0000ucvpy660gnw1
demofac00028,FAC-2024-0028,2024,2024-10-17 10:00:00,2024-11-01 10:00:00,PAYEE,,,1680.000,117.600,1.000,1798.600,1798.600,2024-10-17 10:00:00,2026-09-23 23:58:32.311,democli00016,demodev00008,cmuerhq5v0000ucvpy660gnw1
demofac00029,FAC-2024-0029,2024,2024-10-19 10:00:00,2024-11-03 10:00:00,PAYEE,,,2900.000,551.000,1.000,3452.000,3452.000,2024-10-19 10:00:00,2026-09-23 23:58:32.311,democli00024,,cmuerhq5v0000ucvpy660gnw1
demofac00030,FAC-2024-0030,2024,2024-10-20 10:00:00,2024-12-19 10:00:00,PAYEE,,,2680.000,509.200,1.000,3190.200,3190.200,2024-10-20 10:00:00,2026-09-23 23:58:32.311,democli00040,,cmuerhq5v0000ucvpy660gnw1
demofac00031,FAC-2024-0031,2024,2024-10-20 10:00:00,2024-12-04 10:00:00,PAYEE,,,12570.000,2388.300,1.000,14959.300,14959.300,2024-10-20 10:00:00,2026-09-23 23:58:32.311,democli00036,demodev00009,cmuerhq5v0000ucvpy660gnw1
demofac00032,FAC-2024-0032,2024,2024-10-20 10:00:00,2024-11-19 10:00:00,PAYEE,,,1700.000,323.000,1.000,2024.000,2024.000,2024-10-20 10:00:00,2026-09-23 23:58:32.311,democli00049,,cmuerhq5v0000ucvpy660gnw1
demofac00033,FAC-2024-0033,2024,2024-10-21 10:00:00,2024-11-20 10:00:00,PAYEE,,,7596.000,1443.240,1.000,9040.240,9040.240,2024-10-21 10:00:00,2026-09-23 23:58:32.311,democli00030,,cmuerhq5v0000ucvpy660gnw1
demofac00034,FAC-2024-0034,2024,2024-10-21 10:00:00,2024-10-21 10:00:00,PAYEE,,,2384.400,453.036,1.000,2838.436,2838.436,2024-10-21 10:00:00,2026-09-23 23:58:32.311,democli00042,,cmuerhq5v0000ucvpy660gnw1
demofac00035,FAC-2024-0035,2024,2024-10-22 10:00:00,2024-11-06 10:00:00,PAYEE,,,460.000,87.400,1.000,548.400,548.400,2024-10-22 10:00:00,2026-09-23 23:58:32.311,democli00031,,cmuerhq5v0000ucvpy660gnw1
demofac00036,FAC-2024-0036,2024,2024-10-23 10:00:00,2024-10-23 10:00:00,PAYEE,,,2400.000,456.000,1.000,2857.000,2857.000,2024-10-23 10:00:00,2026-09-23 23:58:32.311,democli00042,,cmuerhq5v0000ucvpy660gnw1
demofac00037,FAC-2024-0037,2024,2024-10-23 10:00:00,2024-10-23 10:00:00,PAYEE,,,3200.000,608.000,1.000,3809.000,3809.000,2024-10-23 10:00:00,2026-09-23 23:58:32.311,democli00042,,cmuerhq5v0000ucvpy660gnw1
demofac00038,FAC-2024-0038,2024,2024-10-25 10:00:00,,PAYEE,,,1075.000,204.250,1.000,1280.250,1280.250,2024-10-25 10:00:00,2026-09-23 23:58:32.311,democli00008,,cmuerhq5v0000ucvpy660gnw1
demofac00039,FAC-2024-0039,2024,2024-10-27 10:00:00,2024-12-11 10:00:00,PAYEE,,,2417.400,169.218,1.000,2587.618,2587.618,2024-10-27 10:00:00,2026-09-23 23:58:32.311,democli00036,,cmuerhq5v0000ucvpy660gnw1
demofac00040,FAC-2024-0040,2024,2024-10-27 10:00:00,2024-12-11 10:00:00,PAYEE,,,10980.000,2086.200,1.000,13067.200,13067.200,2024-10-27 10:00:00,2026-09-23 23:58:32.311,democli00017,demodev00010,cmuerhq5v0000ucvpy660gnw1
demofac00041,FAC-2024-0041,2024,2024-10-28 10:00:00,2024-12-27 10:00:00,PAYEE,,,6859.600,1303.324,1.000,8163.924,8163.924,2024-10-28 10:00:00,2026-09-23 23:58:32.311,democli00033,,cmuerhq5v0000ucvpy660gnw1
demofac00042,FAC-2024-0042,2024,2024-10-29 10:00:00,2024-11-28 10:00:00,PAYEE,,,1800.900,342.171,1.000,2144.071,2144.071,2024-10-29 10:00:00,2026-09-23 23:58:32.311,democli00006,demodev00011,cmuerhq5v0000ucvpy660gnw1
demofac00043,FAC-2024-0043,2024,2024-10-29 10:00:00,2024-11-28 10:00:00,PAYEE,,,11150.600,2118.614,1.000,13270.214,13270.214,2024-10-29 10:00:00,2026-09-23 23:58:32.311,democli00015,demodev00012,cmuerhq5v0000ucvpy660gnw1
demofac00044,FAC-2024-0044,2024,2024-10-30 10:00:00,2024-11-29 10:00:00,PAYEE,,,990.000,188.100,1.000,1179.100,1179.100,2024-10-30 10:00:00,2026-09-23 23:58:32.311,democli00048,,cmuerhq5v0000ucvpy660gnw1
demofac00045,FAC-2024-0045,2024,2024-10-31 10:00:00,2024-12-30 10:00:00,PAYEE,,,4440.000,843.600,1.000,5284.600,5284.600,2024-10-31 10:00:00,2026-09-23 23:58:32.311,democli00010,,cmuerhq5v0000ucvpy660gnw1
demofac00046,FAC-2024-0046,2024,2024-10-31 10:00:00,2024-12-30 10:00:00,PAYEE,,,6828.000,752.280,1.000,7581.280,7581.280,2024-10-31 10:00:00,2026-09-23 23:58:32.311,democli00040,demodev00013,cmuerhq5v0000ucvpy660gnw1
demofac00047,FAC-2024-0047,2024,2024-11-02 10:00:00,2024-11-02 10:00:00,PAYEE,,,8290.000,1575.100,1.000,9866.100,9866.100,2024-11-02 10:00:00,2026-09-23 23:58:32.311,democli00042,,cmuerhq5v0000ucvpy660gnw1
demofac00048,FAC-2024-0048,2024,2024-11-02 10:00:00,2024-11-17 10:00:00,PAYEE,,,4066.000,772.540,0.000,4838.540,4838.540,2024-11-02 10:00:00,2026-09-23 23:58:32.311,democli00009,,cmuerhq5v0000ucvpy660gnw1
demofac00049,FAC-2024-0049,2024,2024-11-03 10:00:00,2024-12-03 10:00:00,PAYEE,,,720.800,136.952,0.000,857.752,857.752,2024-11-03 10:00:00,2026-09-23 23:58:32.311,democli00034,demodev00014,cmuerhq5v0000ucvpy660gnw1
demofac00050,FAC-2024-0050,2024,2024-11-03 10:00:00,2024-11-18 10:00:00,PAYEE,,,2734.000,519.460,1.000,3254.460,3254.460,2024-11-03 10:00:00,2026-09-23 23:58:32.311,democli00009,,cmuerhq5v0000ucvpy660gnw1
demofac00051,FAC-2024-0051,2024,2024-11-04 10:00:00,2024-12-19 10:00:00,PAYEE,,,1300.000,247.000,1.000,1548.000,1548.000,2024-11-04 10:00:00,2026-09-23 23:58:32.311,democli00038,,cmuerhq5v0000ucvpy660gnw1
demofac00052,FAC-2024-0052,2024,2024-11-04 10:00:00,2024-12-04 10:00:00,PAYEE,,,11780.000,2238.200,1.000,14019.200,14019.200,2024-11-04 10:00:00,2026-09-23 23:58:32.311,democli00028,,cmuerhq5v0000ucvpy660gnw1
demofac00053,FAC-2024-0053,2024,2024-11-04 10:00:00,2024-12-04 10:00:00,PAYEE,,,2860.400,543.476,1.000,3404.876,3404.876,2024-11-04 10:00:00,2026-09-23 23:58:32.311,democli00048,,cmuerhq5v0000ucvpy660gnw1
demofac00054,FAC-2024-0054,2024,2024-11-04 10:00:00,2024-12-19 10:00:00,PAYEE,,,9000.000,1710.000,1.000,10711.000,10711.000,2024-11-04 10:00:00,2026-09-23 23:58:32.311,democli00027,,cmuerhq5v0000ucvpy660gnw1
demofac00055,FAC-2024-0055,2024,2024-11-05 10:00:00,2024-12-05 10:00:00,PAYEE,,,12000.000,2280.000,1.000,14281.000,14281.000,2024-11-05 10:00:00,2026-09-23 23:58:32.311,democli00011,demodev00015,cmuerhq5v0000ucvpy660gnw1
demofac00056,FAC-2024-0056,2024,2024-11-06 10:00:00,2024-12-06 10:00:00,PAYEE,,,6303.000,1197.570,1.000,7501.570,7501.570,2024-11-06 10:00:00,2026-09-23 23:58:32.311,democli00051,demodev00016,cmuerhq5v0000ucvpy660gnw1
demofac00057,FAC-2024-0057,2024,2024-11-06 10:00:00,2024-12-21 10:00:00,PAYEE,,,3750.000,712.500,1.000,4463.500,4463.500,2024-11-06 10:00:00,2026-09-23 23:58:32.311,democli00027,,cmuerhq5v0000ucvpy660gnw1
demofac00058,FAC-2024-0058,2024,2024-11-06 10:00:00,2025-01-05 10:00:00,PAYEE,,,2970.000,564.300,1.000,3535.300,3535.300,2024-11-06 10:00:00,2026-09-23 23:58:32.311,democli00033,,cmuerhq5v0000ucvpy660gnw1
demofac00059,FAC-2024-0059,2024,2024-11-07 10:00:00,2024-11-22 10:00:00,PAYEE,,,8250.000,1567.500,1.000,9818.500,9818.500,2024-11-07 10:00:00,2026-09-23 23:58:32.311,democli00014,,cmuerhq5v0000ucvpy660gnw1
demofac00060,FAC-2024-0060,2024,2024-11-07 10:00:00,2024-12-07 10:00:00,PAYEE,,,5450.000,1035.500,1.000,6486.500,6486.500,2024-11-07 10:00:00,2026-09-23 23:58:32.311,democli00006,demodev00017,cmuerhq5v0000ucvpy660gnw1
demofac00061,FAC-2024-0061,2024,2024-11-07 10:00:00,2024-12-07 10:00:00,PAYEE,,,7570.000,1438.300,1.000,9009.300,9009.300,2024-11-07 10:00:00,2026-09-23 23:58:32.311,democli00044,,cmuerhq5v0000ucvpy660gnw1
demofac00062,FAC-2024-0062,2024,2024-11-09 10:00:00,2024-12-24 10:00:00,PAYEE,,,9600.000,960.000,1.000,10561.000,10561.000,2024-11-09 10:00:00,2026-09-23 23:58:32.311,democli00041,,cmuerhq5v0000ucvpy660gnw1
demofac00063,FAC-2024-0063,2024,2024-11-10 10:00:00,2024-12-25 10:00:00,PAYEE,,,4250.000,807.500,1.000,5058.500,5058.500,2024-11-10 10:00:00,2026-09-23 23:58:32.311,democli00037,,cmuerhq5v0000ucvpy660gnw1
demofac00064,FAC-2024-0064,2024,2024-11-10 10:00:00,2024-12-25 10:00:00,PAYEE,,,2151.000,358.290,1.000,2510.290,2510.290,2024-11-10 10:00:00,2026-09-23 23:58:32.311,democli00060,,cmuerhq5v0000ucvpy660gnw1
demofac00065,FAC-2024-0065,2024,2024-11-12 10:00:00,2025-01-11 10:00:00,PAYEE,,,20143.000,3827.170,1.000,23971.170,23971.170,2024-11-12 10:00:00,2026-09-23 23:58:32.311,democli00019,,cmuerhq5v0000ucvpy660gnw1
demofac00066,FAC-2024-0066,2024,2024-11-15 10:00:00,2024-12-30 10:00:00,PAYEE,,,5257.200,998.868,1.000,6257.068,6257.068,2024-11-15 10:00:00,2026-09-23 23:58:32.311,democli00060,demodev00018,cmuerhq5v0000ucvpy660gnw1
demofac00067,FAC-2024-0067,2024,2024-11-15 10:00:00,2024-12-30 10:00:00,PAYEE,,,29024.000,3773.120,1.000,32798.120,32798.120,2024-11-15 10:00:00,2026-09-23 23:58:32.311,democli00004,,cmuerhq5v0000ucvpy660gnw1
demofac00068,FAC-2024-0068,2024,2024-11-17 10:00:00,2024-12-17 10:00:00,PAYEE,,,5945.000,1129.550,1.000,7075.550,7075.550,2024-11-17 10:00:00,2026-09-23 23:58:32.311,democli00045,,cmuerhq5v0000ucvpy660gnw1
demofac00069,FAC-2024-0069,2024,2024-11-17 10:00:00,2024-12-17 10:00:00,PAYEE,,,12900.000,2451.000,1.000,15352.000,15352.000,2024-11-17 10:00:00,2026-09-23 23:58:32.311,democli00051,,cmuerhq5v0000ucvpy660gnw1
demofac00070,FAC-2024-0070,2024,2024-11-18 10:00:00,2025-01-02 10:00:00,PAYEE,,,1713.600,325.584,1.000,2040.184,2040.184,2024-11-18 10:00:00,2026-09-23 23:58:32.311,democli00054,demodev00019,cmuerhq5v0000ucvpy660gnw1
demofac00071,FAC-2024-0071,2024,2024-11-19 10:00:00,2025-01-03 10:00:00,PAYEE,,,12000.000,2280.000,1.000,14281.000,14281.000,2024-11-19 10:00:00,2026-09-23 23:58:32.311,democli00041,demodev00020,cmuerhq5v0000ucvpy660gnw1
demofac00072,FAC-2024-0072,2024,2024-11-19 10:00:00,2024-12-19 10:00:00,PAYEE,,,2796.500,531.335,1.000,3328.835,3328.835,2024-11-19 10:00:00,2026-09-23 23:58:32.311,democli00026,demodev00021,cmuerhq5v0000ucvpy660gnw1
demofac00073,FAC-2024-0073,2024,2024-11-19 10:00:00,2024-12-19 10:00:00,PAYEE,,,13297.200,2526.468,1.000,15824.668,15824.668,2024-11-19 10:00:00,2026-09-23 23:58:32.311,democli00057,,cmuerhq5v0000ucvpy660gnw1
demofac00074,FAC-2024-0074,2024,2024-11-20 10:00:00,2024-12-20 10:00:00,PAYEE,,,2700.000,513.000,1.000,3214.000,3214.000,2024-11-20 10:00:00,2026-09-23 23:58:32.311,democli00018,demodev00022,cmuerhq5v0000ucvpy660gnw1
demofac00075,FAC-2024-0075,2024,2024-11-21 10:00:00,2024-11-21 10:00:00,PAYEE,,,6560.000,1246.400,1.000,7807.400,7807.400,2024-11-21 10:00:00,2026-09-23 23:58:32.311,democli00042,demodev00023,cmuerhq5v0000ucvpy660gnw1
demofac00076,FAC-2024-0076,2024,2024-11-21 10:00:00,2024-12-06 10:00:00,PAYEE,,,5100.000,969.000,1.000,6070.000,6070.000,2024-11-21 10:00:00,2026-09-23 23:58:32.311,democli00055,demodev00024,cmuerhq5v0000ucvpy660gnw1
demofac00077,FAC-2024-0077,2024,2024-11-21 10:00:00,2024-12-21 10:00:00,PAYEE,,,4700.000,893.000,1.000,5594.000,5594.000,2024-11-21 10:00:00,2026-09-23 23:58:32.311,democli00048,demodev00025,cmuerhq5v0000ucvpy660gnw1
demofac00078,FAC-2024-0078,2024,2024-11-21 10:00:00,2024-12-06 10:00:00,PAYEE,,,9380.000,1782.200,1.000,11163.200,11163.200,2024-11-21 10:00:00,2026-09-23 23:58:32.311,democli00055,,cmuerhq5v0000ucvpy660gnw1
demofac00079,FAC-2024-0079,2024,2024-11-21 10:00:00,2024-12-21 10:00:00,PAYEE,,,2445.000,464.550,1.000,2910.550,2910.550,2024-11-21 10:00:00,2026-09-23 23:58:32.311,democli00011,,cmuerhq5v0000ucvpy660gnw1
demofac00080,FAC-2024-0080,2024,2024-11-21 10:00:00,2024-12-21 10:00:00,PAYEE,,,6600.000,1254.000,1.000,7855.000,7855.000,2024-11-21 10:00:00,2026-09-23 23:58:32.311,democli00030,demodev00026,cmuerhq5v0000ucvpy660gnw1
demofac00081,FAC-2024-0081,2024,2024-11-23 10:00:00,2024-12-23 10:00:00,PAYEE,,,420.000,29.400,1.000,450.400,450.400,2024-11-23 10:00:00,2026-09-23 23:58:32.311,democli00058,,cmuerhq5v0000ucvpy660gnw1
demofac00082,FAC-2024-0082,2024,2024-11-23 10:00:00,2024-12-23 10:00:00,PAYEE,,,2410.900,458.071,1.000,2869.971,2869.971,2024-11-23 10:00:00,2026-09-23 23:58:32.311,democli00048,demodev00027,cmuerhq5v0000ucvpy660gnw1
demofac00083,FAC-2024-0083,2024,2024-11-24 10:00:00,2025-01-23 10:00:00,PAYEE,,,5901.600,869.304,1.000,6771.904,6771.904,2024-11-24 10:00:00,2026-09-23 23:58:32.311,democli00010,demodev00028,cmuerhq5v0000ucvpy660gnw1
demofac00084,FAC-2024-0084,2024,2024-11-25 10:00:00,2024-12-25 10:00:00,PAYEE,,,8044.500,1528.455,1.000,9573.955,9573.955,2024-11-25 10:00:00,2026-09-23 23:58:32.311,democli00002,demodev00029,cmuerhq5v0000ucvpy660gnw1
demofac00085,FAC-2024-0085,2024,2024-11-27 10:00:00,2024-12-12 10:00:00,PAYEE,,,15942.000,2169.660,1.000,18112.660,18112.660,2024-11-27 10:00:00,2026-09-23 23:58:32.311,democli00039,,cmuerhq5v0000ucvpy660gnw1
demofac00086,FAC-2024-0086,2024,2024-11-28 10:00:00,2025-01-27 10:00:00,PAYEE,,,6780.000,1288.200,1.000,8069.200,8069.200,2024-11-28 10:00:00,2026-09-23 23:58:32.311,democli00046,,cmuerhq5v0000ucvpy660gnw1
demofac00087,FAC-2024-0087,2024,2024-11-30 10:00:00,2024-11-30 10:00:00,PAYEE,,,8007.500,1521.425,1.000,9529.925,9529.925,2024-11-30 10:00:00,2026-09-23 23:58:32.311,democli00047,,cmuerhq5v0000ucvpy660gnw1
demofac00088,FAC-2024-0088,2024,2024-11-30 10:00:00,2024-12-30 10:00:00,PAYEE,,,8550.000,1624.500,1.000,10175.500,10175.500,2024-11-30 10:00:00,2026-09-23 23:58:32.311,democli00001,,cmuerhq5v0000ucvpy660gnw1
demofac00089,FAC-2024-0089,2024,2024-12-01 10:00:00,2024-12-16 10:00:00,PAYEE,,,1240.000,235.600,1.000,1476.600,1476.600,2024-12-01 10:00:00,2026-09-23 23:58:32.311,democli00009,,cmuerhq5v0000ucvpy660gnw1
demofac00090,FAC-2024-0090,2024,2024-12-02 10:00:00,2024-12-02 10:00:00,PAYEE,,,12270.000,2298.900,1.000,14569.900,14569.900,2024-12-02 10:00:00,2026-09-23 23:58:32.311,democli00020,,cmuerhq5v0000ucvpy660gnw1
demofac00091,FAC-2024-0091,2024,2024-12-03 10:00:00,2025-01-02 10:00:00,PAYEE,,,13520.000,2568.800,1.000,16089.800,16089.800,2024-12-03 10:00:00,2026-09-23 23:58:32.311,democli00032,,cmuerhq5v0000ucvpy660gnw1
demofac00092,FAC-2024-0092,2024,2024-12-03 10:00:00,2025-01-02 10:00:00,PAYEE,,,3415.000,648.850,1.000,4064.850,4064.850,2024-12-03 10:00:00,2026-09-23 23:58:32.311,democli00021,demodev00030,cmuerhq5v0000ucvpy660gnw1
demofac00093,FAC-2024-0093,2024,2024-12-04 10:00:00,2024-12-04 10:00:00,PAYEE,,,170.000,32.300,1.000,203.300,203.300,2024-12-04 10:00:00,2026-09-23 23:58:32.311,democli00047,,cmuerhq5v0000ucvpy660gnw1
demofac00094,FAC-2024-0094,2024,2024-12-04 10:00:00,2025-01-18 10:00:00,PAYEE,,,460.000,87.400,1.000,548.400,548.400,2024-12-04 10:00:00,2026-09-23 23:58:32.311,democli00017,demodev00031,cmuerhq5v0000ucvpy660gnw1
demofac00095,FAC-2024-0095,2024,2024-12-05 10:00:00,2025-01-19 10:00:00,PAYEE,,,2805.000,532.950,1.000,3338.950,3338.950,2024-12-05 10:00:00,2026-09-23 23:58:32.311,democli00005,,cmuerhq5v0000ucvpy660gnw1
demofac00096,FAC-2024-0096,2024,2024-12-05 10:00:00,2025-01-19 10:00:00,PAYEE,,,2805.000,532.950,1.000,3338.950,3338.950,2024-12-05 10:00:00,2026-09-23 23:58:32.311,democli00005,,cmuerhq5v0000ucvpy660gnw1
demofac00097,FAC-2024-0097,2024,2024-12-06 10:00:00,2024-12-21 10:00:00,PAYEE,,,3190.000,606.100,0.000,3796.100,3796.100,2024-12-06 10:00:00,2026-09-23 23:58:32.311,democli00009,,cmuerhq5v0000ucvpy660gnw1
demofac00098,FAC-2024-0098,2024,2024-12-07 10:00:00,2025-01-21 10:00:00,PAYEE,,,8523.600,1246.524,1.000,9771.124,9771.124,2024-12-07 10:00:00,2026-09-23 23:58:32.311,democli00059,,cmuerhq5v0000ucvpy660gnw1
demofac00099,FAC-2024-0099,2024,2024-12-07 10:00:00,2025-01-06 10:00:00,PAYEE,,,1840.000,349.600,1.000,2190.600,2190.600,2024-12-07 10:00:00,2026-09-23 23:58:32.311,democli00006,,cmuerhq5v0000ucvpy660gnw1
demofac00100,FAC-2024-0100,2024,2024-12-08 10:00:00,2025-01-07 10:00:00,PAYEE,,,2900.000,551.000,1.000,3452.000,3452.000,2024-12-08 10:00:00,2026-09-23 23:58:32.311,democli00049,,cmuerhq5v0000ucvpy660gnw1
demofac00101,FAC-2024-0101,2024,2024-12-08 10:00:00,2025-01-22 10:00:00,PAYEE,,,14616.000,2156.880,1.000,16773.880,16773.880,2024-12-08 10:00:00,2026-09-23 23:58:32.311,democli00059,demodev00032,cmuerhq5v0000ucvpy660gnw1
demofac00102,FAC-2024-0102,2024,2024-12-09 10:00:00,2025-01-08 10:00:00,PAYEE,,,2280.000,433.200,1.000,2714.200,2714.200,2024-12-09 10:00:00,2026-09-23 23:58:32.311,democli00030,demodev00033,cmuerhq5v0000ucvpy660gnw1
demofac00103,FAC-2024-0103,2024,2024-12-09 10:00:00,2025-01-08 10:00:00,PAYEE,,,11740.000,2230.600,1.000,13971.600,13971.600,2024-12-09 10:00:00,2026-09-23 23:58:32.311,democli00049,,cmuerhq5v0000ucvpy660gnw1
demofac00104,FAC-2024-0104,2024,2024-12-10 10:00:00,2024-12-10 10:00:00,PAYEE,,,6337.600,1204.144,1.000,7542.744,7542.744,2024-12-10 10:00:00,2026-09-23 23:58:32.311,democli00042,demodev00034,cmuerhq5v0000ucvpy660gnw1
demofac00105,FAC-2024-0105,2024,2024-12-10 10:00:00,2025-02-08 10:00:00,PAYEE,,,18021.000,3180.990,1.000,21202.990,21202.990,2024-12-10 10:00:00,2026-09-23 23:58:32.311,democli00019,,cmuerhq5v0000ucvpy660gnw1
demofac00106,FAC-2024-0106,2024,2024-12-11 10:00:00,2025-02-09 10:00:00,PAYEE,,,35530.000,6750.700,1.000,42281.700,42281.700,2024-12-11 10:00:00,2026-09-23 23:58:32.311,democli00019,demodev00035,cmuerhq5v0000ucvpy660gnw1
demofac00107,FAC-2024-0107,2024,2024-12-11 10:00:00,2025-01-10 10:00:00,PAYEE,,,7020.000,1333.800,1.000,8354.800,8354.800,2024-12-11 10:00:00,2026-09-23 23:58:32.311,democli00057,,cmuerhq5v0000ucvpy660gnw1
demofac00108,FAC-2024-0108,2024,2024-12-12 10:00:00,2024-12-27 10:00:00,ANNULEE,,,20400.000,2652.000,1.000,23053.000,0.000,2024-12-12 10:00:00,2026-09-23 23:58:32.311,democli00039,demodev00036,cmuerhq5v0000ucvpy660gnw1
demofac00109,FAC-2024-0109,2024,2024-12-12 10:00:00,2025-02-10 10:00:00,PAYEE,,,507.300,96.387,1.000,604.687,604.687,2024-12-12 10:00:00,2026-09-23 23:58:32.311,democli00046,,cmuerhq5v0000ucvpy660gnw1
demofac00110,FAC-2024-0110,2024,2024-12-12 10:00:00,2025-02-10 10:00:00,PAYEE,,,18600.000,3534.000,1.000,22135.000,22135.000,2024-12-12 10:00:00,2026-09-23 23:58:32.311,democli00019,demodev00037,cmuerhq5v0000ucvpy660gnw1
demofac00111,FAC-2024-0111,2024,2024-12-14 10:00:00,2025-02-12 10:00:00,PAYEE,,,4440.000,742.800,1.000,5183.800,5183.800,2024-12-14 10:00:00,2026-09-23 23:58:32.311,democli00010,demodev00038,cmuerhq5v0000ucvpy660gnw1
demofac00112,FAC-2024-0112,2024,2024-12-15 10:00:00,2025-01-14 10:00:00,PAYEE,,,7280.000,1383.200,1.000,8664.200,8664.200,2024-12-15 10:00:00,2026-09-23 23:58:32.311,democli00034,demodev00039,cmuerhq5v0000ucvpy660gnw1
demofac00113,FAC-2024-0113,2024,2024-12-15 10:00:00,2025-01-29 10:00:00,PAYEE,,,10390.000,1974.100,1.000,12365.100,12365.100,2024-12-15 10:00:00,2026-09-23 23:58:32.311,democli00037,,cmuerhq5v0000ucvpy660gnw1
demofac00114,FAC-2024-0114,2024,2024-12-15 10:00:00,2025-02-13 10:00:00,PAYEE,,,7089.000,1290.750,1.000,8380.750,8380.750,2024-12-15 10:00:00,2026-09-23 23:58:32.311,democli00033,,cmuerhq5v0000ucvpy660gnw1
demofac00115,FAC-2024-0115,2024,2024-12-15 10:00:00,2025-01-29 10:00:00,PAYEE,,,2700.000,513.000,1.000,3214.000,3214.000,2024-12-15 10:00:00,2026-09-23 23:58:32.311,democli00027,,cmuerhq5v0000ucvpy660gnw1
demofac00116,FAC-2024-0116,2024,2024-12-15 10:00:00,2025-01-14 10:00:00,PAYEE,,,3600.000,684.000,1.000,4285.000,4285.000,2024-12-15 10:00:00,2026-09-23 23:58:32.311,democli00044,,cmuerhq5v0000ucvpy660gnw1
demofac00117,FAC-2024-0117,2024,2024-12-16 10:00:00,2025-01-15 10:00:00,PAYEE,,,28498.000,5414.620,1.000,33913.620,33913.620,2024-12-16 10:00:00,2026-09-23 23:58:32.311,democli00045,,cmuerhq5v0000ucvpy660gnw1
demofac00118,FAC-2024-0118,2024,2024-12-16 10:00:00,2024-12-31 10:00:00,PAYEE,,,6436.720,1222.977,1.000,7660.697,7660.697,2024-12-16 10:00:00,2026-09-23 23:58:32.311,democli00009,demodev00040,cmuerhq5v0000ucvpy660gnw1
demofac00119,FAC-2024-0119,2024,2024-12-16 10:00:00,2024-12-16 10:00:00,PAYEE,,,2280.000,433.200,1.000,2714.200,2714.200,2024-12-16 10:00:00,2026-09-23 23:58:32.311,democli00042,,cmuerhq5v0000ucvpy660gnw1
demofac00120,FAC-2024-0120,2024,2024-12-17 10:00:00,2025-02-15 10:00:00,PAYEE,,,14040.000,2667.600,1.000,16708.600,16708.600,2024-12-17 10:00:00,2026-09-23 23:58:32.311,democli00013,,cmuerhq5v0000ucvpy660gnw1
demofac00121,FAC-2024-0121,2024,2024-12-17 10:00:00,2025-01-16 10:00:00,PAYEE,,,80220.000,15241.800,1.000,95462.800,95462.800,2024-12-17 10:00:00,2026-09-23 23:58:32.311,democli00011,,cmuerhq5v0000ucvpy660gnw1
demofac00122,FAC-2024-0122,2024,2024-12-18 10:00:00,2025-01-17 10:00:00,PAYEE,,,3503.000,665.570,1.000,4169.570,4169.570,2024-12-18 10:00:00,2026-09-23 23:58:32.311,democli00028,,cmuerhq5v0000ucvpy660gnw1
demofac00123,FAC-2024-0123,2024,2024-12-19 10:00:00,2025-02-02 10:00:00,PAYEE,,,9000.000,1710.000,1.000,10711.000,10711.000,2024-12-19 10:00:00,2026-09-23 23:58:32.311,democli00005,demodev00041,cmuerhq5v0000ucvpy660gnw1
demofac00124,FAC-2024-0124,2024,2024-12-19 10:00:00,2025-02-02 10:00:00,PAYEE,,,1800.000,342.000,1.000,2143.000,2143.000,2024-12-19 10:00:00,2026-09-23 23:58:32.311,democli00038,,cmuerhq5v0000ucvpy660gnw1
demofac00125,FAC-2024-0125,2024,2024-12-19 10:00:00,2025-01-03 10:00:00,PAYEE,,,16010.000,3041.900,1.000,19052.900,19052.900,2024-12-19 10:00:00,2026-09-23 23:58:32.311,democli00055,demodev00042,cmuerhq5v0000ucvpy660gnw1
demofac00126,FAC-2024-0126,2024,2024-12-19 10:00:00,2025-02-02 10:00:00,PAYEE,,,3000.000,210.000,1.000,3211.000,3211.000,2024-12-19 10:00:00,2026-09-23 23:58:32.311,democli00041,demodev00043,cmuerhq5v0000ucvpy660gnw1
demofac00127,FAC-2024-0127,2024,2024-12-21 10:00:00,2025-01-05 10:00:00,PAYEE,,,6373.000,1210.870,1.000,7584.870,7584.870,2024-12-21 10:00:00,2026-09-23 23:58:32.311,democli00008,,cmuerhq5v0000ucvpy660gnw1
demofac00128,FAC-2024-0128,2024,2024-12-22 10:00:00,2024-12-22 10:00:00,PAYEE,,,380.000,72.200,1.000,453.200,453.200,2024-12-22 10:00:00,2026-09-23 23:58:32.311,democli00042,,cmuerhq5v0000ucvpy660gnw1
demofac00129,FAC-2024-0129,2024,2024-12-22 10:00:00,2025-02-20 10:00:00,PAYEE,,,30012.000,4750.440,1.000,34763.440,34763.440,2024-12-22 10:00:00,2026-09-23 23:58:32.311,democli00019,,cmuerhq5v0000ucvpy660gnw1
demofac00130,FAC-2024-0130,2024,2024-12-23 10:00:00,2025-01-07 10:00:00,PAYEE,,,2640.000,501.600,1.000,3142.600,3142.600,2024-12-23 10:00:00,2026-09-23 23:58:32.311,democli00025,,cmuerhq5v0000ucvpy660gnw1
demofac00131,FAC-2024-0131,2024,2024-12-24 10:00:00,2025-01-23 10:00:00,PAYEE,,,13664.200,2212.678,1.000,15877.878,15877.878,2024-12-24 10:00:00,2026-09-23 23:58:32.311,democli00026,demodev00044,cmuerhq5v0000ucvpy660gnw1
demofac00132,FAC-2024-0132,2024,2024-12-24 10:00:00,2025-01-23 10:00:00,PAYEE,,,12200.000,2318.000,1.000,14519.000,14519.000,2024-12-24 10:00:00,2026-09-23 23:58:32.311,democli00030,,cmuerhq5v0000ucvpy660gnw1
demofac00133,FAC-2024-0133,2024,2024-12-26 10:00:00,2025-02-09 10:00:00,PAYEE,,,8650.000,1643.500,1.000,10294.500,10294.500,2024-12-26 10:00:00,2026-09-23 23:58:32.311,democli00037,demodev00045,cmuerhq5v0000ucvpy660gnw1
demofac00134,FAC-2024-0134,2024,2024-12-26 10:00:00,,ANNULEE,,,7008.000,1331.520,1.000,8340.520,0.000,2024-12-26 10:00:00,2026-09-23 23:58:32.311,democli00049,demodev00046,cmuerhq5v0000ucvpy660gnw1
demofac00135,FAC-2024-0135,2024,2024-12-26 10:00:00,2025-01-25 10:00:00,PAYEE,,,4500.000,855.000,0.000,5355.000,5355.000,2024-12-26 10:00:00,2026-09-23 23:58:32.311,democli00049,demodev00047,cmuerhq5v0000ucvpy660gnw1
demofac00136,FAC-2024-0136,2024,2024-12-27 10:00:00,2025-02-25 10:00:00,PAYEE,,,7206.800,1369.292,1.000,8577.092,8577.092,2024-12-27 10:00:00,2026-09-23 23:58:32.311,democli00019,,cmuerhq5v0000ucvpy660gnw1
demofac00137,FAC-2024-0137,2024,2024-12-27 10:00:00,2025-01-26 10:00:00,PAYEE,,,6900.000,1311.000,1.000,8212.000,8212.000,2024-12-27 10:00:00,2026-09-23 23:58:32.311,democli00030,,cmuerhq5v0000ucvpy660gnw1
demofac00138,FAC-2024-0138,2024,2024-12-29 10:00:00,2025-02-27 10:00:00,PAYEE,,,54046.000,9105.220,1.000,63152.220,63152.220,2024-12-29 10:00:00,2026-09-23 23:58:32.311,democli00019,demodev00048,cmuerhq5v0000ucvpy660gnw1
demofac00139,FAC-2024-0139,2024,2024-12-29 10:00:00,2025-01-28 10:00:00,PAYEE,,,1596.000,303.240,1.000,1900.240,1900.240,2024-12-29 10:00:00,2026-09-23 23:58:32.311,democli00053,,cmuerhq5v0000ucvpy660gnw1
demofac00140,FAC-2024-0140,2024,2024-12-30 10:00:00,2025-02-13 10:00:00,PAYEE,,,21840.000,4149.600,1.000,25990.600,25990.600,2024-12-30 10:00:00,2026-09-23 23:58:32.311,democli00041,,cmuerhq5v0000ucvpy660gnw1
demofac00141,FAC-2024-0141,2024,2024-12-31 10:00:00,2025-02-14 10:00:00,PAYEE,,,3135.000,595.650,1.000,3731.650,3731.650,2024-12-31 10:00:00,2026-09-23 23:58:32.311,democli00054,demodev00049,cmuerhq5v0000ucvpy660gnw1
demofac00142,FAC-2024-0142,2024,2024-12-31 10:00:00,2025-01-15 10:00:00,PAYEE,,,9386.000,1783.340,1.000,11170.340,11170.340,2024-12-31 10:00:00,2026-09-23 23:58:32.311,democli00025,,cmuerhq5v0000ucvpy660gnw1
demofac00143,FAC-2024-0143,2024,2024-12-31 10:00:00,2025-01-15 10:00:00,PAYEE,,,3600.000,684.000,1.000,4285.000,4285.000,2024-12-31 10:00:00,2026-09-23 23:58:32.311,democli00008,,cmuerhq5v0000ucvpy660gnw1
demofac00144,FAC-2025-0001,2025,2025-01-01 10:00:00,2025-02-15 10:00:00,PAYEE,,,2697.000,462.030,1.000,3160.030,3160.030,2025-01-01 10:00:00,2026-09-23 23:58:32.311,democli00043,,cmuerhq5v0000ucvpy660gnw1
demofac00145,FAC-2025-0002,2025,2025-01-01 10:00:00,2025-01-31 10:00:00,PAYEE,,,2088.000,396.720,1.000,2485.720,2485.720,2025-01-01 10:00:00,2026-09-23 23:58:32.311,democli00028,,cmuerhq5v0000ucvpy660gnw1
demofac00146,FAC-2025-0003,2025,2025-01-02 10:00:00,2025-01-02 10:00:00,PAYEE,,,11080.000,2105.200,1.000,13186.200,13186.200,2025-01-02 10:00:00,2026-09-23 23:58:32.311,democli00042,,cmuerhq5v0000ucvpy660gnw1
demofac00147,FAC-2025-0004,2025,2025-01-02 10:00:00,2025-01-17 10:00:00,PAYEE,,,6010.000,1141.900,1.000,7152.900,7152.900,2025-01-02 10:00:00,2026-09-23 23:58:32.311,democli00008,demodev00050,cmuerhq5v0000ucvpy660gnw1
demofac00148,FAC-2025-0005,2025,2025-01-02 10:00:00,,PAYEE,,,3750.000,712.500,1.000,4463.500,4463.500,2025-01-02 10:00:00,2026-09-23 23:58:32.311,democli00020,demodev00051,cmuerhq5v0000ucvpy660gnw1
demofac00149,FAC-2025-0006,2025,2025-01-03 10:00:00,2025-02-02 10:00:00,PAYEE,,,1680.000,319.200,1.000,2000.200,2000.200,2025-01-03 10:00:00,2026-09-23 23:58:32.311,democli00018,demodev00052,cmuerhq5v0000ucvpy660gnw1
demofac00150,FAC-2025-0007,2025,2025-01-05 10:00:00,2025-02-19 10:00:00,PAYEE,,,8613.500,1636.565,1.000,10251.065,10251.065,2025-01-05 10:00:00,2026-09-23 23:58:32.311,democli00037,,cmuerhq5v0000ucvpy660gnw1
demofac00151,FAC-2025-0008,2025,2025-01-06 10:00:00,2025-02-05 10:00:00,PAYEE,,,6550.000,1244.500,1.000,7795.500,7795.500,2025-01-06 10:00:00,2026-09-23 23:58:32.311,democli00028,,cmuerhq5v0000ucvpy660gnw1
demofac00152,FAC-2025-0009,2025,2025-01-06 10:00:00,2025-01-06 10:00:00,PAYEE,,,5850.000,960.300,1.000,6811.300,6811.300,2025-01-06 10:00:00,2026-09-23 23:58:32.311,democli00042,demodev00053,cmuerhq5v0000ucvpy660gnw1
demofac00153,FAC-2025-0010,2025,2025-01-07 10:00:00,2025-02-06 10:00:00,PAYEE,,,3600.000,684.000,1.000,4285.000,4285.000,2025-01-07 10:00:00,2026-09-23 23:58:32.311,democli00044,,cmuerhq5v0000ucvpy660gnw1
demofac00154,FAC-2025-0011,2025,2025-01-09 10:00:00,2025-01-24 10:00:00,PAYEE,,,1425.000,270.750,1.000,1696.750,1696.750,2025-01-09 10:00:00,2026-09-23 23:58:32.311,democli00014,,cmuerhq5v0000ucvpy660gnw1
demofac00155,FAC-2025-0012,2025,2025-01-09 10:00:00,2025-03-10 10:00:00,PAYEE,,,35360.000,6358.400,1.000,41719.400,41719.400,2025-01-09 10:00:00,2026-09-23 23:58:32.311,democli00019,,cmuerhq5v0000ucvpy660gnw1
demofac00156,FAC-2025-0013,2025,2025-01-10 10:00:00,2025-02-09 10:00:00,PAYEE,,,5320.000,1010.800,0.000,6330.800,6330.800,2025-01-10 10:00:00,2026-09-23 23:58:32.311,democli00021,,cmuerhq5v0000ucvpy660gnw1
demofac00157,FAC-2025-0014,2025,2025-01-10 10:00:00,2025-02-24 10:00:00,PAYEE,,,1450.000,275.500,1.000,1726.500,1726.500,2025-01-10 10:00:00,2026-09-23 23:58:32.311,democli00027,,cmuerhq5v0000ucvpy660gnw1
demofac00158,FAC-2025-0015,2025,2025-01-11 10:00:00,2025-02-25 10:00:00,PAYEE,,,22305.000,4237.950,1.000,26543.950,26543.950,2025-01-11 10:00:00,2026-09-23 23:58:32.311,democli00005,demodev00054,cmuerhq5v0000ucvpy660gnw1
demofac00159,FAC-2025-0016,2025,2025-01-11 10:00:00,2025-03-12 10:00:00,PAYEE,,,1490.000,283.100,1.000,1774.100,1774.100,2025-01-11 10:00:00,2026-09-23 23:58:32.311,democli00040,,cmuerhq5v0000ucvpy660gnw1
demofac00160,FAC-2025-0017,2025,2025-01-11 10:00:00,2025-01-11 10:00:00,PAYEE,,,159.500,30.305,1.000,190.805,190.805,2025-01-11 10:00:00,2026-09-23 23:58:32.311,democli00020,demodev00055,cmuerhq5v0000ucvpy660gnw1
demofac00161,FAC-2025-0018,2025,2025-01-11 10:00:00,2025-03-12 10:00:00,PAYEE,,,1140.000,216.600,1.000,1357.600,1357.600,2025-01-11 10:00:00,2026-09-23 23:58:32.311,democli00019,demodev00056,cmuerhq5v0000ucvpy660gnw1
demofac00162,FAC-2025-0019,2025,2025-01-12 10:00:00,2025-01-27 10:00:00,PAYEE,,,5408.800,1027.672,1.000,6437.472,6437.472,2025-01-12 10:00:00,2026-09-23 23:58:32.311,democli00025,demodev00057,cmuerhq5v0000ucvpy660gnw1
demofac00163,FAC-2025-0020,2025,2025-01-12 10:00:00,2025-01-27 10:00:00,ENVOYEE,,,7493.000,1423.670,0.000,8916.670,0.000,2025-01-12 10:00:00,2026-09-23 23:58:32.311,democli00055,,cmuerhq5v0000ucvpy660gnw1
demofac00164,FAC-2025-0021,2025,2025-01-14 10:00:00,2025-01-29 10:00:00,PAYEE,,,6875.300,1306.307,1.000,8182.607,8182.607,2025-01-14 10:00:00,2026-09-23 23:58:32.311,democli00008,,cmuerhq5v0000ucvpy660gnw1
demofac00165,FAC-2025-0022,2025,2025-01-15 10:00:00,2025-01-30 10:00:00,PAYEE,,,4900.000,931.000,1.000,5832.000,5832.000,2025-01-15 10:00:00,2026-09-23 23:58:32.311,democli00008,,cmuerhq5v0000ucvpy660gnw1
demofac00166,FAC-2025-0023,2025,2025-01-17 10:00:00,2025-03-03 10:00:00,PAYEE,,,4360.000,828.400,1.000,5189.400,5189.400,2025-01-17 10:00:00,2026-09-23 23:58:32.311,democli00052,demodev00058,cmuerhq5v0000ucvpy660gnw1
demofac00167,FAC-2025-0024,2025,2025-01-17 10:00:00,2025-01-17 10:00:00,PAYEE,,,10090.000,1917.100,1.000,12008.100,12008.100,2025-01-17 10:00:00,2026-09-23 23:58:32.311,democli00042,demodev00059,cmuerhq5v0000ucvpy660gnw1
demofac00168,FAC-2025-0025,2025,2025-01-17 10:00:00,2025-03-03 10:00:00,PAYEE,,,7325.600,1165.064,1.000,8491.664,8491.664,2025-01-17 10:00:00,2026-09-23 23:58:32.311,democli00054,demodev00060,cmuerhq5v0000ucvpy660gnw1
demofac00169,FAC-2025-0026,2025,2025-01-17 10:00:00,2025-03-18 10:00:00,PAYEE,,,9950.000,1890.500,1.000,11841.500,11841.500,2025-01-17 10:00:00,2026-09-23 23:58:32.311,democli00013,,cmuerhq5v0000ucvpy660gnw1
demofac00170,FAC-2025-0027,2025,2025-01-18 10:00:00,2025-03-04 10:00:00,PAYEE,,,2900.000,551.000,1.000,3452.000,3452.000,2025-01-18 10:00:00,2026-09-23 23:58:32.311,democli00038,,cmuerhq5v0000ucvpy660gnw1
demofac00171,FAC-2025-0028,2025,2025-01-18 10:00:00,2025-02-17 10:00:00,ANNULEE,,,391.500,74.385,1.000,466.885,0.000,2025-01-18 10:00:00,2026-09-23 23:58:32.311,democli00048,,cmuerhq5v0000ucvpy660gnw1
demofac00172,FAC-2025-0029,2025,2025-01-18 10:00:00,2025-02-17 10:00:00,PAYEE,,,1875.000,356.250,1.000,2232.250,2232.250,2025-01-18 10:00:00,2026-09-23 23:58:32.311,democli00053,,cmuerhq5v0000ucvpy660gnw1
demofac00173,FAC-2025-0030,2025,2025-01-18 10:00:00,2025-02-02 10:00:00,PAYEE,,,1240.000,235.600,1.000,1476.600,1476.600,2025-01-18 10:00:00,2026-09-23 23:58:32.311,democli00024,,cmuerhq5v0000ucvpy660gnw1
demofac00174,FAC-2025-0031,2025,2025-01-18 10:00:00,2025-02-02 10:00:00,PAYEE,,,10000.000,1900.000,1.000,11901.000,11901.000,2025-01-18 10:00:00,2026-09-23 23:58:32.311,democli00055,,cmuerhq5v0000ucvpy660gnw1
demofac00175,FAC-2025-0032,2025,2025-01-19 10:00:00,2025-02-18 10:00:00,PAYEE,,,9404.000,1786.760,1.000,11191.760,11191.760,2025-01-19 10:00:00,2026-09-23 23:58:32.311,democli00026,,cmuerhq5v0000ucvpy660gnw1
demofac00176,FAC-2025-0033,2025,2025-01-19 10:00:00,2025-02-18 10:00:00,PAYEE,,,4000.000,760.000,1.000,4761.000,4761.000,2025-01-19 10:00:00,2026-09-23 23:58:32.311,democli00044,,cmuerhq5v0000ucvpy660gnw1
demofac00177,FAC-2025-0034,2025,2025-01-20 10:00:00,2025-02-04 10:00:00,PAYEE,,,5202.000,882.540,1.000,6085.540,6085.540,2025-01-20 10:00:00,2026-09-23 23:58:32.311,democli00031,,cmuerhq5v0000ucvpy660gnw1
demofac00178,FAC-2025-0035,2025,2025-01-21 10:00:00,2025-02-20 10:00:00,PAYEE,,,10800.000,2052.000,1.000,12853.000,12853.000,2025-01-21 10:00:00,2026-09-23 23:58:32.311,democli00030,,cmuerhq5v0000ucvpy660gnw1
demofac00179,FAC-2025-0036,2025,2025-01-21 10:00:00,2025-03-07 10:00:00,PAYEE,,,10750.000,2042.500,1.000,12793.500,12793.500,2025-01-21 10:00:00,2026-09-23 23:58:32.311,democli00054,,cmuerhq5v0000ucvpy660gnw1
demofac00180,FAC-2025-0037,2025,2025-01-22 10:00:00,2025-02-21 10:00:00,PAYEE,,,1920.000,364.800,1.000,2285.800,2285.800,2025-01-22 10:00:00,2026-09-23 23:58:32.311,democli00049,demodev00061,cmuerhq5v0000ucvpy660gnw1
demofac00181,FAC-2025-0038,2025,2025-01-23 10:00:00,,PAYEE,,,7680.000,1459.200,1.000,9140.200,9140.200,2025-01-23 10:00:00,2026-09-23 23:58:32.311,democli00049,,cmuerhq5v0000ucvpy660gnw1
demofac00182,FAC-2025-0039,2025,2025-01-24 10:00:00,2025-02-23 10:00:00,PAYEE,,,1830.000,347.700,1.000,2178.700,2178.700,2025-01-24 10:00:00,2026-09-23 23:58:32.311,democli00006,,cmuerhq5v0000ucvpy660gnw1
demofac00183,FAC-2025-0040,2025,2025-01-25 10:00:00,2025-02-09 10:00:00,PAYEE,,,930.000,176.700,1.000,1107.700,1107.700,2025-01-25 10:00:00,2026-09-23 23:58:32.311,democli00025,,cmuerhq5v0000ucvpy660gnw1
demofac00184,FAC-2025-0041,2025,2025-01-26 10:00:00,2025-01-26 10:00:00,PAYEE,,,5124.000,973.560,1.000,6098.560,6098.560,2025-01-26 10:00:00,2026-09-23 23:58:32.311,democli00042,,cmuerhq5v0000ucvpy660gnw1
demofac00185,FAC-2025-0042,2025,2025-01-27 10:00:00,2025-01-27 10:00:00,PAYEE,,,990.000,188.100,1.000,1179.100,1179.100,2025-01-27 10:00:00,2026-09-23 23:58:32.311,democli00020,,cmuerhq5v0000ucvpy660gnw1
demofac00186,FAC-2025-0043,2025,2025-01-28 10:00:00,2025-03-14 10:00:00,PAYEE,,,2700.000,513.000,1.000,3214.000,3214.000,2025-01-28 10:00:00,2026-09-23 23:58:32.311,democli00054,demodev00062,cmuerhq5v0000ucvpy660gnw1
demofac00187,FAC-2025-0044,2025,2025-01-28 10:00:00,2025-03-14 10:00:00,PAYEE,,,9088.000,1726.720,1.000,10815.720,10815.720,2025-01-28 10:00:00,2026-09-23 23:58:32.311,democli00041,demodev00063,cmuerhq5v0000ucvpy660gnw1
demofac00188,FAC-2025-0045,2025,2025-01-30 10:00:00,2025-03-31 10:00:00,PAYEE,,,2925.000,420.750,1.000,3346.750,3346.750,2025-01-30 10:00:00,2026-09-23 23:58:32.311,democli00040,demodev00064,cmuerhq5v0000ucvpy660gnw1
demofac00189,FAC-2025-0046,2025,2025-01-30 10:00:00,2025-03-16 10:00:00,PAYEE,,,19880.000,3777.200,1.000,23658.200,23658.200,2025-01-30 10:00:00,2026-09-23 23:58:32.311,democli00027,,cmuerhq5v0000ucvpy660gnw1
demofac00190,FAC-2025-0047,2025,2025-01-30 10:00:00,2025-03-01 10:00:00,PAYEE,,,5560.000,1056.400,0.000,6616.400,6616.400,2025-01-30 10:00:00,2026-09-23 23:58:32.311,democli00057,,cmuerhq5v0000ucvpy660gnw1
demofac00191,FAC-2025-0048,2025,2025-02-01 10:00:00,2025-04-02 10:00:00,PAYEE,,,16575.000,2204.250,1.000,18780.250,18780.250,2025-02-01 10:00:00,2026-09-23 23:58:32.311,democli00019,,cmuerhq5v0000ucvpy660gnw1
demofac00192,FAC-2025-0049,2025,2025-02-03 10:00:00,2025-03-05 10:00:00,PAYEE,,,12124.000,1718.920,1.000,13843.920,13843.920,2025-02-03 10:00:00,2026-09-23 23:58:32.311,democli00026,,cmuerhq5v0000ucvpy660gnw1
demofac00193,FAC-2025-0050,2025,2025-02-03 10:00:00,2025-02-03 10:00:00,PAYEE,,,1920.000,364.800,1.000,2285.800,2285.800,2025-02-03 10:00:00,2026-09-23 23:58:32.311,democli00042,,cmuerhq5v0000ucvpy660gnw1
demofac00194,FAC-2025-0051,2025,2025-02-03 10:00:00,2025-02-18 10:00:00,PAYEE,,,3381.000,642.390,1.000,4024.390,4024.390,2025-02-03 10:00:00,2026-09-23 23:58:32.311,democli00024,,cmuerhq5v0000ucvpy660gnw1
demofac00195,FAC-2025-0052,2025,2025-02-03 10:00:00,2025-02-03 10:00:00,PAYEE,,,8050.000,1529.500,1.000,9580.500,9580.500,2025-02-03 10:00:00,2026-09-23 23:58:32.311,democli00047,demodev00065,cmuerhq5v0000ucvpy660gnw1
demofac00196,FAC-2025-0053,2025,2025-02-04 10:00:00,2025-03-06 10:00:00,PAYEE,,,10350.000,1966.500,1.000,12317.500,12317.500,2025-02-04 10:00:00,2026-09-23 23:58:32.311,democli00051,,cmuerhq5v0000ucvpy660gnw1
demofac00197,FAC-2025-0054,2025,2025-02-04 10:00:00,2025-03-21 10:00:00,PAYEE,,,3000.000,210.000,1.000,3211.000,3211.000,2025-02-04 10:00:00,2026-09-23 23:58:32.311,democli00041,demodev00066,cmuerhq5v0000ucvpy660gnw1
demofac00198,FAC-2025-0055,2025,2025-02-04 10:00:00,2025-04-05 10:00:00,PAYEE,,,19512.000,3707.280,1.000,23220.280,23220.280,2025-02-04 10:00:00,2026-09-23 23:58:32.311,democli00019,,cmuerhq5v0000ucvpy660gnw1
demofac00199,FAC-2025-0056,2025,2025-02-05 10:00:00,2025-02-05 10:00:00,PAYEE,,,2580.000,490.200,1.000,3071.200,3071.200,2025-02-05 10:00:00,2026-09-23 23:58:32.311,democli00042,demodev00067,cmuerhq5v0000ucvpy660gnw1
demofac00200,FAC-2025-0057,2025,2025-02-05 10:00:00,2025-03-07 10:00:00,PAYEE,,,9248.500,1685.395,1.000,10934.895,10934.895,2025-02-05 10:00:00,2026-09-23 23:58:32.311,democli00044,demodev00068,cmuerhq5v0000ucvpy660gnw1
demofac00201,FAC-2025-0058,2025,2025-02-06 10:00:00,2025-03-08 10:00:00,PAYEE,,,2770.000,526.300,1.000,3297.300,3297.300,2025-02-06 10:00:00,2026-09-23 23:58:32.311,democli00049,,cmuerhq5v0000ucvpy660gnw1
demofac00202,FAC-2025-0059,2025,2025-02-06 10:00:00,2025-03-23 10:00:00,PAYEE,,,3000.000,210.000,1.000,3211.000,3211.000,2025-02-06 10:00:00,2026-09-23 23:58:32.311,democli00041,,cmuerhq5v0000ucvpy660gnw1
demofac00203,FAC-2025-0060,2025,2025-02-06 10:00:00,2025-02-06 10:00:00,PAYEE,,,150.000,28.500,1.000,179.500,179.500,2025-02-06 10:00:00,2026-09-23 23:58:32.311,democli00042,,cmuerhq5v0000ucvpy660gnw1
demofac00204,FAC-2025-0061,2025,2025-02-07 10:00:00,2025-04-08 10:00:00,PAYEE,,,15506.000,2946.140,1.000,18453.140,18453.140,2025-02-07 10:00:00,2026-09-23 23:58:32.311,democli00013,,cmuerhq5v0000ucvpy660gnw1
demofac00205,FAC-2025-0062,2025,2025-02-08 10:00:00,2025-03-10 10:00:00,PAYEE,,,3660.000,544.200,1.000,4205.200,4205.200,2025-02-08 10:00:00,2026-09-23 23:58:32.311,democli00044,demodev00069,cmuerhq5v0000ucvpy660gnw1
demofac00206,FAC-2025-0063,2025,2025-02-08 10:00:00,2025-03-25 10:00:00,PAYEE,,,4360.000,828.400,1.000,5189.400,5189.400,2025-02-08 10:00:00,2026-09-23 23:58:32.311,democli00052,demodev00070,cmuerhq5v0000ucvpy660gnw1
demofac00207,FAC-2025-0064,2025,2025-02-09 10:00:00,2025-03-11 10:00:00,PAYEE,,,12208.360,2319.588,1.000,14528.948,14528.948,2025-02-09 10:00:00,2026-09-23 23:58:32.311,democli00028,,cmuerhq5v0000ucvpy660gnw1
demofac00208,FAC-2025-0065,2025,2025-02-09 10:00:00,2025-03-11 10:00:00,PAYEE,,,2208.000,419.520,1.000,2628.520,2628.520,2025-02-09 10:00:00,2026-09-23 23:58:32.311,democli00030,demodev00071,cmuerhq5v0000ucvpy660gnw1
demofac00209,FAC-2025-0066,2025,2025-02-10 10:00:00,2025-03-27 10:00:00,PAYEE,,,1710.000,249.300,1.000,1960.300,1960.300,2025-02-10 10:00:00,2026-09-23 23:58:32.311,democli00043,,cmuerhq5v0000ucvpy660gnw1
demofac00210,FAC-2025-0067,2025,2025-02-11 10:00:00,2025-03-13 10:00:00,PAYEE,,,4320.000,820.800,1.000,5141.800,5141.800,2025-02-11 10:00:00,2026-09-23 23:58:32.311,democli00006,,cmuerhq5v0000ucvpy660gnw1
demofac00211,FAC-2025-0068,2025,2025-02-12 10:00:00,2025-04-13 10:00:00,PAYEE,,,21820.000,4145.800,1.000,25966.800,25966.800,2025-02-12 10:00:00,2026-09-23 23:58:32.311,democli00033,,cmuerhq5v0000ucvpy660gnw1
demofac00212,FAC-2025-0069,2025,2025-02-12 10:00:00,2025-04-13 10:00:00,PAYEE,,,4525.000,542.950,1.000,5068.950,5068.950,2025-02-12 10:00:00,2026-09-23 23:58:32.311,democli00019,,cmuerhq5v0000ucvpy660gnw1
demofac00213,FAC-2025-0070,2025,2025-02-13 10:00:00,2025-03-15 10:00:00,PAYEE,,,870.000,165.300,1.000,1036.300,1036.300,2025-02-13 10:00:00,2026-09-23 23:58:32.311,democli00034,demodev00072,cmuerhq5v0000ucvpy660gnw1
demofac00214,FAC-2025-0071,2025,2025-02-13 10:00:00,2025-03-15 10:00:00,PAYEE,,,4898.000,783.740,1.000,5682.740,5682.740,2025-02-13 10:00:00,2026-09-23 23:58:32.311,democli00021,,cmuerhq5v0000ucvpy660gnw1
demofac00215,FAC-2025-0072,2025,2025-02-13 10:00:00,2025-04-14 10:00:00,PAYEE,,,15755.000,2993.450,1.000,18749.450,18749.450,2025-02-13 10:00:00,2026-09-23 23:58:32.311,democli00046,demodev00073,cmuerhq5v0000ucvpy660gnw1
demofac00216,FAC-2025-0073,2025,2025-02-13 10:00:00,2025-03-30 10:00:00,PAYEE,,,47000.000,8930.000,0.000,55930.000,55930.000,2025-02-13 10:00:00,2026-09-23 23:58:32.311,democli00005,,cmuerhq5v0000ucvpy660gnw1
demofac00217,FAC-2025-0074,2025,2025-02-13 10:00:00,2025-03-15 10:00:00,PAYEE,,,760.000,144.400,1.000,905.400,905.400,2025-02-13 10:00:00,2026-09-23 23:58:32.311,democli00044,demodev00074,cmuerhq5v0000ucvpy660gnw1
demofac00218,FAC-2025-0075,2025,2025-02-14 10:00:00,2025-04-15 10:00:00,PAYEE,,,4200.000,798.000,1.000,4999.000,4999.000,2025-02-14 10:00:00,2026-09-23 23:58:32.311,democli00040,,cmuerhq5v0000ucvpy660gnw1
demofac00219,FAC-2025-0076,2025,2025-02-14 10:00:00,2025-03-31 10:00:00,PAYEE,,,9973.500,1894.965,1.000,11869.465,11869.465,2025-02-14 10:00:00,2026-09-23 23:58:32.311,democli00037,,cmuerhq5v0000ucvpy660gnw1
demofac00220,FAC-2025-0077,2025,2025-02-14 10:00:00,2025-03-16 10:00:00,PAYEE,,,14167.000,2691.730,1.000,16859.730,16859.730,2025-02-14 10:00:00,2026-09-23 23:58:32.311,democli00034,,cmuerhq5v0000ucvpy660gnw1
demofac00221,FAC-2025-0078,2025,2025-02-17 10:00:00,2025-03-19 10:00:00,PAYEE,,,980.400,186.276,1.000,1167.676,1167.676,2025-02-17 10:00:00,2026-09-23 23:58:32.311,democli00030,,cmuerhq5v0000ucvpy660gnw1
demofac00222,FAC-2025-0079,2025,2025-02-17 10:00:00,2025-02-17 10:00:00,PAYEE,,,14014.000,2468.620,1.000,16483.620,16483.620,2025-02-17 10:00:00,2026-09-23 23:58:32.311,democli00042,demodev00075,cmuerhq5v0000ucvpy660gnw1
demofac00223,FAC-2025-0080,2025,2025-02-18 10:00:00,2025-04-19 10:00:00,PAYEE,,,6228.000,1183.320,1.000,7412.320,7412.320,2025-02-18 10:00:00,2026-09-23 23:58:32.311,democli00010,,cmuerhq5v0000ucvpy660gnw1
demofac00224,FAC-2025-0081,2025,2025-02-18 10:00:00,2025-04-19 10:00:00,PAYEE,,,900.000,63.000,1.000,964.000,964.000,2025-02-18 10:00:00,2026-09-23 23:58:32.311,democli00019,demodev00076,cmuerhq5v0000ucvpy660gnw1
demofac00225,FAC-2025-0082,2025,2025-02-19 10:00:00,2025-04-05 10:00:00,PAYEE,,,630.000,44.100,1.000,675.100,675.100,2025-02-19 10:00:00,2026-09-23 23:58:32.311,democli00043,demodev00077,cmuerhq5v0000ucvpy660gnw1
demofac00226,FAC-2025-0083,2025,2025-02-20 10:00:00,2025-03-22 10:00:00,PAYEE,,,8748.000,1392.840,0.000,10140.840,10140.840,2025-02-20 10:00:00,2026-09-23 23:58:32.311,democli00026,,cmuerhq5v0000ucvpy660gnw1
demofac00227,FAC-2025-0084,2025,2025-02-21 10:00:00,2025-03-23 10:00:00,PAYEE,,,2090.000,397.100,0.000,2487.100,2487.100,2025-02-21 10:00:00,2026-09-23 23:58:32.311,democli00048,demodev00078,cmuerhq5v0000ucvpy660gnw1
demofac00228,FAC-2025-0085,2025,2025-02-22 10:00:00,2025-03-24 10:00:00,PAYEE,,,8832.800,1678.232,1.000,10512.032,10512.032,2025-02-22 10:00:00,2026-09-23 23:58:32.311,democli00048,,cmuerhq5v0000ucvpy660gnw1
demofac00229,FAC-2025-0086,2025,2025-02-22 10:00:00,2025-04-08 10:00:00,PAYEE,,,5032.000,654.160,1.000,5687.160,5687.160,2025-02-22 10:00:00,2026-09-23 23:58:32.311,democli00059,,cmuerhq5v0000ucvpy660gnw1
demofac00230,FAC-2025-0087,2025,2025-02-22 10:00:00,2025-03-24 10:00:00,PAYEE,,,3440.000,653.600,1.000,4094.600,4094.600,2025-02-22 10:00:00,2026-09-23 23:58:32.311,democli00050,,cmuerhq5v0000ucvpy660gnw1
demofac00231,FAC-2025-0088,2025,2025-02-23 10:00:00,2025-04-09 10:00:00,PAYEE,,,20012.000,3802.280,1.000,23815.280,23815.280,2025-02-23 10:00:00,2026-09-23 23:58:32.311,democli00037,,cmuerhq5v0000ucvpy660gnw1
demofac00232,FAC-2025-0089,2025,2025-02-24 10:00:00,2025-02-24 10:00:00,PAYEE,,,942.500,179.075,1.000,1122.575,1122.575,2025-02-24 10:00:00,2026-09-23 23:58:32.311,democli00020,,cmuerhq5v0000ucvpy660gnw1
demofac00233,FAC-2025-0090,2025,2025-02-24 10:00:00,2025-03-26 10:00:00,PAYEE,,,9300.000,1767.000,1.000,11068.000,11068.000,2025-02-24 10:00:00,2026-09-23 23:58:32.311,democli00028,,cmuerhq5v0000ucvpy660gnw1
demofac00234,FAC-2025-0091,2025,2025-02-25 10:00:00,2025-04-26 10:00:00,PAYEE,,,1950.000,370.500,1.000,2321.500,2321.500,2025-02-25 10:00:00,2026-09-23 23:58:32.311,democli00010,,cmuerhq5v0000ucvpy660gnw1
demofac00235,FAC-2025-0092,2025,2025-02-25 10:00:00,,PAYEE,,,4960.000,942.400,1.000,5903.400,5903.400,2025-02-25 10:00:00,2026-09-23 23:58:32.311,democli00027,,cmuerhq5v0000ucvpy660gnw1
demofac00236,FAC-2025-0093,2025,2025-02-28 10:00:00,2025-02-28 10:00:00,PAYEE,,,472.050,89.690,1.000,562.740,562.740,2025-02-28 10:00:00,2026-09-23 23:58:32.311,democli00020,,cmuerhq5v0000ucvpy660gnw1
demofac00237,FAC-2025-0094,2025,2025-02-28 10:00:00,2025-04-14 10:00:00,PAYEE,,,2394.000,311.220,1.000,2706.220,2706.220,2025-02-28 10:00:00,2026-09-23 23:58:32.311,democli00060,demodev00079,cmuerhq5v0000ucvpy660gnw1
demofac00238,FAC-2025-0095,2025,2025-02-28 10:00:00,2025-03-30 10:00:00,PAYEE,,,4350.000,826.500,1.000,5177.500,5177.500,2025-02-28 10:00:00,2026-09-23 23:58:32.311,democli00053,,cmuerhq5v0000ucvpy660gnw1
demofac00239,FAC-2025-0096,2025,2025-02-28 10:00:00,2025-03-30 10:00:00,PAYEE,,,5363.000,1018.970,1.000,6382.970,6382.970,2025-02-28 10:00:00,2026-09-23 23:58:32.311,democli00034,,cmuerhq5v0000ucvpy660gnw1
demofac00240,FAC-2025-0097,2025,2025-03-01 10:00:00,2025-04-15 10:00:00,PAYEE,,,5492.100,879.447,1.000,6372.547,6372.547,2025-03-01 10:00:00,2026-09-23 23:58:32.311,democli00054,demodev00080,cmuerhq5v0000ucvpy660gnw1
demofac00241,FAC-2025-0098,2025,2025-03-01 10:00:00,2025-04-15 10:00:00,PAYEE,,,8990.000,1708.100,1.000,10699.100,10699.100,2025-03-01 10:00:00,2026-09-23 23:58:32.311,democli00037,,cmuerhq5v0000ucvpy660gnw1
demofac00242,FAC-2025-0099,2025,2025-03-03 10:00:00,2025-04-17 10:00:00,PAYEE,,,3948.000,513.240,0.000,4461.240,4461.240,2025-03-03 10:00:00,2026-09-23 23:58:32.311,democli00059,,cmuerhq5v0000ucvpy660gnw1
demofac00243,FAC-2025-0100,2025,2025-03-03 10:00:00,2025-04-02 10:00:00,PAYEE,,,17062.000,3241.780,1.000,20304.780,20304.780,2025-03-03 10:00:00,2026-09-23 23:58:32.311,democli00051,demodev00081,cmuerhq5v0000ucvpy660gnw1
demofac00244,FAC-2025-0101,2025,2025-03-04 10:00:00,2025-04-18 10:00:00,PAYEE,,,15114.000,2871.660,1.000,17986.660,17986.660,2025-03-04 10:00:00,2026-09-23 23:58:32.311,democli00037,demodev00082,cmuerhq5v0000ucvpy660gnw1
demofac00245,FAC-2025-0102,2025,2025-03-04 10:00:00,2025-03-19 10:00:00,PAYEE,,,8840.000,1679.600,1.000,10520.600,10520.600,2025-03-04 10:00:00,2026-09-23 23:58:32.311,democli00009,demodev00083,cmuerhq5v0000ucvpy660gnw1
demofac00246,FAC-2025-0103,2025,2025-03-05 10:00:00,2025-04-04 10:00:00,PAYEE,,,27240.000,5175.600,1.000,32416.600,32416.600,2025-03-05 10:00:00,2026-09-23 23:58:32.311,democli00051,,cmuerhq5v0000ucvpy660gnw1
demofac00247,FAC-2025-0104,2025,2025-03-08 10:00:00,2025-05-07 10:00:00,PAYEE,,,22055.000,3929.450,1.000,25985.450,25985.450,2025-03-08 10:00:00,2026-09-23 23:58:32.311,democli00040,,cmuerhq5v0000ucvpy660gnw1
demofac00248,FAC-2025-0105,2025,2025-03-08 10:00:00,2025-04-22 10:00:00,PAYEE,,,3600.000,684.000,1.000,4285.000,4285.000,2025-03-08 10:00:00,2026-09-23 23:58:32.311,democli00017,,cmuerhq5v0000ucvpy660gnw1
demofac00249,FAC-2025-0106,2025,2025-03-08 10:00:00,2025-03-08 10:00:00,PAYEE,,,2922.400,442.936,1.000,3366.336,3366.336,2025-03-08 10:00:00,2026-09-23 23:58:32.311,democli00020,demodev00084,cmuerhq5v0000ucvpy660gnw1
demofac00250,FAC-2025-0107,2025,2025-03-09 10:00:00,2025-04-08 10:00:00,PAYEE,,,22219.000,4221.610,1.000,26441.610,26441.610,2025-03-09 10:00:00,2026-09-23 23:58:32.311,democli00011,demodev00085,cmuerhq5v0000ucvpy660gnw1
demofac00251,FAC-2025-0108,2025,2025-03-09 10:00:00,2025-04-08 10:00:00,PAYEE,,,4225.200,802.788,1.000,5028.988,5028.988,2025-03-09 10:00:00,2026-09-23 23:58:32.311,democli00048,,cmuerhq5v0000ucvpy660gnw1
demofac00252,FAC-2025-0109,2025,2025-03-10 10:00:00,2025-04-09 10:00:00,PAYEE,,,14248.000,2193.040,1.000,16442.040,16442.040,2025-03-10 10:00:00,2026-09-23 23:58:32.311,democli00026,,cmuerhq5v0000ucvpy660gnw1
demofac00253,FAC-2025-0110,2025,2025-03-11 10:00:00,2025-04-10 10:00:00,ANNULEE,,,17450.000,3315.500,1.000,20766.500,0.000,2025-03-11 10:00:00,2026-09-23 23:58:32.311,democli00030,,cmuerhq5v0000ucvpy660gnw1
demofac00254,FAC-2025-0111,2025,2025-03-11 10:00:00,2025-03-26 10:00:00,PAYEE,,,8383.400,1592.846,0.000,9976.246,9976.246,2025-03-11 10:00:00,2026-09-23 23:58:32.311,democli00025,,cmuerhq5v0000ucvpy660gnw1
demofac00255,FAC-2025-0112,2025,2025-03-12 10:00:00,2025-04-26 10:00:00,ANNULEE,,,420.000,29.400,1.000,450.400,0.000,2025-03-12 10:00:00,2026-09-23 23:58:32.311,democli00059,demodev00086,cmuerhq5v0000ucvpy660gnw1
demofac00256,FAC-2025-0113,2025,2025-03-12 10:00:00,2025-03-27 10:00:00,PAYEE,,,33409.920,4343.290,1.000,37754.210,37754.210,2025-03-12 10:00:00,2026-09-23 23:58:32.311,democli00039,,cmuerhq5v0000ucvpy660gnw1
demofac00257,FAC-2025-0114,2025,2025-03-12 10:00:00,2025-04-11 10:00:00,PAYEE,,,3090.000,252.300,1.000,3343.300,3343.300,2025-03-12 10:00:00,2026-09-23 23:58:32.311,democli00053,demodev00087,cmuerhq5v0000ucvpy660gnw1
demofac00258,FAC-2025-0115,2025,2025-03-14 10:00:00,2025-03-14 10:00:00,PAYEE,,,8290.000,1575.100,1.000,9866.100,9866.100,2025-03-14 10:00:00,2026-09-23 23:58:32.311,democli00042,,cmuerhq5v0000ucvpy660gnw1
demofac00259,FAC-2025-0116,2025,2025-03-15 10:00:00,2025-04-29 10:00:00,PAYEE,,,14400.000,2736.000,1.000,17137.000,17137.000,2025-03-15 10:00:00,2026-09-23 23:58:32.311,democli00041,,cmuerhq5v0000ucvpy660gnw1
demofac00260,FAC-2025-0117,2025,2025-03-15 10:00:00,2025-04-14 10:00:00,PAYEE,,,8300.000,1577.000,1.000,9878.000,9878.000,2025-03-15 10:00:00,2026-09-23 23:58:32.311,democli00057,demodev00088,cmuerhq5v0000ucvpy660gnw1
demofac00261,FAC-2025-0118,2025,2025-03-15 10:00:00,2025-04-29 10:00:00,PAYEE,,,32286.000,6134.340,1.000,38421.340,38421.340,2025-03-15 10:00:00,2026-09-23 23:58:32.311,democli00037,,cmuerhq5v0000ucvpy660gnw1
demofac00262,FAC-2025-0119,2025,2025-03-16 10:00:00,2025-04-15 10:00:00,PAYEE,,,4670.000,887.300,1.000,5558.300,5558.300,2025-03-16 10:00:00,2026-09-23 23:58:32.311,democli00006,demodev00089,cmuerhq5v0000ucvpy660gnw1
demofac00263,FAC-2025-0120,2025,2025-03-19 10:00:00,2025-04-18 10:00:00,PAYEE,,,1813.500,344.565,1.000,2159.065,2159.065,2025-03-19 10:00:00,2026-09-23 23:58:32.311,democli00006,,cmuerhq5v0000ucvpy660gnw1
demofac00264,FAC-2025-0121,2025,2025-03-19 10:00:00,2025-04-18 10:00:00,PAYEE,,,8120.000,1542.800,1.000,9663.800,9663.800,2025-03-19 10:00:00,2026-09-23 23:58:32.311,democli00049,demodev00090,cmuerhq5v0000ucvpy660gnw1
demofac00265,FAC-2025-0122,2025,2025-03-20 10:00:00,2025-03-20 10:00:00,PAYEE,,,1800.000,342.000,1.000,2143.000,2143.000,2025-03-20 10:00:00,2026-09-23 23:58:32.311,democli00020,,cmuerhq5v0000ucvpy660gnw1
demofac00266,FAC-2025-0123,2025,2025-03-20 10:00:00,2025-04-19 10:00:00,PAYEE,,,369.750,70.253,1.000,441.003,441.003,2025-03-20 10:00:00,2026-09-23 23:58:32.311,democli00028,,cmuerhq5v0000ucvpy660gnw1
demofac00267,FAC-2025-0124,2025,2025-03-22 10:00:00,2025-05-06 10:00:00,PAYEE,,,12000.000,2280.000,1.000,14281.000,14281.000,2025-03-22 10:00:00,2026-09-23 23:58:32.311,democli00027,,cmuerhq5v0000ucvpy660gnw1
demofac00268,FAC-2025-0125,2025,2025-03-22 10:00:00,2025-04-06 10:00:00,PAYEE,,,2550.000,484.500,1.000,3035.500,3035.500,2025-03-22 10:00:00,2026-09-23 23:58:32.311,democli00031,,cmuerhq5v0000ucvpy660gnw1
demofac00269,FAC-2025-0126,2025,2025-03-23 10:00:00,2025-04-22 10:00:00,PAYEE,,,8721.000,1133.730,1.000,9855.730,9855.730,2025-03-23 10:00:00,2026-09-23 23:58:32.311,democli00026,,cmuerhq5v0000ucvpy660gnw1
demofac00270,FAC-2025-0127,2025,2025-03-23 10:00:00,2025-04-22 10:00:00,PAYEE,,,26410.000,5017.900,0.000,31427.900,31427.900,2025-03-23 10:00:00,2026-09-23 23:58:32.311,democli00034,demodev00091,cmuerhq5v0000ucvpy660gnw1
demofac00271,FAC-2025-0128,2025,2025-03-24 10:00:00,2025-05-08 10:00:00,PAYEE,,,9940.000,1888.600,1.000,11829.600,11829.600,2025-03-24 10:00:00,2026-09-23 23:58:32.311,democli00038,,cmuerhq5v0000ucvpy660gnw1
demofac00272,FAC-2025-0129,2025,2025-03-24 10:00:00,2025-05-23 10:00:00,ANNULEE,,,1950.000,370.500,1.000,2321.500,0.000,2025-03-24 10:00:00,2026-09-23 23:58:32.311,democli00040,,cmuerhq5v0000ucvpy660gnw1
demofac00273,FAC-2025-0130,2025,2025-03-25 10:00:00,2025-05-09 10:00:00,PAYEE,,,1189.700,226.043,1.000,1416.743,1416.743,2025-03-25 10:00:00,2026-09-23 23:58:32.311,democli00059,,cmuerhq5v0000ucvpy660gnw1
demofac00274,FAC-2025-0131,2025,2025-03-25 10:00:00,2025-04-09 10:00:00,PAYEE,,,12353.400,2347.146,1.000,14701.546,14701.546,2025-03-25 10:00:00,2026-09-23 23:58:32.311,democli00014,demodev00092,cmuerhq5v0000ucvpy660gnw1
demofac00275,FAC-2025-0132,2025,2025-03-26 10:00:00,2025-05-10 10:00:00,PAYEE,,,4015.000,762.850,1.000,4778.850,4778.850,2025-03-26 10:00:00,2026-09-23 23:58:32.311,democli00059,demodev00093,cmuerhq5v0000ucvpy660gnw1
demofac00276,FAC-2025-0133,2025,2025-03-26 10:00:00,2025-03-26 10:00:00,PAYEE,,,3160.000,600.400,1.000,3761.400,3761.400,2025-03-26 10:00:00,2026-09-23 23:58:32.311,democli00042,demodev00094,cmuerhq5v0000ucvpy660gnw1
demofac00277,FAC-2025-0134,2025,2025-03-26 10:00:00,2025-03-26 10:00:00,PAYEE,,,12719.200,2416.648,0.000,15135.848,15135.848,2025-03-26 10:00:00,2026-09-23 23:58:32.311,democli00056,,cmuerhq5v0000ucvpy660gnw1
demofac00278,FAC-2025-0135,2025,2025-03-26 10:00:00,2025-04-25 10:00:00,PAYEE,,,620.000,117.800,1.000,738.800,738.800,2025-03-26 10:00:00,2026-09-23 23:58:32.311,democli00006,,cmuerhq5v0000ucvpy660gnw1
demofac00279,FAC-2025-0136,2025,2025-03-27 10:00:00,2025-04-11 10:00:00,PAYEE,,,9955.000,1891.450,1.000,11847.450,11847.450,2025-03-27 10:00:00,2026-09-23 23:58:32.311,democli00055,,cmuerhq5v0000ucvpy660gnw1
demofac00280,FAC-2025-0137,2025,2025-03-27 10:00:00,2025-04-26 10:00:00,PAYEE,,,2016.000,383.040,1.000,2400.040,2400.040,2025-03-27 10:00:00,2026-09-23 23:58:32.311,democli00018,demodev00095,cmuerhq5v0000ucvpy660gnw1
demofac00281,FAC-2025-0138,2025,2025-03-27 10:00:00,2025-04-26 10:00:00,PAYEE,,,380.000,72.200,1.000,453.200,453.200,2025-03-27 10:00:00,2026-09-23 23:58:32.311,democli00015,,cmuerhq5v0000ucvpy660gnw1
demofac00282,FAC-2025-0139,2025,2025-03-27 10:00:00,2025-04-26 10:00:00,PAYEE,,,9850.000,1871.500,1.000,11722.500,11722.500,2025-03-27 10:00:00,2026-09-23 23:58:32.311,democli00053,,cmuerhq5v0000ucvpy660gnw1
demofac00283,FAC-2025-0140,2025,2025-03-28 10:00:00,2025-04-27 10:00:00,PAYEE,,,1140.000,216.600,1.000,1357.600,1357.600,2025-03-28 10:00:00,2026-09-23 23:58:32.311,democli00032,,cmuerhq5v0000ucvpy660gnw1
demofac00284,FAC-2025-0141,2025,2025-03-28 10:00:00,2025-05-12 10:00:00,PAYEE,,,1890.000,132.300,1.000,2023.300,2023.300,2025-03-28 10:00:00,2026-09-23 23:58:32.311,democli00054,demodev00096,cmuerhq5v0000ucvpy660gnw1
demofac00285,FAC-2025-0142,2025,2025-03-28 10:00:00,2025-05-12 10:00:00,PAYEE,,,5916.000,769.080,1.000,6686.080,6686.080,2025-03-28 10:00:00,2026-09-23 23:58:32.311,democli00059,demodev00097,cmuerhq5v0000ucvpy660gnw1
demofac00286,FAC-2025-0143,2025,2025-03-28 10:00:00,2025-04-27 10:00:00,PAYEE,,,950.000,180.500,1.000,1131.500,1131.500,2025-03-28 10:00:00,2026-09-23 23:58:32.311,democli00011,,cmuerhq5v0000ucvpy660gnw1
demofac00287,FAC-2025-0144,2025,2025-03-29 10:00:00,2025-04-28 10:00:00,PAYEE,,,2870.000,545.300,1.000,3416.300,3416.300,2025-03-29 10:00:00,2026-09-23 23:58:32.311,democli00021,,cmuerhq5v0000ucvpy660gnw1
demofac00288,FAC-2025-0145,2025,2025-03-30 10:00:00,2025-05-29 10:00:00,PAYEE,,,9375.000,656.250,0.000,10031.250,10031.250,2025-03-30 10:00:00,2026-09-23 23:58:32.311,democli00019,demodev00098,cmuerhq5v0000ucvpy660gnw1
demofac00289,FAC-2025-0146,2025,2025-03-31 10:00:00,2025-05-15 10:00:00,PAYEE,,,3087.000,493.290,1.000,3581.290,3581.290,2025-03-31 10:00:00,2026-09-23 23:58:32.311,democli00059,,cmuerhq5v0000ucvpy660gnw1
demofac00290,FAC-2025-0147,2025,2025-04-01 10:00:00,2025-05-01 10:00:00,PAYEE,,,6266.750,590.203,1.000,6857.953,6857.953,2025-04-01 10:00:00,2026-09-23 23:58:32.311,democli00053,demodev00099,cmuerhq5v0000ucvpy660gnw1
demofac00291,FAC-2025-0148,2025,2025-04-02 10:00:00,2025-05-02 10:00:00,PAYEE,,,7270.000,1381.300,1.000,8652.300,8652.300,2025-04-02 10:00:00,2026-09-23 23:58:32.311,democli00021,,cmuerhq5v0000ucvpy660gnw1
demofac00292,FAC-2025-0149,2025,2025-04-02 10:00:00,2025-06-01 10:00:00,PAYEE,,,20580.000,3910.200,1.000,24491.200,24491.200,2025-04-02 10:00:00,2026-09-23 23:58:32.311,democli00046,,cmuerhq5v0000ucvpy660gnw1
demofac00293,FAC-2025-0150,2025,2025-04-03 10:00:00,2025-05-03 10:00:00,PAYEE,,,2538.900,482.391,1.000,3022.291,3022.291,2025-04-03 10:00:00,2026-09-23 23:58:32.311,democli00057,demodev00100,cmuerhq5v0000ucvpy660gnw1
demofac00294,FAC-2025-0151,2025,2025-04-03 10:00:00,2025-04-03 10:00:00,PAYEE,,,17197.200,3267.468,1.000,20465.668,20465.668,2025-04-03 10:00:00,2026-09-23 23:58:32.311,democli00047,demodev00101,cmuerhq5v0000ucvpy660gnw1
demofac00295,FAC-2025-0152,2025,2025-04-05 10:00:00,2025-04-20 10:00:00,PAYEE,,,1206.000,84.420,1.000,1291.420,1291.420,2025-04-05 10:00:00,2026-09-23 23:58:32.311,democli00016,demodev00102,cmuerhq5v0000ucvpy660gnw1
demofac00296,FAC-2025-0153,2025,2025-04-06 10:00:00,2025-06-05 10:00:00,PAYEE,,,5577.500,1059.725,0.000,6637.225,6637.225,2025-04-06 10:00:00,2026-09-23 23:58:32.311,democli00033,,cmuerhq5v0000ucvpy660gnw1
demofac00297,FAC-2025-0154,2025,2025-04-06 10:00:00,,PAYEE,,,3430.500,651.795,1.000,4083.295,4083.295,2025-04-06 10:00:00,2026-09-23 23:58:32.311,democli00033,,cmuerhq5v0000ucvpy660gnw1
demofac00298,FAC-2025-0155,2025,2025-04-06 10:00:00,2025-05-21 10:00:00,PAYEE,,,3145.000,597.550,1.000,3743.550,3743.550,2025-04-06 10:00:00,2026-09-23 23:58:32.311,democli00059,,cmuerhq5v0000ucvpy660gnw1
demofac00299,FAC-2025-0156,2025,2025-04-07 10:00:00,2025-05-22 10:00:00,PAYEE,,,420.000,29.400,1.000,450.400,450.400,2025-04-07 10:00:00,2026-09-23 23:58:32.311,democli00052,,cmuerhq5v0000ucvpy660gnw1
demofac00300,FAC-2025-0157,2025,2025-04-08 10:00:00,2025-05-08 10:00:00,PAYEE,,,2449.500,465.405,0.000,2914.905,2914.905,2025-04-08 10:00:00,2026-09-23 23:58:32.311,democli00006,,cmuerhq5v0000ucvpy660gnw1
demofac00301,FAC-2025-0158,2025,2025-04-09 10:00:00,2025-05-24 10:00:00,PAYEE,,,6128.000,874.640,0.000,7002.640,7002.640,2025-04-09 10:00:00,2026-09-23 23:58:32.311,democli00059,demodev00103,cmuerhq5v0000ucvpy660gnw1
demofac00302,FAC-2025-0159,2025,2025-04-10 10:00:00,2025-05-10 10:00:00,PAYEE,,,10202.000,1938.380,1.000,12141.380,12141.380,2025-04-10 10:00:00,2026-09-23 23:58:32.311,democli00058,demodev00104,cmuerhq5v0000ucvpy660gnw1
demofac00303,FAC-2025-0160,2025,2025-04-11 10:00:00,2025-05-11 10:00:00,PAYEE,,,4490.000,853.100,1.000,5344.100,5344.100,2025-04-11 10:00:00,2026-09-23 23:58:32.311,democli00050,,cmuerhq5v0000ucvpy660gnw1
demofac00304,FAC-2025-0161,2025,2025-04-11 10:00:00,2025-05-11 10:00:00,PAYEE,,,5670.000,1077.300,1.000,6748.300,6748.300,2025-04-11 10:00:00,2026-09-23 23:58:32.311,democli00006,demodev00105,cmuerhq5v0000ucvpy660gnw1
demofac00305,FAC-2025-0162,2025,2025-04-13 10:00:00,2025-04-28 10:00:00,PAYEE,,,755.000,98.450,1.000,854.450,854.450,2025-04-13 10:00:00,2026-09-23 23:58:32.311,democli00016,demodev00106,cmuerhq5v0000ucvpy660gnw1
demofac00306,FAC-2025-0163,2025,2025-04-15 10:00:00,2025-05-15 10:00:00,ENVOYEE,,,5666.000,1076.540,1.000,6743.540,0.000,2025-04-15 10:00:00,2026-09-23 23:58:32.311,democli00053,demodev00107,cmuerhq5v0000ucvpy660gnw1
demofac00307,FAC-2025-0164,2025,2025-04-17 10:00:00,2025-06-16 10:00:00,PAYEE,,,49200.000,8484.000,1.000,57685.000,57685.000,2025-04-17 10:00:00,2026-09-23 23:58:32.311,democli00019,,cmuerhq5v0000ucvpy660gnw1
demofac00308,FAC-2025-0165,2025,2025-04-17 10:00:00,2025-06-01 10:00:00,PAYEE,,,36474.000,5411.220,1.000,41886.220,41886.220,2025-04-17 10:00:00,2026-09-23 23:58:32.311,democli00004,demodev00108,cmuerhq5v0000ucvpy660gnw1
demofac00309,FAC-2025-0166,2025,2025-04-17 10:00:00,2025-05-02 10:00:00,PAYEE,,,2640.000,501.600,1.000,3142.600,3142.600,2025-04-17 10:00:00,2026-09-23 23:58:32.311,democli00025,,cmuerhq5v0000ucvpy660gnw1
demofac00310,FAC-2025-0167,2025,2025-04-17 10:00:00,2025-05-17 10:00:00,PAYEE,,,3200.000,608.000,1.000,3809.000,3809.000,2025-04-17 10:00:00,2026-09-23 23:58:32.311,democli00026,demodev00109,cmuerhq5v0000ucvpy660gnw1
demofac00311,FAC-2025-0168,2025,2025-04-17 10:00:00,2025-04-17 10:00:00,PAYEE,,,980.000,186.200,1.000,1167.200,1167.200,2025-04-17 10:00:00,2026-09-23 23:58:32.311,democli00042,,cmuerhq5v0000ucvpy660gnw1
demofac00312,FAC-2025-0169,2025,2025-04-18 10:00:00,2025-04-18 10:00:00,PAYEE,,,5169.500,982.205,1.000,6152.705,6152.705,2025-04-18 10:00:00,2026-09-23 23:58:32.311,democli00020,,cmuerhq5v0000ucvpy660gnw1
demofac00313,FAC-2025-0170,2025,2025-04-19 10:00:00,2025-06-18 10:00:00,PAYEE,,,33160.000,6300.400,1.000,39461.400,39461.400,2025-04-19 10:00:00,2026-09-23 23:58:32.311,democli00019,demodev00110,cmuerhq5v0000ucvpy660gnw1
demofac00314,FAC-2025-0171,2025,2025-04-20 10:00:00,2025-05-20 10:00:00,PAYEE,,,4559.000,866.210,1.000,5426.210,5426.210,2025-04-20 10:00:00,2026-09-23 23:58:32.311,democli00048,,cmuerhq5v0000ucvpy660gnw1
demofac00315,FAC-2025-0172,2025,2025-04-20 10:00:00,2025-05-20 10:00:00,PAYEE,,,7316.000,1390.040,1.000,8707.040,8707.040,2025-04-20 10:00:00,2026-09-23 23:58:32.311,democli00049,demodev00111,cmuerhq5v0000ucvpy660gnw1
demofac00316,FAC-2025-0173,2025,2025-04-20 10:00:00,2025-06-19 10:00:00,PAYEE,,,34212.000,6176.280,1.000,40389.280,40389.280,2025-04-20 10:00:00,2026-09-23 23:58:32.311,democli00019,,cmuerhq5v0000ucvpy660gnw1
demofac00317,FAC-2025-0174,2025,2025-04-21 10:00:00,2025-06-05 10:00:00,PAYEE,,,150.000,28.500,1.000,179.500,179.500,2025-04-21 10:00:00,2026-09-23 23:58:32.311,democli00060,,cmuerhq5v0000ucvpy660gnw1
demofac00318,FAC-2025-0175,2025,2025-04-21 10:00:00,2025-06-05 10:00:00,PAYEE,,,9264.000,922.080,1.000,10187.080,10187.080,2025-04-21 10:00:00,2026-09-23 23:58:32.311,democli00041,demodev00112,cmuerhq5v0000ucvpy660gnw1
demofac00319,FAC-2025-0176,2025,2025-04-21 10:00:00,2025-05-06 10:00:00,PAYEE,,,27126.000,4207.380,1.000,31334.380,31334.380,2025-04-21 10:00:00,2026-09-23 23:58:32.311,democli00039,demodev00113,cmuerhq5v0000ucvpy660gnw1
demofac00320,FAC-2025-0177,2025,2025-04-21 10:00:00,2025-06-05 10:00:00,PAYEE,,,4710.000,617.700,1.000,5328.700,5328.700,2025-04-21 10:00:00,2026-09-23 23:58:32.311,democli00041,,cmuerhq5v0000ucvpy660gnw1
demofac00321,FAC-2025-0178,2025,2025-04-23 10:00:00,2025-04-23 10:00:00,PAYEE,,,690.000,131.100,0.000,821.100,821.100,2025-04-23 10:00:00,2026-09-23 23:58:32.311,democli00042,,cmuerhq5v0000ucvpy660gnw1
demofac00322,FAC-2025-0179,2025,2025-04-24 10:00:00,2025-05-24 10:00:00,PAYEE,,,14400.000,2736.000,1.000,17137.000,17137.000,2025-04-24 10:00:00,2026-09-23 23:58:32.311,democli00011,,cmuerhq5v0000ucvpy660gnw1
demofac00323,FAC-2025-0180,2025,2025-04-25 10:00:00,2025-05-10 10:00:00,PAYEE,,,6240.000,908.400,1.000,7149.400,7149.400,2025-04-25 10:00:00,2026-09-23 23:58:32.311,democli00039,,cmuerhq5v0000ucvpy660gnw1
demofac00324,FAC-2025-0181,2025,2025-04-25 10:00:00,2025-05-10 10:00:00,PAYEE,,,7252.560,1177.279,1.000,8430.839,8430.839,2025-04-25 10:00:00,2026-09-23 23:58:32.311,democli00031,,cmuerhq5v0000ucvpy660gnw1
demofac00325,FAC-2025-0182,2025,2025-04-25 10:00:00,2025-06-09 10:00:00,PAYEE,,,21000.000,3990.000,1.000,24991.000,24991.000,2025-04-25 10:00:00,2026-09-23 23:58:32.311,democli00041,,cmuerhq5v0000ucvpy660gnw1
demofac00326,FAC-2025-0183,2025,2025-04-26 10:00:00,2025-06-10 10:00:00,PAYEE,,,21000.000,3990.000,1.000,24991.000,24991.000,2025-04-26 10:00:00,2026-09-23 23:58:32.311,democli00005,,cmuerhq5v0000ucvpy660gnw1
demofac00327,FAC-2025-0184,2025,2025-04-26 10:00:00,2025-05-26 10:00:00,PAYEE,,,1800.000,342.000,1.000,2143.000,2143.000,2025-04-26 10:00:00,2026-09-23 23:58:32.311,democli00021,,cmuerhq5v0000ucvpy660gnw1
demofac00328,FAC-2025-0185,2025,2025-04-28 10:00:00,2025-05-28 10:00:00,PAYEE,,,1311.000,249.090,1.000,1561.090,1561.090,2025-04-28 10:00:00,2026-09-23 23:58:32.311,democli00044,,cmuerhq5v0000ucvpy660gnw1
demofac00329,FAC-2025-0186,2025,2025-04-29 10:00:00,2025-05-29 10:00:00,PAYEE,,,13110.400,1964.452,1.000,15075.852,15075.852,2025-04-29 10:00:00,2026-09-23 23:58:32.311,democli00026,demodev00114,cmuerhq5v0000ucvpy660gnw1
demofac00330,FAC-2025-0187,2025,2025-04-29 10:00:00,2025-05-29 10:00:00,PAYEE,,,4500.000,855.000,1.000,5356.000,5356.000,2025-04-29 10:00:00,2026-09-23 23:58:32.311,democli00049,demodev00115,cmuerhq5v0000ucvpy660gnw1
demofac00331,FAC-2025-0188,2025,2025-04-30 10:00:00,2025-05-30 10:00:00,PAYEE,,,7920.000,1504.800,1.000,9425.800,9425.800,2025-04-30 10:00:00,2026-09-23 23:58:32.311,democli00032,,cmuerhq5v0000ucvpy660gnw1
demofac00332,FAC-2025-0189,2025,2025-04-30 10:00:00,2025-05-15 10:00:00,PAYEE,,,40544.000,5327.720,1.000,45872.720,45872.720,2025-04-30 10:00:00,2026-09-23 23:58:32.311,democli00039,,cmuerhq5v0000ucvpy660gnw1
demofac00333,FAC-2025-0190,2025,2025-04-30 10:00:00,2025-05-30 10:00:00,PAYEE,,,8540.000,1622.600,1.000,10163.600,10163.600,2025-04-30 10:00:00,2026-09-23 23:58:32.311,democli00049,,cmuerhq5v0000ucvpy660gnw1
demofac00334,FAC-2025-0191,2025,2025-04-30 10:00:00,2025-05-15 10:00:00,PAYEE,,,3002.000,570.380,1.000,3573.380,3573.380,2025-04-30 10:00:00,2026-09-23 23:58:32.311,democli00009,demodev00116,cmuerhq5v0000ucvpy660gnw1
demofac00335,FAC-2025-0192,2025,2025-05-01 10:00:00,2025-05-01 10:00:00,PAYEE,,,3040.000,577.600,1.000,3618.600,3618.600,2025-05-01 10:00:00,2026-09-23 23:58:32.311,democli00042,,cmuerhq5v0000ucvpy660gnw1
demofac00336,FAC-2025-0193,2025,2025-05-02 10:00:00,,PAYEE,,,6190.000,1176.100,1.000,7367.100,7367.100,2025-05-02 10:00:00,2026-09-23 23:58:32.311,democli00001,demodev00117,cmuerhq5v0000ucvpy660gnw1
demofac00337,FAC-2025-0194,2025,2025-05-02 10:00:00,2025-06-01 10:00:00,PAYEE,,,2622.000,498.180,1.000,3121.180,3121.180,2025-05-02 10:00:00,2026-09-23 23:58:32.311,democli00050,demodev00118,cmuerhq5v0000ucvpy660gnw1
demofac00338,FAC-2025-0195,2025,2025-05-02 10:00:00,2025-06-01 10:00:00,PAYEE,,,8970.000,1704.300,1.000,10675.300,10675.300,2025-05-02 10:00:00,2026-09-23 23:58:32.311,democli00032,,cmuerhq5v0000ucvpy660gnw1
demofac00339,FAC-2025-0196,2025,2025-05-03 10:00:00,2025-05-18 10:00:00,PAYEE,,,2494.000,473.860,1.000,2968.860,2968.860,2025-05-03 10:00:00,2026-09-23 23:58:32.311,democli00039,demodev00119,cmuerhq5v0000ucvpy660gnw1
demofac00340,FAC-2025-0197,2025,2025-05-03 10:00:00,2025-07-02 10:00:00,PAYEE,,,9600.000,1824.000,1.000,11425.000,11425.000,2025-05-03 10:00:00,2026-09-23 23:58:32.311,democli00046,,cmuerhq5v0000ucvpy660gnw1
demofac00341,FAC-2025-0198,2025,2025-05-03 10:00:00,2025-06-17 10:00:00,PAYEE,,,10800.000,2052.000,1.000,12853.000,12853.000,2025-05-03 10:00:00,2026-09-23 23:58:32.311,democli00037,,cmuerhq5v0000ucvpy660gnw1
demofac00342,FAC-2025-0199,2025,2025-05-04 10:00:00,2025-06-18 10:00:00,PAYEE,,,16800.000,2904.000,1.000,19705.000,19705.000,2025-05-04 10:00:00,2026-09-23 23:58:32.311,democli00041,demodev00120,cmuerhq5v0000ucvpy660gnw1
demofac00343,FAC-2025-0200,2025,2025-05-04 10:00:00,2025-07-03 10:00:00,PAYEE,,,7750.000,1472.500,1.000,9223.500,9223.500,2025-05-04 10:00:00,2026-09-23 23:58:32.311,democli00040,,cmuerhq5v0000ucvpy660gnw1
demofac00344,FAC-2025-0201,2025,2025-05-05 10:00:00,2025-06-19 10:00:00,PAYEE,,,18650.000,3543.500,1.000,22194.500,22194.500,2025-05-05 10:00:00,2026-09-23 23:58:32.311,democli00037,,cmuerhq5v0000ucvpy660gnw1
demofac00345,FAC-2025-0202,2025,2025-05-05 10:00:00,2025-05-20 10:00:00,PAYEE,,,950.000,180.500,1.000,1131.500,1131.500,2025-05-05 10:00:00,2026-09-23 23:58:32.311,democli00024,,cmuerhq5v0000ucvpy660gnw1
demofac00346,FAC-2025-0203,2025,2025-05-05 10:00:00,2025-07-04 10:00:00,PAYEE,,,2250.000,409.500,1.000,2660.500,2660.500,2025-05-05 10:00:00,2026-09-23 23:58:32.311,democli00019,,cmuerhq5v0000ucvpy660gnw1
demofac00347,FAC-2025-0204,2025,2025-05-05 10:00:00,2025-06-19 10:00:00,PAYEE,,,540.000,102.600,1.000,643.600,643.600,2025-05-05 10:00:00,2026-09-23 23:58:32.311,democli00059,demodev00121,cmuerhq5v0000ucvpy660gnw1
demofac00348,FAC-2025-0205,2025,2025-05-05 10:00:00,2025-05-05 10:00:00,PAYEE,,,760.000,144.400,1.000,905.400,905.400,2025-05-05 10:00:00,2026-09-23 23:58:32.311,democli00047,,cmuerhq5v0000ucvpy660gnw1
demofac00349,FAC-2025-0206,2025,2025-05-07 10:00:00,2025-06-06 10:00:00,PAYEE,,,6849.000,911.430,1.000,7761.430,7761.430,2025-05-07 10:00:00,2026-09-23 23:58:32.311,democli00053,,cmuerhq5v0000ucvpy660gnw1
demofac00350,FAC-2025-0207,2025,2025-05-07 10:00:00,2025-07-06 10:00:00,PAYEE,,,11370.000,1839.900,1.000,13210.900,13210.900,2025-05-07 10:00:00,2026-09-23 23:58:32.311,democli00019,demodev00122,cmuerhq5v0000ucvpy660gnw1
demofac00351,FAC-2025-0208,2025,2025-05-07 10:00:00,2025-06-06 10:00:00,PAYEE,,,6849.000,911.430,1.000,7761.430,7761.430,2025-05-07 10:00:00,2026-09-23 23:58:32.311,democli00053,,cmuerhq5v0000ucvpy660gnw1
demofac00352,FAC-2025-0209,2025,2025-05-08 10:00:00,2025-06-07 10:00:00,PAYEE,,,8797.500,1671.525,1.000,10470.025,10470.025,2025-05-08 10:00:00,2026-09-23 23:58:32.311,democli00032,,cmuerhq5v0000ucvpy660gnw1
demofac00353,FAC-2025-0210,2025,2025-05-09 10:00:00,2025-07-08 10:00:00,PAYEE,,,11600.000,2204.000,1.000,13805.000,13805.000,2025-05-09 10:00:00,2026-09-23 23:58:32.311,democli00019,,cmuerhq5v0000ucvpy660gnw1
demofac00354,FAC-2025-0211,2025,2025-05-10 10:00:00,2025-05-10 10:00:00,PAYEE,,,6556.500,1245.735,1.000,7803.235,7803.235,2025-05-10 10:00:00,2026-09-23 23:58:32.311,democli00042,demodev00123,cmuerhq5v0000ucvpy660gnw1
demofac00355,FAC-2025-0212,2025,2025-05-10 10:00:00,2025-05-25 10:00:00,PAYEE,,,3680.000,699.200,1.000,4380.200,4380.200,2025-05-10 10:00:00,2026-09-23 23:58:32.311,democli00055,,cmuerhq5v0000ucvpy660gnw1
demofac00356,FAC-2025-0213,2025,2025-05-11 10:00:00,2025-06-10 10:00:00,PAYEE,,,2040.000,387.600,1.000,2428.600,2428.600,2025-05-11 10:00:00,2026-09-23 23:58:32.311,democli00032,demodev00124,cmuerhq5v0000ucvpy660gnw1
demofac00357,FAC-2025-0214,2025,2025-05-11 10:00:00,2025-05-11 10:00:00,PAYEE,,,3892.400,739.556,1.000,4632.956,4632.956,2025-05-11 10:00:00,2026-09-23 23:58:32.311,democli00047,,cmuerhq5v0000ucvpy660gnw1
demofac00358,FAC-2025-0215,2025,2025-05-11 10:00:00,2025-06-25 10:00:00,PAYEE,,,10255.000,1948.450,1.000,12204.450,12204.450,2025-05-11 10:00:00,2026-09-23 23:58:32.311,democli00027,,cmuerhq5v0000ucvpy660gnw1
demofac00359,FAC-2025-0216,2025,2025-05-12 10:00:00,2025-06-11 10:00:00,PAYEE,,,15450.000,2935.500,1.000,18386.500,18386.500,2025-05-12 10:00:00,2026-09-23 23:58:32.311,democli00057,demodev00125,cmuerhq5v0000ucvpy660gnw1
demofac00360,FAC-2025-0217,2025,2025-05-13 10:00:00,2025-07-12 10:00:00,PAYEE,,,37600.000,6280.000,1.000,43881.000,43881.000,2025-05-13 10:00:00,2026-09-23 23:58:32.311,democli00019,,cmuerhq5v0000ucvpy660gnw1
demofac00361,FAC-2025-0218,2025,2025-05-14 10:00:00,2025-06-13 10:00:00,PAYEE,,,4012.000,521.560,1.000,4534.560,4534.560,2025-05-14 10:00:00,2026-09-23 23:58:32.311,democli00026,,cmuerhq5v0000ucvpy660gnw1
demofac00362,FAC-2025-0219,2025,2025-05-15 10:00:00,2025-07-14 10:00:00,PAYEE,,,600.000,174.000,1.000,775.000,775.000,2025-05-15 10:00:00,2026-09-23 23:58:32.311,democli00040,,cmuerhq5v0000ucvpy660gnw1
demofac00363,FAC-2025-0220,2025,2025-05-16 10:00:00,2025-06-30 10:00:00,PAYEE,,,1104.000,209.760,1.000,1314.760,1314.760,2025-05-16 10:00:00,2026-09-23 23:58:32.311,democli00059,,cmuerhq5v0000ucvpy660gnw1
demofac00364,FAC-2025-0221,2025,2025-05-17 10:00:00,2025-07-16 10:00:00,PAYEE,,,2761.000,524.590,1.000,3286.590,3286.590,2025-05-17 10:00:00,2026-09-23 23:58:32.311,democli00033,demodev00126,cmuerhq5v0000ucvpy660gnw1
demofac00365,FAC-2025-0222,2025,2025-05-19 10:00:00,2025-05-19 10:00:00,PAYEE,,,920.000,174.800,1.000,1095.800,1095.800,2025-05-19 10:00:00,2026-09-23 23:58:32.311,democli00042,,cmuerhq5v0000ucvpy660gnw1
demofac00366,FAC-2025-0223,2025,2025-05-19 10:00:00,2025-06-18 10:00:00,PAYEE,,,6390.000,1214.100,1.000,7605.100,7605.100,2025-05-19 10:00:00,2026-09-23 23:58:32.311,democli00012,demodev00127,cmuerhq5v0000ucvpy660gnw1
demofac00367,FAC-2025-0224,2025,2025-05-20 10:00:00,2025-06-19 10:00:00,PAYEE,,,4500.000,855.000,1.000,5356.000,5356.000,2025-05-20 10:00:00,2026-09-23 23:58:32.311,democli00049,,cmuerhq5v0000ucvpy660gnw1
demofac00368,FAC-2025-0225,2025,2025-05-22 10:00:00,2025-07-06 10:00:00,PAYEE,,,708.000,134.520,1.000,843.520,843.520,2025-05-22 10:00:00,2026-09-23 23:58:32.311,democli00052,demodev00128,cmuerhq5v0000ucvpy660gnw1
demofac00369,FAC-2025-0226,2025,2025-05-22 10:00:00,2025-06-21 10:00:00,PAYEE,,,361.000,68.590,1.000,430.590,430.590,2025-05-22 10:00:00,2026-09-23 23:58:32.311,democli00044,,cmuerhq5v0000ucvpy660gnw1
demofac00370,FAC-2025-0227,2025,2025-05-23 10:00:00,2025-06-22 10:00:00,PAYEE,,,8570.000,1628.300,1.000,10199.300,10199.300,2025-05-23 10:00:00,2026-09-23 23:58:32.311,democli00049,demodev00129,cmuerhq5v0000ucvpy660gnw1
demofac00371,FAC-2025-0228,2025,2025-05-24 10:00:00,2025-06-23 10:00:00,PAYEE,,,6525.000,1104.750,1.000,7630.750,7630.750,2025-05-24 10:00:00,2026-09-23 23:58:32.311,democli00051,,cmuerhq5v0000ucvpy660gnw1
demofac00372,FAC-2025-0229,2025,2025-05-24 10:00:00,2025-07-08 10:00:00,PAYEE,,,2617.500,497.325,1.000,3115.825,3115.825,2025-05-24 10:00:00,2026-09-23 23:58:32.311,democli00027,,cmuerhq5v0000ucvpy660gnw1
demofac00373,FAC-2025-0230,2025,2025-05-24 10:00:00,2025-07-08 10:00:00,PAYEE,,,19800.000,3762.000,1.000,23563.000,23563.000,2025-05-24 10:00:00,2026-09-23 23:58:32.311,democli00036,demodev00130,cmuerhq5v0000ucvpy660gnw1
demofac00374,FAC-2025-0231,2025,2025-05-25 10:00:00,2025-06-09 10:00:00,PAYEE,,,6015.000,1142.850,1.000,7158.850,7158.850,2025-05-25 10:00:00,2026-09-23 23:58:32.311,democli00024,,cmuerhq5v0000ucvpy660gnw1
demofac00375,FAC-2025-0232,2025,2025-05-26 10:00:00,2025-07-10 10:00:00,PAYEE,,,4775.000,907.250,1.000,5683.250,5683.250,2025-05-26 10:00:00,2026-09-23 23:58:32.311,democli00043,demodev00131,cmuerhq5v0000ucvpy660gnw1
demofac00376,FAC-2025-0233,2025,2025-05-26 10:00:00,2025-06-25 10:00:00,PAYEE,,,2640.000,501.600,1.000,3142.600,3142.600,2025-05-26 10:00:00,2026-09-23 23:58:32.311,democli00006,,cmuerhq5v0000ucvpy660gnw1
demofac00377,FAC-2025-0234,2025,2025-05-26 10:00:00,2025-06-25 10:00:00,PAYEE,,,620.000,117.800,1.000,738.800,738.800,2025-05-26 10:00:00,2026-09-23 23:58:32.311,democli00006,,cmuerhq5v0000ucvpy660gnw1
demofac00378,FAC-2025-0235,2025,2025-05-26 10:00:00,2025-06-10 10:00:00,PAYEE,,,5533.500,1051.365,1.000,6585.865,6585.865,2025-05-26 10:00:00,2026-09-23 23:58:32.311,democli00055,demodev00132,cmuerhq5v0000ucvpy660gnw1
demofac00379,FAC-2025-0236,2025,2025-05-27 10:00:00,2025-06-11 10:00:00,PAYEE,,,3200.000,608.000,1.000,3809.000,3809.000,2025-05-27 10:00:00,2026-09-23 23:58:32.311,democli00055,,cmuerhq5v0000ucvpy660gnw1
demofac00380,FAC-2025-0237,2025,2025-05-27 10:00:00,2025-06-26 10:00:00,PAYEE,,,12175.000,2313.250,1.000,14489.250,14489.250,2025-05-27 10:00:00,2026-09-23 23:58:32.311,democli00034,,cmuerhq5v0000ucvpy660gnw1
demofac00381,FAC-2025-0238,2025,2025-05-28 10:00:00,2025-07-12 10:00:00,PAYEE,,,8940.000,1597.800,1.000,10538.800,10538.800,2025-05-28 10:00:00,2026-09-23 23:58:32.311,democli00052,,cmuerhq5v0000ucvpy660gnw1
demofac00382,FAC-2025-0239,2025,2025-05-28 10:00:00,2025-07-12 10:00:00,PAYEE,,,19730.600,2655.374,0.000,22385.974,22385.974,2025-05-28 10:00:00,2026-09-23 23:58:32.311,democli00004,demodev00133,cmuerhq5v0000ucvpy660gnw1
demofac00383,FAC-2025-0240,2025,2025-05-30 10:00:00,2025-06-29 10:00:00,PAYEE,,,7060.000,1341.400,0.000,8401.400,8401.400,2025-05-30 10:00:00,2026-09-23 23:58:32.311,democli00030,demodev00134,cmuerhq5v0000ucvpy660gnw1
demofac00384,FAC-2025-0241,2025,2025-05-30 10:00:00,2025-06-29 10:00:00,PAYEE,,,10590.000,2012.100,1.000,12603.100,12603.100,2025-05-30 10:00:00,2026-09-23 23:58:32.311,democli00030,demodev00135,cmuerhq5v0000ucvpy660gnw1
demofac00385,FAC-2025-0242,2025,2025-05-30 10:00:00,2025-07-14 10:00:00,PAYEE,,,5800.000,1102.000,1.000,6903.000,6903.000,2025-05-30 10:00:00,2026-09-23 23:58:32.311,democli00038,,cmuerhq5v0000ucvpy660gnw1
demofac00386,FAC-2025-0243,2025,2025-05-31 10:00:00,2025-06-15 10:00:00,PAYEE,,,32358.000,5024.100,1.000,37383.100,37383.100,2025-05-31 10:00:00,2026-09-23 23:58:32.311,democli00039,demodev00136,cmuerhq5v0000ucvpy660gnw1
demofac00387,FAC-2025-0244,2025,2025-06-01 10:00:00,2025-07-31 10:00:00,PAYEE,,,3690.000,701.100,1.000,4392.100,4392.100,2025-06-01 10:00:00,2026-09-23 23:58:32.311,democli00010,,cmuerhq5v0000ucvpy660gnw1
demofac00388,FAC-2025-0245,2025,2025-06-01 10:00:00,2025-06-16 10:00:00,PAYEE,,,2434.000,394.420,1.000,2829.420,2829.420,2025-06-01 10:00:00,2026-09-23 23:58:32.311,democli00039,,cmuerhq5v0000ucvpy660gnw1
demofac00389,FAC-2025-0246,2025,2025-06-02 10:00:00,2025-07-02 10:00:00,PAYEE,,,5319.900,804.393,1.000,6125.293,6125.293,2025-06-02 10:00:00,2026-09-23 23:58:32.311,democli00044,demodev00137,cmuerhq5v0000ucvpy660gnw1
demofac00390,FAC-2025-0247,2025,2025-06-02 10:00:00,2025-07-02 10:00:00,PAYEE,,,6000.000,1140.000,1.000,7141.000,7141.000,2025-06-02 10:00:00,2026-09-23 23:58:32.311,democli00011,demodev00138,cmuerhq5v0000ucvpy660gnw1
demofac00391,FAC-2025-0248,2025,2025-06-02 10:00:00,2025-07-02 10:00:00,PAYEE,,,4495.000,854.050,1.000,5350.050,5350.050,2025-06-02 10:00:00,2026-09-23 23:58:32.311,democli00028,,cmuerhq5v0000ucvpy660gnw1
demofac00392,FAC-2025-0249,2025,2025-06-03 10:00:00,2025-07-03 10:00:00,PAYEE,,,7155.000,932.850,1.000,8088.850,8088.850,2025-06-03 10:00:00,2026-09-23 23:58:32.311,democli00018,,cmuerhq5v0000ucvpy660gnw1
demofac00393,FAC-2025-0250,2025,2025-06-03 10:00:00,2025-06-18 10:00:00,PAYEE,,,3998.800,759.772,1.000,4759.572,4759.572,2025-06-03 10:00:00,2026-09-23 23:58:32.311,democli00025,,cmuerhq5v0000ucvpy660gnw1
demofac00394,FAC-2025-0251,2025,2025-06-03 10:00:00,2025-06-18 10:00:00,PAYEE,,,3390.000,644.100,1.000,4035.100,4035.100,2025-06-03 10:00:00,2026-09-23 23:58:32.311,democli00031,demodev00139,cmuerhq5v0000ucvpy660gnw1
demofac00395,FAC-2025-0252,2025,2025-06-03 10:00:00,2025-06-18 10:00:00,PAYEE,,,4340.000,824.600,1.000,5165.600,5165.600,2025-06-03 10:00:00,2026-09-23 23:58:32.311,democli00025,demodev00140,cmuerhq5v0000ucvpy660gnw1
demofac00396,FAC-2025-0253,2025,2025-06-04 10:00:00,2025-07-19 10:00:00,PAYEE,,,570.000,108.300,1.000,679.300,679.300,2025-06-04 10:00:00,2026-09-23 23:58:32.311,democli00060,,cmuerhq5v0000ucvpy660gnw1
demofac00397,FAC-2025-0254,2025,2025-06-05 10:00:00,2025-08-04 10:00:00,ENVOYEE,,,4704.000,792.960,1.000,5497.960,0.000,2025-06-05 10:00:00,2026-09-23 23:58:32.311,democli00010,,cmuerhq5v0000ucvpy660gnw1
demofac00398,FAC-2025-0255,2025,2025-06-05 10:00:00,2025-07-20 10:00:00,PAYEE,,,9825.000,1713.750,1.000,11539.750,11539.750,2025-06-05 10:00:00,2026-09-23 23:58:32.311,democli00041,demodev00141,cmuerhq5v0000ucvpy660gnw1
demofac00399,FAC-2025-0256,2025,2025-06-06 10:00:00,2025-06-06 10:00:00,PAYEE,,,10480.000,1991.200,1.000,12472.200,12472.200,2025-06-06 10:00:00,2026-09-23 23:58:32.311,democli00042,,cmuerhq5v0000ucvpy660gnw1
demofac00400,FAC-2025-0257,2025,2025-06-06 10:00:00,2025-08-05 10:00:00,PAYEE,,,2550.000,178.500,1.000,2729.500,2729.500,2025-06-06 10:00:00,2026-09-23 23:58:32.311,democli00019,,cmuerhq5v0000ucvpy660gnw1
demofac00401,FAC-2025-0258,2025,2025-06-07 10:00:00,2025-07-07 10:00:00,PAYEE,,,7380.000,1402.200,1.000,8783.200,8783.200,2025-06-07 10:00:00,2026-09-23 23:58:32.311,democli00001,,cmuerhq5v0000ucvpy660gnw1
demofac00402,FAC-2025-0259,2025,2025-06-07 10:00:00,2025-06-22 10:00:00,PAYEE,,,1240.000,235.600,1.000,1476.600,1476.600,2025-06-07 10:00:00,2026-09-23 23:58:32.311,democli00024,demodev00142,cmuerhq5v0000ucvpy660gnw1
demofac00403,FAC-2025-0260,2025,2025-06-08 10:00:00,2025-07-08 10:00:00,PAYEE,,,1692.600,321.594,1.000,2015.194,2015.194,2025-06-08 10:00:00,2026-09-23 23:58:32.311,democli00002,,cmuerhq5v0000ucvpy660gnw1
demofac00404,FAC-2025-0261,2025,2025-06-08 10:00:00,2025-07-08 10:00:00,PAYEE,,,7600.000,1444.000,1.000,9045.000,9045.000,2025-06-08 10:00:00,2026-09-23 23:58:32.311,democli00011,,cmuerhq5v0000ucvpy660gnw1
demofac00405,FAC-2025-0262,2025,2025-06-08 10:00:00,2025-07-23 10:00:00,PAYEE,,,5070.000,786.900,1.000,5857.900,5857.900,2025-06-08 10:00:00,2026-09-23 23:58:32.311,democli00052,,cmuerhq5v0000ucvpy660gnw1
demofac00406,FAC-2025-0263,2025,2025-06-08 10:00:00,2025-08-07 10:00:00,PAYEE,,,23862.000,4173.780,1.000,28036.780,28036.780,2025-06-08 10:00:00,2026-09-23 23:58:32.311,democli00019,demodev00143,cmuerhq5v0000ucvpy660gnw1
demofac00407,FAC-2025-0264,2025,2025-06-08 10:00:00,2025-07-08 10:00:00,PAYEE,,,7510.000,1426.900,1.000,8937.900,8937.900,2025-06-08 10:00:00,2026-09-23 23:58:32.311,democli00011,demodev00144,cmuerhq5v0000ucvpy660gnw1
demofac00408,FAC-2025-0265,2025,2025-06-09 10:00:00,2025-06-24 10:00:00,PAYEE,,,4500.000,855.000,1.000,5356.000,5356.000,2025-06-09 10:00:00,2026-09-23 23:58:32.311,democli00031,demodev00145,cmuerhq5v0000ucvpy660gnw1
demofac00409,FAC-2025-0266,2025,2025-06-10 10:00:00,2025-07-25 10:00:00,PAYEE,,,3900.120,615.023,1.000,4516.143,4516.143,2025-06-10 10:00:00,2026-09-23 23:58:32.311,democli00054,,cmuerhq5v0000ucvpy660gnw1
demofac00410,FAC-2025-0267,2025,2025-06-10 10:00:00,2025-07-10 10:00:00,PAYEE,,,2475.000,470.250,1.000,2946.250,2946.250,2025-06-10 10:00:00,2026-09-23 23:58:32.311,democli00048,demodev00146,cmuerhq5v0000ucvpy660gnw1
demofac00411,FAC-2025-0268,2025,2025-06-12 10:00:00,2025-08-11 10:00:00,PAYEE,,,5328.500,1012.415,1.000,6341.915,6341.915,2025-06-12 10:00:00,2026-09-23 23:58:32.311,democli00013,,cmuerhq5v0000ucvpy660gnw1
demofac00412,FAC-2025-0269,2025,2025-06-13 10:00:00,2025-06-28 10:00:00,PAYEE,,,28532.000,3709.160,1.000,32242.160,32242.160,2025-06-13 10:00:00,2026-09-23 23:58:32.311,democli00039,demodev00147,cmuerhq5v0000ucvpy660gnw1
demofac00413,FAC-2025-0270,2025,2025-06-13 10:00:00,2025-07-13 10:00:00,PAYEE,,,1666.000,316.540,1.000,1983.540,1983.540,2025-06-13 10:00:00,2026-09-23 23:58:32.311,democli00050,demodev00148,cmuerhq5v0000ucvpy660gnw1
demofac00414,FAC-2025-0271,2025,2025-06-15 10:00:00,2025-07-15 10:00:00,PAYEE,,,1655.200,314.488,1.000,1970.688,1970.688,2025-06-15 10:00:00,2026-09-23 23:58:32.311,democli00048,,cmuerhq5v0000ucvpy660gnw1
demofac00415,FAC-2025-0272,2025,2025-06-15 10:00:00,2025-08-14 10:00:00,PAYEE,,,5100.000,969.000,1.000,6070.000,6070.000,2025-06-15 10:00:00,2026-09-23 23:58:32.311,democli00013,demodev00149,cmuerhq5v0000ucvpy660gnw1
demofac00416,FAC-2025-0273,2025,2025-06-16 10:00:00,2025-08-15 10:00:00,PAYEE,,,7200.000,504.000,1.000,7705.000,7705.000,2025-06-16 10:00:00,2026-09-23 23:58:32.311,democli00019,demodev00150,cmuerhq5v0000ucvpy660gnw1
demofac00417,FAC-2025-0274,2025,2025-06-16 10:00:00,2025-07-01 10:00:00,PAYEE,,,840.000,159.600,1.000,1000.600,1000.600,2025-06-16 10:00:00,2026-09-23 23:58:32.311,democli00025,demodev00151,cmuerhq5v0000ucvpy660gnw1
demofac00418,FAC-2025-0275,2025,2025-06-17 10:00:00,2025-07-17 10:00:00,PAYEE,,,13300.000,2527.000,0.000,15827.000,15827.000,2025-06-17 10:00:00,2026-09-23 23:58:32.311,democli00030,demodev00152,cmuerhq5v0000ucvpy660gnw1
demofac00419,FAC-2025-0276,2025,2025-06-17 10:00:00,2025-08-01 10:00:00,PAYEE,,,930.000,75.900,1.000,1006.900,1006.900,2025-06-17 10:00:00,2026-09-23 23:58:32.311,democli00043,demodev00153,cmuerhq5v0000ucvpy660gnw1
demofac00420,FAC-2025-0277,2025,2025-06-17 10:00:00,2025-07-02 10:00:00,PAYEE,,,940.000,135.400,1.000,1076.400,1076.400,2025-06-17 10:00:00,2026-09-23 23:58:32.311,democli00016,,cmuerhq5v0000ucvpy660gnw1
demofac00421,FAC-2025-0278,2025,2025-06-17 10:00:00,2025-08-01 10:00:00,PAYEE,,,17236.000,2588.680,1.000,19825.680,19825.680,2025-06-17 10:00:00,2026-09-23 23:58:32.311,democli00059,,cmuerhq5v0000ucvpy660gnw1
demofac00422,FAC-2025-0279,2025,2025-06-18 10:00:00,2025-08-17 10:00:00,PAYEE,,,7340.000,1034.600,1.000,8375.600,8375.600,2025-06-18 10:00:00,2026-09-23 23:58:32.311,democli00019,demodev00154,cmuerhq5v0000ucvpy660gnw1
demofac00423,FAC-2025-0280,2025,2025-06-18 10:00:00,2025-06-18 10:00:00,ANNULEE,,,816.000,155.040,1.000,972.040,0.000,2025-06-18 10:00:00,2026-09-23 23:58:32.311,democli00047,,cmuerhq5v0000ucvpy660gnw1
demofac00424,FAC-2025-0281,2025,2025-06-20 10:00:00,2025-06-20 10:00:00,PAYEE,,,6900.000,1311.000,1.000,8212.000,8212.000,2025-06-20 10:00:00,2026-09-23 23:58:32.311,democli00042,demodev00155,cmuerhq5v0000ucvpy660gnw1
demofac00425,FAC-2025-0282,2025,2025-06-20 10:00:00,2025-08-04 10:00:00,PAYEE,,,40485.000,7692.150,1.000,48178.150,48178.150,2025-06-20 10:00:00,2026-09-23 23:58:32.311,democli00054,demodev00156,cmuerhq5v0000ucvpy660gnw1
demofac00426,FAC-2025-0283,2025,2025-06-22 10:00:00,2025-07-22 10:00:00,PAYEE,,,510.000,96.900,1.000,607.900,607.900,2025-06-22 10:00:00,2026-09-23 23:58:32.311,democli00021,,cmuerhq5v0000ucvpy660gnw1
demofac00427,FAC-2025-0284,2025,2025-06-22 10:00:00,2025-07-07 10:00:00,PAYEE,,,8232.000,1070.160,1.000,9303.160,9303.160,2025-06-22 10:00:00,2026-09-23 23:58:32.311,democli00039,,cmuerhq5v0000ucvpy660gnw1
demofac00428,FAC-2025-0285,2025,2025-06-23 10:00:00,2025-06-23 10:00:00,PAYEE,,,442.000,83.980,1.000,526.980,526.980,2025-06-23 10:00:00,2026-09-23 23:58:32.311,democli00020,,cmuerhq5v0000ucvpy660gnw1
demofac00429,FAC-2025-0286,2025,2025-06-23 10:00:00,2025-07-23 10:00:00,PAYEE,,,1080.000,205.200,1.000,1286.200,1286.200,2025-06-23 10:00:00,2026-09-23 23:58:32.311,democli00028,,cmuerhq5v0000ucvpy660gnw1
demofac00430,FAC-2025-0287,2025,2025-06-24 10:00:00,2025-06-24 10:00:00,PAYEE,,,2038.600,387.334,1.000,2426.934,2426.934,2025-06-24 10:00:00,2026-09-23 23:58:32.311,democli00042,,cmuerhq5v0000ucvpy660gnw1
demofac00431,FAC-2025-0288,2025,2025-06-25 10:00:00,2025-06-25 10:00:00,PAYEE,,,2546.500,483.835,1.000,3031.335,3031.335,2025-06-25 10:00:00,2026-09-23 23:58:32.311,democli00042,,cmuerhq5v0000ucvpy660gnw1
demofac00432,FAC-2025-0289,2025,2025-06-27 10:00:00,2025-07-12 10:00:00,PAYEE,,,2250.000,427.500,0.000,2677.500,2677.500,2025-06-27 10:00:00,2026-09-23 23:58:32.311,democli00008,demodev00157,cmuerhq5v0000ucvpy660gnw1
demofac00433,FAC-2025-0290,2025,2025-06-28 10:00:00,2025-07-28 10:00:00,PAYEE,,,3906.000,742.140,1.000,4649.140,4649.140,2025-06-28 10:00:00,2026-09-23 23:58:32.311,democli00034,demodev00158,cmuerhq5v0000ucvpy660gnw1
demofac00434,FAC-2025-0291,2025,2025-06-29 10:00:00,2025-07-29 10:00:00,PAYEE,,,22441.500,4263.885,1.000,26706.385,26706.385,2025-06-29 10:00:00,2026-09-23 23:58:32.311,democli00030,demodev00159,cmuerhq5v0000ucvpy660gnw1
demofac00435,FAC-2025-0292,2025,2025-06-29 10:00:00,2025-08-13 10:00:00,PAYEE,,,9450.000,1590.300,1.000,11041.300,11041.300,2025-06-29 10:00:00,2026-09-23 23:58:32.311,democli00041,demodev00160,cmuerhq5v0000ucvpy660gnw1
demofac00436,FAC-2025-0293,2025,2025-06-30 10:00:00,2025-07-30 10:00:00,PAYEE,,,5140.000,976.600,1.000,6117.600,6117.600,2025-06-30 10:00:00,2026-09-23 23:58:32.311,democli00034,,cmuerhq5v0000ucvpy660gnw1
demofac00437,FAC-2025-0294,2025,2025-07-02 10:00:00,2025-08-31 10:00:00,PAYEE,,,26350.000,3980.500,1.000,30331.500,30331.500,2025-07-02 10:00:00,2026-09-23 23:58:32.311,democli00019,demodev00161,cmuerhq5v0000ucvpy660gnw1
demofac00438,FAC-2025-0295,2025,2025-07-02 10:00:00,2025-07-02 10:00:00,PAYEE,,,3520.000,668.800,1.000,4189.800,4189.800,2025-07-02 10:00:00,2026-09-23 23:58:32.311,democli00042,,cmuerhq5v0000ucvpy660gnw1
demofac00439,FAC-2025-0296,2025,2025-07-03 10:00:00,2025-08-17 10:00:00,PAYEE,,,11400.000,2166.000,1.000,13567.000,13567.000,2025-07-03 10:00:00,2026-09-23 23:58:32.311,democli00041,demodev00162,cmuerhq5v0000ucvpy660gnw1
demofac00440,FAC-2025-0297,2025,2025-07-03 10:00:00,2025-07-03 10:00:00,PAYEE,,,4650.000,883.500,1.000,5534.500,5534.500,2025-07-03 10:00:00,2026-09-23 23:58:32.311,democli00056,,cmuerhq5v0000ucvpy660gnw1
demofac00441,FAC-2025-0298,2025,2025-07-03 10:00:00,2025-08-02 10:00:00,PAYEE,,,12326.400,2342.016,1.000,14669.416,14669.416,2025-07-03 10:00:00,2026-09-23 23:58:32.311,democli00006,demodev00163,cmuerhq5v0000ucvpy660gnw1
demofac00442,FAC-2025-0299,2025,2025-07-04 10:00:00,2025-08-03 10:00:00,PAYEE,,,1368.000,259.920,1.000,1628.920,1628.920,2025-07-04 10:00:00,2026-09-23 23:58:32.311,democli00048,,cmuerhq5v0000ucvpy660gnw1
demofac00443,FAC-2025-0300,2025,2025-07-04 10:00:00,2025-09-02 10:00:00,PAYEE,,,2028.000,385.320,1.000,2414.320,2414.320,2025-07-04 10:00:00,2026-09-23 23:58:32.311,democli00040,demodev00164,cmuerhq5v0000ucvpy660gnw1
demofac00444,FAC-2025-0301,2025,2025-07-06 10:00:00,2025-07-06 10:00:00,ANNULEE,,,4860.000,923.400,1.000,5784.400,0.000,2025-07-06 10:00:00,2026-09-23 23:58:32.311,democli00047,demodev00165,cmuerhq5v0000ucvpy660gnw1
demofac00445,FAC-2025-0302,2025,2025-07-06 10:00:00,2025-07-06 10:00:00,PAYEE,,,3695.000,702.050,1.000,4398.050,4398.050,2025-07-06 10:00:00,2026-09-23 23:58:32.311,democli00047,,cmuerhq5v0000ucvpy660gnw1
demofac00446,FAC-2025-0303,2025,2025-07-08 10:00:00,2025-09-06 10:00:00,PAYEE,,,3600.000,684.000,1.000,4285.000,4285.000,2025-07-08 10:00:00,2026-09-23 23:58:32.311,democli00010,demodev00166,cmuerhq5v0000ucvpy660gnw1
demofac00447,FAC-2025-0304,2025,2025-07-08 10:00:00,2025-08-07 10:00:00,PAYEE,,,720.000,136.800,1.000,857.800,857.800,2025-07-08 10:00:00,2026-09-23 23:58:32.311,democli00002,demodev00167,cmuerhq5v0000ucvpy660gnw1
demofac00448,FAC-2025-0305,2025,2025-07-08 10:00:00,2025-07-08 10:00:00,PAYEE,,,1180.000,224.200,1.000,1405.200,1405.200,2025-07-08 10:00:00,2026-09-23 23:58:32.311,democli00020,,cmuerhq5v0000ucvpy660gnw1
demofac00449,FAC-2025-0306,2025,2025-07-09 10:00:00,2025-08-08 10:00:00,PAYEE,,,4360.000,828.400,1.000,5189.400,5189.400,2025-07-09 10:00:00,2026-09-23 23:58:32.311,democli00057,,cmuerhq5v0000ucvpy660gnw1
demofac00450,FAC-2025-0307,2025,2025-07-09 10:00:00,2025-09-07 10:00:00,PAYEE,,,2980.000,566.200,1.000,3547.200,3547.200,2025-07-09 10:00:00,2026-09-23 23:58:32.311,democli00040,,cmuerhq5v0000ucvpy660gnw1
demofac00451,FAC-2025-0308,2025,2025-07-09 10:00:00,2025-07-09 10:00:00,PAYEE,,,1460.000,277.400,1.000,1738.400,1738.400,2025-07-09 10:00:00,2026-09-23 23:58:32.311,democli00042,,cmuerhq5v0000ucvpy660gnw1
demofac00452,FAC-2025-0309,2025,2025-07-10 10:00:00,2025-08-09 10:00:00,PAYEE,,,18677.000,3548.630,1.000,22226.630,22226.630,2025-07-10 10:00:00,2026-09-23 23:58:32.311,democli00034,,cmuerhq5v0000ucvpy660gnw1
demofac00453,FAC-2025-0310,2025,2025-07-10 10:00:00,2025-08-09 10:00:00,PAYEE,,,2208.000,419.520,1.000,2628.520,2628.520,2025-07-10 10:00:00,2026-09-23 23:58:32.311,democli00015,,cmuerhq5v0000ucvpy660gnw1
demofac00454,FAC-2025-0311,2025,2025-07-10 10:00:00,2025-07-25 10:00:00,PAYEE,,,6200.000,1178.000,1.000,7379.000,7379.000,2025-07-10 10:00:00,2026-09-23 23:58:32.311,democli00055,,cmuerhq5v0000ucvpy660gnw1
demofac00455,FAC-2025-0312,2025,2025-07-13 10:00:00,2025-09-11 10:00:00,PAYEE,,,8175.500,1553.345,1.000,9729.845,9729.845,2025-07-13 10:00:00,2026-09-23 23:58:32.311,democli00033,,cmuerhq5v0000ucvpy660gnw1
demofac00456,FAC-2025-0313,2025,2025-07-13 10:00:00,2025-09-11 10:00:00,PAYEE,,,4408.000,837.520,1.000,5246.520,5246.520,2025-07-13 10:00:00,2026-09-23 23:58:32.311,democli00019,,cmuerhq5v0000ucvpy660gnw1
demofac00457,FAC-2025-0314,2025,2025-07-13 10:00:00,2025-08-12 10:00:00,PAYEE,,,2460.000,467.400,1.000,2928.400,2928.400,2025-07-13 10:00:00,2026-09-23 23:58:32.311,democli00015,,cmuerhq5v0000ucvpy660gnw1
demofac00458,FAC-2025-0315,2025,2025-07-14 10:00:00,2025-08-13 10:00:00,PAYEE,,,90.000,17.100,1.000,108.100,108.100,2025-07-14 10:00:00,2026-09-23 23:58:32.311,democli00034,,cmuerhq5v0000ucvpy660gnw1
demofac00459,FAC-2025-0316,2025,2025-07-14 10:00:00,2025-09-12 10:00:00,PAYEE,,,40165.000,5894.350,1.000,46060.350,46060.350,2025-07-14 10:00:00,2026-09-23 23:58:32.311,democli00019,,cmuerhq5v0000ucvpy660gnw1
demofac00460,FAC-2025-0317,2025,2025-07-14 10:00:00,,PAYEE,,,6529.500,1240.605,1.000,7771.105,7771.105,2025-07-14 10:00:00,2026-09-23 23:58:32.311,democli00027,,cmuerhq5v0000ucvpy660gnw1
demofac00461,FAC-2025-0318,2025,2025-07-15 10:00:00,2025-08-14 10:00:00,PAYEE,,,8250.000,1567.500,1.000,9818.500,9818.500,2025-07-15 10:00:00,2026-09-23 23:58:32.311,democli00030,demodev00168,cmuerhq5v0000ucvpy660gnw1
demofac00462,FAC-2025-0319,2025,2025-07-15 10:00:00,2025-08-29 10:00:00,PAYEE,,,7200.000,504.000,1.000,7705.000,7705.000,2025-07-15 10:00:00,2026-09-23 23:58:32.311,democli00041,demodev00169,cmuerhq5v0000ucvpy660gnw1
demofac00463,FAC-2025-0320,2025,2025-07-15 10:00:00,2025-08-14 10:00:00,PAYEE,,,11250.000,2137.500,1.000,13388.500,13388.500,2025-07-15 10:00:00,2026-09-23 23:58:32.311,democli00057,,cmuerhq5v0000ucvpy660gnw1
demofac00464,FAC-2025-0321,2025,2025-07-15 10:00:00,2025-07-30 10:00:00,PAYEE,,,1930.000,366.700,1.000,2297.700,2297.700,2025-07-15 10:00:00,2026-09-23 23:58:32.311,democli00031,demodev00170,cmuerhq5v0000ucvpy660gnw1
demofac00465,FAC-2025-0322,2025,2025-07-15 10:00:00,2025-07-15 10:00:00,PAYEE,,,300.000,57.000,1.000,358.000,358.000,2025-07-15 10:00:00,2026-09-23 23:58:32.311,democli00035,demodev00171,cmuerhq5v0000ucvpy660gnw1
demofac00466,FAC-2025-0323,2025,2025-07-17 10:00:00,2025-09-15 10:00:00,PAYEE,,,16422.000,3120.180,1.000,19543.180,19543.180,2025-07-17 10:00:00,2026-09-23 23:58:32.311,democli00013,,cmuerhq5v0000ucvpy660gnw1
demofac00467,FAC-2025-0324,2025,2025-07-19 10:00:00,2025-08-18 10:00:00,PAYEE,,,3240.000,615.600,1.000,3856.600,3856.600,2025-07-19 10:00:00,2026-09-23 23:58:32.311,democli00006,,cmuerhq5v0000ucvpy660gnw1
demofac00468,FAC-2025-0325,2025,2025-07-20 10:00:00,2025-08-19 10:00:00,PAYEE,,,3415.000,648.850,1.000,4064.850,4064.850,2025-07-20 10:00:00,2026-09-23 23:58:32.311,democli00002,demodev00172,cmuerhq5v0000ucvpy660gnw1
demofac00469,FAC-2025-0326,2025,2025-07-20 10:00:00,2025-09-03 10:00:00,PAYEE,,,1464.500,278.255,1.000,1743.755,1743.755,2025-07-20 10:00:00,2026-09-23 23:58:32.311,democli00054,,cmuerhq5v0000ucvpy660gnw1
demofac00470,FAC-2025-0327,2025,2025-07-20 10:00:00,2025-09-03 10:00:00,PAYEE,,,9400.000,1786.000,0.000,11186.000,11186.000,2025-07-20 10:00:00,2026-09-23 23:58:32.311,democli00027,demodev00173,cmuerhq5v0000ucvpy660gnw1
demofac00471,FAC-2025-0328,2025,2025-07-20 10:00:00,2025-08-19 10:00:00,PAYEE,,,3660.800,695.552,1.000,4357.352,4357.352,2025-07-20 10:00:00,2026-09-23 23:58:32.311,democli00026,demodev00174,cmuerhq5v0000ucvpy660gnw1
demofac00472,FAC-2025-0329,2025,2025-07-21 10:00:00,2025-09-04 10:00:00,PAYEE,,,30065.000,5712.350,1.000,35778.350,35778.350,2025-07-21 10:00:00,2026-09-23 23:58:32.311,democli00037,,cmuerhq5v0000ucvpy660gnw1
demofac00473,FAC-2025-0330,2025,2025-07-21 10:00:00,2025-08-05 10:00:00,PAYEE,,,1070.000,203.300,1.000,1274.300,1274.300,2025-07-21 10:00:00,2026-09-23 23:58:32.311,democli00025,demodev00175,cmuerhq5v0000ucvpy660gnw1
demofac00474,FAC-2025-0331,2025,2025-07-21 10:00:00,2025-08-20 10:00:00,PAYEE,,,2242.000,425.980,1.000,2668.980,2668.980,2025-07-21 10:00:00,2026-09-23 23:58:32.311,democli00050,,cmuerhq5v0000ucvpy660gnw1
demofac00475,FAC-2025-0332,2025,2025-07-21 10:00:00,2025-08-20 10:00:00,PAYEE,,,1620.000,307.800,1.000,1928.800,1928.800,2025-07-21 10:00:00,2026-09-23 23:58:32.311,democli00006,,cmuerhq5v0000ucvpy660gnw1
demofac00476,FAC-2025-0333,2025,2025-07-21 10:00:00,2025-08-20 10:00:00,PAYEE,,,855.500,162.545,1.000,1019.045,1019.045,2025-07-21 10:00:00,2026-09-23 23:58:32.311,democli00002,,cmuerhq5v0000ucvpy660gnw1
demofac00477,FAC-2025-0334,2025,2025-07-22 10:00:00,2025-07-22 10:00:00,PAYEE,,,843.400,160.246,1.000,1004.646,1004.646,2025-07-22 10:00:00,2026-09-23 23:58:32.311,democli00020,demodev00176,cmuerhq5v0000ucvpy660gnw1
demofac00478,FAC-2025-0335,2025,2025-07-24 10:00:00,2025-09-07 10:00:00,PAYEE,,,1279.200,154.344,1.000,1434.544,1434.544,2025-07-24 10:00:00,2026-09-23 23:58:32.311,democli00043,,cmuerhq5v0000ucvpy660gnw1
demofac00479,FAC-2025-0336,2025,2025-07-26 10:00:00,2025-08-10 10:00:00,PAYEE,,,15776.000,2050.880,0.000,17826.880,17826.880,2025-07-26 10:00:00,2026-09-23 23:58:32.311,democli00039,,cmuerhq5v0000ucvpy660gnw1
demofac00480,FAC-2025-0337,2025,2025-07-26 10:00:00,2025-09-09 10:00:00,PAYEE,,,4455.000,846.450,1.000,5302.450,5302.450,2025-07-26 10:00:00,2026-09-23 23:58:32.311,democli00054,demodev00177,cmuerhq5v0000ucvpy660gnw1
demofac00481,FAC-2025-0338,2025,2025-07-27 10:00:00,2025-09-25 10:00:00,PAYEE,,,57914.000,9874.700,1.000,67789.700,67789.700,2025-07-27 10:00:00,2026-09-23 23:58:32.311,democli00019,demodev00178,cmuerhq5v0000ucvpy660gnw1
demofac00482,FAC-2025-0339,2025,2025-07-27 10:00:00,2025-08-11 10:00:00,PAYEE,,,12920.000,1679.600,1.000,14600.600,14600.600,2025-07-27 10:00:00,2026-09-23 23:58:32.311,democli00039,,cmuerhq5v0000ucvpy660gnw1
demofac00483,FAC-2025-0340,2025,2025-07-28 10:00:00,2025-07-28 10:00:00,PAYEE,,,10712.000,2035.280,1.000,12748.280,12748.280,2025-07-28 10:00:00,2026-09-23 23:58:32.311,democli00042,,cmuerhq5v0000ucvpy660gnw1
demofac00484,FAC-2025-0341,2025,2025-07-28 10:00:00,2025-08-27 10:00:00,PAYEE,,,3600.000,684.000,1.000,4285.000,4285.000,2025-07-28 10:00:00,2026-09-23 23:58:32.311,democli00002,demodev00179,cmuerhq5v0000ucvpy660gnw1
demofac00485,FAC-2025-0342,2025,2025-07-28 10:00:00,,PAYEE,,,1080.000,205.200,1.000,1286.200,1286.200,2025-07-28 10:00:00,2026-09-23 23:58:32.311,democli00042,,cmuerhq5v0000ucvpy660gnw1
demofac00486,FAC-2025-0343,2025,2025-07-30 10:00:00,2025-08-29 10:00:00,ENVOYEE,,,1615.884,307.018,1.000,1923.902,0.000,2025-07-30 10:00:00,2026-09-23 23:58:32.311,democli00045,,cmuerhq5v0000ucvpy660gnw1
demofac00487,FAC-2025-0344,2025,2025-07-31 10:00:00,2025-07-31 10:00:00,PAYEE,,,1038.700,197.353,1.000,1237.053,1237.053,2025-07-31 10:00:00,2026-09-23 23:58:32.311,democli00047,,cmuerhq5v0000ucvpy660gnw1
demofac00488,FAC-2025-0345,2025,2025-07-31 10:00:00,2025-08-30 10:00:00,PAYEE,,,2700.000,513.000,1.000,3214.000,3214.000,2025-07-31 10:00:00,2026-09-23 23:58:32.311,democli00021,,cmuerhq5v0000ucvpy660gnw1
demofac00489,FAC-2025-0346,2025,2025-08-01 10:00:00,2025-09-15 10:00:00,PAYEE,,,3365.000,639.350,1.000,4005.350,4005.350,2025-08-01 10:00:00,2026-09-23 23:58:32.311,democli00038,,cmuerhq5v0000ucvpy660gnw1
demofac00490,FAC-2025-0347,2025,2025-08-01 10:00:00,2025-09-15 10:00:00,PAYEE,,,6340.000,1204.600,1.000,7545.600,7545.600,2025-08-01 10:00:00,2026-09-23 23:58:32.311,democli00038,,cmuerhq5v0000ucvpy660gnw1
demofac00491,FAC-2025-0348,2025,2025-08-02 10:00:00,2025-10-01 10:00:00,PAYEE,,,1260.000,239.400,1.000,1500.400,1500.400,2025-08-02 10:00:00,2026-09-23 23:58:32.311,democli00010,demodev00180,cmuerhq5v0000ucvpy660gnw1
demofac00492,FAC-2025-0349,2025,2025-08-03 10:00:00,2025-10-02 10:00:00,PAYEE,,,6981.000,488.670,1.000,7470.670,7470.670,2025-08-03 10:00:00,2026-09-23 23:58:32.311,democli00040,,cmuerhq5v0000ucvpy660gnw1
demofac00493,FAC-2025-0350,2025,2025-08-04 10:00:00,2025-08-04 10:00:00,PAYEE,,,3964.400,753.236,1.000,4718.636,4718.636,2025-08-04 10:00:00,2026-09-23 23:58:32.311,democli00042,demodev00181,cmuerhq5v0000ucvpy660gnw1
demofac00494,FAC-2025-0351,2025,2025-08-05 10:00:00,2025-08-05 10:00:00,PAYEE,,,2070.000,393.300,1.000,2464.300,2464.300,2025-08-05 10:00:00,2026-09-23 23:58:32.311,democli00042,,cmuerhq5v0000ucvpy660gnw1
demofac00495,FAC-2025-0352,2025,2025-08-07 10:00:00,2025-09-06 10:00:00,PAYEE,,,380.000,72.200,1.000,453.200,453.200,2025-08-07 10:00:00,2026-09-23 23:58:32.311,democli00053,,cmuerhq5v0000ucvpy660gnw1
demofac00496,FAC-2025-0353,2025,2025-08-08 10:00:00,2025-09-07 10:00:00,PAYEE,,,27888.000,5263.440,1.000,33152.440,33152.440,2025-08-08 10:00:00,2026-09-23 23:58:32.311,democli00030,,cmuerhq5v0000ucvpy660gnw1
demofac00497,FAC-2025-0354,2025,2025-08-08 10:00:00,2025-10-07 10:00:00,PAYEE,,,1260.000,239.400,1.000,1500.400,1500.400,2025-08-08 10:00:00,2026-09-23 23:58:32.311,democli00040,demodev00182,cmuerhq5v0000ucvpy660gnw1
demofac00498,FAC-2025-0355,2025,2025-08-08 10:00:00,2025-10-07 10:00:00,PAYEE,,,2695.200,512.088,1.000,3208.288,3208.288,2025-08-08 10:00:00,2026-09-23 23:58:32.311,democli00033,,cmuerhq5v0000ucvpy660gnw1
demofac00499,FAC-2025-0356,2025,2025-08-11 10:00:00,2025-10-10 10:00:00,PAYEE,,,49000.000,9310.000,1.000,58311.000,58311.000,2025-08-11 10:00:00,2026-09-23 23:58:32.311,democli00019,,cmuerhq5v0000ucvpy660gnw1
demofac00500,FAC-2025-0357,2025,2025-08-12 10:00:00,2025-09-26 10:00:00,PAYEE,,,41400.000,5382.000,1.000,46783.000,46783.000,2025-08-12 10:00:00,2026-09-23 23:58:32.311,democli00004,,cmuerhq5v0000ucvpy660gnw1
demofac00501,FAC-2025-0358,2025,2025-08-12 10:00:00,2025-08-27 10:00:00,PAYEE,,,3200.000,608.000,1.000,3809.000,3809.000,2025-08-12 10:00:00,2026-09-23 23:58:32.311,democli00025,demodev00183,cmuerhq5v0000ucvpy660gnw1
demofac00502,FAC-2025-0359,2025,2025-08-13 10:00:00,2025-10-12 10:00:00,PAYEE,,,5950.000,1130.500,1.000,7081.500,7081.500,2025-08-13 10:00:00,2026-09-23 23:58:32.311,democli00033,,cmuerhq5v0000ucvpy660gnw1
demofac00503,FAC-2025-0360,2025,2025-08-14 10:00:00,2025-09-28 10:00:00,PAYEE,,,1800.000,342.000,1.000,2143.000,2143.000,2025-08-14 10:00:00,2026-09-23 23:58:32.311,democli00041,demodev00184,cmuerhq5v0000ucvpy660gnw1
demofac00504,FAC-2025-0361,2025,2025-08-15 10:00:00,2025-10-14 10:00:00,PAYEE,,,9120.000,1732.800,1.000,10853.800,10853.800,2025-08-15 10:00:00,2026-09-23 23:58:32.311,democli00029,demodev00185,cmuerhq5v0000ucvpy660gnw1
demofac00505,FAC-2025-0362,2025,2025-08-17 10:00:00,2025-10-01 10:00:00,PAYEE,,,540.000,102.600,1.000,643.600,643.600,2025-08-17 10:00:00,2026-09-23 23:58:32.311,democli00043,,cmuerhq5v0000ucvpy660gnw1
demofac00506,FAC-2025-0363,2025,2025-08-17 10:00:00,2025-09-16 10:00:00,PAYEE,,,10005.000,1900.950,1.000,11906.950,11906.950,2025-08-17 10:00:00,2026-09-23 23:58:32.311,democli00001,demodev00186,cmuerhq5v0000ucvpy660gnw1
demofac00507,FAC-2025-0364,2025,2025-08-18 10:00:00,2025-10-02 10:00:00,PAYEE,,,29888.000,5678.720,1.000,35567.720,35567.720,2025-08-18 10:00:00,2026-09-23 23:58:32.311,democli00017,demodev00187,cmuerhq5v0000ucvpy660gnw1
demofac00508,FAC-2025-0365,2025,2025-08-19 10:00:00,2025-10-18 10:00:00,PAYEE,,,13065.000,2482.350,1.000,15548.350,15548.350,2025-08-19 10:00:00,2026-09-23 23:58:32.311,democli00029,,cmuerhq5v0000ucvpy660gnw1
demofac00509,FAC-2025-0366,2025,2025-08-19 10:00:00,2025-08-19 10:00:00,PAYEE,,,2798.600,531.734,1.000,3331.334,3331.334,2025-08-19 10:00:00,2026-09-23 23:58:32.311,democli00047,demodev00188,cmuerhq5v0000ucvpy660gnw1
demofac00510,FAC-2025-0367,2025,2025-08-19 10:00:00,2025-09-03 10:00:00,PAYEE,,,4900.000,931.000,1.000,5832.000,5832.000,2025-08-19 10:00:00,2026-09-23 23:58:32.311,democli00031,,cmuerhq5v0000ucvpy660gnw1
demofac00511,FAC-2025-0368,2025,2025-08-20 10:00:00,2025-09-19 10:00:00,PAYEE,,,2441.400,463.866,1.000,2906.266,2906.266,2025-08-20 10:00:00,2026-09-23 23:58:32.311,democli00044,demodev00189,cmuerhq5v0000ucvpy660gnw1
demofac00512,FAC-2025-0369,2025,2025-08-21 10:00:00,2025-09-05 10:00:00,PAYEE,,,4662.000,606.060,1.000,5269.060,5269.060,2025-08-21 10:00:00,2026-09-23 23:58:32.311,democli00039,demodev00190,cmuerhq5v0000ucvpy660gnw1
demofac00513,FAC-2025-0370,2025,2025-08-21 10:00:00,2025-10-05 10:00:00,PAYEE,,,2040.000,387.600,0.000,2427.600,2427.600,2025-08-21 10:00:00,2026-09-23 23:58:32.311,democli00027,,cmuerhq5v0000ucvpy660gnw1
demofac00514,FAC-2025-0371,2025,2025-08-21 10:00:00,2025-09-05 10:00:00,PAYEE,,,22665.800,2946.554,0.000,25612.354,25612.354,2025-08-21 10:00:00,2026-09-23 23:58:32.311,democli00039,,cmuerhq5v0000ucvpy660gnw1
demofac00515,FAC-2025-0372,2025,2025-08-24 10:00:00,2025-10-23 10:00:00,ENVOYEE,,,27100.000,5149.000,1.000,32250.000,0.000,2025-08-24 10:00:00,2026-09-23 23:58:32.311,democli00010,,cmuerhq5v0000ucvpy660gnw1
demofac00516,FAC-2025-0373,2025,2025-08-27 10:00:00,2025-10-11 10:00:00,PAYEE,,,15439.840,2078.570,1.000,17519.410,17519.410,2025-08-27 10:00:00,2026-09-23 23:58:32.311,democli00037,,cmuerhq5v0000ucvpy660gnw1
demofac00517,FAC-2025-0374,2025,2025-08-27 10:00:00,2025-08-27 10:00:00,PAYEE,,,7050.000,1339.500,1.000,8390.500,8390.500,2025-08-27 10:00:00,2026-09-23 23:58:32.311,democli00042,demodev00191,cmuerhq5v0000ucvpy660gnw1
demofac00518,FAC-2025-0375,2025,2025-08-28 10:00:00,2025-10-12 10:00:00,PAYEE,,,1089.000,206.910,1.000,1296.910,1296.910,2025-08-28 10:00:00,2026-09-23 23:58:32.311,democli00052,,cmuerhq5v0000ucvpy660gnw1
demofac00519,FAC-2025-0376,2025,2025-08-29 10:00:00,2025-09-28 10:00:00,PAYEE,,,6768.000,1285.920,1.000,8054.920,8054.920,2025-08-29 10:00:00,2026-09-23 23:58:32.311,democli00030,,cmuerhq5v0000ucvpy660gnw1
demofac00520,FAC-2025-0377,2025,2025-08-30 10:00:00,2025-10-14 10:00:00,PAYEE,,,8490.000,1613.100,1.000,10104.100,10104.100,2025-08-30 10:00:00,2026-09-23 23:58:32.311,democli00038,,cmuerhq5v0000ucvpy660gnw1
demofac00521,FAC-2025-0378,2025,2025-08-30 10:00:00,2025-09-14 10:00:00,PAYEE,,,5811.200,1104.128,1.000,6916.328,6916.328,2025-08-30 10:00:00,2026-09-23 23:58:32.311,democli00025,,cmuerhq5v0000ucvpy660gnw1
demofac00522,FAC-2025-0379,2025,2025-08-31 10:00:00,2025-10-15 10:00:00,PAYEE,,,2336.880,444.007,1.000,2781.887,2781.887,2025-08-31 10:00:00,2026-09-23 23:58:32.311,democli00052,,cmuerhq5v0000ucvpy660gnw1
demofac00523,FAC-2025-0380,2025,2025-08-31 10:00:00,2025-10-30 10:00:00,PAYEE,,,1373.600,260.984,1.000,1635.584,1635.584,2025-08-31 10:00:00,2026-09-23 23:58:32.311,democli00013,,cmuerhq5v0000ucvpy660gnw1
demofac00524,FAC-2025-0381,2025,2025-09-01 10:00:00,2025-09-01 10:00:00,PAYEE,,,2281.600,433.504,1.000,2716.104,2716.104,2025-09-01 10:00:00,2026-09-23 23:58:32.311,democli00042,demodev00192,cmuerhq5v0000ucvpy660gnw1
demofac00525,FAC-2025-0382,2025,2025-09-02 10:00:00,2025-09-02 10:00:00,PAYEE,,,300.000,57.000,1.000,358.000,358.000,2025-09-02 10:00:00,2026-09-23 23:58:32.311,democli00047,demodev00193,cmuerhq5v0000ucvpy660gnw1
demofac00526,FAC-2025-0383,2025,2025-09-02 10:00:00,2025-10-02 10:00:00,PAYEE,,,11675.000,2218.250,1.000,13894.250,13894.250,2025-09-02 10:00:00,2026-09-23 23:58:32.311,democli00002,demodev00194,cmuerhq5v0000ucvpy660gnw1
demofac00527,FAC-2025-0384,2025,2025-09-03 10:00:00,2025-10-18 10:00:00,PAYEE,,,2900.000,551.000,1.000,3452.000,3452.000,2025-09-03 10:00:00,2026-09-23 23:58:32.311,democli00041,,cmuerhq5v0000ucvpy660gnw1
demofac00528,FAC-2025-0385,2025,2025-09-04 10:00:00,2025-11-03 10:00:00,PAYEE,,,27660.000,3297.000,1.000,30958.000,30958.000,2025-09-04 10:00:00,2026-09-23 23:58:32.311,democli00019,demodev00195,cmuerhq5v0000ucvpy660gnw1
demofac00529,FAC-2025-0386,2025,2025-09-04 10:00:00,2025-11-03 10:00:00,PAYEE,,,5857.600,1112.944,1.000,6971.544,6971.544,2025-09-04 10:00:00,2026-09-23 23:58:32.311,democli00046,demodev00196,cmuerhq5v0000ucvpy660gnw1
demofac00530,FAC-2025-0387,2025,2025-09-04 10:00:00,2025-10-04 10:00:00,PAYEE,,,45.000,8.550,1.000,54.550,54.550,2025-09-04 10:00:00,2026-09-23 23:58:32.311,democli00049,,cmuerhq5v0000ucvpy660gnw1
demofac00531,FAC-2025-0388,2025,2025-09-05 10:00:00,2025-10-05 10:00:00,PAYEE,,,6152.000,1168.880,1.000,7321.880,7321.880,2025-09-05 10:00:00,2026-09-23 23:58:32.311,democli00049,demodev00197,cmuerhq5v0000ucvpy660gnw1
demofac00532,FAC-2025-0389,2025,2025-09-08 10:00:00,2025-10-08 10:00:00,PAYEE,,,13201.500,2508.285,1.000,15710.785,15710.785,2025-09-08 10:00:00,2026-09-23 23:58:32.311,democli00030,demodev00198,cmuerhq5v0000ucvpy660gnw1
demofac00533,FAC-2025-0390,2025,2025-09-09 10:00:00,2025-10-09 10:00:00,PAYEE,,,2475.200,321.776,1.000,2797.976,2797.976,2025-09-09 10:00:00,2026-09-23 23:58:32.311,democli00026,,cmuerhq5v0000ucvpy660gnw1
demofac00534,FAC-2025-0391,2025,2025-09-11 10:00:00,2025-10-11 10:00:00,PAYEE,,,8735.000,1659.650,1.000,10395.650,10395.650,2025-09-11 10:00:00,2026-09-23 23:58:32.311,democli00049,,cmuerhq5v0000ucvpy660gnw1
demofac00535,FAC-2025-0392,2025,2025-09-11 10:00:00,2025-10-11 10:00:00,PAYEE,,,7050.000,1339.500,0.000,8389.500,8389.500,2025-09-11 10:00:00,2026-09-23 23:58:32.311,democli00028,,cmuerhq5v0000ucvpy660gnw1
demofac00536,FAC-2025-0393,2025,2025-09-11 10:00:00,2025-11-10 10:00:00,PAYEE,,,6800.000,1292.000,1.000,8093.000,8093.000,2025-09-11 10:00:00,2026-09-23 23:58:32.311,democli00019,,cmuerhq5v0000ucvpy660gnw1
demofac00537,FAC-2025-0394,2025,2025-09-12 10:00:00,2025-11-11 10:00:00,PAYEE,,,8430.000,1601.700,1.000,10032.700,10032.700,2025-09-12 10:00:00,2026-09-23 23:58:32.311,democli00029,,cmuerhq5v0000ucvpy660gnw1
demofac00538,FAC-2025-0395,2025,2025-09-13 10:00:00,2025-10-13 10:00:00,PAYEE,,,380.000,72.200,1.000,453.200,453.200,2025-09-13 10:00:00,2026-09-23 23:58:32.311,democli00053,,cmuerhq5v0000ucvpy660gnw1
demofac00539,FAC-2025-0396,2025,2025-09-13 10:00:00,2025-10-28 10:00:00,PAYEE,,,37592.000,4886.960,1.000,42479.960,42479.960,2025-09-13 10:00:00,2026-09-23 23:58:32.311,democli00004,,cmuerhq5v0000ucvpy660gnw1
demofac00540,FAC-2025-0397,2025,2025-09-13 10:00:00,2025-10-28 10:00:00,PAYEE,,,6400.000,1216.000,0.000,7616.000,7616.000,2025-09-13 10:00:00,2026-09-23 23:58:32.311,democli00052,,cmuerhq5v0000ucvpy660gnw1
demofac00541,FAC-2025-0398,2025,2025-09-14 10:00:00,2025-10-29 10:00:00,PAYEE,,,4423.200,840.408,1.000,5264.608,5264.608,2025-09-14 10:00:00,2026-09-23 23:58:32.311,democli00005,,cmuerhq5v0000ucvpy660gnw1
demofac00542,FAC-2025-0399,2025,2025-09-15 10:00:00,2025-10-15 10:00:00,PAYEE,,,5710.000,1084.900,1.000,6795.900,6795.900,2025-09-15 10:00:00,2026-09-23 23:58:32.311,democli00011,,cmuerhq5v0000ucvpy660gnw1
demofac00543,FAC-2025-0400,2025,2025-09-16 10:00:00,2025-10-01 10:00:00,PAYEE,,,14008.000,1821.040,1.000,15830.040,15830.040,2025-09-16 10:00:00,2026-09-23 23:58:32.311,democli00039,,cmuerhq5v0000ucvpy660gnw1
demofac00544,FAC-2025-0401,2025,2025-09-17 10:00:00,2025-10-17 10:00:00,PAYEE,,,7053.040,1340.078,1.000,8394.118,8394.118,2025-09-17 10:00:00,2026-09-23 23:58:32.311,democli00006,,cmuerhq5v0000ucvpy660gnw1
demofac00545,FAC-2025-0402,2025,2025-09-18 10:00:00,2025-11-17 10:00:00,PAYEE,,,12125.000,1628.750,1.000,13754.750,13754.750,2025-09-18 10:00:00,2026-09-23 23:58:32.311,democli00019,,cmuerhq5v0000ucvpy660gnw1
demofac00546,FAC-2025-0403,2025,2025-09-19 10:00:00,2025-11-03 10:00:00,PAYEE,,,4560.000,866.400,1.000,5427.400,5427.400,2025-09-19 10:00:00,2026-09-23 23:58:32.311,democli00017,demodev00199,cmuerhq5v0000ucvpy660gnw1
demofac00547,FAC-2025-0404,2025,2025-09-19 10:00:00,2025-10-19 10:00:00,PAYEE,,,13155.200,2499.488,1.000,15655.688,15655.688,2025-09-19 10:00:00,2026-09-23 23:58:32.311,democli00032,,cmuerhq5v0000ucvpy660gnw1
demofac00548,FAC-2025-0405,2025,2025-09-19 10:00:00,2025-11-03 10:00:00,PAYEE,,,1350.000,94.500,1.000,1445.500,1445.500,2025-09-19 10:00:00,2026-09-23 23:58:32.311,democli00041,demodev00200,cmuerhq5v0000ucvpy660gnw1
demofac00549,FAC-2025-0406,2025,2025-09-20 10:00:00,2025-10-20 10:00:00,PAYEE,,,380.800,72.352,1.000,454.152,454.152,2025-09-20 10:00:00,2026-09-23 23:58:32.311,democli00002,,cmuerhq5v0000ucvpy660gnw1
demofac00550,FAC-2025-0407,2025,2025-09-21 10:00:00,2025-11-05 10:00:00,PAYEE,,,3366.000,437.580,1.000,3804.580,3804.580,2025-09-21 10:00:00,2026-09-23 23:58:32.311,democli00059,,cmuerhq5v0000ucvpy660gnw1
demofac00551,FAC-2025-0408,2025,2025-09-21 10:00:00,2025-10-21 10:00:00,PAYEE,,,15219.600,2891.724,1.000,18112.324,18112.324,2025-09-21 10:00:00,2026-09-23 23:58:32.311,democli00048,demodev00201,cmuerhq5v0000ucvpy660gnw1
demofac00552,FAC-2025-0409,2025,2025-09-21 10:00:00,2025-10-21 10:00:00,PAYEE,,,9348.000,1776.120,1.000,11125.120,11125.120,2025-09-21 10:00:00,2026-09-23 23:58:32.311,democli00034,,cmuerhq5v0000ucvpy660gnw1
demofac00553,FAC-2025-0410,2025,2025-09-21 10:00:00,2025-10-21 10:00:00,PAYEE,,,3600.000,684.000,1.000,4285.000,4285.000,2025-09-21 10:00:00,2026-09-23 23:58:32.311,democli00002,demodev00202,cmuerhq5v0000ucvpy660gnw1
demofac00554,FAC-2025-0411,2025,2025-09-21 10:00:00,2025-10-06 10:00:00,PAYEE,,,1840.000,349.600,1.000,2190.600,2190.600,2025-09-21 10:00:00,2026-09-23 23:58:32.311,democli00008,,cmuerhq5v0000ucvpy660gnw1
demofac00555,FAC-2025-0412,2025,2025-09-22 10:00:00,2025-11-06 10:00:00,PAYEE,,,9000.000,1710.000,1.000,10711.000,10711.000,2025-09-22 10:00:00,2026-09-23 23:58:32.311,democli00041,demodev00203,cmuerhq5v0000ucvpy660gnw1
demofac00556,FAC-2025-0413,2025,2025-09-22 10:00:00,2025-11-06 10:00:00,PAYEE,,,3168.000,601.920,1.000,3770.920,3770.920,2025-09-22 10:00:00,2026-09-23 23:58:32.311,democli00052,demodev00204,cmuerhq5v0000ucvpy660gnw1
demofac00557,FAC-2025-0414,2025,2025-09-23 10:00:00,2025-11-22 10:00:00,PAYEE,,,15810.000,3003.900,1.000,18814.900,18814.900,2025-09-23 10:00:00,2026-09-23 23:58:32.311,democli00019,demodev00205,cmuerhq5v0000ucvpy660gnw1
demofac00558,FAC-2025-0415,2025,2025-09-23 10:00:00,2025-10-23 10:00:00,PAYEE,,,12730.520,1828.968,1.000,14560.488,14560.488,2025-09-23 10:00:00,2026-09-23 23:58:32.311,democli00026,,cmuerhq5v0000ucvpy660gnw1
demofac00559,FAC-2025-0416,2025,2025-09-23 10:00:00,2025-11-22 10:00:00,PAYEE,,,1125.000,78.750,1.000,1204.750,1204.750,2025-09-23 10:00:00,2026-09-23 23:58:32.311,democli00040,demodev00206,cmuerhq5v0000ucvpy660gnw1
demofac00560,FAC-2025-0417,2025,2025-09-23 10:00:00,2025-10-23 10:00:00,PAYEE,,,9880.000,1877.200,1.000,11758.200,11758.200,2025-09-23 10:00:00,2026-09-23 23:58:32.311,democli00026,demodev00207,cmuerhq5v0000ucvpy660gnw1
demofac00561,FAC-2025-0418,2025,2025-09-23 10:00:00,2025-10-23 10:00:00,PAYEE,,,3600.000,684.000,1.000,4285.000,4285.000,2025-09-23 10:00:00,2026-09-23 23:58:32.311,democli00032,,cmuerhq5v0000ucvpy660gnw1
demofac00562,FAC-2025-0419,2025,2025-09-24 10:00:00,2025-11-08 10:00:00,PAYEE,,,540.000,102.600,1.000,643.600,643.600,2025-09-24 10:00:00,2026-09-23 23:58:32.311,democli00059,demodev00208,cmuerhq5v0000ucvpy660gnw1
demofac00563,FAC-2025-0420,2025,2025-09-24 10:00:00,2025-09-24 10:00:00,PAYEE,,,9846.800,1870.892,1.000,11718.692,11718.692,2025-09-24 10:00:00,2026-09-23 23:58:32.311,democli00047,,cmuerhq5v0000ucvpy660gnw1
demofac00564,FAC-2025-0421,2025,2025-09-24 10:00:00,2025-11-23 10:00:00,PAYEE,,,18600.000,3534.000,1.000,22135.000,22135.000,2025-09-24 10:00:00,2026-09-23 23:58:32.311,democli00019,demodev00209,cmuerhq5v0000ucvpy660gnw1
demofac00565,FAC-2025-0422,2025,2025-09-24 10:00:00,2025-10-09 10:00:00,PAYEE,,,6800.000,1292.000,1.000,8093.000,8093.000,2025-09-24 10:00:00,2026-09-23 23:58:32.311,democli00055,,cmuerhq5v0000ucvpy660gnw1
demofac00566,FAC-2025-0423,2025,2025-09-24 10:00:00,2025-11-08 10:00:00,PAYEE,,,27625.000,5248.750,1.000,32874.750,32874.750,2025-09-24 10:00:00,2026-09-23 23:58:32.311,democli00017,,cmuerhq5v0000ucvpy660gnw1
demofac00567,FAC-2025-0424,2025,2025-09-25 10:00:00,2025-11-09 10:00:00,PAYEE,,,11015.000,2092.850,1.000,13108.850,13108.850,2025-09-25 10:00:00,2026-09-23 23:58:32.311,democli00037,demodev00210,cmuerhq5v0000ucvpy660gnw1
demofac00568,FAC-2025-0425,2025,2025-09-26 10:00:00,2025-10-26 10:00:00,PAYEE,,,190.000,36.100,1.000,227.100,227.100,2025-09-26 10:00:00,2026-09-23 23:58:32.311,democli00044,demodev00211,cmuerhq5v0000ucvpy660gnw1
demofac00569,FAC-2025-0426,2025,2025-09-28 10:00:00,2025-09-28 10:00:00,PAYEE,,,7880.000,1497.200,1.000,9378.200,9378.200,2025-09-28 10:00:00,2026-09-23 23:58:32.311,democli00047,,cmuerhq5v0000ucvpy660gnw1
demofac00570,FAC-2025-0427,2025,2025-09-29 10:00:00,2025-10-29 10:00:00,PAYEE,,,2110.000,274.900,1.000,2385.900,2385.900,2025-09-29 10:00:00,2026-09-23 23:58:32.311,democli00044,,cmuerhq5v0000ucvpy660gnw1
demofac00571,FAC-2025-0428,2025,2025-09-30 10:00:00,2025-10-15 10:00:00,ANNULEE,,,211680.000,27518.400,1.000,239199.400,0.000,2025-09-30 10:00:00,2026-09-23 23:58:32.311,democli00022,,cmuerhq5v0000ucvpy660gnw1
demofac00572,FAC-2025-0429,2025,2025-09-30 10:00:00,2025-11-29 10:00:00,PAYEE,,,7308.800,1388.672,1.000,8698.472,8698.472,2025-09-30 10:00:00,2026-09-23 23:58:32.311,democli00010,demodev00212,cmuerhq5v0000ucvpy660gnw1
demofac00573,FAC-2025-0430,2025,2025-09-30 10:00:00,2025-10-30 10:00:00,PAYEE,,,3992.000,758.480,1.000,4751.480,4751.480,2025-09-30 10:00:00,2026-09-23 23:58:32.311,democli00053,,cmuerhq5v0000ucvpy660gnw1
demofac00574,FAC-2025-0431,2025,2025-10-01 10:00:00,2025-10-16 10:00:00,PAYEE,,,5826.000,1106.940,1.000,6933.940,6933.940,2025-10-01 10:00:00,2026-09-23 23:58:32.311,democli00025,demodev00213,cmuerhq5v0000ucvpy660gnw1
demofac00575,FAC-2025-0432,2025,2025-10-02 10:00:00,2025-10-17 10:00:00,PAYEE,,,6266.000,779.420,1.000,7046.420,7046.420,2025-10-02 10:00:00,2026-09-23 23:58:32.311,democli00031,,cmuerhq5v0000ucvpy660gnw1
demofac00576,FAC-2025-0433,2025,2025-10-02 10:00:00,2025-10-17 10:00:00,PAYEE,,,6962.000,1322.780,1.000,8285.780,8285.780,2025-10-02 10:00:00,2026-09-23 23:58:32.311,democli00008,,cmuerhq5v0000ucvpy660gnw1
demofac00577,FAC-2025-0434,2025,2025-10-02 10:00:00,2025-11-16 10:00:00,PAYEE,,,7813.500,1020.885,1.000,8835.385,8835.385,2025-10-02 10:00:00,2026-09-23 23:58:32.311,democli00059,,cmuerhq5v0000ucvpy660gnw1
demofac00578,FAC-2025-0435,2025,2025-10-03 10:00:00,2025-11-02 10:00:00,PAYEE,,,2040.000,387.600,1.000,2428.600,2428.600,2025-10-03 10:00:00,2026-09-23 23:58:32.311,democli00012,,cmuerhq5v0000ucvpy660gnw1
demofac00579,FAC-2025-0436,2025,2025-10-04 10:00:00,2025-11-18 10:00:00,PAYEE,,,1222.000,232.180,1.000,1455.180,1455.180,2025-10-04 10:00:00,2026-09-23 23:58:32.311,democli00038,,cmuerhq5v0000ucvpy660gnw1
demofac00580,FAC-2025-0437,2025,2025-10-05 10:00:00,2025-10-20 10:00:00,PAYEE,,,15980.000,3036.200,1.000,19017.200,19017.200,2025-10-05 10:00:00,2026-09-23 23:58:32.311,democli00014,demodev00214,cmuerhq5v0000ucvpy660gnw1
demofac00581,FAC-2025-0438,2025,2025-10-05 10:00:00,2025-12-04 10:00:00,PAYEE,,,8555.000,1625.450,1.000,10181.450,10181.450,2025-10-05 10:00:00,2026-09-23 23:58:32.311,democli00019,,cmuerhq5v0000ucvpy660gnw1
demofac00582,FAC-2025-0439,2025,2025-10-05 10:00:00,,PAYEE,,,625.000,118.750,1.000,744.750,744.750,2025-10-05 10:00:00,2026-09-23 23:58:32.311,democli00047,,cmuerhq5v0000ucvpy660gnw1
demofac00583,FAC-2025-0440,2025,2025-10-06 10:00:00,2025-10-06 10:00:00,PAYEE,,,4241.600,805.904,1.000,5048.504,5048.504,2025-10-06 10:00:00,2026-09-23 23:58:32.311,democli00042,demodev00215,cmuerhq5v0000ucvpy660gnw1
demofac00584,FAC-2025-0441,2025,2025-10-06 10:00:00,2025-10-21 10:00:00,PAYEE,,,22634.000,2942.420,1.000,25577.420,25577.420,2025-10-06 10:00:00,2026-09-23 23:58:32.311,democli00039,,cmuerhq5v0000ucvpy660gnw1
demofac00585,FAC-2025-0442,2025,2025-10-07 10:00:00,2025-10-22 10:00:00,PAYEE,,,5894.000,1119.860,1.000,7014.860,7014.860,2025-10-07 10:00:00,2026-09-23 23:58:32.311,democli00055,,cmuerhq5v0000ucvpy660gnw1
demofac00586,FAC-2025-0443,2025,2025-10-08 10:00:00,2025-11-22 10:00:00,PAYEE,,,28300.000,5089.000,1.000,33390.000,33390.000,2025-10-08 10:00:00,2026-09-23 23:58:32.311,democli00041,,cmuerhq5v0000ucvpy660gnw1
demofac00587,FAC-2025-0444,2025,2025-10-08 10:00:00,2025-10-08 10:00:00,PAYEE,,,391.000,74.290,1.000,466.290,466.290,2025-10-08 10:00:00,2026-09-23 23:58:32.311,democli00042,,cmuerhq5v0000ucvpy660gnw1
demofac00588,FAC-2025-0445,2025,2025-10-08 10:00:00,2025-12-07 10:00:00,PAYEE,,,7200.000,504.000,1.000,7705.000,7705.000,2025-10-08 10:00:00,2026-09-23 23:58:32.311,democli00019,,cmuerhq5v0000ucvpy660gnw1
demofac00589,FAC-2025-0446,2025,2025-10-10 10:00:00,2025-10-25 10:00:00,PAYEE,,,1254.000,238.260,1.000,1493.260,1493.260,2025-10-10 10:00:00,2026-09-23 23:58:32.311,democli00008,demodev00216,cmuerhq5v0000ucvpy660gnw1
demofac00590,FAC-2025-0447,2025,2025-10-10 10:00:00,2025-11-09 10:00:00,PAYEE,,,6504.000,1235.760,1.000,7740.760,7740.760,2025-10-10 10:00:00,2026-09-23 23:58:32.311,democli00030,,cmuerhq5v0000ucvpy660gnw1
demofac00591,FAC-2025-0448,2025,2025-10-10 10:00:00,2025-11-09 10:00:00,PAYEE,,,3859.200,594.144,1.000,4454.344,4454.344,2025-10-10 10:00:00,2026-09-23 23:58:32.311,democli00011,demodev00217,cmuerhq5v0000ucvpy660gnw1
demofac00592,FAC-2025-0449,2025,2025-10-10 10:00:00,2025-10-25 10:00:00,PAYEE,,,6596.000,857.480,1.000,7454.480,7454.480,2025-10-10 10:00:00,2026-09-23 23:58:32.311,democli00039,demodev00218,cmuerhq5v0000ucvpy660gnw1
demofac00593,FAC-2025-0450,2025,2025-10-11 10:00:00,2025-11-25 10:00:00,PAYEE,,,6606.000,620.820,1.000,7227.820,7227.820,2025-10-11 10:00:00,2026-09-23 23:58:32.311,democli00052,,cmuerhq5v0000ucvpy660gnw1
demofac00594,FAC-2025-0451,2025,2025-10-11 10:00:00,2025-11-10 10:00:00,PAYEE,,,21862.000,3407.860,1.000,25270.860,25270.860,2025-10-11 10:00:00,2026-09-23 23:58:32.311,democli00032,demodev00219,cmuerhq5v0000ucvpy660gnw1
demofac00595,FAC-2025-0452,2025,2025-10-11 10:00:00,2025-11-10 10:00:00,PAYEE,,,27300.000,3963.000,1.000,31264.000,31264.000,2025-10-11 10:00:00,2026-09-23 23:58:32.311,democli00051,demodev00220,cmuerhq5v0000ucvpy660gnw1
demofac00596,FAC-2025-0453,2025,2025-10-12 10:00:00,2025-10-12 10:00:00,PAYEE,,,2417.760,459.374,1.000,2878.134,2878.134,2025-10-12 10:00:00,2026-09-23 23:58:32.311,democli00042,demodev00221,cmuerhq5v0000ucvpy660gnw1
demofac00597,FAC-2025-0454,2025,2025-10-14 10:00:00,2025-11-28 10:00:00,PAYEE,,,2480.000,471.200,1.000,2952.200,2952.200,2025-10-14 10:00:00,2026-09-23 23:58:32.311,democli00054,,cmuerhq5v0000ucvpy660gnw1
demofac00598,FAC-2025-0455,2025,2025-10-15 10:00:00,2025-12-14 10:00:00,PAYEE,,,1140.000,216.600,1.000,1357.600,1357.600,2025-10-15 10:00:00,2026-09-23 23:58:32.311,democli00019,,cmuerhq5v0000ucvpy660gnw1
demofac00599,FAC-2025-0456,2025,2025-10-16 10:00:00,2025-11-15 10:00:00,PAYEE,,,2184.000,414.960,1.000,2599.960,2599.960,2025-10-16 10:00:00,2026-09-23 23:58:32.311,democli00044,demodev00222,cmuerhq5v0000ucvpy660gnw1
demofac00600,FAC-2025-0457,2025,2025-10-16 10:00:00,2025-11-30 10:00:00,PAYEE,,,2320.000,440.800,1.000,2761.800,2761.800,2025-10-16 10:00:00,2026-09-23 23:58:32.311,democli00043,,cmuerhq5v0000ucvpy660gnw1
demofac00601,FAC-2025-0458,2025,2025-10-18 10:00:00,2025-11-17 10:00:00,PAYEE,,,9508.000,1806.520,1.000,11315.520,11315.520,2025-10-18 10:00:00,2026-09-23 23:58:32.311,democli00034,demodev00223,cmuerhq5v0000ucvpy660gnw1
demofac00602,FAC-2025-0459,2025,2025-10-19 10:00:00,2025-11-18 10:00:00,PAYEE,,,1976.800,375.592,1.000,2353.392,2353.392,2025-10-19 10:00:00,2026-09-23 23:58:32.311,democli00021,demodev00224,cmuerhq5v0000ucvpy660gnw1
demofac00603,FAC-2025-0460,2025,2025-10-19 10:00:00,2025-12-18 10:00:00,PAYEE,,,2100.000,147.000,1.000,2248.000,2248.000,2025-10-19 10:00:00,2026-09-23 23:58:32.311,democli00010,demodev00225,cmuerhq5v0000ucvpy660gnw1
demofac00604,FAC-2025-0461,2025,2025-10-19 10:00:00,2025-12-03 10:00:00,PAYEE,,,16323.800,3101.522,1.000,19426.322,19426.322,2025-10-19 10:00:00,2026-09-23 23:58:32.311,democli00052,,cmuerhq5v0000ucvpy660gnw1
demofac00605,FAC-2025-0462,2025,2025-10-19 10:00:00,2025-11-18 10:00:00,PAYEE,,,690.000,131.100,1.000,822.100,822.100,2025-10-19 10:00:00,2026-09-23 23:58:32.311,democli00006,,cmuerhq5v0000ucvpy660gnw1
demofac00606,FAC-2025-0463,2025,2025-10-19 10:00:00,2025-12-03 10:00:00,PAYEE,,,4144.680,787.489,1.000,4933.169,4933.169,2025-10-19 10:00:00,2026-09-23 23:58:32.311,democli00027,,cmuerhq5v0000ucvpy660gnw1
demofac00607,FAC-2025-0464,2025,2025-10-22 10:00:00,2025-11-21 10:00:00,PAYEE,,,5524.000,1049.560,1.000,6574.560,6574.560,2025-10-22 10:00:00,2026-09-23 23:58:32.311,democli00015,,cmuerhq5v0000ucvpy660gnw1
demofac00608,FAC-2025-0465,2025,2025-10-22 10:00:00,2025-11-06 10:00:00,PAYEE,,,1680.000,319.200,1.000,2000.200,2000.200,2025-10-22 10:00:00,2026-09-23 23:58:32.311,democli00008,,cmuerhq5v0000ucvpy660gnw1
demofac00609,FAC-2025-0466,2025,2025-10-22 10:00:00,2025-11-21 10:00:00,PAYEE,,,2780.000,528.200,1.000,3309.200,3309.200,2025-10-22 10:00:00,2026-09-23 23:58:32.311,democli00034,,cmuerhq5v0000ucvpy660gnw1
demofac00610,FAC-2025-0467,2025,2025-10-22 10:00:00,2025-11-21 10:00:00,PAYEE,,,5550.000,1054.500,1.000,6605.500,6605.500,2025-10-22 10:00:00,2026-09-23 23:58:32.311,democli00012,,cmuerhq5v0000ucvpy660gnw1
demofac00611,FAC-2025-0468,2025,2025-10-23 10:00:00,2025-11-22 10:00:00,PAYEE,,,8600.000,1634.000,1.000,10235.000,10235.000,2025-10-23 10:00:00,2026-09-23 23:58:32.311,democli00030,demodev00226,cmuerhq5v0000ucvpy660gnw1
demofac00612,FAC-2025-0469,2025,2025-10-24 10:00:00,2025-12-08 10:00:00,PAYEE,,,7398.000,1156.140,1.000,8555.140,8555.140,2025-10-24 10:00:00,2026-09-23 23:58:32.311,democli00060,,cmuerhq5v0000ucvpy660gnw1
demofac00613,FAC-2025-0470,2025,2025-10-25 10:00:00,2025-11-09 10:00:00,PAYEE,,,1490.000,283.100,1.000,1774.100,1774.100,2025-10-25 10:00:00,2026-09-23 23:58:32.311,democli00025,,cmuerhq5v0000ucvpy660gnw1
demofac00614,FAC-2025-0471,2025,2025-10-25 10:00:00,2025-12-24 10:00:00,PAYEE,,,23983.200,4556.808,1.000,28541.008,28541.008,2025-10-25 10:00:00,2026-09-23 23:58:32.311,democli00013,demodev00227,cmuerhq5v0000ucvpy660gnw1
demofac00615,FAC-2025-0472,2025,2025-10-26 10:00:00,2025-11-10 10:00:00,PAYEE,,,1300.000,247.000,1.000,1548.000,1548.000,2025-10-26 10:00:00,2026-09-23 23:58:32.311,democli00025,demodev00228,cmuerhq5v0000ucvpy660gnw1
demofac00616,FAC-2025-0473,2025,2025-10-26 10:00:00,2025-12-10 10:00:00,PAYEE,,,380.000,72.200,1.000,453.200,453.200,2025-10-26 10:00:00,2026-09-23 23:58:32.311,democli00060,,cmuerhq5v0000ucvpy660gnw1
demofac00617,FAC-2025-0474,2025,2025-10-26 10:00:00,2025-11-10 10:00:00,PAYEE,,,3600.000,684.000,1.000,4285.000,4285.000,2025-10-26 10:00:00,2026-09-23 23:58:32.311,democli00008,,cmuerhq5v0000ucvpy660gnw1
demofac00618,FAC-2025-0475,2025,2025-10-27 10:00:00,2025-11-11 10:00:00,PAYEE,,,7229.000,1373.510,1.000,8603.510,8603.510,2025-10-27 10:00:00,2026-09-23 23:58:32.311,democli00024,,cmuerhq5v0000ucvpy660gnw1
demofac00619,FAC-2025-0476,2025,2025-10-29 10:00:00,2025-11-28 10:00:00,PAYEE,,,2900.000,551.000,1.000,3452.000,3452.000,2025-10-29 10:00:00,2026-09-23 23:58:32.311,democli00021,,cmuerhq5v0000ucvpy660gnw1
demofac00620,FAC-2025-0477,2025,2025-10-29 10:00:00,2025-11-28 10:00:00,PAYEE,,,3336.000,633.840,1.000,3970.840,3970.840,2025-10-29 10:00:00,2026-09-23 23:58:32.311,democli00049,,cmuerhq5v0000ucvpy660gnw1
demofac00621,FAC-2025-0478,2025,2025-10-29 10:00:00,2025-10-29 10:00:00,PAYEE,,,860.000,136.400,0.000,996.400,996.400,2025-10-29 10:00:00,2026-09-23 23:58:32.311,democli00035,demodev00229,cmuerhq5v0000ucvpy660gnw1
demofac00622,FAC-2025-0479,2025,2025-10-30 10:00:00,2025-11-29 10:00:00,ENVOYEE,,,12500.000,2375.000,1.000,14876.000,0.000,2025-10-30 10:00:00,2026-09-23 23:58:32.311,democli00045,demodev00230,cmuerhq5v0000ucvpy660gnw1
demofac00623,FAC-2025-0480,2025,2025-10-31 10:00:00,2025-11-15 10:00:00,PAYEE,,,420.000,79.800,1.000,500.800,500.800,2025-10-31 10:00:00,2026-09-23 23:58:32.311,democli00025,,cmuerhq5v0000ucvpy660gnw1
demofac00624,FAC-2025-0481,2025,2025-10-31 10:00:00,2025-12-15 10:00:00,PAYEE,,,35869.000,6815.110,1.000,42685.110,42685.110,2025-10-31 10:00:00,2026-09-23 23:58:32.311,democli00037,demodev00231,cmuerhq5v0000ucvpy660gnw1
demofac00625,FAC-2025-0482,2025,2025-10-31 10:00:00,2025-11-30 10:00:00,PAYEE,,,5850.000,841.500,1.000,6692.500,6692.500,2025-10-31 10:00:00,2026-09-23 23:58:32.311,democli00053,,cmuerhq5v0000ucvpy660gnw1
demofac00626,FAC-2025-0483,2025,2025-11-02 10:00:00,2025-12-02 10:00:00,PAYEE,,,5202.000,988.380,1.000,6191.380,6191.380,2025-11-02 10:00:00,2026-09-23 23:58:32.311,democli00057,,cmuerhq5v0000ucvpy660gnw1
demofac00627,FAC-2025-0484,2025,2025-11-02 10:00:00,2025-12-02 10:00:00,PAYEE,,,14780.000,2808.200,0.000,17588.200,17588.200,2025-11-02 10:00:00,2026-09-23 23:58:32.311,democli00011,,cmuerhq5v0000ucvpy660gnw1
demofac00628,FAC-2025-0485,2025,2025-11-02 10:00:00,2025-12-02 10:00:00,PAYEE,,,4020.000,763.800,1.000,4784.800,4784.800,2025-11-02 10:00:00,2026-09-23 23:58:32.311,democli00006,,cmuerhq5v0000ucvpy660gnw1
demofac00629,FAC-2025-0486,2025,2025-11-03 10:00:00,2025-12-03 10:00:00,PAYEE,,,9725.200,1847.788,1.000,11573.988,11573.988,2025-11-03 10:00:00,2026-09-23 23:58:32.311,democli00045,demodev00232,cmuerhq5v0000ucvpy660gnw1
demofac00630,FAC-2025-0487,2025,2025-11-03 10:00:00,2025-11-18 10:00:00,PAYEE,,,90.000,17.100,1.000,108.100,108.100,2025-11-03 10:00:00,2026-09-23 23:58:32.311,democli00055,,cmuerhq5v0000ucvpy660gnw1
demofac00631,FAC-2025-0488,2025,2025-11-04 10:00:00,2025-11-19 10:00:00,PAYEE,,,1305.000,247.950,1.000,1553.950,1553.950,2025-11-04 10:00:00,2026-09-23 23:58:32.311,democli00009,,cmuerhq5v0000ucvpy660gnw1
demofac00632,FAC-2025-0489,2025,2025-11-04 10:00:00,2025-12-04 10:00:00,PAYEE,,,3825.000,726.750,1.000,4552.750,4552.750,2025-11-04 10:00:00,2026-09-23 23:58:32.311,democli00049,,cmuerhq5v0000ucvpy660gnw1
demofac00633,FAC-2025-0490,2025,2025-11-05 10:00:00,,PAYEE,,,3468.000,300.360,1.000,3769.360,3769.360,2025-11-05 10:00:00,2026-09-23 23:58:32.311,democli00031,demodev00233,cmuerhq5v0000ucvpy660gnw1
demofac00634,FAC-2025-0491,2025,2025-11-05 10:00:00,2025-12-05 10:00:00,PAYEE,,,3306.000,628.140,1.000,3935.140,3935.140,2025-11-05 10:00:00,2026-09-23 23:58:32.311,democli00034,demodev00234,cmuerhq5v0000ucvpy660gnw1
demofac00635,FAC-2025-0492,2025,2025-11-05 10:00:00,2026-01-04 10:00:00,PAYEE,,,31226.500,5933.035,1.000,37160.535,37160.535,2025-11-05 10:00:00,2026-09-23 23:58:32.311,democli00019,,cmuerhq5v0000ucvpy660gnw1
demofac00636,FAC-2025-0493,2025,2025-11-05 10:00:00,2025-12-20 10:00:00,PAYEE,,,3643.500,361.065,1.000,4005.565,4005.565,2025-11-05 10:00:00,2026-09-23 23:58:32.311,democli00036,demodev00235,cmuerhq5v0000ucvpy660gnw1
demofac00637,FAC-2025-0494,2025,2025-11-05 10:00:00,2025-12-20 10:00:00,PAYEE,,,7640.000,1451.600,1.000,9092.600,9092.600,2025-11-05 10:00:00,2026-09-23 23:58:32.311,democli00027,,cmuerhq5v0000ucvpy660gnw1
demofac00638,FAC-2025-0495,2025,2025-11-06 10:00:00,2025-11-21 10:00:00,PAYEE,,,3785.000,692.150,1.000,4478.150,4478.150,2025-11-06 10:00:00,2026-09-23 23:58:32.311,democli00031,,cmuerhq5v0000ucvpy660gnw1
demofac00639,FAC-2025-0496,2025,2025-11-06 10:00:00,2025-11-06 10:00:00,PAYEE,,,450.000,85.500,1.000,536.500,536.500,2025-11-06 10:00:00,2026-09-23 23:58:32.311,democli00047,,cmuerhq5v0000ucvpy660gnw1
demofac00640,FAC-2025-0497,2025,2025-11-06 10:00:00,2025-12-06 10:00:00,PAYEE,,,591.500,112.385,1.000,704.885,704.885,2025-11-06 10:00:00,2026-09-23 23:58:32.311,democli00021,demodev00236,cmuerhq5v0000ucvpy660gnw1
demofac00641,FAC-2025-0498,2025,2025-11-07 10:00:00,2025-11-07 10:00:00,PAYEE,,,540.000,102.600,1.000,643.600,643.600,2025-11-07 10:00:00,2026-09-23 23:58:32.311,democli00042,demodev00237,cmuerhq5v0000ucvpy660gnw1
demofac00642,FAC-2025-0499,2025,2025-11-08 10:00:00,2025-12-23 10:00:00,PAYEE,,,2770.000,526.300,1.000,3297.300,3297.300,2025-11-08 10:00:00,2026-09-23 23:58:32.311,democli00052,demodev00238,cmuerhq5v0000ucvpy660gnw1
demofac00643,FAC-2025-0500,2025,2025-11-08 10:00:00,2025-12-08 10:00:00,PAYEE,,,10450.000,1823.500,1.000,12274.500,12274.500,2025-11-08 10:00:00,2026-09-23 23:58:32.311,democli00026,demodev00239,cmuerhq5v0000ucvpy660gnw1
demofac00644,FAC-2025-0501,2025,2025-11-09 10:00:00,2025-11-24 10:00:00,PAYEE,,,3410.000,647.900,1.000,4058.900,4058.900,2025-11-09 10:00:00,2026-09-23 23:58:32.311,democli00008,,cmuerhq5v0000ucvpy660gnw1
demofac00645,FAC-2025-0502,2025,2025-11-09 10:00:00,2025-12-24 10:00:00,PAYEE,,,1800.000,342.000,1.000,2143.000,2143.000,2025-11-09 10:00:00,2026-09-23 23:58:32.311,democli00037,demodev00240,cmuerhq5v0000ucvpy660gnw1
demofac00646,FAC-2025-0503,2025,2025-11-10 10:00:00,2025-12-10 10:00:00,PAYEE,,,3600.000,684.000,1.000,4285.000,4285.000,2025-11-10 10:00:00,2026-09-23 23:58:32.311,democli00011,,cmuerhq5v0000ucvpy660gnw1
demofac00647,FAC-2025-0504,2025,2025-11-10 10:00:00,2025-12-10 10:00:00,PAYEE,,,3540.000,672.600,1.000,4213.600,4213.600,2025-11-10 10:00:00,2026-09-23 23:58:32.311,democli00032,demodev00241,cmuerhq5v0000ucvpy660gnw1
demofac00648,FAC-2025-0505,2025,2025-11-10 10:00:00,2025-11-25 10:00:00,PAYEE,,,1882.500,357.675,1.000,2241.175,2241.175,2025-11-10 10:00:00,2026-09-23 23:58:32.311,democli00008,,cmuerhq5v0000ucvpy660gnw1
demofac00649,FAC-2025-0506,2025,2025-11-11 10:00:00,2025-12-11 10:00:00,PAYEE,,,5800.000,1102.000,1.000,6903.000,6903.000,2025-11-11 10:00:00,2026-09-23 23:58:32.311,democli00021,,cmuerhq5v0000ucvpy660gnw1
demofac00650,FAC-2025-0507,2025,2025-11-11 10:00:00,2025-11-11 10:00:00,PAYEE,,,6010.000,1141.900,1.000,7152.900,7152.900,2025-11-11 10:00:00,2026-09-23 23:58:32.311,democli00047,,cmuerhq5v0000ucvpy660gnw1
demofac00651,FAC-2025-0508,2025,2025-11-13 10:00:00,2025-12-28 10:00:00,PAYEE,,,413.250,78.518,1.000,492.768,492.768,2025-11-13 10:00:00,2026-09-23 23:58:32.311,democli00060,demodev00242,cmuerhq5v0000ucvpy660gnw1
demofac00652,FAC-2025-0509,2025,2025-11-14 10:00:00,,PAYEE,,,3854.000,707.060,1.000,4562.060,4562.060,2025-11-14 10:00:00,2026-09-23 23:58:32.311,democli00010,,cmuerhq5v0000ucvpy660gnw1
demofac00653,FAC-2025-0510,2025,2025-11-15 10:00:00,2025-11-30 10:00:00,PAYEE,,,17325.200,2252.276,1.000,19578.476,19578.476,2025-11-15 10:00:00,2026-09-23 23:58:32.311,democli00039,,cmuerhq5v0000ucvpy660gnw1
demofac00654,FAC-2025-0511,2025,2025-11-15 10:00:00,2026-01-14 10:00:00,PAYEE,,,28980.000,5506.200,1.000,34487.200,34487.200,2025-11-15 10:00:00,2026-09-23 23:58:32.311,democli00019,demodev00243,cmuerhq5v0000ucvpy660gnw1
demofac00655,FAC-2025-0512,2025,2025-11-15 10:00:00,2025-12-30 10:00:00,PAYEE,,,1160.000,220.400,1.000,1381.400,1381.400,2025-11-15 10:00:00,2026-09-23 23:58:32.311,democli00059,,cmuerhq5v0000ucvpy660gnw1
demofac00656,FAC-2025-0513,2025,2025-11-16 10:00:00,2025-12-01 10:00:00,PAYEE,,,13650.000,2593.500,0.000,16243.500,16243.500,2025-11-16 10:00:00,2026-09-23 23:58:32.311,democli00055,,cmuerhq5v0000ucvpy660gnw1
demofac00657,FAC-2025-0514,2025,2025-11-16 10:00:00,,PAYEE,,,45.000,8.550,1.000,54.550,54.550,2025-11-16 10:00:00,2026-09-23 23:58:32.311,democli00022,,cmuerhq5v0000ucvpy660gnw1
demofac00658,FAC-2025-0515,2025,2025-11-16 10:00:00,2025-12-01 10:00:00,PAYEE,,,20012.000,2745.560,1.000,22758.560,22758.560,2025-11-16 10:00:00,2026-09-23 23:58:32.311,democli00039,demodev00244,cmuerhq5v0000ucvpy660gnw1
demofac00659,FAC-2025-0516,2025,2025-11-18 10:00:00,2026-01-17 10:00:00,PAYEE,,,4671.000,326.970,1.000,4998.970,4998.970,2025-11-18 10:00:00,2026-09-23 23:58:32.311,democli00019,demodev00245,cmuerhq5v0000ucvpy660gnw1
demofac00660,FAC-2025-0517,2025,2025-11-19 10:00:00,2026-01-18 10:00:00,PAYEE,,,1800.000,342.000,1.000,2143.000,2143.000,2025-11-19 10:00:00,2026-09-23 23:58:32.311,democli00010,demodev00246,cmuerhq5v0000ucvpy660gnw1
demofac00661,FAC-2025-0518,2025,2025-11-19 10:00:00,2025-11-19 10:00:00,PAYEE,,,1380.000,262.200,1.000,1643.200,1643.200,2025-11-19 10:00:00,2026-09-23 23:58:32.311,democli00042,,cmuerhq5v0000ucvpy660gnw1
demofac00662,FAC-2025-0519,2025,2025-11-19 10:00:00,2026-01-03 10:00:00,PAYEE,,,1470.000,102.900,1.000,1573.900,1573.900,2025-11-19 10:00:00,2026-09-23 23:58:32.311,democli00043,demodev00247,cmuerhq5v0000ucvpy660gnw1
demofac00663,FAC-2025-0520,2025,2025-11-20 10:00:00,2025-12-20 10:00:00,PAYEE,,,3150.000,598.500,1.000,3749.500,3749.500,2025-11-20 10:00:00,2026-09-23 23:58:32.311,democli00011,,cmuerhq5v0000ucvpy660gnw1
demofac00664,FAC-2025-0521,2025,2025-11-20 10:00:00,2025-12-20 10:00:00,PAYEE,,,21000.000,3990.000,1.000,24991.000,24991.000,2025-11-20 10:00:00,2026-09-23 23:58:32.311,democli00051,,cmuerhq5v0000ucvpy660gnw1
demofac00665,FAC-2025-0522,2025,2025-11-21 10:00:00,2025-12-21 10:00:00,PAYEE,,,17215.150,2826.159,1.000,20042.309,20042.309,2025-11-21 10:00:00,2026-09-23 23:58:32.311,democli00049,,cmuerhq5v0000ucvpy660gnw1
demofac00666,FAC-2025-0523,2025,2025-11-21 10:00:00,2025-12-21 10:00:00,PAYEE,,,450.000,85.500,1.000,536.500,536.500,2025-11-21 10:00:00,2026-09-23 23:58:32.311,democli00049,demodev00248,cmuerhq5v0000ucvpy660gnw1
demofac00667,FAC-2025-0524,2025,2025-11-22 10:00:00,2025-12-07 10:00:00,PAYEE,,,2900.000,551.000,1.000,3452.000,3452.000,2025-11-22 10:00:00,2026-09-23 23:58:32.311,democli00024,,cmuerhq5v0000ucvpy660gnw1
demofac00668,FAC-2025-0525,2025,2025-11-22 10:00:00,2025-11-22 10:00:00,PAYEE,,,980.000,186.200,1.000,1167.200,1167.200,2025-11-22 10:00:00,2026-09-23 23:58:32.311,democli00042,,cmuerhq5v0000ucvpy660gnw1
demofac00669,FAC-2025-0526,2025,2025-11-24 10:00:00,2025-11-24 10:00:00,ANNULEE,,,190.000,36.100,0.000,226.100,0.000,2025-11-24 10:00:00,2026-09-23 23:58:32.311,democli00047,demodev00249,cmuerhq5v0000ucvpy660gnw1
demofac00670,FAC-2025-0527,2025,2025-11-24 10:00:00,2025-12-24 10:00:00,PAYEE,,,19620.000,3727.800,1.000,23348.800,23348.800,2025-11-24 10:00:00,2026-09-23 23:58:32.311,democli00030,,cmuerhq5v0000ucvpy660gnw1
demofac00671,FAC-2025-0528,2025,2025-11-25 10:00:00,2025-12-25 10:00:00,PAYEE,,,12780.000,2428.200,1.000,15209.200,15209.200,2025-11-25 10:00:00,2026-09-23 23:58:32.311,democli00057,,cmuerhq5v0000ucvpy660gnw1
demofac00672,FAC-2025-0529,2025,2025-11-26 10:00:00,2025-11-26 10:00:00,PAYEE,,,4617.040,877.238,1.000,5495.278,5495.278,2025-11-26 10:00:00,2026-09-23 23:58:32.311,democli00047,demodev00250,cmuerhq5v0000ucvpy660gnw1
demofac00673,FAC-2025-0530,2025,2025-11-27 10:00:00,2026-01-11 10:00:00,PAYEE,,,5160.000,980.400,1.000,6141.400,6141.400,2025-11-27 10:00:00,2026-09-23 23:58:32.311,democli00037,,cmuerhq5v0000ucvpy660gnw1
demofac00674,FAC-2025-0531,2025,2025-11-27 10:00:00,2026-01-26 10:00:00,PAYEE,,,4120.000,782.800,1.000,4903.800,4903.800,2025-11-27 10:00:00,2026-09-23 23:58:32.311,democli00029,,cmuerhq5v0000ucvpy660gnw1
demofac00675,FAC-2025-0532,2025,2025-11-27 10:00:00,2025-12-27 10:00:00,PAYEE,,,6922.200,1315.218,1.000,8238.418,8238.418,2025-11-27 10:00:00,2026-09-23 23:58:32.311,democli00045,demodev00251,cmuerhq5v0000ucvpy660gnw1
demofac00676,FAC-2025-0533,2025,2025-11-27 10:00:00,2025-12-12 10:00:00,PAYEE,,,5700.000,1083.000,1.000,6784.000,6784.000,2025-11-27 10:00:00,2026-09-23 23:58:32.311,democli00055,,cmuerhq5v0000ucvpy660gnw1
demofac00677,FAC-2025-0534,2025,2025-11-29 10:00:00,2026-01-13 10:00:00,PAYEE,,,1800.000,342.000,1.000,2143.000,2143.000,2025-11-29 10:00:00,2026-09-23 23:58:32.311,democli00038,demodev00252,cmuerhq5v0000ucvpy660gnw1
demofac00678,FAC-2025-0535,2025,2025-11-29 10:00:00,2026-01-28 10:00:00,PAYEE,,,12890.000,2449.100,1.000,15340.100,15340.100,2025-11-29 10:00:00,2026-09-23 23:58:32.311,democli00046,demodev00253,cmuerhq5v0000ucvpy660gnw1
demofac00679,FAC-2025-0536,2025,2025-11-29 10:00:00,2025-12-29 10:00:00,PAYEE,,,6698.500,1272.715,1.000,7972.215,7972.215,2025-11-29 10:00:00,2026-09-23 23:58:32.311,democli00021,demodev00254,cmuerhq5v0000ucvpy660gnw1
demofac00680,FAC-2025-0537,2025,2025-11-29 10:00:00,2025-11-29 10:00:00,PAYEE,,,3950.000,750.500,1.000,4701.500,4701.500,2025-11-29 10:00:00,2026-09-23 23:58:32.311,democli00042,,cmuerhq5v0000ucvpy660gnw1
demofac00681,FAC-2025-0538,2025,2025-11-30 10:00:00,2025-12-15 10:00:00,PAYEE,,,1650.000,313.500,1.000,1964.500,1964.500,2025-11-30 10:00:00,2026-09-23 23:58:32.311,democli00014,,cmuerhq5v0000ucvpy660gnw1
demofac00682,FAC-2025-0539,2025,2025-12-01 10:00:00,2025-12-01 10:00:00,PAYEE,,,1240.000,235.600,1.000,1476.600,1476.600,2025-12-01 10:00:00,2026-09-23 23:58:32.311,democli00042,demodev00255,cmuerhq5v0000ucvpy660gnw1
demofac00683,FAC-2025-0540,2025,2025-12-01 10:00:00,2025-12-01 10:00:00,PAYEE,,,11892.000,2209.080,1.000,14102.080,14102.080,2025-12-01 10:00:00,2026-09-23 23:58:32.311,democli00042,,cmuerhq5v0000ucvpy660gnw1
demofac00684,FAC-2025-0541,2025,2025-12-01 10:00:00,2025-12-31 10:00:00,PAYEE,,,7700.000,1463.000,1.000,9164.000,9164.000,2025-12-01 10:00:00,2026-09-23 23:58:32.311,democli00030,demodev00256,cmuerhq5v0000ucvpy660gnw1
demofac00685,FAC-2025-0542,2025,2025-12-02 10:00:00,2025-12-17 10:00:00,ANNULEE,,,5750.000,1092.500,1.000,6843.500,0.000,2025-12-02 10:00:00,2026-09-23 23:58:32.311,democli00031,,cmuerhq5v0000ucvpy660gnw1
demofac00686,FAC-2025-0543,2025,2025-12-03 10:00:00,2025-12-18 10:00:00,PAYEE,,,4500.000,855.000,1.000,5356.000,5356.000,2025-12-03 10:00:00,2026-09-23 23:58:32.311,democli00039,,cmuerhq5v0000ucvpy660gnw1
demofac00687,FAC-2025-0544,2025,2025-12-03 10:00:00,2026-01-17 10:00:00,PAYEE,,,26532.100,5041.099,1.000,31574.199,31574.199,2025-12-03 10:00:00,2026-09-23 23:58:32.311,democli00017,demodev00257,cmuerhq5v0000ucvpy660gnw1
demofac00688,FAC-2025-0545,2025,2025-12-03 10:00:00,2025-12-03 10:00:00,PAYEE,,,163.200,31.008,1.000,195.208,195.208,2025-12-03 10:00:00,2026-09-23 23:58:32.311,democli00042,,cmuerhq5v0000ucvpy660gnw1
demofac00689,FAC-2025-0546,2025,2025-12-04 10:00:00,2026-02-02 10:00:00,PAYEE,,,10208.000,1939.520,1.000,12148.520,12148.520,2025-12-04 10:00:00,2026-09-23 23:58:32.311,democli00019,,cmuerhq5v0000ucvpy660gnw1
demofac00690,FAC-2025-0547,2025,2025-12-04 10:00:00,2026-01-18 10:00:00,PAYEE,,,3925.000,745.750,1.000,4671.750,4671.750,2025-12-04 10:00:00,2026-09-23 23:58:32.311,democli00038,demodev00258,cmuerhq5v0000ucvpy660gnw1
demofac00691,FAC-2025-0548,2025,2025-12-04 10:00:00,2026-01-18 10:00:00,PAYEE,,,30000.000,5700.000,1.000,35701.000,35701.000,2025-12-04 10:00:00,2026-09-23 23:58:32.311,democli00041,demodev00259,cmuerhq5v0000ucvpy660gnw1
demofac00692,FAC-2025-0549,2025,2025-12-05 10:00:00,2026-01-04 10:00:00,PAYEE,,,760.000,144.400,1.000,905.400,905.400,2025-12-05 10:00:00,2026-09-23 23:58:32.311,democli00015,,cmuerhq5v0000ucvpy660gnw1
demofac00693,FAC-2025-0550,2025,2025-12-05 10:00:00,2026-01-04 10:00:00,PAYEE,,,8900.000,1691.000,1.000,10592.000,10592.000,2025-12-05 10:00:00,2026-09-23 23:58:32.311,democli00049,,cmuerhq5v0000ucvpy660gnw1
demofac00694,FAC-2025-0551,2025,2025-12-05 10:00:00,2025-12-20 10:00:00,PAYEE,,,435.000,82.650,1.000,518.650,518.650,2025-12-05 10:00:00,2026-09-23 23:58:32.311,democli00024,demodev00260,cmuerhq5v0000ucvpy660gnw1
demofac00695,FAC-2025-0552,2025,2025-12-05 10:00:00,2026-02-03 10:00:00,PAYEE,,,5724.000,1087.560,1.000,6812.560,6812.560,2025-12-05 10:00:00,2026-09-23 23:58:32.311,democli00010,,cmuerhq5v0000ucvpy660gnw1
demofac00696,FAC-2025-0553,2025,2025-12-06 10:00:00,,PAYEE,,,18880.400,3587.276,1.000,22468.676,22468.676,2025-12-06 10:00:00,2026-09-23 23:58:32.311,democli00013,,cmuerhq5v0000ucvpy660gnw1
demofac00697,FAC-2025-0554,2025,2025-12-07 10:00:00,2026-01-06 10:00:00,PAYEE,,,7200.000,1368.000,1.000,8569.000,8569.000,2025-12-07 10:00:00,2026-09-23 23:58:32.311,democli00051,,cmuerhq5v0000ucvpy660gnw1
demofac00698,FAC-2025-0555,2025,2025-12-07 10:00:00,2026-02-05 10:00:00,PAYEE,,,30988.500,5887.815,1.000,36877.315,36877.315,2025-12-07 10:00:00,2026-09-23 23:58:32.311,democli00029,,cmuerhq5v0000ucvpy660gnw1
demofac00699,FAC-2025-0556,2025,2025-12-07 10:00:00,2026-01-06 10:00:00,PAYEE,,,16650.000,3163.500,1.000,19814.500,19814.500,2025-12-07 10:00:00,2026-09-23 23:58:32.311,democli00011,demodev00261,cmuerhq5v0000ucvpy660gnw1
demofac00700,FAC-2025-0557,2025,2025-12-08 10:00:00,2026-01-22 10:00:00,PAYEE,,,5738.000,1090.220,1.000,6829.220,6829.220,2025-12-08 10:00:00,2026-09-23 23:58:32.311,democli00037,,cmuerhq5v0000ucvpy660gnw1
demofac00701,FAC-2025-0558,2025,2025-12-09 10:00:00,2026-02-07 10:00:00,PAYEE,,,180.000,34.200,1.000,215.200,215.200,2025-12-09 10:00:00,2026-09-23 23:58:32.311,democli00029,demodev00262,cmuerhq5v0000ucvpy660gnw1
demofac00702,FAC-2025-0559,2025,2025-12-09 10:00:00,,PAYEE,,,4356.000,827.640,1.000,5184.640,5184.640,2025-12-09 10:00:00,2026-09-23 23:58:32.311,democli00010,,cmuerhq5v0000ucvpy660gnw1
demofac00703,FAC-2025-0560,2025,2025-12-10 10:00:00,2026-02-08 10:00:00,PAYEE,,,5985.000,1137.150,1.000,7123.150,7123.150,2025-12-10 10:00:00,2026-09-23 23:58:32.311,democli00013,,cmuerhq5v0000ucvpy660gnw1
demofac00704,FAC-2025-0561,2025,2025-12-10 10:00:00,2025-12-25 10:00:00,PAYEE,,,39728.000,5164.640,1.000,44893.640,44893.640,2025-12-10 10:00:00,2026-09-23 23:58:32.311,democli00039,,cmuerhq5v0000ucvpy660gnw1
demofac00705,FAC-2025-0562,2025,2025-12-11 10:00:00,2026-01-25 10:00:00,PAYEE,,,625.000,118.750,1.000,744.750,744.750,2025-12-11 10:00:00,2026-09-23 23:58:32.311,democli00059,demodev00263,cmuerhq5v0000ucvpy660gnw1
demofac00706,FAC-2025-0563,2025,2025-12-11 10:00:00,2025-12-11 10:00:00,PAYEE,,,4283.000,813.770,1.000,5097.770,5097.770,2025-12-11 10:00:00,2026-09-23 23:58:32.311,democli00042,demodev00264,cmuerhq5v0000ucvpy660gnw1
demofac00707,FAC-2025-0564,2025,2025-12-12 10:00:00,2025-12-12 10:00:00,PAYEE,,,15590.000,2962.100,1.000,18553.100,18553.100,2025-12-12 10:00:00,2026-09-23 23:58:32.311,democli00042,,cmuerhq5v0000ucvpy660gnw1
demofac00708,FAC-2025-0565,2025,2025-12-13 10:00:00,2026-01-12 10:00:00,PAYEE,,,7094.000,1347.860,1.000,8442.860,8442.860,2025-12-13 10:00:00,2026-09-23 23:58:32.311,democli00049,,cmuerhq5v0000ucvpy660gnw1
demofac00709,FAC-2025-0566,2025,2025-12-14 10:00:00,2026-02-12 10:00:00,PAYEE,,,21150.000,4018.500,1.000,25169.500,25169.500,2025-12-14 10:00:00,2026-09-23 23:58:32.311,democli00013,demodev00265,cmuerhq5v0000ucvpy660gnw1
demofac00710,FAC-2025-0567,2025,2025-12-14 10:00:00,2026-01-13 10:00:00,PAYEE,,,10494.640,1517.303,1.000,12012.943,12012.943,2025-12-14 10:00:00,2026-09-23 23:58:32.311,democli00026,,cmuerhq5v0000ucvpy660gnw1
demofac00711,FAC-2025-0568,2025,2025-12-17 10:00:00,2026-01-16 10:00:00,PAYEE,,,6931.500,1316.985,1.000,8249.485,8249.485,2025-12-17 10:00:00,2026-09-23 23:58:32.311,democli00048,,cmuerhq5v0000ucvpy660gnw1
demofac00712,FAC-2025-0569,2025,2025-12-17 10:00:00,2026-01-16 10:00:00,PAYEE,,,630.000,44.100,1.000,675.100,675.100,2025-12-17 10:00:00,2026-09-23 23:58:32.311,democli00058,demodev00266,cmuerhq5v0000ucvpy660gnw1
demofac00713,FAC-2025-0570,2025,2025-12-18 10:00:00,2026-01-02 10:00:00,PAYEE,,,1800.000,342.000,1.000,2143.000,2143.000,2025-12-18 10:00:00,2026-09-23 23:58:32.311,democli00025,,cmuerhq5v0000ucvpy660gnw1
demofac00714,FAC-2025-0571,2025,2025-12-19 10:00:00,2026-01-03 10:00:00,PAYEE,,,13160.000,2500.400,1.000,15661.400,15661.400,2025-12-19 10:00:00,2026-09-23 23:58:32.311,democli00055,demodev00267,cmuerhq5v0000ucvpy660gnw1
demofac00715,FAC-2025-0572,2025,2025-12-19 10:00:00,2026-01-18 10:00:00,PAYEE,,,3550.000,674.500,1.000,4225.500,4225.500,2025-12-19 10:00:00,2026-09-23 23:58:32.311,democli00050,,cmuerhq5v0000ucvpy660gnw1
demofac00716,FAC-2025-0573,2025,2025-12-20 10:00:00,2026-01-19 10:00:00,PAYEE,,,5790.000,1100.100,1.000,6891.100,6891.100,2025-12-20 10:00:00,2026-09-23 23:58:32.311,democli00026,demodev00268,cmuerhq5v0000ucvpy660gnw1
demofac00717,FAC-2025-0574,2025,2025-12-20 10:00:00,2026-02-18 10:00:00,PAYEE,,,31925.000,5858.750,1.000,37784.750,37784.750,2025-12-20 10:00:00,2026-09-23 23:58:32.311,democli00019,,cmuerhq5v0000ucvpy660gnw1
demofac00718,FAC-2025-0575,2025,2025-12-20 10:00:00,2025-12-20 10:00:00,PAYEE,,,460.000,87.400,1.000,548.400,548.400,2025-12-20 10:00:00,2026-09-23 23:58:32.311,democli00042,demodev00269,cmuerhq5v0000ucvpy660gnw1
demofac00719,FAC-2025-0576,2025,2025-12-20 10:00:00,2026-01-19 10:00:00,PAYEE,,,3100.000,589.000,1.000,3690.000,3690.000,2025-12-20 10:00:00,2026-09-23 23:58:32.311,democli00012,,cmuerhq5v0000ucvpy660gnw1
demofac00720,FAC-2025-0577,2025,2025-12-21 10:00:00,2026-01-20 10:00:00,PAYEE,,,13350.000,2536.500,1.000,15887.500,15887.500,2025-12-21 10:00:00,2026-09-23 23:58:32.311,democli00002,demodev00270,cmuerhq5v0000ucvpy660gnw1
demofac00721,FAC-2025-0578,2025,2025-12-21 10:00:00,2026-01-20 10:00:00,PAYEE,,,1920.000,238.800,1.000,2159.800,2159.800,2025-12-21 10:00:00,2026-09-23 23:58:32.311,democli00002,,cmuerhq5v0000ucvpy660gnw1
demofac00722,FAC-2025-0579,2025,2025-12-23 10:00:00,2026-01-22 10:00:00,PAYEE,,,2803.650,532.694,1.000,3337.344,3337.344,2025-12-23 10:00:00,2026-09-23 23:58:32.311,democli00012,,cmuerhq5v0000ucvpy660gnw1
demofac00723,FAC-2025-0580,2025,2025-12-23 10:00:00,2026-01-22 10:00:00,PAYEE,,,9090.000,1727.100,1.000,10818.100,10818.100,2025-12-23 10:00:00,2026-09-23 23:58:32.311,democli00051,,cmuerhq5v0000ucvpy660gnw1
demofac00724,FAC-2025-0581,2025,2025-12-23 10:00:00,2025-12-23 10:00:00,PAYEE,,,3600.000,684.000,1.000,4285.000,4285.000,2025-12-23 10:00:00,2026-09-23 23:58:32.311,democli00047,,cmuerhq5v0000ucvpy660gnw1
demofac00725,FAC-2025-0582,2025,2025-12-23 10:00:00,2026-02-06 10:00:00,PAYEE,,,16126.500,2748.405,1.000,18875.905,18875.905,2025-12-23 10:00:00,2026-09-23 23:58:32.311,democli00059,,cmuerhq5v0000ucvpy660gnw1
demofac00726,FAC-2025-0583,2025,2025-12-24 10:00:00,2026-02-22 10:00:00,PAYEE,,,30400.000,5776.000,1.000,36177.000,36177.000,2025-12-24 10:00:00,2026-09-23 23:58:32.311,democli00019,demodev00271,cmuerhq5v0000ucvpy660gnw1
demofac00727,FAC-2025-0584,2025,2025-12-25 10:00:00,2026-01-24 10:00:00,PAYEE,,,1074.400,204.136,1.000,1279.536,1279.536,2025-12-25 10:00:00,2026-09-23 23:58:32.311,democli00048,demodev00272,cmuerhq5v0000ucvpy660gnw1
demofac00728,FAC-2025-0585,2025,2025-12-26 10:00:00,2026-01-25 10:00:00,PAYEE,,,8228.000,1069.640,1.000,9298.640,9298.640,2025-12-26 10:00:00,2026-09-23 23:58:32.311,democli00026,demodev00273,cmuerhq5v0000ucvpy660gnw1
demofac00729,FAC-2025-0586,2025,2025-12-27 10:00:00,2026-02-10 10:00:00,PAYEE,,,23071.600,4383.604,1.000,27456.204,27456.204,2025-12-27 10:00:00,2026-09-23 23:58:32.311,democli00054,demodev00274,cmuerhq5v0000ucvpy660gnw1
demofac00730,FAC-2025-0587,2025,2025-12-27 10:00:00,,PAYEE,,,20220.000,3841.800,1.000,24062.800,24062.800,2025-12-27 10:00:00,2026-09-23 23:58:32.311,democli00055,,cmuerhq5v0000ucvpy660gnw1
demofac00731,FAC-2025-0588,2025,2025-12-27 10:00:00,2026-02-10 10:00:00,PAYEE,,,7050.000,1339.500,1.000,8390.500,8390.500,2025-12-27 10:00:00,2026-09-23 23:58:32.311,democli00037,,cmuerhq5v0000ucvpy660gnw1
demofac00732,FAC-2025-0589,2025,2025-12-27 10:00:00,2026-01-11 10:00:00,PAYEE,,,4250.000,807.500,1.000,5058.500,5058.500,2025-12-27 10:00:00,2026-09-23 23:58:32.311,democli00024,,cmuerhq5v0000ucvpy660gnw1
demofac00733,FAC-2025-0590,2025,2025-12-27 10:00:00,2026-01-26 10:00:00,PAYEE,,,8748.000,1352.040,1.000,10101.040,10101.040,2025-12-27 10:00:00,2026-09-23 23:58:32.311,democli00026,demodev00275,cmuerhq5v0000ucvpy660gnw1
demofac00734,FAC-2025-0591,2025,2025-12-29 10:00:00,2026-01-13 10:00:00,PAYEE,,,15994.000,2466.820,1.000,18461.820,18461.820,2025-12-29 10:00:00,2026-09-23 23:58:32.311,democli00039,,cmuerhq5v0000ucvpy660gnw1
demofac00735,FAC-2025-0592,2025,2025-12-30 10:00:00,2026-02-28 10:00:00,PAYEE,,,14707.400,2794.406,1.000,17502.806,17502.806,2025-12-30 10:00:00,2026-09-23 23:58:32.311,democli00019,demodev00276,cmuerhq5v0000ucvpy660gnw1
demofac00736,FAC-2025-0593,2025,2025-12-31 10:00:00,2026-02-14 10:00:00,PAYEE,,,24200.000,3338.000,1.000,27539.000,27539.000,2025-12-31 10:00:00,2026-09-23 23:58:32.311,democli00041,,cmuerhq5v0000ucvpy660gnw1
demofac00737,FAC-2025-0594,2025,2025-12-31 10:00:00,2026-01-30 10:00:00,PAYEE,,,5400.000,1026.000,1.000,6427.000,6427.000,2025-12-31 10:00:00,2026-09-23 23:58:32.311,democli00030,demodev00277,cmuerhq5v0000ucvpy660gnw1
demofac00738,FAC-2026-0001,2026,2026-01-01 10:00:00,2026-03-02 10:00:00,PAYEE,,,22950.000,4360.500,1.000,27311.500,27311.500,2026-01-01 10:00:00,2026-09-23 23:58:32.311,democli00029,,cmuerhq5v0000ucvpy660gnw1
demofac00739,FAC-2026-0002,2026,2026-01-01 10:00:00,2026-02-15 10:00:00,PAYEE,,,5376.000,1021.440,1.000,6398.440,6398.440,2026-01-01 10:00:00,2026-09-23 23:58:32.311,democli00052,,cmuerhq5v0000ucvpy660gnw1
demofac00740,FAC-2026-0003,2026,2026-01-01 10:00:00,2026-03-02 10:00:00,PAYEE,,,5760.000,1094.400,1.000,6855.400,6855.400,2026-01-01 10:00:00,2026-09-23 23:58:32.311,democli00033,demodev00278,cmuerhq5v0000ucvpy660gnw1
demofac00741,FAC-2026-0004,2026,2026-01-02 10:00:00,2026-01-17 10:00:00,PAYEE,,,5115.000,971.850,1.000,6087.850,6087.850,2026-01-02 10:00:00,2026-09-23 23:58:32.311,democli00024,,cmuerhq5v0000ucvpy660gnw1
demofac00742,FAC-2026-0005,2026,2026-01-02 10:00:00,2026-02-01 10:00:00,PAYEE,,,2055.900,267.267,1.000,2324.167,2324.167,2026-01-02 10:00:00,2026-09-23 23:58:32.311,democli00026,,cmuerhq5v0000ucvpy660gnw1
demofac00743,FAC-2026-0006,2026,2026-01-02 10:00:00,2026-02-16 10:00:00,PAYEE,,,12259.600,2329.324,1.000,14589.924,14589.924,2026-01-02 10:00:00,2026-09-23 23:58:32.311,democli00037,demodev00279,cmuerhq5v0000ucvpy660gnw1
demofac00744,FAC-2026-0007,2026,2026-01-04 10:00:00,2026-02-18 10:00:00,PAYEE,,,3638.000,542.540,1.000,4181.540,4181.540,2026-01-04 10:00:00,2026-09-23 23:58:32.311,democli00059,,cmuerhq5v0000ucvpy660gnw1
demofac00745,FAC-2026-0008,2026,2026-01-05 10:00:00,2026-02-04 10:00:00,PAYEE,,,14045.000,2668.550,0.000,16713.550,16713.550,2026-01-05 10:00:00,2026-09-23 23:58:32.311,democli00048,,cmuerhq5v0000ucvpy660gnw1
demofac00746,FAC-2026-0009,2026,2026-01-05 10:00:00,2026-01-20 10:00:00,PAYEE,,,1300.000,247.000,1.000,1548.000,1548.000,2026-01-05 10:00:00,2026-09-23 23:58:32.311,democli00025,,cmuerhq5v0000ucvpy660gnw1
demofac00747,FAC-2026-0010,2026,2026-01-05 10:00:00,2026-02-04 10:00:00,PAYEE,,,4030.000,765.700,1.000,4796.700,4796.700,2026-01-05 10:00:00,2026-09-23 23:58:32.311,democli00006,demodev00280,cmuerhq5v0000ucvpy660gnw1
demofac00748,FAC-2026-0011,2026,2026-01-07 10:00:00,2026-02-06 10:00:00,PAYEE,,,3600.000,684.000,1.000,4285.000,4285.000,2026-01-07 10:00:00,2026-09-23 23:58:32.311,democli00032,,cmuerhq5v0000ucvpy660gnw1
demofac00749,FAC-2026-0012,2026,2026-01-07 10:00:00,2026-02-06 10:00:00,PAYEE,,,2661.900,478.761,1.000,3141.661,3141.661,2026-01-07 10:00:00,2026-09-23 23:58:32.311,democli00048,demodev00281,cmuerhq5v0000ucvpy660gnw1
demofac00750,FAC-2026-0013,2026,2026-01-07 10:00:00,2026-01-07 10:00:00,PAYEE,,,4594.000,872.860,1.000,5467.860,5467.860,2026-01-07 10:00:00,2026-09-23 23:58:32.311,democli00020,demodev00282,cmuerhq5v0000ucvpy660gnw1
demofac00751,FAC-2026-0014,2026,2026-01-07 10:00:00,2026-03-08 10:00:00,PAYEE,,,6587.500,1251.625,1.000,7840.125,7840.125,2026-01-07 10:00:00,2026-09-23 23:58:32.311,democli00019,,cmuerhq5v0000ucvpy660gnw1
demofac00752,FAC-2026-0015,2026,2026-01-08 10:00:00,2026-02-07 10:00:00,PAYEE,,,1210.000,175.900,1.000,1386.900,1386.900,2026-01-08 10:00:00,2026-09-23 23:58:32.311,democli00053,,cmuerhq5v0000ucvpy660gnw1
demofac00753,FAC-2026-0016,2026,2026-01-09 10:00:00,2026-02-08 10:00:00,PAYEE,,,600.000,114.000,1.000,715.000,715.000,2026-01-09 10:00:00,2026-09-23 23:58:32.311,democli00030,demodev00283,cmuerhq5v0000ucvpy660gnw1
demofac00754,FAC-2026-0017,2026,2026-01-11 10:00:00,2026-02-10 10:00:00,PAYEE,,,1480.000,281.200,1.000,1762.200,1762.200,2026-01-11 10:00:00,2026-09-23 23:58:32.311,democli00021,,cmuerhq5v0000ucvpy660gnw1
demofac00755,FAC-2026-0018,2026,2026-01-11 10:00:00,2026-01-11 10:00:00,PAYEE,,,4495.000,854.050,1.000,5350.050,5350.050,2026-01-11 10:00:00,2026-09-23 23:58:32.311,democli00056,demodev00284,cmuerhq5v0000ucvpy660gnw1
demofac00756,FAC-2026-0019,2026,2026-01-11 10:00:00,2026-02-25 10:00:00,PAYEE,,,972.000,184.680,1.000,1157.680,1157.680,2026-01-11 10:00:00,2026-09-23 23:58:32.311,democli00052,,cmuerhq5v0000ucvpy660gnw1
demofac00757,FAC-2026-0020,2026,2026-01-11 10:00:00,2026-03-12 10:00:00,PAYEE,,,1620.000,307.800,1.000,1928.800,1928.800,2026-01-11 10:00:00,2026-09-23 23:58:32.311,democli00029,demodev00285,cmuerhq5v0000ucvpy660gnw1
demofac00758,FAC-2026-0021,2026,2026-01-11 10:00:00,2026-02-10 10:00:00,PAYEE,,,1425.000,270.750,1.000,1696.750,1696.750,2026-01-11 10:00:00,2026-09-23 23:58:32.311,democli00032,,cmuerhq5v0000ucvpy660gnw1
demofac00759,FAC-2026-0022,2026,2026-01-13 10:00:00,2026-02-12 10:00:00,PAYEE,,,19230.000,3653.700,1.000,22884.700,22884.700,2026-01-13 10:00:00,2026-09-23 23:58:32.311,democli00057,demodev00286,cmuerhq5v0000ucvpy660gnw1
demofac00760,FAC-2026-0023,2026,2026-01-14 10:00:00,2026-02-28 10:00:00,PAYEE,,,2560.000,486.400,1.000,3047.400,3047.400,2026-01-14 10:00:00,2026-09-23 23:58:32.311,democli00038,demodev00287,cmuerhq5v0000ucvpy660gnw1
demofac00761,FAC-2026-0024,2026,2026-01-15 10:00:00,2026-02-14 10:00:00,PAYEE,,,9008.000,1711.520,1.000,10720.520,10720.520,2026-01-15 10:00:00,2026-09-23 23:58:32.311,democli00030,,cmuerhq5v0000ucvpy660gnw1
demofac00762,FAC-2026-0025,2026,2026-01-15 10:00:00,2026-01-30 10:00:00,PAYEE,,,11400.000,2166.000,1.000,13567.000,13567.000,2026-01-15 10:00:00,2026-09-23 23:58:32.311,democli00055,demodev00288,cmuerhq5v0000ucvpy660gnw1
demofac00763,FAC-2026-0026,2026,2026-01-16 10:00:00,2026-01-31 10:00:00,PAYEE,,,2790.000,530.100,1.000,3321.100,3321.100,2026-01-16 10:00:00,2026-09-23 23:58:32.311,democli00025,demodev00289,cmuerhq5v0000ucvpy660gnw1
demofac00764,FAC-2026-0027,2026,2026-01-16 10:00:00,2026-02-15 10:00:00,PAYEE,,,3037.600,577.144,1.000,3615.744,3615.744,2026-01-16 10:00:00,2026-09-23 23:58:32.311,democli00018,,cmuerhq5v0000ucvpy660gnw1
demofac00765,FAC-2026-0028,2026,2026-01-17 10:00:00,2026-02-01 10:00:00,PAYEE,,,9610.000,1620.700,1.000,11231.700,11231.700,2026-01-17 10:00:00,2026-09-23 23:58:32.311,democli00031,demodev00290,cmuerhq5v0000ucvpy660gnw1
demofac00766,FAC-2026-0029,2026,2026-01-17 10:00:00,2026-02-16 10:00:00,PAYEE,,,11124.000,2113.560,1.000,13238.560,13238.560,2026-01-17 10:00:00,2026-09-23 23:58:32.311,democli00048,,cmuerhq5v0000ucvpy660gnw1
demofac00767,FAC-2026-0030,2026,2026-01-18 10:00:00,2026-02-02 10:00:00,PAYEE,,,1800.000,342.000,1.000,2143.000,2143.000,2026-01-18 10:00:00,2026-09-23 23:58:32.311,democli00025,demodev00291,cmuerhq5v0000ucvpy660gnw1
demofac00768,FAC-2026-0031,2026,2026-01-19 10:00:00,2026-02-18 10:00:00,PAYEE,,,5298.000,1006.620,1.000,6305.620,6305.620,2026-01-19 10:00:00,2026-09-23 23:58:32.311,democli00012,,cmuerhq5v0000ucvpy660gnw1
demofac00769,FAC-2026-0032,2026,2026-01-20 10:00:00,2026-02-04 10:00:00,PAYEE,,,8240.000,1565.600,1.000,9806.600,9806.600,2026-01-20 10:00:00,2026-09-23 23:58:32.311,democli00055,demodev00292,cmuerhq5v0000ucvpy660gnw1
demofac00770,FAC-2026-0033,2026,2026-01-20 10:00:00,2026-02-19 10:00:00,PAYEE,,,6900.000,1311.000,1.000,8212.000,8212.000,2026-01-20 10:00:00,2026-09-23 23:58:32.311,democli00030,,cmuerhq5v0000ucvpy660gnw1
demofac00771,FAC-2026-0034,2026,2026-01-20 10:00:00,2026-02-19 10:00:00,PAYEE,,,4700.000,893.000,1.000,5594.000,5594.000,2026-01-20 10:00:00,2026-09-23 23:58:32.311,democli00050,demodev00293,cmuerhq5v0000ucvpy660gnw1
demofac00772,FAC-2026-0035,2026,2026-01-25 10:00:00,2026-02-24 10:00:00,PAYEE,,,4290.000,815.100,1.000,5106.100,5106.100,2026-01-25 10:00:00,2026-09-23 23:58:32.311,democli00006,,cmuerhq5v0000ucvpy660gnw1
demofac00773,FAC-2026-0036,2026,2026-01-25 10:00:00,2026-02-24 10:00:00,ANNULEE,,,5800.000,1102.000,1.000,6903.000,0.000,2026-01-25 10:00:00,2026-09-23 23:58:32.311,democli00026,,cmuerhq5v0000ucvpy660gnw1
demofac00774,FAC-2026-0037,2026,2026-01-25 10:00:00,2026-02-09 10:00:00,PAYEE,,,1450.000,275.500,1.000,1726.500,1726.500,2026-01-25 10:00:00,2026-09-23 23:58:32.311,democli00009,,cmuerhq5v0000ucvpy660gnw1
demofac00775,FAC-2026-0038,2026,2026-01-27 10:00:00,2026-02-26 10:00:00,PAYEE,,,8350.000,1586.500,1.000,9937.500,9937.500,2026-01-27 10:00:00,2026-09-23 23:58:32.311,democli00049,demodev00294,cmuerhq5v0000ucvpy660gnw1
demofac00776,FAC-2026-0039,2026,2026-01-27 10:00:00,2026-02-26 10:00:00,PAYEE,,,14950.000,2840.500,1.000,17791.500,17791.500,2026-01-27 10:00:00,2026-09-23 23:58:32.311,democli00030,demodev00295,cmuerhq5v0000ucvpy660gnw1
demofac00777,FAC-2026-0040,2026,2026-01-28 10:00:00,2026-02-12 10:00:00,PAYEE,,,7540.000,1432.600,1.000,8973.600,8973.600,2026-01-28 10:00:00,2026-09-23 23:58:32.311,democli00008,,cmuerhq5v0000ucvpy660gnw1
demofac00778,FAC-2026-0041,2026,2026-01-28 10:00:00,2026-02-27 10:00:00,PAYEE,,,21000.000,3990.000,1.000,24991.000,24991.000,2026-01-28 10:00:00,2026-09-23 23:58:32.311,democli00051,demodev00296,cmuerhq5v0000ucvpy660gnw1
demofac00779,FAC-2026-0042,2026,2026-01-28 10:00:00,2026-03-29 10:00:00,PAYEE,,,44334.000,8423.460,1.000,52758.460,52758.460,2026-01-28 10:00:00,2026-09-23 23:58:32.311,democli00019,,cmuerhq5v0000ucvpy660gnw1
demofac00780,FAC-2026-0043,2026,2026-01-28 10:00:00,2026-02-27 10:00:00,PAYEE,,,16550.000,3144.500,1.000,19695.500,19695.500,2026-01-28 10:00:00,2026-09-23 23:58:32.311,democli00051,,cmuerhq5v0000ucvpy660gnw1
demofac00781,FAC-2026-0044,2026,2026-01-29 10:00:00,2026-02-13 10:00:00,ANNULEE,,,3580.000,680.200,1.000,4261.200,0.000,2026-01-29 10:00:00,2026-09-23 23:58:32.311,democli00008,demodev00297,cmuerhq5v0000ucvpy660gnw1
demofac00782,FAC-2026-0045,2026,2026-01-29 10:00:00,2026-03-15 10:00:00,PAYEE,,,15863.200,3014.008,1.000,18878.208,18878.208,2026-01-29 10:00:00,2026-09-23 23:58:32.311,democli00054,,cmuerhq5v0000ucvpy660gnw1
demofac00783,FAC-2026-0046,2026,2026-01-29 10:00:00,2026-02-13 10:00:00,PAYEE,,,4900.000,931.000,1.000,5832.000,5832.000,2026-01-29 10:00:00,2026-09-23 23:58:32.311,democli00055,,cmuerhq5v0000ucvpy660gnw1
demofac00784,FAC-2026-0047,2026,2026-01-29 10:00:00,2026-02-28 10:00:00,PAYEE,,,4050.000,715.500,1.000,4766.500,4766.500,2026-01-29 10:00:00,2026-09-23 23:58:32.311,democli00006,,cmuerhq5v0000ucvpy660gnw1
demofac00785,FAC-2026-0048,2026,2026-01-29 10:00:00,2026-02-13 10:00:00,PAYEE,,,1105.000,209.950,0.000,1314.950,1314.950,2026-01-29 10:00:00,2026-09-23 23:58:32.311,democli00024,,cmuerhq5v0000ucvpy660gnw1
demofac00786,FAC-2026-0049,2026,2026-01-29 10:00:00,2026-01-29 10:00:00,PAYEE,,,6377.000,1166.630,1.000,7544.630,7544.630,2026-01-29 10:00:00,2026-09-23 23:58:32.311,democli00035,,cmuerhq5v0000ucvpy660gnw1
demofac00787,FAC-2026-0050,2026,2026-01-29 10:00:00,2026-02-28 10:00:00,PAYEE,,,17696.000,2724.680,1.000,20421.680,20421.680,2026-01-29 10:00:00,2026-09-23 23:58:32.311,democli00011,,cmuerhq5v0000ucvpy660gnw1
demofac00788,FAC-2026-0051,2026,2026-01-30 10:00:00,2026-03-31 10:00:00,PAYEE,,,30400.000,5776.000,1.000,36177.000,36177.000,2026-01-30 10:00:00,2026-09-23 23:58:32.311,democli00019,,cmuerhq5v0000ucvpy660gnw1
demofac00789,FAC-2026-0052,2026,2026-01-30 10:00:00,2026-03-31 10:00:00,PAYEE,,,1960.800,372.552,1.000,2334.352,2334.352,2026-01-30 10:00:00,2026-09-23 23:58:32.311,democli00013,demodev00298,cmuerhq5v0000ucvpy660gnw1
demofac00790,FAC-2026-0053,2026,2026-02-01 10:00:00,2026-02-16 10:00:00,PAYEE,,,3770.000,716.300,1.000,4487.300,4487.300,2026-02-01 10:00:00,2026-09-23 23:58:32.311,democli00025,demodev00299,cmuerhq5v0000ucvpy660gnw1
demofac00791,FAC-2026-0054,2026,2026-02-01 10:00:00,2026-02-16 10:00:00,PAYEE,,,10758.000,2044.020,1.000,12803.020,12803.020,2026-02-01 10:00:00,2026-09-23 23:58:32.311,democli00014,,cmuerhq5v0000ucvpy660gnw1
demofac00792,FAC-2026-0055,2026,2026-02-02 10:00:00,2026-02-02 10:00:00,PAYEE,,,1240.000,235.600,1.000,1476.600,1476.600,2026-02-02 10:00:00,2026-09-23 23:58:32.311,democli00042,demodev00300,cmuerhq5v0000ucvpy660gnw1
demofac00793,FAC-2026-0056,2026,2026-02-03 10:00:00,2026-03-05 10:00:00,PAYEE,,,3000.000,570.000,1.000,3571.000,3571.000,2026-02-03 10:00:00,2026-09-23 23:58:32.311,democli00057,,cmuerhq5v0000ucvpy660gnw1
demofac00794,FAC-2026-0057,2026,2026-02-04 10:00:00,2026-02-19 10:00:00,PAYEE,,,8975.000,1552.250,1.000,10528.250,10528.250,2026-02-04 10:00:00,2026-09-23 23:58:32.311,democli00031,,cmuerhq5v0000ucvpy660gnw1
demofac00795,FAC-2026-0058,2026,2026-02-04 10:00:00,2026-03-21 10:00:00,PAYEE,,,2745.000,278.550,1.000,3024.550,3024.550,2026-02-04 10:00:00,2026-09-23 23:58:32.311,democli00037,demodev00301,cmuerhq5v0000ucvpy660gnw1
demofac00796,FAC-2026-0059,2026,2026-02-05 10:00:00,2026-03-07 10:00:00,PAYEE,,,12600.000,2394.000,1.000,14995.000,14995.000,2026-02-05 10:00:00,2026-09-23 23:58:32.311,democli00032,demodev00302,cmuerhq5v0000ucvpy660gnw1
demofac00797,FAC-2026-0060,2026,2026-02-05 10:00:00,2026-03-07 10:00:00,PAYEE,,,5600.000,1064.000,1.000,6665.000,6665.000,2026-02-05 10:00:00,2026-09-23 23:58:32.311,democli00030,,cmuerhq5v0000ucvpy660gnw1
demofac00798,FAC-2026-0061,2026,2026-02-05 10:00:00,2026-03-07 10:00:00,PAYEE,,,15500.000,2945.000,1.000,18446.000,18446.000,2026-02-05 10:00:00,2026-09-23 23:58:32.311,democli00030,,cmuerhq5v0000ucvpy660gnw1
demofac00799,FAC-2026-0062,2026,2026-02-05 10:00:00,2026-03-07 10:00:00,PAYEE,,,1020.000,193.800,1.000,1214.800,1214.800,2026-02-05 10:00:00,2026-09-23 23:58:32.311,democli00028,,cmuerhq5v0000ucvpy660gnw1
demofac00800,FAC-2026-0063,2026,2026-02-06 10:00:00,2026-03-08 10:00:00,PAYEE,,,7975.000,1515.250,1.000,9491.250,9491.250,2026-02-06 10:00:00,2026-09-23 23:58:32.311,democli00001,,cmuerhq5v0000ucvpy660gnw1
demofac00801,FAC-2026-0064,2026,2026-02-06 10:00:00,2026-02-06 10:00:00,PAYEE,,,3600.000,684.000,1.000,4285.000,4285.000,2026-02-06 10:00:00,2026-09-23 23:58:32.311,democli00047,,cmuerhq5v0000ucvpy660gnw1
demofac00802,FAC-2026-0065,2026,2026-02-06 10:00:00,2026-03-08 10:00:00,ANNULEE,,,3700.000,703.000,1.000,4404.000,0.000,2026-02-06 10:00:00,2026-09-23 23:58:32.311,democli00021,,cmuerhq5v0000ucvpy660gnw1
demofac00803,FAC-2026-0066,2026,2026-02-07 10:00:00,2026-03-09 10:00:00,PAYEE,,,3600.000,684.000,1.000,4285.000,4285.000,2026-02-07 10:00:00,2026-09-23 23:58:32.311,democli00045,demodev00303,cmuerhq5v0000ucvpy660gnw1
demofac00804,FAC-2026-0067,2026,2026-02-08 10:00:00,2026-02-23 10:00:00,PAYEE,,,1000.000,190.000,1.000,1191.000,1191.000,2026-02-08 10:00:00,2026-09-23 23:58:32.311,democli00025,,cmuerhq5v0000ucvpy660gnw1
demofac00805,FAC-2026-0068,2026,2026-02-08 10:00:00,2026-02-23 10:00:00,PAYEE,,,7555.000,1435.450,1.000,8991.450,8991.450,2026-02-08 10:00:00,2026-09-23 23:58:32.311,democli00055,demodev00304,cmuerhq5v0000ucvpy660gnw1
demofac00806,FAC-2026-0069,2026,2026-02-08 10:00:00,2026-03-10 10:00:00,PAYEE,,,2400.000,456.000,1.000,2857.000,2857.000,2026-02-08 10:00:00,2026-09-23 23:58:32.311,democli00030,demodev00305,cmuerhq5v0000ucvpy660gnw1
demofac00807,FAC-2026-0070,2026,2026-02-09 10:00:00,2026-02-09 10:00:00,PAYEE,,,460.000,87.400,1.000,548.400,548.400,2026-02-09 10:00:00,2026-09-23 23:58:32.311,democli00042,,cmuerhq5v0000ucvpy660gnw1
demofac00808,FAC-2026-0071,2026,2026-02-09 10:00:00,2026-02-24 10:00:00,PAYEE,,,1372.000,206.680,1.000,1579.680,1579.680,2026-02-09 10:00:00,2026-09-23 23:58:32.311,democli00016,,cmuerhq5v0000ucvpy660gnw1
demofac00809,FAC-2026-0072,2026,2026-02-09 10:00:00,2026-03-26 10:00:00,PAYEE,,,3104.600,589.874,1.000,3695.474,3695.474,2026-02-09 10:00:00,2026-09-23 23:58:32.311,democli00043,,cmuerhq5v0000ucvpy660gnw1
demofac00810,FAC-2026-0073,2026,2026-02-10 10:00:00,2026-03-12 10:00:00,ANNULEE,,,11884.300,1682.329,1.000,13567.629,0.000,2026-02-10 10:00:00,2026-09-23 23:58:32.311,democli00002,,cmuerhq5v0000ucvpy660gnw1
demofac00811,FAC-2026-0074,2026,2026-02-10 10:00:00,2026-03-12 10:00:00,PAYEE,,,4625.000,878.750,1.000,5504.750,5504.750,2026-02-10 10:00:00,2026-09-23 23:58:32.311,democli00026,demodev00306,cmuerhq5v0000ucvpy660gnw1
demofac00812,FAC-2026-0075,2026,2026-02-11 10:00:00,2026-04-12 10:00:00,PAYEE,,,720.800,136.952,1.000,858.752,858.752,2026-02-11 10:00:00,2026-09-23 23:58:32.311,democli00029,demodev00307,cmuerhq5v0000ucvpy660gnw1
demofac00813,FAC-2026-0076,2026,2026-02-11 10:00:00,2026-03-28 10:00:00,PAYEE,,,4500.000,855.000,1.000,5356.000,5356.000,2026-02-11 10:00:00,2026-09-23 23:58:32.311,democli00041,,cmuerhq5v0000ucvpy660gnw1
demofac00814,FAC-2026-0077,2026,2026-02-11 10:00:00,2026-03-13 10:00:00,PAYEE,,,15300.000,2907.000,1.000,18208.000,18208.000,2026-02-11 10:00:00,2026-09-23 23:58:32.311,democli00011,,cmuerhq5v0000ucvpy660gnw1
demofac00815,FAC-2026-0078,2026,2026-02-12 10:00:00,2026-03-29 10:00:00,PAYEE,,,3720.000,706.800,1.000,4427.800,4427.800,2026-02-12 10:00:00,2026-09-23 23:58:32.311,democli00027,,cmuerhq5v0000ucvpy660gnw1
demofac00816,FAC-2026-0079,2026,2026-02-13 10:00:00,,PAYEE,,,6176.000,825.680,1.000,7002.680,7002.680,2026-02-13 10:00:00,2026-09-23 23:58:32.311,democli00060,,cmuerhq5v0000ucvpy660gnw1
demofac00817,FAC-2026-0080,2026,2026-02-13 10:00:00,2026-03-30 10:00:00,PAYEE,,,300.000,57.000,1.000,358.000,358.000,2026-02-13 10:00:00,2026-09-23 23:58:32.311,democli00060,,cmuerhq5v0000ucvpy660gnw1
demofac00818,FAC-2026-0081,2026,2026-02-13 10:00:00,2026-03-15 10:00:00,PAYEE,,,8463.000,1607.970,1.000,10071.970,10071.970,2026-02-13 10:00:00,2026-09-23 23:58:32.311,democli00011,demodev00308,cmuerhq5v0000ucvpy660gnw1
demofac00819,FAC-2026-0082,2026,2026-02-14 10:00:00,2026-02-14 10:00:00,PAYEE,,,4330.000,822.700,1.000,5153.700,5153.700,2026-02-14 10:00:00,2026-09-23 23:58:32.311,democli00042,demodev00309,cmuerhq5v0000ucvpy660gnw1
demofac00820,FAC-2026-0083,2026,2026-02-15 10:00:00,2026-04-01 10:00:00,PAYEE,,,3208.000,508.720,1.000,3717.720,3717.720,2026-02-15 10:00:00,2026-09-23 23:58:32.311,democli00043,demodev00310,cmuerhq5v0000ucvpy660gnw1
demofac00821,FAC-2026-0084,2026,2026-02-15 10:00:00,2026-04-01 10:00:00,ANNULEE,,,4348.000,826.120,1.000,5175.120,0.000,2026-02-15 10:00:00,2026-09-23 23:58:32.311,democli00059,,cmuerhq5v0000ucvpy660gnw1
demofac00822,FAC-2026-0085,2026,2026-02-17 10:00:00,2026-03-19 10:00:00,PAYEE,,,840.000,159.600,1.000,1000.600,1000.600,2026-02-17 10:00:00,2026-09-23 23:58:32.311,democli00012,,cmuerhq5v0000ucvpy660gnw1
demofac00823,FAC-2026-0086,2026,2026-02-18 10:00:00,2026-03-20 10:00:00,PAYEE,,,330.600,62.814,1.000,394.414,394.414,2026-02-18 10:00:00,2026-09-23 23:58:32.311,democli00032,demodev00311,cmuerhq5v0000ucvpy660gnw1
demofac00824,FAC-2026-0087,2026,2026-02-19 10:00:00,2026-03-21 10:00:00,PAYEE,,,23000.000,4370.000,1.000,27371.000,27371.000,2026-02-19 10:00:00,2026-09-23 23:58:32.311,democli00051,,cmuerhq5v0000ucvpy660gnw1
demofac00825,FAC-2026-0088,2026,2026-02-19 10:00:00,2026-03-21 10:00:00,PAYEE,,,840.000,159.600,0.000,999.600,999.600,2026-02-19 10:00:00,2026-09-23 23:58:32.311,democli00012,,cmuerhq5v0000ucvpy660gnw1
demofac00826,FAC-2026-0089,2026,2026-02-20 10:00:00,2026-03-22 10:00:00,PAYEE,,,3145.000,597.550,1.000,3743.550,3743.550,2026-02-20 10:00:00,2026-09-23 23:58:32.311,democli00044,demodev00312,cmuerhq5v0000ucvpy660gnw1
demofac00827,FAC-2026-0090,2026,2026-02-20 10:00:00,,PAYEE,,,35600.000,6764.000,1.000,42365.000,42365.000,2026-02-20 10:00:00,2026-09-23 23:58:32.311,democli00005,,cmuerhq5v0000ucvpy660gnw1
demofac00828,FAC-2026-0091,2026,2026-02-20 10:00:00,2026-03-07 10:00:00,PAYEE,,,246.500,46.835,1.000,294.335,294.335,2026-02-20 10:00:00,2026-09-23 23:58:32.311,democli00014,,cmuerhq5v0000ucvpy660gnw1
demofac00829,FAC-2026-0092,2026,2026-02-21 10:00:00,2026-04-22 10:00:00,PAYEE,,,6426.000,683.820,1.000,7110.820,7110.820,2026-02-21 10:00:00,2026-09-23 23:58:32.311,democli00040,,cmuerhq5v0000ucvpy660gnw1
demofac00830,FAC-2026-0093,2026,2026-02-22 10:00:00,2026-03-24 10:00:00,PAYEE,,,2641.920,501.965,1.000,3144.885,3144.885,2026-02-22 10:00:00,2026-09-23 23:58:32.311,democli00018,,cmuerhq5v0000ucvpy660gnw1
demofac00831,FAC-2026-0094,2026,2026-02-24 10:00:00,2026-03-26 10:00:00,PAYEE,,,16486.000,2920.660,1.000,19407.660,19407.660,2026-02-24 10:00:00,2026-09-23 23:58:32.311,democli00026,demodev00313,cmuerhq5v0000ucvpy660gnw1
demofac00832,FAC-2026-0095,2026,2026-02-24 10:00:00,2026-04-10 10:00:00,PAYEE,,,2140.000,406.600,1.000,2547.600,2547.600,2026-02-24 10:00:00,2026-09-23 23:58:32.311,democli00038,,cmuerhq5v0000ucvpy660gnw1
demofac00833,FAC-2026-0096,2026,2026-02-25 10:00:00,2026-03-27 10:00:00,PAYEE,,,12000.000,2280.000,1.000,14281.000,14281.000,2026-02-25 10:00:00,2026-09-23 23:58:32.311,democli00030,,cmuerhq5v0000ucvpy660gnw1
demofac00834,FAC-2026-0097,2026,2026-02-25 10:00:00,2026-03-12 10:00:00,PAYEE,,,1050.000,73.500,1.000,1124.500,1124.500,2026-02-25 10:00:00,2026-09-23 23:58:32.311,democli00031,,cmuerhq5v0000ucvpy660gnw1
demofac00835,FAC-2026-0098,2026,2026-02-26 10:00:00,2026-04-12 10:00:00,PAYEE,,,13121.320,1722.872,1.000,14845.192,14845.192,2026-02-26 10:00:00,2026-09-23 23:58:32.311,democli00060,demodev00314,cmuerhq5v0000ucvpy660gnw1
demofac00836,FAC-2026-0099,2026,2026-02-26 10:00:00,2026-03-28 10:00:00,PAYEE,,,23406.000,4087.140,1.000,27494.140,27494.140,2026-02-26 10:00:00,2026-09-23 23:58:32.311,democli00058,,cmuerhq5v0000ucvpy660gnw1
demofac00837,FAC-2026-0100,2026,2026-02-27 10:00:00,2026-04-13 10:00:00,PAYEE,,,17210.000,3269.900,0.000,20479.900,20479.900,2026-02-27 10:00:00,2026-09-23 23:58:32.311,democli00037,demodev00315,cmuerhq5v0000ucvpy660gnw1
demofac00838,FAC-2026-0101,2026,2026-02-27 10:00:00,2026-03-29 10:00:00,PAYEE,,,10450.000,1883.500,1.000,12334.500,12334.500,2026-02-27 10:00:00,2026-09-23 23:58:32.311,democli00048,demodev00316,cmuerhq5v0000ucvpy660gnw1
demofac00839,FAC-2026-0102,2026,2026-02-28 10:00:00,2026-04-29 10:00:00,PAYEE,,,7440.400,1413.676,1.000,8855.076,8855.076,2026-02-28 10:00:00,2026-09-23 23:58:32.311,democli00029,,cmuerhq5v0000ucvpy660gnw1
demofac00840,FAC-2026-0103,2026,2026-02-28 10:00:00,2026-03-30 10:00:00,PAYEE,,,10366.000,1722.580,1.000,12089.580,12089.580,2026-02-28 10:00:00,2026-09-23 23:58:32.311,democli00026,demodev00317,cmuerhq5v0000ucvpy660gnw1
demofac00841,FAC-2026-0104,2026,2026-03-01 10:00:00,2026-03-31 10:00:00,PAYEE,,,6777.500,1287.725,1.000,8066.225,8066.225,2026-03-01 10:00:00,2026-09-23 23:58:32.311,democli00053,,cmuerhq5v0000ucvpy660gnw1
demofac00842,FAC-2026-0105,2026,2026-03-02 10:00:00,2026-05-01 10:00:00,PAYEE,,,28295.000,5016.050,1.000,33312.050,33312.050,2026-03-02 10:00:00,2026-09-23 23:58:32.311,democli00019,,cmuerhq5v0000ucvpy660gnw1
demofac00843,FAC-2026-0106,2026,2026-03-02 10:00:00,2026-03-17 10:00:00,PAYEE,,,150.000,10.500,1.000,161.500,161.500,2026-03-02 10:00:00,2026-09-23 23:58:32.311,democli00016,,cmuerhq5v0000ucvpy660gnw1
demofac00844,FAC-2026-0107,2026,2026-03-02 10:00:00,2026-04-01 10:00:00,PAYEE,,,27200.000,5168.000,1.000,32369.000,32369.000,2026-03-02 10:00:00,2026-09-23 23:58:32.311,democli00032,,cmuerhq5v0000ucvpy660gnw1
demofac00845,FAC-2026-0108,2026,2026-03-03 10:00:00,2026-03-18 10:00:00,PAYEE,,,836.000,158.840,1.000,995.840,995.840,2026-03-03 10:00:00,2026-09-23 23:58:32.311,democli00025,demodev00318,cmuerhq5v0000ucvpy660gnw1
demofac00846,FAC-2026-0109,2026,2026-03-03 10:00:00,2026-05-02 10:00:00,PAYEE,,,22530.500,4280.795,1.000,26812.295,26812.295,2026-03-03 10:00:00,2026-09-23 23:58:32.311,democli00029,demodev00319,cmuerhq5v0000ucvpy660gnw1
demofac00847,FAC-2026-0110,2026,2026-03-04 10:00:00,2026-04-03 10:00:00,PAYEE,,,2961.000,562.590,1.000,3524.590,3524.590,2026-03-04 10:00:00,2026-09-23 23:58:32.311,democli00032,,cmuerhq5v0000ucvpy660gnw1
demofac00848,FAC-2026-0111,2026,2026-03-05 10:00:00,2026-04-19 10:00:00,PAYEE,,,2529.000,354.510,1.000,2884.510,2884.510,2026-03-05 10:00:00,2026-09-23 23:58:32.311,democli00054,,cmuerhq5v0000ucvpy660gnw1
demofac00849,FAC-2026-0112,2026,2026-03-05 10:00:00,2026-03-20 10:00:00,PAYEE,,,14411.500,2195.545,1.000,16608.045,16608.045,2026-03-05 10:00:00,2026-09-23 23:58:32.311,democli00031,,cmuerhq5v0000ucvpy660gnw1
demofac00850,FAC-2026-0113,2026,2026-03-06 10:00:00,2026-04-20 10:00:00,PAYEE,,,11590.000,1567.300,1.000,13158.300,13158.300,2026-03-06 10:00:00,2026-09-23 23:58:32.311,democli00054,,cmuerhq5v0000ucvpy660gnw1
demofac00851,FAC-2026-0114,2026,2026-03-07 10:00:00,,PAYEE,,,4988.000,947.720,1.000,5936.720,5936.720,2026-03-07 10:00:00,2026-09-23 23:58:32.311,democli00026,,cmuerhq5v0000ucvpy660gnw1
demofac00852,FAC-2026-0115,2026,2026-03-07 10:00:00,2026-03-22 10:00:00,PAYEE,,,650.000,123.500,1.000,774.500,774.500,2026-03-07 10:00:00,2026-09-23 23:58:32.311,democli00025,demodev00320,cmuerhq5v0000ucvpy660gnw1
demofac00853,FAC-2026-0116,2026,2026-03-09 10:00:00,2026-03-24 10:00:00,PAYEE,,,5800.000,1102.000,1.000,6903.000,6903.000,2026-03-09 10:00:00,2026-09-23 23:58:32.311,democli00055,,cmuerhq5v0000ucvpy660gnw1
demofac00854,FAC-2026-0117,2026,2026-03-10 10:00:00,2026-04-24 10:00:00,PAYEE,,,5800.000,1102.000,1.000,6903.000,6903.000,2026-03-10 10:00:00,2026-09-23 23:58:32.311,democli00038,demodev00321,cmuerhq5v0000ucvpy660gnw1
demofac00855,FAC-2026-0118,2026,2026-03-10 10:00:00,2026-04-24 10:00:00,PAYEE,,,2860.000,543.400,1.000,3404.400,3404.400,2026-03-10 10:00:00,2026-09-23 23:58:32.311,democli00038,demodev00322,cmuerhq5v0000ucvpy660gnw1
demofac00856,FAC-2026-0119,2026,2026-03-11 10:00:00,2026-04-10 10:00:00,PAYEE,,,21727.000,4128.130,1.000,25856.130,25856.130,2026-03-11 10:00:00,2026-09-23 23:58:32.311,democli00049,,cmuerhq5v0000ucvpy660gnw1
demofac00857,FAC-2026-0120,2026,2026-03-11 10:00:00,2026-05-10 10:00:00,PAYEE,,,13200.000,2508.000,1.000,15709.000,15709.000,2026-03-11 10:00:00,2026-09-23 23:58:32.311,democli00046,demodev00323,cmuerhq5v0000ucvpy660gnw1
demofac00858,FAC-2026-0121,2026,2026-03-11 10:00:00,2026-04-10 10:00:00,PAYEE,,,480.000,91.200,1.000,572.200,572.200,2026-03-11 10:00:00,2026-09-23 23:58:32.311,democli00049,demodev00324,cmuerhq5v0000ucvpy660gnw1
demofac00859,FAC-2026-0122,2026,2026-03-12 10:00:00,2026-04-11 10:00:00,PAYEE,,,11178.000,2123.820,1.000,13302.820,13302.820,2026-03-12 10:00:00,2026-09-23 23:58:32.311,democli00030,,cmuerhq5v0000ucvpy660gnw1
demofac00860,FAC-2026-0123,2026,2026-03-12 10:00:00,2026-03-27 10:00:00,PAYEE,,,7481.000,1421.390,1.000,8903.390,8903.390,2026-03-12 10:00:00,2026-09-23 23:58:32.311,democli00025,,cmuerhq5v0000ucvpy660gnw1
demofac00861,FAC-2026-0124,2026,2026-03-13 10:00:00,2026-03-13 10:00:00,PAYEE,,,693.680,82.209,0.000,775.889,775.889,2026-03-13 10:00:00,2026-09-23 23:58:32.311,democli00020,,cmuerhq5v0000ucvpy660gnw1
demofac00862,FAC-2026-0125,2026,2026-03-13 10:00:00,2026-04-12 10:00:00,PAYEE,,,19616.000,3727.040,1.000,23344.040,23344.040,2026-03-13 10:00:00,2026-09-23 23:58:32.311,democli00045,,cmuerhq5v0000ucvpy660gnw1
demofac00863,FAC-2026-0126,2026,2026-03-13 10:00:00,2026-05-12 10:00:00,PAYEE,,,6200.000,1178.000,1.000,7379.000,7379.000,2026-03-13 10:00:00,2026-09-23 23:58:32.311,democli00010,,cmuerhq5v0000ucvpy660gnw1
demofac00864,FAC-2026-0127,2026,2026-03-14 10:00:00,2026-04-13 10:00:00,PAYEE,,,11240.000,2135.600,1.000,13376.600,13376.600,2026-03-14 10:00:00,2026-09-23 23:58:32.311,democli00026,,cmuerhq5v0000ucvpy660gnw1
demofac00865,FAC-2026-0128,2026,2026-03-15 10:00:00,2026-04-14 10:00:00,PAYEE,,,1305.000,247.950,1.000,1553.950,1553.950,2026-03-15 10:00:00,2026-09-23 23:58:32.311,democli00045,demodev00325,cmuerhq5v0000ucvpy660gnw1
demofac00866,FAC-2026-0129,2026,2026-03-16 10:00:00,2026-04-15 10:00:00,PAYEE,,,15276.000,2902.440,1.000,18179.440,18179.440,2026-03-16 10:00:00,2026-09-23 23:58:32.311,democli00011,demodev00326,cmuerhq5v0000ucvpy660gnw1
demofac00867,FAC-2026-0130,2026,2026-03-16 10:00:00,2026-04-15 10:00:00,PAYEE,,,4200.000,798.000,1.000,4999.000,4999.000,2026-03-16 10:00:00,2026-09-23 23:58:32.311,democli00021,demodev00327,cmuerhq5v0000ucvpy660gnw1
demofac00868,FAC-2026-0131,2026,2026-03-16 10:00:00,2026-04-15 10:00:00,PAYEE,,,15320.000,2910.800,1.000,18231.800,18231.800,2026-03-16 10:00:00,2026-09-23 23:58:32.311,democli00011,demodev00328,cmuerhq5v0000ucvpy660gnw1
demofac00869,FAC-2026-0132,2026,2026-03-17 10:00:00,2026-03-17 10:00:00,PAYEE,,,1620.000,307.800,1.000,1928.800,1928.800,2026-03-17 10:00:00,2026-09-23 23:58:32.311,democli00047,demodev00329,cmuerhq5v0000ucvpy660gnw1
demofac00870,FAC-2026-0133,2026,2026-03-17 10:00:00,2026-03-17 10:00:00,PAYEE,,,4424.000,553.280,1.000,4978.280,4978.280,2026-03-17 10:00:00,2026-09-23 23:58:32.311,democli00042,demodev00330,cmuerhq5v0000ucvpy660gnw1
demofac00871,FAC-2026-0134,2026,2026-03-17 10:00:00,2026-05-01 10:00:00,PAYEE,,,2790.000,530.100,1.000,3321.100,3321.100,2026-03-17 10:00:00,2026-09-23 23:58:32.311,democli00043,,cmuerhq5v0000ucvpy660gnw1
demofac00872,FAC-2026-0135,2026,2026-03-17 10:00:00,2026-03-17 10:00:00,PAYEE,,,2710.000,514.900,1.000,3225.900,3225.900,2026-03-17 10:00:00,2026-09-23 23:58:32.311,democli00042,,cmuerhq5v0000ucvpy660gnw1
demofac00873,FAC-2026-0136,2026,2026-03-19 10:00:00,2026-05-03 10:00:00,PAYEE,,,7446.000,521.220,1.000,7968.220,7968.220,2026-03-19 10:00:00,2026-09-23 23:58:32.311,democli00041,demodev00331,cmuerhq5v0000ucvpy660gnw1
demofac00874,FAC-2026-0137,2026,2026-03-19 10:00:00,2026-05-18 10:00:00,PAYEE,,,14846.950,2478.921,0.000,17325.871,17325.871,2026-03-19 10:00:00,2026-09-23 23:58:32.311,democli00033,,cmuerhq5v0000ucvpy660gnw1
demofac00875,FAC-2026-0138,2026,2026-03-20 10:00:00,2026-04-19 10:00:00,PAYEE,,,19010.000,3611.900,1.000,22622.900,22622.900,2026-03-20 10:00:00,2026-09-23 23:58:32.311,democli00006,,cmuerhq5v0000ucvpy660gnw1
demofac00876,FAC-2026-0139,2026,2026-03-21 10:00:00,2026-04-05 10:00:00,PAYEE,,,8691.400,1651.366,1.000,10343.766,10343.766,2026-03-21 10:00:00,2026-09-23 23:58:32.311,democli00055,,cmuerhq5v0000ucvpy660gnw1
demofac00877,FAC-2026-0140,2026,2026-03-21 10:00:00,2026-05-05 10:00:00,PAYEE,,,953.880,181.237,1.000,1136.117,1136.117,2026-03-21 10:00:00,2026-09-23 23:58:32.311,democli00060,,cmuerhq5v0000ucvpy660gnw1
demofac00878,FAC-2026-0141,2026,2026-03-23 10:00:00,2026-05-07 10:00:00,PAYEE,,,6545.200,1243.588,1.000,7789.788,7789.788,2026-03-23 10:00:00,2026-09-23 23:58:32.311,democli00027,demodev00332,cmuerhq5v0000ucvpy660gnw1
demofac00879,FAC-2026-0142,2026,2026-03-24 10:00:00,2026-04-08 10:00:00,PAYEE,,,5168.000,981.920,1.000,6150.920,6150.920,2026-03-24 10:00:00,2026-09-23 23:58:32.311,democli00009,,cmuerhq5v0000ucvpy660gnw1
demofac00880,FAC-2026-0143,2026,2026-03-24 10:00:00,2026-05-08 10:00:00,PAYEE,,,38790.000,7370.100,1.000,46161.100,46161.100,2026-03-24 10:00:00,2026-09-23 23:58:32.311,democli00027,demodev00333,cmuerhq5v0000ucvpy660gnw1
demofac00881,FAC-2026-0144,2026,2026-03-25 10:00:00,2026-04-24 10:00:00,PAYEE,,,4080.000,613.200,1.000,4694.200,4694.200,2026-03-25 10:00:00,2026-09-23 23:58:32.311,democli00053,,cmuerhq5v0000ucvpy660gnw1
demofac00882,FAC-2026-0145,2026,2026-03-25 10:00:00,2026-05-09 10:00:00,PAYEE,,,7890.000,1499.100,1.000,9390.100,9390.100,2026-03-25 10:00:00,2026-09-23 23:58:32.311,democli00054,,cmuerhq5v0000ucvpy660gnw1
demofac00883,FAC-2026-0146,2026,2026-03-25 10:00:00,2026-04-24 10:00:00,PAYEE,,,11600.000,2204.000,1.000,13805.000,13805.000,2026-03-25 10:00:00,2026-09-23 23:58:32.311,democli00058,,cmuerhq5v0000ucvpy660gnw1
demofac00884,FAC-2026-0147,2026,2026-03-25 10:00:00,2026-04-24 10:00:00,PAYEE,,,7050.000,1339.500,1.000,8390.500,8390.500,2026-03-25 10:00:00,2026-09-23 23:58:32.311,democli00011,,cmuerhq5v0000ucvpy660gnw1
demofac00885,FAC-2026-0148,2026,2026-03-26 10:00:00,2026-04-25 10:00:00,PAYEE,,,5520.000,1048.800,1.000,6569.800,6569.800,2026-03-26 10:00:00,2026-09-23 23:58:32.311,democli00006,,cmuerhq5v0000ucvpy660gnw1
demofac00886,FAC-2026-0149,2026,2026-03-27 10:00:00,2026-05-26 10:00:00,PAYEE,,,18473.000,3351.110,1.000,21825.110,21825.110,2026-03-27 10:00:00,2026-09-23 23:58:32.311,democli00010,demodev00334,cmuerhq5v0000ucvpy660gnw1
demofac00887,FAC-2026-0150,2026,2026-03-28 10:00:00,2026-04-12 10:00:00,PAYEE,,,1960.000,372.400,1.000,2333.400,2333.400,2026-03-28 10:00:00,2026-09-23 23:58:32.311,democli00014,,cmuerhq5v0000ucvpy660gnw1
demofac00888,FAC-2026-0151,2026,2026-03-28 10:00:00,2026-05-12 10:00:00,PAYEE,,,12000.000,2280.000,0.000,14280.000,14280.000,2026-03-28 10:00:00,2026-09-23 23:58:32.311,democli00054,,cmuerhq5v0000ucvpy660gnw1
demofac00889,FAC-2026-0152,2026,2026-03-28 10:00:00,2026-03-28 10:00:00,PAYEE,,,7050.000,1339.500,1.000,8390.500,8390.500,2026-03-28 10:00:00,2026-09-23 23:58:32.311,democli00042,,cmuerhq5v0000ucvpy660gnw1
demofac00890,FAC-2026-0153,2026,2026-03-28 10:00:00,2026-04-12 10:00:00,PAYEE,,,10300.000,1957.000,1.000,12258.000,12258.000,2026-03-28 10:00:00,2026-09-23 23:58:32.311,democli00055,,cmuerhq5v0000ucvpy660gnw1
demofac00891,FAC-2026-0154,2026,2026-03-29 10:00:00,2026-04-13 10:00:00,PAYEE,,,4185.000,795.150,1.000,4981.150,4981.150,2026-03-29 10:00:00,2026-09-23 23:58:32.311,democli00024,,cmuerhq5v0000ucvpy660gnw1
demofac00892,FAC-2026-0155,2026,2026-03-29 10:00:00,2026-05-13 10:00:00,PAYEE,,,987.000,128.310,0.000,1115.310,1115.310,2026-03-29 10:00:00,2026-09-23 23:58:32.311,democli00004,,cmuerhq5v0000ucvpy660gnw1
demofac00893,FAC-2026-0156,2026,2026-03-30 10:00:00,2026-04-29 10:00:00,PAYEE,,,14980.000,2846.200,1.000,17827.200,17827.200,2026-03-30 10:00:00,2026-09-23 23:58:32.311,democli00057,,cmuerhq5v0000ucvpy660gnw1
demofac00894,FAC-2026-0157,2026,2026-04-01 10:00:00,2026-05-16 10:00:00,PAYEE,,,12000.000,2280.000,1.000,14281.000,14281.000,2026-04-01 10:00:00,2026-09-23 23:58:32.311,democli00041,,cmuerhq5v0000ucvpy660gnw1
demofac00895,FAC-2026-0158,2026,2026-04-01 10:00:00,2026-05-16 10:00:00,PAYEE,,,1496.000,251.480,0.000,1747.480,1747.480,2026-04-01 10:00:00,2026-09-23 23:58:32.311,democli00060,demodev00335,cmuerhq5v0000ucvpy660gnw1
demofac00896,FAC-2026-0159,2026,2026-04-02 10:00:00,2026-04-02 10:00:00,PAYEE,,,4020.000,763.800,1.000,4784.800,4784.800,2026-04-02 10:00:00,2026-09-23 23:58:32.311,democli00042,,cmuerhq5v0000ucvpy660gnw1
demofac00897,FAC-2026-0160,2026,2026-04-03 10:00:00,2026-04-18 10:00:00,PAYEE,,,680.000,129.200,1.000,810.200,810.200,2026-04-03 10:00:00,2026-09-23 23:58:32.311,democli00016,demodev00336,cmuerhq5v0000ucvpy660gnw1
demofac00898,FAC-2026-0161,2026,2026-04-03 10:00:00,2026-04-18 10:00:00,PAYEE,,,12001.920,1560.250,1.000,13563.170,13563.170,2026-04-03 10:00:00,2026-09-23 23:58:32.311,democli00022,,cmuerhq5v0000ucvpy660gnw1
demofac00899,FAC-2026-0162,2026,2026-04-04 10:00:00,2026-06-03 10:00:00,PAYEE,,,21909.600,4162.824,1.000,26073.424,26073.424,2026-04-04 10:00:00,2026-09-23 23:58:32.311,democli00029,,cmuerhq5v0000ucvpy660gnw1
demofac00900,FAC-2026-0163,2026,2026-04-05 10:00:00,2026-04-05 10:00:00,PAYEE,,,6510.000,1236.900,1.000,7747.900,7747.900,2026-04-05 10:00:00,2026-09-23 23:58:32.311,democli00042,,cmuerhq5v0000ucvpy660gnw1
demofac00901,FAC-2026-0164,2026,2026-04-05 10:00:00,2026-05-05 10:00:00,PAYEE,,,5045.000,958.550,1.000,6004.550,6004.550,2026-04-05 10:00:00,2026-09-23 23:58:32.311,democli00048,demodev00337,cmuerhq5v0000ucvpy660gnw1
demofac00902,FAC-2026-0165,2026,2026-04-06 10:00:00,2026-05-06 10:00:00,PAYEE,,,2580.000,490.200,1.000,3071.200,3071.200,2026-04-06 10:00:00,2026-09-23 23:58:32.311,democli00006,,cmuerhq5v0000ucvpy660gnw1
demofac00903,FAC-2026-0166,2026,2026-04-06 10:00:00,,PAYEE,,,850.000,161.500,0.000,1011.500,1011.500,2026-04-06 10:00:00,2026-09-23 23:58:32.311,democli00031,demodev00338,cmuerhq5v0000ucvpy660gnw1
demofac00904,FAC-2026-0167,2026,2026-04-07 10:00:00,2026-05-22 10:00:00,PAYEE,,,6383.040,862.195,1.000,7246.235,7246.235,2026-04-07 10:00:00,2026-09-23 23:58:32.311,democli00059,demodev00339,cmuerhq5v0000ucvpy660gnw1
demofac00905,FAC-2026-0168,2026,2026-04-07 10:00:00,2026-05-07 10:00:00,PAYEE,,,2748.000,282.360,1.000,3031.360,3031.360,2026-04-07 10:00:00,2026-09-23 23:58:32.311,democli00053,,cmuerhq5v0000ucvpy660gnw1
demofac00906,FAC-2026-0169,2026,2026-04-08 10:00:00,2026-05-23 10:00:00,PAYEE,,,8670.000,1647.300,1.000,10318.300,10318.300,2026-04-08 10:00:00,2026-09-23 23:58:32.311,democli00036,demodev00340,cmuerhq5v0000ucvpy660gnw1
demofac00907,FAC-2026-0170,2026,2026-04-09 10:00:00,2026-06-08 10:00:00,PAYEE,,,1125.000,78.750,1.000,1204.750,1204.750,2026-04-09 10:00:00,2026-09-23 23:58:32.311,democli00019,demodev00341,cmuerhq5v0000ucvpy660gnw1
demofac00908,FAC-2026-0171,2026,2026-04-09 10:00:00,2026-04-24 10:00:00,PAYEE,,,17917.000,2609.080,1.000,20527.080,20527.080,2026-04-09 10:00:00,2026-09-23 23:58:32.311,democli00025,,cmuerhq5v0000ucvpy660gnw1
demofac00909,FAC-2026-0172,2026,2026-04-09 10:00:00,2026-05-09 10:00:00,PAYEE,,,3200.000,608.000,1.000,3809.000,3809.000,2026-04-09 10:00:00,2026-09-23 23:58:32.311,democli00049,demodev00342,cmuerhq5v0000ucvpy660gnw1
demofac00910,FAC-2026-0173,2026,2026-04-10 10:00:00,2026-05-10 10:00:00,PAYEE,,,14368.000,2195.440,1.000,16564.440,16564.440,2026-04-10 10:00:00,2026-09-23 23:58:32.311,democli00026,,cmuerhq5v0000ucvpy660gnw1
demofac00911,FAC-2026-0174,2026,2026-04-10 10:00:00,,PAYEE,,,8130.000,1544.700,1.000,9675.700,9675.700,2026-04-10 10:00:00,2026-09-23 23:58:32.311,democli00031,,cmuerhq5v0000ucvpy660gnw1
demofac00912,FAC-2026-0175,2026,2026-04-11 10:00:00,2026-06-10 10:00:00,PAYEE,,,2190.000,416.100,1.000,2607.100,2607.100,2026-04-11 10:00:00,2026-09-23 23:58:32.311,democli00010,demodev00343,cmuerhq5v0000ucvpy660gnw1
demofac00913,FAC-2026-0176,2026,2026-04-11 10:00:00,2026-06-10 10:00:00,PAYEE,,,2100.000,399.000,1.000,2500.000,2500.000,2026-04-11 10:00:00,2026-09-23 23:58:32.311,democli00010,,cmuerhq5v0000ucvpy660gnw1
demofac00914,FAC-2026-0177,2026,2026-04-11 10:00:00,,PAYEE,,,10544.000,2003.360,1.000,12548.360,12548.360,2026-04-11 10:00:00,2026-09-23 23:58:32.311,democli00009,demodev00344,cmuerhq5v0000ucvpy660gnw1
demofac00915,FAC-2026-0178,2026,2026-04-12 10:00:00,2026-06-11 10:00:00,PAYEE,,,11600.000,2204.000,1.000,13805.000,13805.000,2026-04-12 10:00:00,2026-09-23 23:58:32.311,democli00019,,cmuerhq5v0000ucvpy660gnw1
demofac00916,FAC-2026-0179,2026,2026-04-13 10:00:00,2026-05-28 10:00:00,PAYEE,,,3200.000,608.000,1.000,3809.000,3809.000,2026-04-13 10:00:00,2026-09-23 23:58:32.311,democli00038,,cmuerhq5v0000ucvpy660gnw1
demofac00917,FAC-2026-0180,2026,2026-04-13 10:00:00,2026-04-13 10:00:00,PAYEE,,,14160.000,2690.400,1.000,16851.400,16851.400,2026-04-13 10:00:00,2026-09-23 23:58:32.311,democli00042,,cmuerhq5v0000ucvpy660gnw1
demofac00918,FAC-2026-0181,2026,2026-04-13 10:00:00,2026-06-12 10:00:00,PAYEE,,,1790.000,340.100,1.000,2131.100,2131.100,2026-04-13 10:00:00,2026-09-23 23:58:32.311,democli00010,demodev00345,cmuerhq5v0000ucvpy660gnw1
demofac00919,FAC-2026-0182,2026,2026-04-14 10:00:00,2026-04-29 10:00:00,PAYEE,,,3921.500,745.085,1.000,4667.585,4667.585,2026-04-14 10:00:00,2026-09-23 23:58:32.311,democli00008,,cmuerhq5v0000ucvpy660gnw1
demofac00920,FAC-2026-0183,2026,2026-04-14 10:00:00,2026-05-29 10:00:00,PAYEE,,,4225.000,802.750,1.000,5028.750,5028.750,2026-04-14 10:00:00,2026-09-23 23:58:32.311,democli00059,,cmuerhq5v0000ucvpy660gnw1
demofac00921,FAC-2026-0184,2026,2026-04-15 10:00:00,2026-04-15 10:00:00,PAYEE,,,6800.000,884.000,1.000,7685.000,7685.000,2026-04-15 10:00:00,2026-09-23 23:58:32.311,democli00042,,cmuerhq5v0000ucvpy660gnw1
demofac00922,FAC-2026-0185,2026,2026-04-18 10:00:00,2026-05-18 10:00:00,PAYEE,,,21512.000,4087.280,1.000,25600.280,25600.280,2026-04-18 10:00:00,2026-09-23 23:58:32.311,democli00034,demodev00346,cmuerhq5v0000ucvpy660gnw1
demofac00923,FAC-2026-0186,2026,2026-04-18 10:00:00,2026-05-18 10:00:00,PAYEE,,,1485.000,282.150,1.000,1768.150,1768.150,2026-04-18 10:00:00,2026-09-23 23:58:32.311,democli00032,,cmuerhq5v0000ucvpy660gnw1
demofac00924,FAC-2026-0187,2026,2026-04-18 10:00:00,2026-05-03 10:00:00,PAYEE,,,5396.000,1025.240,1.000,6422.240,6422.240,2026-04-18 10:00:00,2026-09-23 23:58:32.311,democli00003,demodev00347,cmuerhq5v0000ucvpy660gnw1
demofac00925,FAC-2026-0188,2026,2026-04-19 10:00:00,2026-06-03 10:00:00,PAYEE,,,3790.000,720.100,1.000,4511.100,4511.100,2026-04-19 10:00:00,2026-09-23 23:58:32.311,democli00060,,cmuerhq5v0000ucvpy660gnw1
demofac00926,FAC-2026-0189,2026,2026-04-20 10:00:00,2026-05-20 10:00:00,PAYEE,,,4500.000,855.000,1.000,5356.000,5356.000,2026-04-20 10:00:00,2026-09-23 23:58:32.311,democli00049,,cmuerhq5v0000ucvpy660gnw1
demofac00927,FAC-2026-0190,2026,2026-04-20 10:00:00,2026-06-19 10:00:00,PAYEE,,,971.516,184.588,1.000,1157.104,1157.104,2026-04-20 10:00:00,2026-09-23 23:58:32.311,democli00013,demodev00348,cmuerhq5v0000ucvpy660gnw1
demofac00928,FAC-2026-0191,2026,2026-04-20 10:00:00,2026-05-05 10:00:00,PAYEE,,,588.000,111.720,1.000,700.720,700.720,2026-04-20 10:00:00,2026-09-23 23:58:32.311,democli00016,demodev00349,cmuerhq5v0000ucvpy660gnw1
demofac00929,FAC-2026-0192,2026,2026-04-20 10:00:00,2026-06-19 10:00:00,PAYEE,,,18750.000,3562.500,1.000,22313.500,22313.500,2026-04-20 10:00:00,2026-09-23 23:58:32.311,democli00029,,cmuerhq5v0000ucvpy660gnw1
demofac00930,FAC-2026-0193,2026,2026-04-21 10:00:00,2026-05-21 10:00:00,ANNULEE,,,12000.000,2280.000,0.000,14280.000,0.000,2026-04-21 10:00:00,2026-09-23 23:58:32.311,democli00011,,cmuerhq5v0000ucvpy660gnw1
demofac00931,FAC-2026-0194,2026,2026-04-21 10:00:00,2026-05-21 10:00:00,PAYEE,,,9117.000,1732.230,1.000,10850.230,10850.230,2026-04-21 10:00:00,2026-09-23 23:58:32.311,democli00051,,cmuerhq5v0000ucvpy660gnw1
demofac00932,FAC-2026-0195,2026,2026-04-22 10:00:00,2026-05-07 10:00:00,PAYEE,,,2700.000,513.000,1.000,3214.000,3214.000,2026-04-22 10:00:00,2026-09-23 23:58:32.311,democli00003,,cmuerhq5v0000ucvpy660gnw1
demofac00933,FAC-2026-0196,2026,2026-04-22 10:00:00,2026-06-06 10:00:00,PAYEE,,,1700.000,323.000,1.000,2024.000,2024.000,2026-04-22 10:00:00,2026-09-23 23:58:32.311,democli00037,,cmuerhq5v0000ucvpy660gnw1
demofac00934,FAC-2026-0197,2026,2026-04-22 10:00:00,2026-06-21 10:00:00,PAYEE,,,6160.000,1170.400,1.000,7331.400,7331.400,2026-04-22 10:00:00,2026-09-23 23:58:32.311,democli00010,demodev00350,cmuerhq5v0000ucvpy660gnw1
demofac00935,FAC-2026-0198,2026,2026-04-22 10:00:00,2026-05-22 10:00:00,PAYEE,,,11365.000,2159.350,1.000,13525.350,13525.350,2026-04-22 10:00:00,2026-09-23 23:58:32.311,democli00049,,cmuerhq5v0000ucvpy660gnw1
demofac00936,FAC-2026-0199,2026,2026-04-22 10:00:00,2026-05-07 10:00:00,PAYEE,,,693.000,81.270,1.000,775.270,775.270,2026-04-22 10:00:00,2026-09-23 23:58:32.311,democli00016,demodev00351,cmuerhq5v0000ucvpy660gnw1
demofac00937,FAC-2026-0200,2026,2026-04-23 10:00:00,2026-05-23 10:00:00,ANNULEE,,,4230.000,803.700,1.000,5034.700,0.000,2026-04-23 10:00:00,2026-09-23 23:58:32.311,democli00049,demodev00352,cmuerhq5v0000ucvpy660gnw1
demofac00938,FAC-2026-0201,2026,2026-04-23 10:00:00,2026-06-22 10:00:00,PAYEE,,,300.000,57.000,1.000,358.000,358.000,2026-04-23 10:00:00,2026-09-23 23:58:32.311,democli00046,,cmuerhq5v0000ucvpy660gnw1
demofac00939,FAC-2026-0202,2026,2026-04-24 10:00:00,2026-06-23 10:00:00,PAYEE,,,3339.000,233.730,1.000,3573.730,3573.730,2026-04-24 10:00:00,2026-09-23 23:58:32.311,democli00040,,cmuerhq5v0000ucvpy660gnw1
demofac00940,FAC-2026-0203,2026,2026-04-24 10:00:00,2026-06-08 10:00:00,PAYEE,,,3200.000,608.000,1.000,3809.000,3809.000,2026-04-24 10:00:00,2026-09-23 23:58:32.311,democli00037,demodev00353,cmuerhq5v0000ucvpy660gnw1
demofac00941,FAC-2026-0204,2026,2026-04-24 10:00:00,2026-05-24 10:00:00,PAYEE,,,8600.000,1634.000,1.000,10235.000,10235.000,2026-04-24 10:00:00,2026-09-23 23:58:32.311,democli00030,demodev00354,cmuerhq5v0000ucvpy660gnw1
demofac00942,FAC-2026-0205,2026,2026-04-24 10:00:00,2026-06-23 10:00:00,ENVOYEE,,,1398.000,190.020,1.000,1589.020,0.000,2026-04-24 10:00:00,2026-09-23 23:58:32.311,democli00010,,cmuerhq5v0000ucvpy660gnw1
demofac00943,FAC-2026-0206,2026,2026-04-24 10:00:00,2026-05-24 10:00:00,PAYEE,,,1800.000,342.000,1.000,2143.000,2143.000,2026-04-24 10:00:00,2026-09-23 23:58:32.311,democli00012,,cmuerhq5v0000ucvpy660gnw1
demofac00944,FAC-2026-0207,2026,2026-04-25 10:00:00,2026-06-24 10:00:00,PAYEE,,,52000.000,9520.000,1.000,61521.000,61521.000,2026-04-25 10:00:00,2026-09-23 23:58:32.311,democli00019,,cmuerhq5v0000ucvpy660gnw1
demofac00945,FAC-2026-0208,2026,2026-04-25 10:00:00,,PAYEE,,,18864.000,3584.160,1.000,22449.160,22449.160,2026-04-25 10:00:00,2026-09-23 23:58:32.311,democli00037,demodev00355,cmuerhq5v0000ucvpy660gnw1
demofac00946,FAC-2026-0209,2026,2026-04-26 10:00:00,2026-05-26 10:00:00,ANNULEE,,,3826.500,727.035,1.000,4554.535,0.000,2026-04-26 10:00:00,2026-09-23 23:58:32.311,democli00006,,cmuerhq5v0000ucvpy660gnw1
demofac00947,FAC-2026-0210,2026,2026-04-26 10:00:00,,PAYEE,,,3600.000,684.000,1.000,4285.000,4285.000,2026-04-26 10:00:00,2026-09-23 23:58:32.311,democli00054,,cmuerhq5v0000ucvpy660gnw1
demofac00948,FAC-2026-0211,2026,2026-04-27 10:00:00,2026-05-27 10:00:00,PAYEE,,,2700.000,477.000,1.000,3178.000,3178.000,2026-04-27 10:00:00,2026-09-23 23:58:32.311,democli00011,,cmuerhq5v0000ucvpy660gnw1
demofac00949,FAC-2026-0212,2026,2026-04-29 10:00:00,2026-05-29 10:00:00,PAYEE,,,801.000,152.190,1.000,954.190,954.190,2026-04-29 10:00:00,2026-09-23 23:58:32.311,democli00048,,cmuerhq5v0000ucvpy660gnw1
demofac00950,FAC-2026-0213,2026,2026-04-30 10:00:00,2026-05-15 10:00:00,PAYEE,,,3240.000,514.800,1.000,3755.800,3755.800,2026-04-30 10:00:00,2026-09-23 23:58:32.311,democli00003,,cmuerhq5v0000ucvpy660gnw1
demofac00951,FAC-2026-0214,2026,2026-05-01 10:00:00,2026-06-30 10:00:00,PAYEE,,,12286.560,2334.446,1.000,14622.006,14622.006,2026-05-01 10:00:00,2026-09-23 23:58:32.311,democli00033,,cmuerhq5v0000ucvpy660gnw1
demofac00952,FAC-2026-0215,2026,2026-05-02 10:00:00,2026-06-01 10:00:00,PAYEE,,,760.000,144.400,1.000,905.400,905.400,2026-05-02 10:00:00,2026-09-23 23:58:32.311,democli00023,,cmuerhq5v0000ucvpy660gnw1
demofac00953,FAC-2026-0216,2026,2026-05-03 10:00:00,2026-06-02 10:00:00,PAYEE,,,14510.000,2756.900,1.000,17267.900,17267.900,2026-05-03 10:00:00,2026-09-23 23:58:32.311,democli00002,,cmuerhq5v0000ucvpy660gnw1
demofac00954,FAC-2026-0217,2026,2026-05-03 10:00:00,2026-05-18 10:00:00,PAYEE,,,7700.000,1463.000,1.000,9164.000,9164.000,2026-05-03 10:00:00,2026-09-23 23:58:32.311,democli00031,demodev00356,cmuerhq5v0000ucvpy660gnw1
demofac00955,FAC-2026-0218,2026,2026-05-03 10:00:00,2026-07-02 10:00:00,PAYEE,,,12122.000,2303.180,0.000,14425.180,14425.180,2026-05-03 10:00:00,2026-09-23 23:58:32.311,democli00019,,cmuerhq5v0000ucvpy660gnw1
demofac00956,FAC-2026-0219,2026,2026-05-04 10:00:00,2026-05-19 10:00:00,PAYEE,,,3575.000,634.250,1.000,4210.250,4210.250,2026-05-04 10:00:00,2026-09-23 23:58:32.311,democli00031,,cmuerhq5v0000ucvpy660gnw1
demofac00957,FAC-2026-0220,2026,2026-05-04 10:00:00,2026-05-04 10:00:00,PAYEE,,,4028.900,765.491,1.000,4795.391,4795.391,2026-05-04 10:00:00,2026-09-23 23:58:32.311,democli00056,,cmuerhq5v0000ucvpy660gnw1
demofac00958,FAC-2026-0221,2026,2026-05-05 10:00:00,2026-06-04 10:00:00,ANNULEE,,,3103.400,589.646,1.000,3694.046,0.000,2026-05-05 10:00:00,2026-09-23 23:58:32.311,democli00015,,cmuerhq5v0000ucvpy660gnw1
demofac00959,FAC-2026-0222,2026,2026-05-05 10:00:00,2026-06-04 10:00:00,PAYEE,,,12000.000,2280.000,1.000,14281.000,14281.000,2026-05-05 10:00:00,2026-09-23 23:58:32.311,democli00057,,cmuerhq5v0000ucvpy660gnw1
demofac00960,FAC-2026-0223,2026,2026-05-06 10:00:00,2026-06-20 10:00:00,PAYEE,,,1200.000,84.000,1.000,1285.000,1285.000,2026-05-06 10:00:00,2026-09-23 23:58:32.311,democli00036,,cmuerhq5v0000ucvpy660gnw1
demofac00961,FAC-2026-0224,2026,2026-05-07 10:00:00,2026-07-06 10:00:00,PAYEE,,,4980.000,946.200,1.000,5927.200,5927.200,2026-05-07 10:00:00,2026-09-23 23:58:32.311,democli00019,,cmuerhq5v0000ucvpy660gnw1
demofac00962,FAC-2026-0225,2026,2026-05-08 10:00:00,2026-05-08 10:00:00,PAYEE,,,290.000,55.100,1.000,346.100,346.100,2026-05-08 10:00:00,2026-09-23 23:58:32.311,democli00020,demodev00357,cmuerhq5v0000ucvpy660gnw1
demofac00963,FAC-2026-0226,2026,2026-05-08 10:00:00,2026-06-07 10:00:00,PAYEE,,,10523.700,1999.503,1.000,12524.203,12524.203,2026-05-08 10:00:00,2026-09-23 23:58:32.311,democli00049,,cmuerhq5v0000ucvpy660gnw1
demofac00964,FAC-2026-0227,2026,2026-05-08 10:00:00,2026-06-22 10:00:00,PAYEE,,,5284.400,1004.036,1.000,6289.436,6289.436,2026-05-08 10:00:00,2026-09-23 23:58:32.311,democli00038,,cmuerhq5v0000ucvpy660gnw1
demofac00965,FAC-2026-0228,2026,2026-05-08 10:00:00,2026-06-07 10:00:00,PAYEE,,,480.000,91.200,1.000,572.200,572.200,2026-05-08 10:00:00,2026-09-23 23:58:32.311,democli00049,,cmuerhq5v0000ucvpy660gnw1
demofac00966,FAC-2026-0229,2026,2026-05-09 10:00:00,2026-06-23 10:00:00,PAYEE,,,18342.000,2512.260,1.000,20855.260,20855.260,2026-05-09 10:00:00,2026-09-23 23:58:32.311,democli00052,demodev00358,cmuerhq5v0000ucvpy660gnw1
demofac00967,FAC-2026-0230,2026,2026-05-10 10:00:00,2026-06-09 10:00:00,PAYEE,,,4374.000,306.180,1.000,4681.180,4681.180,2026-05-10 10:00:00,2026-09-23 23:58:32.311,democli00011,,cmuerhq5v0000ucvpy660gnw1
demofac00968,FAC-2026-0231,2026,2026-05-10 10:00:00,2026-06-09 10:00:00,PAYEE,,,16452.000,3125.880,1.000,19578.880,19578.880,2026-05-10 10:00:00,2026-09-23 23:58:32.311,democli00011,,cmuerhq5v0000ucvpy660gnw1
demofac00969,FAC-2026-0232,2026,2026-05-11 10:00:00,2026-07-10 10:00:00,PAYEE,,,6205.000,1178.950,1.000,7384.950,7384.950,2026-05-11 10:00:00,2026-09-23 23:58:32.311,democli00033,,cmuerhq5v0000ucvpy660gnw1
demofac00970,FAC-2026-0233,2026,2026-05-13 10:00:00,2026-07-12 10:00:00,PAYEE,,,1842.750,128.993,1.000,1972.743,1972.743,2026-05-13 10:00:00,2026-09-23 23:58:32.311,democli00040,demodev00359,cmuerhq5v0000ucvpy660gnw1
demofac00971,FAC-2026-0234,2026,2026-05-13 10:00:00,2026-06-27 10:00:00,PAYEE,,,9260.000,1759.400,1.000,11020.400,11020.400,2026-05-13 10:00:00,2026-09-23 23:58:32.311,democli00017,,cmuerhq5v0000ucvpy660gnw1
demofac00972,FAC-2026-0235,2026,2026-05-13 10:00:00,2026-07-12 10:00:00,PAYEE,,,2040.000,387.600,1.000,2428.600,2428.600,2026-05-13 10:00:00,2026-09-23 23:58:32.311,democli00029,,cmuerhq5v0000ucvpy660gnw1
demofac00973,FAC-2026-0236,2026,2026-05-13 10:00:00,2026-05-28 10:00:00,PAYEE,,,8640.000,1641.600,1.000,10282.600,10282.600,2026-05-13 10:00:00,2026-09-23 23:58:32.311,democli00055,,cmuerhq5v0000ucvpy660gnw1
demofac00974,FAC-2026-0237,2026,2026-05-14 10:00:00,2026-05-29 10:00:00,PAYEE,,,10017.840,1302.319,1.000,11321.159,11321.159,2026-05-14 10:00:00,2026-09-23 23:58:32.311,democli00022,,cmuerhq5v0000ucvpy660gnw1
demofac00975,FAC-2026-0238,2026,2026-05-14 10:00:00,2026-06-28 10:00:00,PAYEE,,,12000.000,2280.000,1.000,14281.000,14281.000,2026-05-14 10:00:00,2026-09-23 23:58:32.311,democli00027,,cmuerhq5v0000ucvpy660gnw1
demofac00976,FAC-2026-0239,2026,2026-05-14 10:00:00,2026-06-28 10:00:00,PAYEE,,,4170.448,792.385,1.000,4963.833,4963.833,2026-05-14 10:00:00,2026-09-23 23:58:32.311,democli00027,,cmuerhq5v0000ucvpy660gnw1
demofac00977,FAC-2026-0240,2026,2026-05-15 10:00:00,2026-06-29 10:00:00,PAYEE,,,27161.700,5160.723,1.000,32323.423,32323.423,2026-05-15 10:00:00,2026-09-23 23:58:32.311,democli00027,,cmuerhq5v0000ucvpy660gnw1
demofac00978,FAC-2026-0241,2026,2026-05-15 10:00:00,2026-06-14 10:00:00,PAYEE,,,4950.000,940.500,1.000,5891.500,5891.500,2026-05-15 10:00:00,2026-09-23 23:58:32.311,democli00049,demodev00360,cmuerhq5v0000ucvpy660gnw1
demofac00979,FAC-2026-0242,2026,2026-05-16 10:00:00,2026-06-30 10:00:00,PAYEE,,,4170.448,792.385,1.000,4963.833,4963.833,2026-05-16 10:00:00,2026-09-23 23:58:32.311,democli00027,,cmuerhq5v0000ucvpy660gnw1
demofac00980,FAC-2026-0243,2026,2026-05-17 10:00:00,2026-06-01 10:00:00,PAYEE,,,17210.000,3269.900,1.000,20480.900,20480.900,2026-05-17 10:00:00,2026-09-23 23:58:32.311,democli00008,,cmuerhq5v0000ucvpy660gnw1
demofac00981,FAC-2026-0244,2026,2026-05-17 10:00:00,2026-06-16 10:00:00,PAYEE,,,5400.000,1026.000,1.000,6427.000,6427.000,2026-05-17 10:00:00,2026-09-23 23:58:32.311,democli00001,,cmuerhq5v0000ucvpy660gnw1
demofac00982,FAC-2026-0245,2026,2026-05-17 10:00:00,2026-06-16 10:00:00,PAYEE,,,4830.000,917.700,0.000,5747.700,5747.700,2026-05-17 10:00:00,2026-09-23 23:58:32.311,democli00006,demodev00361,cmuerhq5v0000ucvpy660gnw1
demofac00983,FAC-2026-0246,2026,2026-05-17 10:00:00,2026-06-16 10:00:00,PAYEE,,,3603.408,684.648,1.000,4289.056,4289.056,2026-05-17 10:00:00,2026-09-23 23:58:32.311,democli00048,,cmuerhq5v0000ucvpy660gnw1
demofac00984,FAC-2026-0247,2026,2026-05-18 10:00:00,,PAYEE,,,5120.000,972.800,1.000,6093.800,6093.800,2026-05-18 10:00:00,2026-09-23 23:58:32.311,democli00023,,cmuerhq5v0000ucvpy660gnw1
demofac00985,FAC-2026-0248,2026,2026-05-20 10:00:00,2026-06-04 10:00:00,PAYEE,,,1350.000,256.500,1.000,1607.500,1607.500,2026-05-20 10:00:00,2026-09-23 23:58:32.311,democli00003,,cmuerhq5v0000ucvpy660gnw1
demofac00986,FAC-2026-0249,2026,2026-05-20 10:00:00,2026-06-19 10:00:00,PAYEE,,,2336.340,443.905,1.000,2781.245,2781.245,2026-05-20 10:00:00,2026-09-23 23:58:32.311,democli00002,,cmuerhq5v0000ucvpy660gnw1
demofac00987,FAC-2026-0250,2026,2026-05-20 10:00:00,2026-06-19 10:00:00,PAYEE,,,5094.000,967.860,1.000,6062.860,6062.860,2026-05-20 10:00:00,2026-09-23 23:58:32.311,democli00049,demodev00362,cmuerhq5v0000ucvpy660gnw1
demofac00988,FAC-2026-0251,2026,2026-05-21 10:00:00,2026-05-21 10:00:00,PAYEE,,,3040.000,577.600,1.000,3618.600,3618.600,2026-05-21 10:00:00,2026-09-23 23:58:32.311,democli00042,demodev00363,cmuerhq5v0000ucvpy660gnw1
demofac00989,FAC-2026-0252,2026,2026-05-21 10:00:00,2026-06-05 10:00:00,PAYEE,,,3384.000,642.960,1.000,4027.960,4027.960,2026-05-21 10:00:00,2026-09-23 23:58:32.311,democli00003,demodev00364,cmuerhq5v0000ucvpy660gnw1
demofac00990,FAC-2026-0253,2026,2026-05-22 10:00:00,,PAYEE,,,2484.000,471.960,1.000,2956.960,2956.960,2026-05-22 10:00:00,2026-09-23 23:58:32.311,democli00001,demodev00365,cmuerhq5v0000ucvpy660gnw1
demofac00991,FAC-2026-0254,2026,2026-05-22 10:00:00,2026-05-22 10:00:00,PAYEE,,,12000.000,2280.000,1.000,14281.000,14281.000,2026-05-22 10:00:00,2026-09-23 23:58:32.311,democli00047,,cmuerhq5v0000ucvpy660gnw1
demofac00992,FAC-2026-0255,2026,2026-05-22 10:00:00,2026-05-22 10:00:00,PAYEE,,,7465.000,1418.350,1.000,8884.350,8884.350,2026-05-22 10:00:00,2026-09-23 23:58:32.311,democli00056,demodev00366,cmuerhq5v0000ucvpy660gnw1
demofac00993,FAC-2026-0256,2026,2026-05-22 10:00:00,2026-07-06 10:00:00,PAYEE,,,7762.000,1270.660,1.000,9033.660,9033.660,2026-05-22 10:00:00,2026-09-23 23:58:32.311,democli00060,,cmuerhq5v0000ucvpy660gnw1
demofac00994,FAC-2026-0257,2026,2026-05-23 10:00:00,2026-06-07 10:00:00,PAYEE,,,2820.000,485.400,1.000,3306.400,3306.400,2026-05-23 10:00:00,2026-09-23 23:58:32.311,democli00003,,cmuerhq5v0000ucvpy660gnw1
demofac00995,FAC-2026-0258,2026,2026-05-24 10:00:00,2026-05-24 10:00:00,PAYEE,,,1696.200,322.278,1.000,2019.478,2019.478,2026-05-24 10:00:00,2026-09-23 23:58:32.311,democli00020,,cmuerhq5v0000ucvpy660gnw1
demofac00996,FAC-2026-0259,2026,2026-05-24 10:00:00,2026-06-23 10:00:00,PAYEE,,,6420.000,1219.800,1.000,7640.800,7640.800,2026-05-24 10:00:00,2026-09-23 23:58:32.311,democli00049,,cmuerhq5v0000ucvpy660gnw1
demofac00997,FAC-2026-0260,2026,2026-05-24 10:00:00,2026-06-23 10:00:00,PAYEE,,,26562.500,5046.875,1.000,31610.375,31610.375,2026-05-24 10:00:00,2026-09-23 23:58:32.311,democli00030,,cmuerhq5v0000ucvpy660gnw1
demofac00998,FAC-2026-0261,2026,2026-05-24 10:00:00,2026-07-23 10:00:00,PAYEE,,,9900.000,1017.000,1.000,10918.000,10918.000,2026-05-24 10:00:00,2026-09-23 23:58:32.311,democli00019,,cmuerhq5v0000ucvpy660gnw1
demofac00999,FAC-2026-0262,2026,2026-05-24 10:00:00,2026-06-23 10:00:00,PAYEE,,,1460.000,277.400,1.000,1738.400,1738.400,2026-05-24 10:00:00,2026-09-23 23:58:32.311,democli00057,,cmuerhq5v0000ucvpy660gnw1
demofac01000,FAC-2026-0263,2026,2026-05-26 10:00:00,2026-06-25 10:00:00,PAYEE,,,2170.000,412.300,1.000,2583.300,2583.300,2026-05-26 10:00:00,2026-09-23 23:58:32.311,democli00049,demodev00367,cmuerhq5v0000ucvpy660gnw1
demofac01001,FAC-2026-0264,2026,2026-05-26 10:00:00,2026-05-26 10:00:00,PAYEE,,,9010.000,1711.900,1.000,10722.900,10722.900,2026-05-26 10:00:00,2026-09-23 23:58:32.538,democli00042,,cmuerhq5v0000ucvpy660gnw1
demofac01002,FAC-2026-0265,2026,2026-05-27 10:00:00,2026-06-26 10:00:00,PAYEE,,,1957.500,371.925,1.000,2330.425,2330.425,2026-05-27 10:00:00,2026-09-23 23:58:32.538,democli00048,,cmuerhq5v0000ucvpy660gnw1
demofac01003,FAC-2026-0266,2026,2026-05-27 10:00:00,2026-06-26 10:00:00,PAYEE,,,1957.500,371.925,1.000,2330.425,2330.425,2026-05-27 10:00:00,2026-09-23 23:58:32.538,democli00048,,cmuerhq5v0000ucvpy660gnw1
demofac01004,FAC-2026-0267,2026,2026-05-28 10:00:00,2026-06-27 10:00:00,ANNULEE,,,460.000,87.400,0.000,547.400,0.000,2026-05-28 10:00:00,2026-09-23 23:58:32.538,democli00018,,cmuerhq5v0000ucvpy660gnw1
demofac01005,FAC-2026-0268,2026,2026-05-28 10:00:00,2026-07-12 10:00:00,PAYEE,,,7203.600,1368.684,1.000,8573.284,8573.284,2026-05-28 10:00:00,2026-09-23 23:58:32.538,democli00054,,cmuerhq5v0000ucvpy660gnw1
demofac01006,FAC-2026-0269,2026,2026-05-28 10:00:00,2026-07-27 10:00:00,PAYEE,,,9590.000,1822.100,1.000,11413.100,11413.100,2026-05-28 10:00:00,2026-09-23 23:58:32.538,democli00040,demodev00368,cmuerhq5v0000ucvpy660gnw1
demofac01007,FAC-2026-0270,2026,2026-05-29 10:00:00,2026-05-29 10:00:00,ANNULEE,,,1380.000,262.200,1.000,1643.200,0.000,2026-05-29 10:00:00,2026-09-23 23:58:32.538,democli00042,,cmuerhq5v0000ucvpy660gnw1
demofac01008,FAC-2026-0271,2026,2026-05-29 10:00:00,2026-06-13 10:00:00,PAYEE,,,8920.000,1694.800,1.000,10615.800,10615.800,2026-05-29 10:00:00,2026-09-23 23:58:32.538,democli00031,,cmuerhq5v0000ucvpy660gnw1
demofac01009,FAC-2026-0272,2026,2026-05-30 10:00:00,2026-07-29 10:00:00,PAYEE,,,12050.000,2289.500,1.000,14340.500,14340.500,2026-05-30 10:00:00,2026-09-23 23:58:32.538,democli00040,demodev00369,cmuerhq5v0000ucvpy660gnw1
demofac01010,FAC-2026-0273,2026,2026-05-30 10:00:00,2026-06-29 10:00:00,PAYEE,,,2450.000,465.500,1.000,2916.500,2916.500,2026-05-30 10:00:00,2026-09-23 23:58:32.538,democli00021,demodev00370,cmuerhq5v0000ucvpy660gnw1
demofac01011,FAC-2026-0274,2026,2026-05-31 10:00:00,2026-06-30 10:00:00,PAYEE,,,3898.320,740.681,1.000,4640.001,4640.001,2026-05-31 10:00:00,2026-09-23 23:58:32.538,democli00048,demodev00371,cmuerhq5v0000ucvpy660gnw1
demofac01012,FAC-2026-0275,2026,2026-05-31 10:00:00,2026-07-30 10:00:00,PAYEE,,,14396.000,2009.480,1.000,16406.480,16406.480,2026-05-31 10:00:00,2026-09-23 23:58:32.538,democli00046,,cmuerhq5v0000ucvpy660gnw1
demofac01013,FAC-2026-0276,2026,2026-06-01 10:00:00,,PAYEE,,,10150.000,1928.500,1.000,12079.500,12079.500,2026-06-01 10:00:00,2026-09-23 23:58:32.538,democli00045,,cmuerhq5v0000ucvpy660gnw1
demofac01014,FAC-2026-0277,2026,2026-06-02 10:00:00,2026-06-17 10:00:00,PAYEE,,,1840.000,349.600,1.000,2190.600,2190.600,2026-06-02 10:00:00,2026-09-23 23:58:32.538,democli00008,,cmuerhq5v0000ucvpy660gnw1
demofac01015,FAC-2026-0278,2026,2026-06-02 10:00:00,2026-07-02 10:00:00,PAYEE,,,20290.320,3754.361,1.000,24045.681,24045.681,2026-06-02 10:00:00,2026-09-23 23:58:32.538,democli00058,demodev00372,cmuerhq5v0000ucvpy660gnw1
demofac01016,FAC-2026-0279,2026,2026-06-02 10:00:00,,PAYEE,,,1700.000,323.000,1.000,2024.000,2024.000,2026-06-02 10:00:00,2026-09-23 23:58:32.538,democli00049,,cmuerhq5v0000ucvpy660gnw1
demofac01017,FAC-2026-0280,2026,2026-06-02 10:00:00,2026-07-02 10:00:00,PAYEE,,,5344.800,1015.512,1.000,6361.312,6361.312,2026-06-02 10:00:00,2026-09-23 23:58:32.538,democli00049,demodev00373,cmuerhq5v0000ucvpy660gnw1
demofac01018,FAC-2026-0281,2026,2026-06-03 10:00:00,2026-07-18 10:00:00,PAYEE,,,1300.000,247.000,1.000,1548.000,1548.000,2026-06-03 10:00:00,2026-09-23 23:58:32.538,democli00038,demodev00374,cmuerhq5v0000ucvpy660gnw1
demofac01019,FAC-2026-0282,2026,2026-06-03 10:00:00,2026-06-18 10:00:00,PAYEE,,,3200.000,608.000,1.000,3809.000,3809.000,2026-06-03 10:00:00,2026-09-23 23:58:32.538,democli00055,,cmuerhq5v0000ucvpy660gnw1
demofac01020,FAC-2026-0283,2026,2026-06-04 10:00:00,2026-07-04 10:00:00,ENVOYEE,,,7877.250,1496.678,1.000,9374.928,0.000,2026-06-04 10:00:00,2026-09-23 23:58:32.538,democli00028,,cmuerhq5v0000ucvpy660gnw1
demofac01021,FAC-2026-0284,2026,2026-06-05 10:00:00,2026-07-20 10:00:00,PAYEE,,,1928.500,366.415,1.000,2295.915,2295.915,2026-06-05 10:00:00,2026-09-23 23:58:32.538,democli00036,demodev00375,cmuerhq5v0000ucvpy660gnw1
demofac01022,FAC-2026-0285,2026,2026-06-05 10:00:00,2026-06-20 10:00:00,PAYEE,,,7350.000,1396.500,1.000,8747.500,8747.500,2026-06-05 10:00:00,2026-09-23 23:58:32.538,democli00014,,cmuerhq5v0000ucvpy660gnw1
demofac01023,FAC-2026-0286,2026,2026-06-05 10:00:00,2026-07-05 10:00:00,PAYEE,,,4771.000,906.490,1.000,5678.490,5678.490,2026-06-05 10:00:00,2026-09-23 23:58:32.538,democli00012,,cmuerhq5v0000ucvpy660gnw1
demofac01024,FAC-2026-0287,2026,2026-06-06 10:00:00,2026-07-06 10:00:00,ANNULEE,,,3082.000,419.260,1.000,3502.260,0.000,2026-06-06 10:00:00,2026-09-23 23:58:32.538,democli00026,,cmuerhq5v0000ucvpy660gnw1
demofac01025,FAC-2026-0288,2026,2026-06-06 10:00:00,,PAYEE,,,1160.000,220.400,0.000,1380.400,1380.400,2026-06-06 10:00:00,2026-09-23 23:58:32.538,democli00019,,cmuerhq5v0000ucvpy660gnw1
demofac01026,FAC-2026-0289,2026,2026-06-06 10:00:00,2026-07-06 10:00:00,PAYEE,,,21030.000,3995.700,0.000,25025.700,25025.700,2026-06-06 10:00:00,2026-09-23 23:58:32.538,democli00028,,cmuerhq5v0000ucvpy660gnw1
demofac01027,FAC-2026-0290,2026,2026-06-07 10:00:00,2026-07-07 10:00:00,PAYEE,,,3500.000,665.000,0.000,4165.000,4165.000,2026-06-07 10:00:00,2026-09-23 23:58:32.538,democli00053,demodev00376,cmuerhq5v0000ucvpy660gnw1
demofac01028,FAC-2026-0291,2026,2026-06-07 10:00:00,2026-07-07 10:00:00,PAYEE,,,10330.000,1701.700,1.000,12032.700,12032.700,2026-06-07 10:00:00,2026-09-23 23:58:32.538,democli00053,,cmuerhq5v0000ucvpy660gnw1
demofac01029,FAC-2026-0292,2026,2026-06-07 10:00:00,2026-07-07 10:00:00,ENVOYEE,,,7680.000,1459.200,1.000,9140.200,0.000,2026-06-07 10:00:00,2026-09-23 23:58:32.538,democli00023,,cmuerhq5v0000ucvpy660gnw1
demofac01030,FAC-2026-0293,2026,2026-06-08 10:00:00,2026-08-07 10:00:00,PAYEE,,,3465.000,658.350,1.000,4124.350,4124.350,2026-06-08 10:00:00,2026-09-23 23:58:32.538,democli00010,,cmuerhq5v0000ucvpy660gnw1
demofac01031,FAC-2026-0294,2026,2026-06-09 10:00:00,,PAYEE,,,1685.000,320.150,1.000,2006.150,2006.150,2026-06-09 10:00:00,2026-09-23 23:58:32.538,democli00014,demodev00377,cmuerhq5v0000ucvpy660gnw1
demofac01032,FAC-2026-0295,2026,2026-06-09 10:00:00,2026-07-09 10:00:00,PAYEE,,,775.000,147.250,1.000,923.250,923.250,2026-06-09 10:00:00,2026-09-23 23:58:32.538,democli00053,,cmuerhq5v0000ucvpy660gnw1
demofac01033,FAC-2026-0296,2026,2026-06-10 10:00:00,2026-06-10 10:00:00,PAYEE,,,4160.000,790.400,1.000,4951.400,4951.400,2026-06-10 10:00:00,2026-09-23 23:58:32.538,democli00056,demodev00378,cmuerhq5v0000ucvpy660gnw1
demofac01034,FAC-2026-0297,2026,2026-06-10 10:00:00,2026-07-10 10:00:00,PAYEE,,,2940.000,558.600,1.000,3499.600,3499.600,2026-06-10 10:00:00,2026-09-23 23:58:32.538,democli00050,,cmuerhq5v0000ucvpy660gnw1
demofac01035,FAC-2026-0298,2026,2026-06-10 10:00:00,2026-07-10 10:00:00,PAYEE,,,804.000,152.760,1.000,957.760,957.760,2026-06-10 10:00:00,2026-09-23 23:58:32.538,democli00018,,cmuerhq5v0000ucvpy660gnw1
demofac01036,FAC-2026-0299,2026,2026-06-11 10:00:00,2026-08-10 10:00:00,PAYEE,,,16500.000,3135.000,1.000,19636.000,19636.000,2026-06-11 10:00:00,2026-09-23 23:58:32.538,democli00010,,cmuerhq5v0000ucvpy660gnw1
demofac01037,FAC-2026-0300,2026,2026-06-12 10:00:00,2026-06-12 10:00:00,PAYEE,,,1422.000,99.540,1.000,1522.540,1522.540,2026-06-12 10:00:00,2026-09-23 23:58:32.538,democli00035,,cmuerhq5v0000ucvpy660gnw1
demofac01038,FAC-2026-0301,2026,2026-06-12 10:00:00,2026-07-27 10:00:00,PAYEE,,,4650.000,883.500,1.000,5534.500,5534.500,2026-06-12 10:00:00,2026-09-23 23:58:32.538,democli00037,,cmuerhq5v0000ucvpy660gnw1
demofac01039,FAC-2026-0302,2026,2026-06-12 10:00:00,2026-06-27 10:00:00,ENVOYEE,,,210.000,14.700,1.000,225.700,0.000,2026-06-12 10:00:00,2026-09-23 23:58:32.538,democli00003,demodev00379,cmuerhq5v0000ucvpy660gnw1
demofac01040,FAC-2026-0303,2026,2026-06-13 10:00:00,2026-08-12 10:00:00,PAYEE,,,33500.000,6365.000,1.000,39866.000,39866.000,2026-06-13 10:00:00,2026-09-23 23:58:32.538,democli00019,demodev00380,cmuerhq5v0000ucvpy660gnw1
demofac01041,FAC-2026-0304,2026,2026-06-13 10:00:00,2026-07-13 10:00:00,PAYEE,,,1160.000,220.400,1.000,1381.400,1381.400,2026-06-13 10:00:00,2026-09-23 23:58:32.538,democli00028,,cmuerhq5v0000ucvpy660gnw1
demofac01042,FAC-2026-0305,2026,2026-06-14 10:00:00,2026-07-14 10:00:00,PAYEE,,,8808.000,1673.520,0.000,10481.520,10481.520,2026-06-14 10:00:00,2026-09-23 23:58:32.538,democli00023,demodev00381,cmuerhq5v0000ucvpy660gnw1
demofac01043,FAC-2026-0306,2026,2026-06-15 10:00:00,2026-07-15 10:00:00,PAYEE,,,1800.000,342.000,1.000,2143.000,2143.000,2026-06-15 10:00:00,2026-09-23 23:58:32.538,democli00011,,cmuerhq5v0000ucvpy660gnw1
demofac01044,FAC-2026-0307,2026,2026-06-15 10:00:00,2026-07-15 10:00:00,PAYEE,,,2570.000,488.300,1.000,3059.300,3059.300,2026-06-15 10:00:00,2026-09-23 23:58:32.538,democli00049,,cmuerhq5v0000ucvpy660gnw1
demofac01045,FAC-2026-0308,2026,2026-06-15 10:00:00,,PAYEE,,,554.190,105.296,1.000,660.486,660.486,2026-06-15 10:00:00,2026-09-23 23:58:32.538,democli00016,demodev00382,cmuerhq5v0000ucvpy660gnw1
demofac01046,FAC-2026-0309,2026,2026-06-17 10:00:00,2026-08-16 10:00:00,PAYEE,,,4520.000,858.800,1.000,5379.800,5379.800,2026-06-17 10:00:00,2026-09-23 23:58:32.538,democli00013,,cmuerhq5v0000ucvpy660gnw1
demofac01047,FAC-2026-0310,2026,2026-06-18 10:00:00,2026-07-18 10:00:00,PAYEE,,,19700.000,3743.000,1.000,23444.000,23444.000,2026-06-18 10:00:00,2026-09-23 23:58:32.538,democli00050,,cmuerhq5v0000ucvpy660gnw1
demofac01048,FAC-2026-0311,2026,2026-06-18 10:00:00,2026-07-18 10:00:00,PAYEE,,,7700.000,1463.000,1.000,9164.000,9164.000,2026-06-18 10:00:00,2026-09-23 23:58:32.538,democli00049,demodev00383,cmuerhq5v0000ucvpy660gnw1
demofac01049,FAC-2026-0312,2026,2026-06-18 10:00:00,2026-07-03 10:00:00,PAYEE,,,12155.000,1918.850,1.000,14074.850,14074.850,2026-06-18 10:00:00,2026-09-23 23:58:32.538,democli00022,,cmuerhq5v0000ucvpy660gnw1
demofac01050,FAC-2026-0313,2026,2026-06-19 10:00:00,2026-07-19 10:00:00,PAYEE,,,1334.432,253.542,1.000,1588.974,1588.974,2026-06-19 10:00:00,2026-09-23 23:58:32.538,democli00006,demodev00384,cmuerhq5v0000ucvpy660gnw1
demofac01051,FAC-2026-0314,2026,2026-06-19 10:00:00,2026-07-04 10:00:00,PAYEE,,,1800.000,342.000,1.000,2143.000,2143.000,2026-06-19 10:00:00,2026-09-23 23:58:32.538,democli00031,demodev00385,cmuerhq5v0000ucvpy660gnw1
demofac01052,FAC-2026-0315,2026,2026-06-19 10:00:00,2026-07-04 10:00:00,ENVOYEE,,,14471.480,2141.692,1.000,16614.172,0.000,2026-06-19 10:00:00,2026-09-23 23:58:32.538,democli00039,,cmuerhq5v0000ucvpy660gnw1
demofac01053,FAC-2026-0316,2026,2026-06-19 10:00:00,2026-08-03 10:00:00,PAYEE,,,5352.000,910.800,1.000,6263.800,6263.800,2026-06-19 10:00:00,2026-09-23 23:58:32.538,democli00060,demodev00386,cmuerhq5v0000ucvpy660gnw1
demofac01054,FAC-2026-0317,2026,2026-06-20 10:00:00,2026-07-20 10:00:00,PAYEE,,,13740.000,2610.600,1.000,16351.600,16351.600,2026-06-20 10:00:00,2026-09-23 23:58:32.538,democli00032,demodev00387,cmuerhq5v0000ucvpy660gnw1
demofac01055,FAC-2026-0318,2026,2026-06-20 10:00:00,2026-08-04 10:00:00,ENVOYEE,,,20400.000,2652.000,1.000,23053.000,0.000,2026-06-20 10:00:00,2026-09-23 23:58:32.538,democli00004,,cmuerhq5v0000ucvpy660gnw1
demofac01056,FAC-2026-0319,2026,2026-06-20 10:00:00,2026-07-20 10:00:00,PAYEE,,,3333.200,633.308,1.000,3967.508,3967.508,2026-06-20 10:00:00,2026-09-23 23:58:32.538,democli00048,,cmuerhq5v0000ucvpy660gnw1
demofac01057,FAC-2026-0320,2026,2026-06-21 10:00:00,2026-07-21 10:00:00,PAYEE,,,1550.000,294.500,1.000,1845.500,1845.500,2026-06-21 10:00:00,2026-09-23 23:58:32.538,democli00011,,cmuerhq5v0000ucvpy660gnw1
demofac01058,FAC-2026-0321,2026,2026-06-21 10:00:00,2026-06-21 10:00:00,PAYEE,,,4560.000,866.400,1.000,5427.400,5427.400,2026-06-21 10:00:00,2026-09-23 23:58:32.538,democli00047,,cmuerhq5v0000ucvpy660gnw1
demofac01059,FAC-2026-0322,2026,2026-06-21 10:00:00,2026-08-05 10:00:00,PAYEE,,,645.250,122.598,1.000,768.848,768.848,2026-06-21 10:00:00,2026-09-23 23:58:32.538,democli00037,demodev00388,cmuerhq5v0000ucvpy660gnw1
demofac01060,FAC-2026-0323,2026,2026-06-22 10:00:00,2026-07-07 10:00:00,PAYEE,,,1300.000,247.000,1.000,1548.000,1548.000,2026-06-22 10:00:00,2026-09-23 23:58:32.538,democli00025,demodev00389,cmuerhq5v0000ucvpy660gnw1
demofac01061,FAC-2026-0324,2026,2026-06-23 10:00:00,2026-07-08 10:00:00,PAYEE,,,7040.000,1337.600,1.000,8378.600,8378.600,2026-06-23 10:00:00,2026-09-23 23:58:32.538,democli00025,,cmuerhq5v0000ucvpy660gnw1
demofac01062,FAC-2026-0325,2026,2026-06-23 10:00:00,2026-07-23 10:00:00,PAYEE,,,300.000,57.000,1.000,358.000,358.000,2026-06-23 10:00:00,2026-09-23 23:58:32.538,democli00002,demodev00390,cmuerhq5v0000ucvpy660gnw1
demofac01063,FAC-2026-0326,2026,2026-06-24 10:00:00,2026-07-09 10:00:00,PAYEE,,,17340.600,3247.842,1.000,20589.442,20589.442,2026-06-24 10:00:00,2026-09-23 23:58:32.538,democli00007,,cmuerhq5v0000ucvpy660gnw1
demofac01064,FAC-2026-0327,2026,2026-06-24 10:00:00,2026-07-24 10:00:00,PAYEE,,,3146.800,311.476,1.000,3459.276,3459.276,2026-06-24 10:00:00,2026-09-23 23:58:32.538,democli00053,demodev00391,cmuerhq5v0000ucvpy660gnw1
demofac01065,FAC-2026-0328,2026,2026-06-24 10:00:00,2026-06-24 10:00:00,PAYEE,,,2890.000,549.100,1.000,3440.100,3440.100,2026-06-24 10:00:00,2026-09-23 23:58:32.538,democli00042,demodev00392,cmuerhq5v0000ucvpy660gnw1
demofac01066,FAC-2026-0329,2026,2026-06-25 10:00:00,2026-06-25 10:00:00,PAYEE,,,540.000,102.600,1.000,643.600,643.600,2026-06-25 10:00:00,2026-09-23 23:58:32.538,democli00042,demodev00393,cmuerhq5v0000ucvpy660gnw1
demofac01067,FAC-2026-0330,2026,2026-06-25 10:00:00,2026-06-25 10:00:00,PAYEE,,,540.000,102.600,1.000,643.600,643.600,2026-06-25 10:00:00,2026-09-23 23:58:32.538,democli00020,,cmuerhq5v0000ucvpy660gnw1
demofac01068,FAC-2026-0331,2026,2026-06-26 10:00:00,2026-07-26 10:00:00,PAYEE,,,920.000,174.800,0.000,1094.800,1094.800,2026-06-26 10:00:00,2026-09-23 23:58:32.538,democli00049,,cmuerhq5v0000ucvpy660gnw1
demofac01069,FAC-2026-0332,2026,2026-06-29 10:00:00,2026-07-14 10:00:00,PAYEE,,,1479.000,281.010,1.000,1761.010,1761.010,2026-06-29 10:00:00,2026-09-23 23:58:32.538,democli00022,,cmuerhq5v0000ucvpy660gnw1
demofac01070,FAC-2026-0333,2026,2026-06-30 10:00:00,2026-08-29 10:00:00,PAYEE,,,10200.000,714.000,1.000,10915.000,10915.000,2026-06-30 10:00:00,2026-09-23 23:58:32.538,democli00019,,cmuerhq5v0000ucvpy660gnw1
demofac01071,FAC-2026-0334,2026,2026-06-30 10:00:00,2026-06-30 10:00:00,PAYEE,,,14240.000,3285.600,1.000,17526.600,17526.600,2026-06-30 10:00:00,2026-09-23 23:58:32.538,democli00056,,cmuerhq5v0000ucvpy660gnw1
demofac01072,FAC-2026-0335,2026,2026-07-01 10:00:00,2026-07-16 10:00:00,PAYEE,,,27229.400,3539.822,1.000,30770.222,30770.222,2026-07-01 10:00:00,2026-09-23 23:58:32.538,democli00039,,cmuerhq5v0000ucvpy660gnw1
demofac01073,FAC-2026-0336,2026,2026-07-01 10:00:00,2026-07-31 10:00:00,PAYEE,,,6400.000,1216.000,1.000,7617.000,7617.000,2026-07-01 10:00:00,2026-09-23 23:58:32.538,democli00049,,cmuerhq5v0000ucvpy660gnw1
demofac01074,FAC-2026-0337,2026,2026-07-01 10:00:00,2026-08-15 10:00:00,PAYEE,,,16988.000,3227.720,1.000,20216.720,20216.720,2026-07-01 10:00:00,2026-09-23 23:58:32.538,democli00054,demodev00394,cmuerhq5v0000ucvpy660gnw1
demofac01075,FAC-2026-0338,2026,2026-07-01 10:00:00,2026-07-31 10:00:00,PAYEE,,,760.000,144.400,1.000,905.400,905.400,2026-07-01 10:00:00,2026-09-23 23:58:32.538,democli00011,demodev00395,cmuerhq5v0000ucvpy660gnw1
demofac01076,FAC-2026-0339,2026,2026-07-02 10:00:00,2026-07-17 10:00:00,PAYEE,,,178.600,33.934,1.000,213.534,213.534,2026-07-02 10:00:00,2026-09-23 23:58:32.538,democli00008,demodev00396,cmuerhq5v0000ucvpy660gnw1
demofac01077,FAC-2026-0340,2026,2026-07-03 10:00:00,2026-08-02 10:00:00,PAYEE,,,414.800,78.812,1.000,494.612,494.612,2026-07-03 10:00:00,2026-09-23 23:58:32.538,democli00048,,cmuerhq5v0000ucvpy660gnw1
demofac01078,FAC-2026-0341,2026,2026-07-05 10:00:00,2026-07-20 10:00:00,PARTIELLEMENT_PAYEE,,,9455.200,1796.488,1.000,11252.688,7498.042,2026-07-05 10:00:00,2026-09-23 23:58:32.538,democli00055,demodev00397,cmuerhq5v0000ucvpy660gnw1
demofac01079,FAC-2026-0342,2026,2026-07-05 10:00:00,2026-07-20 10:00:00,PAYEE,,,1445.160,150.121,1.000,1596.281,1596.281,2026-07-05 10:00:00,2026-09-23 23:58:32.538,democli00016,demodev00398,cmuerhq5v0000ucvpy660gnw1
demofac01080,FAC-2026-0343,2026,2026-07-05 10:00:00,2026-07-20 10:00:00,PAYEE,,,3740.000,710.600,0.000,4450.600,4450.600,2026-07-05 10:00:00,2026-09-23 23:58:32.538,democli00008,demodev00399,cmuerhq5v0000ucvpy660gnw1
demofac01081,FAC-2026-0344,2026,2026-07-06 10:00:00,,PAYEE,,,4710.000,869.700,1.000,5580.700,5580.700,2026-07-06 10:00:00,2026-09-23 23:58:32.538,democli00060,,cmuerhq5v0000ucvpy660gnw1
demofac01082,FAC-2026-0345,2026,2026-07-07 10:00:00,2026-08-06 10:00:00,PAYEE,,,1350.000,256.500,1.000,1607.500,1607.500,2026-07-07 10:00:00,2026-09-23 23:58:32.538,democli00051,,cmuerhq5v0000ucvpy660gnw1
demofac01083,FAC-2026-0346,2026,2026-07-07 10:00:00,2026-08-06 10:00:00,PAYEE,,,3600.000,684.000,1.000,4285.000,4285.000,2026-07-07 10:00:00,2026-09-23 23:58:32.538,democli00053,,cmuerhq5v0000ucvpy660gnw1
demofac01084,FAC-2026-0347,2026,2026-07-08 10:00:00,2026-09-06 10:00:00,PAYEE,,,9381.360,1088.695,1.000,10471.055,10471.055,2026-07-08 10:00:00,2026-09-23 23:58:32.538,democli00040,,cmuerhq5v0000ucvpy660gnw1
demofac01085,FAC-2026-0348,2026,2026-07-08 10:00:00,2026-08-07 10:00:00,PAYEE,,,4860.000,923.400,1.000,5784.400,5784.400,2026-07-08 10:00:00,2026-09-23 23:58:32.538,democli00049,demodev00400,cmuerhq5v0000ucvpy660gnw1
demofac01086,FAC-2026-0349,2026,2026-07-08 10:00:00,2026-09-06 10:00:00,PAYEE,,,31375.000,5844.250,1.000,37220.250,37220.250,2026-07-08 10:00:00,2026-09-23 23:58:32.538,democli00019,,cmuerhq5v0000ucvpy660gnw1
demofac01087,FAC-2026-0350,2026,2026-07-08 10:00:00,2026-07-23 10:00:00,PAYEE,,,2450.000,465.500,1.000,2916.500,2916.500,2026-07-08 10:00:00,2026-09-23 23:58:32.538,democli00025,,cmuerhq5v0000ucvpy660gnw1
demofac01088,FAC-2026-0351,2026,2026-07-09 10:00:00,2026-08-08 10:00:00,PAYEE,,,6670.000,1267.300,1.000,7938.300,7938.300,2026-07-09 10:00:00,2026-09-23 23:58:32.538,democli00034,,cmuerhq5v0000ucvpy660gnw1
demofac01089,FAC-2026-0352,2026,2026-07-10 10:00:00,2026-07-25 10:00:00,PAYEE,,,427.500,81.225,1.000,509.725,509.725,2026-07-10 10:00:00,2026-09-23 23:58:32.538,democli00008,,cmuerhq5v0000ucvpy660gnw1
demofac01090,FAC-2026-0353,2026,2026-07-11 10:00:00,2026-08-25 10:00:00,PAYEE,,,2400.000,456.000,1.000,2857.000,2857.000,2026-07-11 10:00:00,2026-09-23 23:58:32.538,democli00005,,cmuerhq5v0000ucvpy660gnw1
demofac01091,FAC-2026-0354,2026,2026-07-12 10:00:00,2026-08-11 10:00:00,PAYEE,,,1830.000,347.700,1.000,2178.700,2178.700,2026-07-12 10:00:00,2026-09-23 23:58:32.538,democli00053,demodev00401,cmuerhq5v0000ucvpy660gnw1
demofac01092,FAC-2026-0355,2026,2026-07-12 10:00:00,2026-08-26 10:00:00,PAYEE,,,8401.000,1596.190,1.000,9998.190,9998.190,2026-07-12 10:00:00,2026-09-23 23:58:32.538,democli00027,demodev00402,cmuerhq5v0000ucvpy660gnw1
demofac01093,FAC-2026-0356,2026,2026-07-13 10:00:00,2026-07-28 10:00:00,PAYEE,,,24117.000,4582.230,1.000,28700.230,28700.230,2026-07-13 10:00:00,2026-09-23 23:58:32.538,democli00007,,cmuerhq5v0000ucvpy660gnw1
demofac01094,FAC-2026-0357,2026,2026-07-13 10:00:00,2026-08-12 10:00:00,PAYEE,,,11041.000,1598.830,1.000,12640.830,12640.830,2026-07-13 10:00:00,2026-09-23 23:58:32.538,democli00026,,cmuerhq5v0000ucvpy660gnw1
demofac01095,FAC-2026-0358,2026,2026-07-14 10:00:00,2026-08-28 10:00:00,ENVOYEE,,,5610.000,990.300,0.000,6600.300,0.000,2026-07-14 10:00:00,2026-09-23 23:58:32.538,democli00052,,cmuerhq5v0000ucvpy660gnw1
demofac01096,FAC-2026-0359,2026,2026-07-15 10:00:00,,PAYEE,,,6055.000,1150.450,1.000,7206.450,7206.450,2026-07-15 10:00:00,2026-09-23 23:58:32.538,democli00027,,cmuerhq5v0000ucvpy660gnw1
demofac01097,FAC-2026-0360,2026,2026-07-15 10:00:00,2026-08-29 10:00:00,PAYEE,,,2900.000,551.000,1.000,3452.000,3452.000,2026-07-15 10:00:00,2026-09-23 23:58:32.538,democli00038,demodev00403,cmuerhq5v0000ucvpy660gnw1
demofac01098,FAC-2026-0361,2026,2026-07-16 10:00:00,2026-07-31 10:00:00,PAYEE,,,2095.250,398.098,1.000,2494.348,2494.348,2026-07-16 10:00:00,2026-09-23 23:58:32.538,democli00022,demodev00404,cmuerhq5v0000ucvpy660gnw1
demofac01099,FAC-2026-0362,2026,2026-07-16 10:00:00,2026-08-15 10:00:00,ANNULEE,,,2280.000,433.200,1.000,2714.200,0.000,2026-07-16 10:00:00,2026-09-23 23:58:32.538,democli00032,,cmuerhq5v0000ucvpy660gnw1
demofac01100,FAC-2026-0363,2026,2026-07-17 10:00:00,2026-08-31 10:00:00,PAYEE,,,3980.000,756.200,1.000,4737.200,4737.200,2026-07-17 10:00:00,2026-09-23 23:58:32.538,democli00060,,cmuerhq5v0000ucvpy660gnw1
demofac01101,FAC-2026-0364,2026,2026-07-17 10:00:00,2026-08-16 10:00:00,PAYEE,,,2655.000,504.450,1.000,3160.450,3160.450,2026-07-17 10:00:00,2026-09-23 23:58:32.538,democli00021,demodev00405,cmuerhq5v0000ucvpy660gnw1
demofac01102,FAC-2026-0365,2026,2026-07-18 10:00:00,2026-07-18 10:00:00,PAYEE,,,1960.000,372.400,1.000,2333.400,2333.400,2026-07-18 10:00:00,2026-09-23 23:58:32.538,democli00042,,cmuerhq5v0000ucvpy660gnw1
demofac01103,FAC-2026-0366,2026,2026-07-18 10:00:00,2026-08-17 10:00:00,PAYEE,,,9520.000,1423.240,0.000,10943.240,10943.240,2026-07-18 10:00:00,2026-09-23 23:58:32.538,democli00026,demodev00406,cmuerhq5v0000ucvpy660gnw1
demofac01104,FAC-2026-0367,2026,2026-07-19 10:00:00,2026-08-18 10:00:00,PAYEE,,,20100.000,3819.000,0.000,23919.000,23919.000,2026-07-19 10:00:00,2026-09-23 23:58:32.538,democli00030,,cmuerhq5v0000ucvpy660gnw1
demofac01105,FAC-2026-0368,2026,2026-07-20 10:00:00,2026-08-19 10:00:00,PAYEE,,,3825.000,726.750,1.000,4552.750,4552.750,2026-07-20 10:00:00,2026-09-23 23:58:32.538,democli00049,demodev00407,cmuerhq5v0000ucvpy660gnw1
demofac01106,FAC-2026-0369,2026,2026-07-20 10:00:00,2026-08-19 10:00:00,PAYEE,,,9770.000,1856.300,1.000,11627.300,11627.300,2026-07-20 10:00:00,2026-09-23 23:58:32.538,democli00049,demodev00408,cmuerhq5v0000ucvpy660gnw1
demofac01107,FAC-2026-0370,2026,2026-07-20 10:00:00,2026-08-19 10:00:00,PAYEE,,,6818.000,1295.420,1.000,8114.420,8114.420,2026-07-20 10:00:00,2026-09-23 23:58:32.538,democli00034,demodev00409,cmuerhq5v0000ucvpy660gnw1
demofac01108,FAC-2026-0371,2026,2026-07-21 10:00:00,2026-09-19 10:00:00,PAYEE,,,13262.400,1295.856,1.000,14559.256,14559.256,2026-07-21 10:00:00,2026-09-23 23:58:32.538,democli00019,,cmuerhq5v0000ucvpy660gnw1
demofac01109,FAC-2026-0372,2026,2026-07-21 10:00:00,2026-08-20 10:00:00,PAYEE,,,6540.000,1242.600,1.000,7783.600,7783.600,2026-07-21 10:00:00,2026-09-23 23:58:32.538,democli00011,,cmuerhq5v0000ucvpy660gnw1
demofac01110,FAC-2026-0373,2026,2026-07-21 10:00:00,2026-08-20 10:00:00,PAYEE,,,21808.450,4143.606,1.000,25953.056,25953.056,2026-07-21 10:00:00,2026-09-23 23:58:32.538,democli00045,demodev00410,cmuerhq5v0000ucvpy660gnw1
demofac01111,FAC-2026-0374,2026,2026-07-22 10:00:00,2026-09-20 10:00:00,PARTIELLEMENT_PAYEE,,,5148.000,792.360,1.000,5941.360,4025.765,2026-07-22 10:00:00,2026-09-23 23:58:32.538,democli00040,,cmuerhq5v0000ucvpy660gnw1
demofac01112,FAC-2026-0375,2026,2026-07-22 10:00:00,2026-07-22 10:00:00,PAYEE,,,9770.000,1856.300,1.000,11627.300,11627.300,2026-07-22 10:00:00,2026-09-23 23:58:32.538,democli00042,,cmuerhq5v0000ucvpy660gnw1
demofac01113,FAC-2026-0376,2026,2026-07-24 10:00:00,2026-08-23 10:00:00,PAYEE,,,4500.000,855.000,1.000,5356.000,5356.000,2026-07-24 10:00:00,2026-09-23 23:58:32.538,democli00001,demodev00411,cmuerhq5v0000ucvpy660gnw1
demofac01114,FAC-2026-0377,2026,2026-07-24 10:00:00,2026-07-24 10:00:00,PAYEE,,,4180.000,794.200,1.000,4975.200,4975.200,2026-07-24 10:00:00,2026-09-23 23:58:32.538,democli00042,demodev00412,cmuerhq5v0000ucvpy660gnw1
demofac01115,FAC-2026-0378,2026,2026-07-24 10:00:00,2026-08-08 10:00:00,PAYEE,,,3205.000,608.950,1.000,3814.950,3814.950,2026-07-24 10:00:00,2026-09-23 23:58:32.538,democli00025,,cmuerhq5v0000ucvpy660gnw1
demofac01116,FAC-2026-0379,2026,2026-07-24 10:00:00,2026-08-08 10:00:00,PAYEE,,,3200.000,608.000,1.000,3809.000,3809.000,2026-07-24 10:00:00,2026-09-23 23:58:32.538,democli00055,,cmuerhq5v0000ucvpy660gnw1
demofac01117,FAC-2026-0380,2026,2026-07-24 10:00:00,2026-08-08 10:00:00,PAYEE,,,6309.000,1198.710,1.000,7508.710,7508.710,2026-07-24 10:00:00,2026-09-23 23:58:32.538,democli00025,,cmuerhq5v0000ucvpy660gnw1
demofac01118,FAC-2026-0381,2026,2026-07-25 10:00:00,2026-08-24 10:00:00,PAYEE,,,10395.000,1975.050,1.000,12371.050,12371.050,2026-07-25 10:00:00,2026-09-23 23:58:32.538,democli00028,,cmuerhq5v0000ucvpy660gnw1
demofac01119,FAC-2026-0382,2026,2026-07-27 10:00:00,2026-07-27 10:00:00,PAYEE,,,3410.000,647.900,1.000,4058.900,4058.900,2026-07-27 10:00:00,2026-09-23 23:58:32.538,democli00056,demodev00413,cmuerhq5v0000ucvpy660gnw1
demofac01120,FAC-2026-0383,2026,2026-07-27 10:00:00,2026-08-26 10:00:00,PAYEE,,,1980.000,275.400,1.000,2256.400,2256.400,2026-07-27 10:00:00,2026-09-23 23:58:32.538,democli00044,demodev00414,cmuerhq5v0000ucvpy660gnw1
demofac01121,FAC-2026-0384,2026,2026-07-27 10:00:00,2026-09-10 10:00:00,PAYEE,,,870.000,165.300,1.000,1036.300,1036.300,2026-07-27 10:00:00,2026-09-23 23:58:32.538,democli00043,demodev00415,cmuerhq5v0000ucvpy660gnw1
demofac01122,FAC-2026-0385,2026,2026-07-28 10:00:00,2026-09-26 10:00:00,ENVOYEE,,,5520.400,1048.876,1.000,6570.276,0.000,2026-07-28 10:00:00,2026-09-23 23:58:32.538,democli00033,,cmuerhq5v0000ucvpy660gnw1
demofac01123,FAC-2026-0386,2026,2026-07-28 10:00:00,2026-08-27 10:00:00,PAYEE,,,12000.000,2280.000,1.000,14281.000,14281.000,2026-07-28 10:00:00,2026-09-23 23:58:32.538,democli00057,demodev00416,cmuerhq5v0000ucvpy660gnw1
demofac01124,FAC-2026-0387,2026,2026-07-28 10:00:00,2026-08-27 10:00:00,PAYEE,,,25574.400,4037.616,1.000,29613.016,29613.016,2026-07-28 10:00:00,2026-09-23 23:58:32.538,democli00048,,cmuerhq5v0000ucvpy660gnw1
demofac01125,FAC-2026-0388,2026,2026-07-29 10:00:00,2026-09-27 10:00:00,ENVOYEE,,,1278.900,89.523,1.000,1369.423,0.000,2026-07-29 10:00:00,2026-09-23 23:58:32.538,democli00010,,cmuerhq5v0000ucvpy660gnw1
demofac01126,FAC-2026-0389,2026,2026-07-29 10:00:00,2026-09-27 10:00:00,PAYEE,,,650.000,123.500,1.000,774.500,774.500,2026-07-29 10:00:00,2026-09-23 23:58:32.538,democli00040,,cmuerhq5v0000ucvpy660gnw1
demofac01127,FAC-2026-0390,2026,2026-07-30 10:00:00,2026-08-29 10:00:00,PAYEE,,,4050.000,769.500,1.000,4820.500,4820.500,2026-07-30 10:00:00,2026-09-23 23:58:32.538,democli00049,,cmuerhq5v0000ucvpy660gnw1
demofac01128,FAC-2026-0391,2026,2026-07-31 10:00:00,2026-08-30 10:00:00,PAYEE,,,1220.000,231.800,1.000,1452.800,1452.800,2026-07-31 10:00:00,2026-09-23 23:58:32.538,democli00021,demodev00417,cmuerhq5v0000ucvpy660gnw1
demofac01129,FAC-2026-0392,2026,2026-08-01 10:00:00,2026-09-30 10:00:00,PARTIELLEMENT_PAYEE,,,6800.000,1292.000,1.000,8093.000,2592.683,2026-08-01 10:00:00,2026-09-23 23:58:32.538,democli00013,,cmuerhq5v0000ucvpy660gnw1
demofac01130,FAC-2026-0393,2026,2026-08-01 10:00:00,2026-08-16 10:00:00,PAYEE,,,1728.000,120.960,1.000,1849.960,1849.960,2026-08-01 10:00:00,2026-09-23 23:58:32.538,democli00031,demodev00418,cmuerhq5v0000ucvpy660gnw1
demofac01131,FAC-2026-0394,2026,2026-08-01 10:00:00,2026-09-15 10:00:00,PAYEE,,,2830.000,537.700,1.000,3368.700,3368.700,2026-08-01 10:00:00,2026-09-23 23:58:32.538,democli00059,demodev00419,cmuerhq5v0000ucvpy660gnw1
demofac01132,FAC-2026-0395,2026,2026-08-04 10:00:00,2026-09-03 10:00:00,PAYEE,,,3795.000,721.050,1.000,4517.050,4517.050,2026-08-04 10:00:00,2026-09-23 23:58:32.538,democli00049,,cmuerhq5v0000ucvpy660gnw1
demofac01133,FAC-2026-0396,2026,2026-08-04 10:00:00,2026-09-18 10:00:00,ENVOYEE,,,1223.040,232.378,1.000,1456.418,0.000,2026-08-04 10:00:00,2026-09-23 23:58:32.538,democli00043,demodev00420,cmuerhq5v0000ucvpy660gnw1
demofac01134,FAC-2026-0397,2026,2026-08-06 10:00:00,2026-09-05 10:00:00,PAYEE,,,3750.000,712.500,1.000,4463.500,4463.500,2026-08-06 10:00:00,2026-09-23 23:58:32.538,democli00057,,cmuerhq5v0000ucvpy660gnw1
demofac01135,FAC-2026-0398,2026,2026-08-08 10:00:00,,PAYEE,,,32240.000,6125.600,1.000,38366.600,38366.600,2026-08-08 10:00:00,2026-09-23 23:58:32.538,democli00019,demodev00421,cmuerhq5v0000ucvpy660gnw1
demofac01136,FAC-2026-0399,2026,2026-08-08 10:00:00,,PAYEE,,,11107.000,2110.330,1.000,13218.330,13218.330,2026-08-08 10:00:00,2026-09-23 23:58:32.538,democli00029,,cmuerhq5v0000ucvpy660gnw1
demofac01137,FAC-2026-0400,2026,2026-08-09 10:00:00,2026-10-08 10:00:00,ENVOYEE,,,840.000,159.600,1.000,1000.600,0.000,2026-08-09 10:00:00,2026-09-23 23:58:32.538,democli00019,,cmuerhq5v0000ucvpy660gnw1
demofac01138,FAC-2026-0401,2026,2026-08-10 10:00:00,2026-10-09 10:00:00,ENVOYEE,,,30400.000,5776.000,1.000,36177.000,0.000,2026-08-10 10:00:00,2026-09-23 23:58:32.538,democli00019,,cmuerhq5v0000ucvpy660gnw1
demofac01139,FAC-2026-0402,2026,2026-08-10 10:00:00,2026-09-09 10:00:00,PAYEE,,,4565.000,867.350,1.000,5433.350,5433.350,2026-08-10 10:00:00,2026-09-23 23:58:32.538,democli00050,demodev00422,cmuerhq5v0000ucvpy660gnw1
demofac01140,FAC-2026-0403,2026,2026-08-11 10:00:00,2026-09-10 10:00:00,ENVOYEE,,,760.000,144.400,1.000,905.400,0.000,2026-08-11 10:00:00,2026-09-23 23:58:32.538,democli00053,,cmuerhq5v0000ucvpy660gnw1
demofac01141,FAC-2026-0404,2026,2026-08-12 10:00:00,2026-09-11 10:00:00,PAYEE,,,3450.000,655.500,1.000,4106.500,4106.500,2026-08-12 10:00:00,2026-09-23 23:58:32.538,democli00006,,cmuerhq5v0000ucvpy660gnw1
demofac01142,FAC-2026-0405,2026,2026-08-13 10:00:00,2026-09-12 10:00:00,PAYEE,,,1815.000,344.850,1.000,2160.850,2160.850,2026-08-13 10:00:00,2026-09-23 23:58:32.538,democli00002,,cmuerhq5v0000ucvpy660gnw1
demofac01143,FAC-2026-0406,2026,2026-08-13 10:00:00,2026-08-28 10:00:00,PARTIELLEMENT_PAYEE,,,15188.000,2648.840,1.000,17837.840,10646.242,2026-08-13 10:00:00,2026-09-23 23:58:32.538,democli00022,demodev00423,cmuerhq5v0000ucvpy660gnw1
demofac01144,FAC-2026-0407,2026,2026-08-14 10:00:00,2026-09-28 10:00:00,ENVOYEE,,,3030.000,575.700,0.000,3605.700,0.000,2026-08-14 10:00:00,2026-09-23 23:58:32.538,democli00059,demodev00424,cmuerhq5v0000ucvpy660gnw1
demofac01145,FAC-2026-0408,2026,2026-08-14 10:00:00,2026-09-13 10:00:00,PAYEE,,,5250.000,997.500,1.000,6248.500,6248.500,2026-08-14 10:00:00,2026-09-23 23:58:32.538,democli00006,,cmuerhq5v0000ucvpy660gnw1
demofac01146,FAC-2026-0409,2026,2026-08-15 10:00:00,2026-08-15 10:00:00,PAYEE,,,3316.400,630.116,1.000,3947.516,3947.516,2026-08-15 10:00:00,2026-09-23 23:58:32.538,democli00020,,cmuerhq5v0000ucvpy660gnw1
demofac01147,FAC-2026-0410,2026,2026-08-16 10:00:00,2026-10-15 10:00:00,ENVOYEE,,,15600.000,2964.000,1.000,18565.000,0.000,2026-08-16 10:00:00,2026-09-23 23:58:32.538,democli00046,demodev00425,cmuerhq5v0000ucvpy660gnw1
demofac01148,FAC-2026-0411,2026,2026-08-17 10:00:00,2026-09-01 10:00:00,PAYEE,,,5250.000,997.500,1.000,6248.500,6248.500,2026-08-17 10:00:00,2026-09-23 23:58:32.538,democli00008,demodev00426,cmuerhq5v0000ucvpy660gnw1
demofac01149,FAC-2026-0412,2026,2026-08-17 10:00:00,2026-10-01 10:00:00,ENVOYEE,,,23880.000,3313.200,1.000,27194.200,0.000,2026-08-17 10:00:00,2026-09-23 23:58:32.538,democli00004,,cmuerhq5v0000ucvpy660gnw1
demofac01150,FAC-2026-0413,2026,2026-08-18 10:00:00,2026-09-17 10:00:00,ENVOYEE,,,28838.000,5479.220,1.000,34318.220,0.000,2026-08-18 10:00:00,2026-09-23 23:58:32.538,democli00030,,cmuerhq5v0000ucvpy660gnw1
demofac01151,FAC-2026-0414,2026,2026-08-19 10:00:00,2026-09-18 10:00:00,PAYEE,,,8260.600,1569.514,1.000,9831.114,9831.114,2026-08-19 10:00:00,2026-09-23 23:58:32.538,democli00006,,cmuerhq5v0000ucvpy660gnw1
demofac01152,FAC-2026-0415,2026,2026-08-20 10:00:00,2026-10-04 10:00:00,ENVOYEE,,,5760.000,1094.400,1.000,6855.400,0.000,2026-08-20 10:00:00,2026-09-23 23:58:32.538,democli00038,,cmuerhq5v0000ucvpy660gnw1
demofac01153,FAC-2026-0416,2026,2026-08-22 10:00:00,2026-10-06 10:00:00,ENVOYEE,,,4350.000,826.500,1.000,5177.500,0.000,2026-08-22 10:00:00,2026-09-23 23:58:32.538,democli00037,,cmuerhq5v0000ucvpy660gnw1
demofac01154,FAC-2026-0417,2026,2026-08-22 10:00:00,2026-09-06 10:00:00,PAYEE,,,1160.000,220.400,1.000,1381.400,1381.400,2026-08-22 10:00:00,2026-09-23 23:58:32.538,democli00009,,cmuerhq5v0000ucvpy660gnw1
demofac01155,FAC-2026-0418,2026,2026-08-22 10:00:00,2026-09-21 10:00:00,PAYEE,,,2070.000,393.300,1.000,2464.300,2464.300,2026-08-22 10:00:00,2026-09-23 23:58:32.538,democli00006,demodev00427,cmuerhq5v0000ucvpy660gnw1
demofac01156,FAC-2026-0419,2026,2026-08-23 10:00:00,2026-09-07 10:00:00,PAYEE,,,7235.000,1374.650,1.000,8610.650,8610.650,2026-08-23 10:00:00,2026-09-23 23:58:32.538,democli00025,,cmuerhq5v0000ucvpy660gnw1
demofac01157,FAC-2026-0420,2026,2026-08-24 10:00:00,2026-09-23 10:00:00,ENVOYEE,,,49294.000,9365.860,1.000,58660.860,0.000,2026-08-24 10:00:00,2026-09-23 23:58:32.538,democli00034,,cmuerhq5v0000ucvpy660gnw1
demofac01158,FAC-2026-0421,2026,2026-08-25 10:00:00,2026-09-24 10:00:00,PAYEE,,,3776.700,717.573,1.000,4495.273,4495.273,2026-08-25 10:00:00,2026-09-23 23:58:32.538,democli00053,,cmuerhq5v0000ucvpy660gnw1
demofac01159,FAC-2026-0422,2026,2026-08-25 10:00:00,2026-09-09 10:00:00,PAYEE,,,798.000,151.620,1.000,950.620,950.620,2026-08-25 10:00:00,2026-09-23 23:58:32.538,democli00024,demodev00428,cmuerhq5v0000ucvpy660gnw1
demofac01160,FAC-2026-0423,2026,2026-08-26 10:00:00,2026-09-10 10:00:00,PAYEE,,,5230.000,993.700,1.000,6224.700,6224.700,2026-08-26 10:00:00,2026-09-23 23:58:32.538,democli00008,,cmuerhq5v0000ucvpy660gnw1
demofac01161,FAC-2026-0424,2026,2026-08-26 10:00:00,2026-09-25 10:00:00,PARTIELLEMENT_PAYEE,,,11998.000,2279.620,1.000,14278.620,9585.839,2026-08-26 10:00:00,2026-09-23 23:58:32.538,democli00048,,cmuerhq5v0000ucvpy660gnw1
demofac01162,FAC-2026-0425,2026,2026-08-26 10:00:00,2026-10-10 10:00:00,ENVOYEE,,,30750.000,5716.500,1.000,36467.500,0.000,2026-08-26 10:00:00,2026-09-23 23:58:32.538,democli00017,demodev00429,cmuerhq5v0000ucvpy660gnw1
demofac01163,FAC-2026-0426,2026,2026-08-27 10:00:00,2026-08-27 10:00:00,PAYEE,,,6380.000,1212.200,1.000,7593.200,7593.200,2026-08-27 10:00:00,2026-09-23 23:58:32.538,democli00056,,cmuerhq5v0000ucvpy660gnw1
demofac01164,FAC-2026-0427,2026,2026-08-27 10:00:00,2026-09-26 10:00:00,PAYEE,,,2790.000,530.100,1.000,3321.100,3321.100,2026-08-27 10:00:00,2026-09-23 23:58:32.538,democli00049,,cmuerhq5v0000ucvpy660gnw1
demofac01165,FAC-2026-0428,2026,2026-08-30 10:00:00,2026-09-29 10:00:00,ENVOYEE,,,2400.000,456.000,1.000,2857.000,0.000,2026-08-30 10:00:00,2026-09-23 23:58:32.538,democli00030,demodev00430,cmuerhq5v0000ucvpy660gnw1
demofac01166,FAC-2026-0429,2026,2026-08-30 10:00:00,2026-08-30 10:00:00,PAYEE,,,6460.000,839.800,1.000,7300.800,7300.800,2026-08-30 10:00:00,2026-09-23 23:58:32.538,democli00042,demodev00431,cmuerhq5v0000ucvpy660gnw1
demofac01167,FAC-2026-0430,2026,2026-08-30 10:00:00,2026-09-29 10:00:00,ENVOYEE,,,640.000,121.600,1.000,762.600,0.000,2026-08-30 10:00:00,2026-09-23 23:58:32.538,democli00021,demodev00432,cmuerhq5v0000ucvpy660gnw1
demofac01168,FAC-2026-0431,2026,2026-09-01 10:00:00,2026-10-01 10:00:00,ENVOYEE,,,1140.000,216.600,1.000,1357.600,0.000,2026-09-01 10:00:00,2026-09-23 23:58:32.538,democli00032,demodev00433,cmuerhq5v0000ucvpy660gnw1
demofac01169,FAC-2026-0432,2026,2026-09-02 10:00:00,2026-11-01 10:00:00,ENVOYEE,,,4250.000,681.500,1.000,4932.500,0.000,2026-09-02 10:00:00,2026-09-23 23:58:32.538,democli00010,demodev00434,cmuerhq5v0000ucvpy660gnw1
demofac01170,FAC-2026-0433,2026,2026-09-02 10:00:00,2026-09-17 10:00:00,ENVOYEE,,,3422.400,650.256,1.000,4073.656,0.000,2026-09-02 10:00:00,2026-09-23 23:58:32.538,democli00007,demodev00435,cmuerhq5v0000ucvpy660gnw1
demofac01171,FAC-2026-0434,2026,2026-09-02 10:00:00,2026-11-01 10:00:00,ENVOYEE,,,3696.000,702.240,1.000,4399.240,0.000,2026-09-02 10:00:00,2026-09-23 23:58:32.538,democli00013,,cmuerhq5v0000ucvpy660gnw1
demofac01172,FAC-2026-0435,2026,2026-09-03 10:00:00,2026-09-18 10:00:00,ENVOYEE,,,2400.000,456.000,1.000,2857.000,0.000,2026-09-03 10:00:00,2026-09-23 23:58:32.538,democli00003,demodev00436,cmuerhq5v0000ucvpy660gnw1
demofac01173,FAC-2026-0436,2026,2026-09-04 10:00:00,2026-10-19 10:00:00,ENVOYEE,,,630.000,119.700,1.000,750.700,0.000,2026-09-04 10:00:00,2026-09-23 23:58:32.538,democli00059,demodev00437,cmuerhq5v0000ucvpy660gnw1
demofac01174,FAC-2026-0437,2026,2026-09-04 10:00:00,2026-09-04 10:00:00,PAYEE,,,1280.400,243.276,1.000,1524.676,1524.676,2026-09-04 10:00:00,2026-09-23 23:58:32.538,democli00020,demodev00438,cmuerhq5v0000ucvpy660gnw1
demofac01175,FAC-2026-0438,2026,2026-09-05 10:00:00,2026-10-05 10:00:00,ENVOYEE,,,10040.000,1907.600,1.000,11948.600,0.000,2026-09-05 10:00:00,2026-09-23 23:58:32.538,democli00049,demodev00439,cmuerhq5v0000ucvpy660gnw1
demofac01176,FAC-2026-0439,2026,2026-09-06 10:00:00,2026-09-21 10:00:00,PAYEE,,,680.000,129.200,1.000,810.200,810.200,2026-09-06 10:00:00,2026-09-23 23:58:32.538,democli00014,,cmuerhq5v0000ucvpy660gnw1
demofac01177,FAC-2026-0440,2026,2026-09-07 10:00:00,2026-09-22 10:00:00,PAYEE,,,6645.000,1262.550,1.000,7908.550,7908.550,2026-09-07 10:00:00,2026-09-23 23:58:32.538,democli00025,demodev00440,cmuerhq5v0000ucvpy660gnw1
demofac01178,FAC-2026-0441,2026,2026-09-07 10:00:00,2026-09-22 10:00:00,ENVOYEE,,,8510.000,1217.900,1.000,9728.900,0.000,2026-09-07 10:00:00,2026-09-23 23:58:32.538,democli00039,,cmuerhq5v0000ucvpy660gnw1
demofac01179,FAC-2026-0442,2026,2026-09-08 10:00:00,2026-10-23 10:00:00,ENVOYEE,,,4536.000,589.680,1.000,5126.680,0.000,2026-09-08 10:00:00,2026-09-23 23:58:32.538,democli00004,,cmuerhq5v0000ucvpy660gnw1
demofac01180,FAC-2026-0443,2026,2026-09-08 10:00:00,2026-10-08 10:00:00,ENVOYEE,,,3600.000,684.000,1.000,4285.000,0.000,2026-09-08 10:00:00,2026-09-23 23:58:32.538,democli00044,,cmuerhq5v0000ucvpy660gnw1
demofac01181,FAC-2026-0444,2026,2026-09-08 10:00:00,2026-10-08 10:00:00,ENVOYEE,,,15458.400,2937.096,1.000,18396.496,0.000,2026-09-08 10:00:00,2026-09-23 23:58:32.538,democli00034,demodev00441,cmuerhq5v0000ucvpy660gnw1
demofac01182,FAC-2026-0445,2026,2026-09-08 10:00:00,2026-10-08 10:00:00,ENVOYEE,,,357.200,67.868,1.000,426.068,0.000,2026-09-08 10:00:00,2026-09-23 23:58:32.538,democli00044,,cmuerhq5v0000ucvpy660gnw1
demofac01183,FAC-2026-0446,2026,2026-09-08 10:00:00,2026-10-08 10:00:00,ENVOYEE,,,699.200,132.848,1.000,833.048,0.000,2026-09-08 10:00:00,2026-09-23 23:58:32.538,democli00049,,cmuerhq5v0000ucvpy660gnw1
demofac01184,FAC-2026-0447,2026,2026-09-09 10:00:00,2026-10-09 10:00:00,ENVOYEE,,,20094.500,3817.955,1.000,23913.455,0.000,2026-09-09 10:00:00,2026-09-23 23:58:32.538,democli00001,,cmuerhq5v0000ucvpy660gnw1
demofac01185,FAC-2026-0448,2026,2026-09-10 10:00:00,2026-09-25 10:00:00,ENVOYEE,,,3096.000,216.720,1.000,3313.720,0.000,2026-09-10 10:00:00,2026-09-23 23:58:32.538,democli00031,demodev00442,cmuerhq5v0000ucvpy660gnw1
demofac01186,FAC-2026-0449,2026,2026-09-10 10:00:00,2026-09-10 10:00:00,PAYEE,,,2070.000,393.300,1.000,2464.300,2464.300,2026-09-10 10:00:00,2026-09-23 23:58:32.538,democli00042,demodev00443,cmuerhq5v0000ucvpy660gnw1
demofac01187,FAC-2026-0450,2026,2026-09-11 10:00:00,2026-10-11 10:00:00,ENVOYEE,,,4950.000,940.500,1.000,5891.500,0.000,2026-09-11 10:00:00,2026-09-23 23:58:32.538,democli00011,,cmuerhq5v0000ucvpy660gnw1
demofac01188,FAC-2026-0451,2026,2026-09-12 10:00:00,2026-10-12 10:00:00,ENVOYEE,,,8280.000,1573.200,1.000,9854.200,0.000,2026-09-12 10:00:00,2026-09-23 23:58:32.538,democli00032,demodev00444,cmuerhq5v0000ucvpy660gnw1
demofac01189,FAC-2026-0452,2026,2026-09-12 10:00:00,2026-10-12 10:00:00,ENVOYEE,,,14287.000,1919.290,1.000,16207.290,0.000,2026-09-12 10:00:00,2026-09-23 23:58:32.538,democli00053,demodev00445,cmuerhq5v0000ucvpy660gnw1
demofac01190,FAC-2026-0453,2026,2026-09-12 10:00:00,2026-10-12 10:00:00,ENVOYEE,,,4670.000,887.300,1.000,5558.300,0.000,2026-09-12 10:00:00,2026-09-23 23:58:32.538,democli00034,demodev00446,cmuerhq5v0000ucvpy660gnw1
demofac01191,FAC-2026-0454,2026,2026-09-12 10:00:00,2026-10-27 10:00:00,ENVOYEE,,,3600.000,684.000,1.000,4285.000,0.000,2026-09-12 10:00:00,2026-09-23 23:58:32.538,democli00004,,cmuerhq5v0000ucvpy660gnw1
demofac01192,FAC-2026-0455,2026,2026-09-13 10:00:00,2026-11-12 10:00:00,ENVOYEE,,,135.000,25.650,1.000,161.650,0.000,2026-09-13 10:00:00,2026-09-23 23:58:32.538,democli00040,,cmuerhq5v0000ucvpy660gnw1
demofac01193,FAC-2026-0456,2026,2026-09-13 10:00:00,2026-09-13 10:00:00,PAYEE,,,1288.000,199.840,1.000,1488.840,1488.840,2026-09-13 10:00:00,2026-09-23 23:58:32.538,democli00020,,cmuerhq5v0000ucvpy660gnw1
demofac01194,FAC-2026-0457,2026,2026-09-15 10:00:00,2026-10-30 10:00:00,ENVOYEE,,,9150.000,1738.500,1.000,10889.500,0.000,2026-09-15 10:00:00,2026-09-23 23:58:32.538,democli00036,demodev00447,cmuerhq5v0000ucvpy660gnw1
demofac01195,FAC-2026-0458,2026,2026-09-15 10:00:00,2026-10-15 10:00:00,ENVOYEE,,,7580.000,1297.400,1.000,8878.400,0.000,2026-09-15 10:00:00,2026-09-23 23:58:32.538,democli00026,,cmuerhq5v0000ucvpy660gnw1
demofac01196,FAC-2026-0459,2026,2026-09-15 10:00:00,2026-10-15 10:00:00,ENVOYEE,,,12730.800,2418.852,1.000,15150.652,0.000,2026-09-15 10:00:00,2026-09-23 23:58:32.538,democli00021,demodev00448,cmuerhq5v0000ucvpy660gnw1
demofac01197,FAC-2026-0460,2026,2026-09-15 10:00:00,2026-09-30 10:00:00,ENVOYEE,,,15885.000,3018.150,1.000,18904.150,0.000,2026-09-15 10:00:00,2026-09-23 23:58:32.538,democli00014,,cmuerhq5v0000ucvpy660gnw1
demofac01198,FAC-2026-0461,2026,2026-09-16 10:00:00,2026-10-31 10:00:00,ENVOYEE,,,4905.000,931.950,1.000,5837.950,0.000,2026-09-16 10:00:00,2026-09-23 23:58:32.538,democli00059,demodev00449,cmuerhq5v0000ucvpy660gnw1
demofac01199,FAC-2026-0462,2026,2026-09-16 10:00:00,,ENVOYEE,,,930.000,176.700,1.000,1107.700,0.000,2026-09-16 10:00:00,2026-09-23 23:58:32.538,democli00047,,cmuerhq5v0000ucvpy660gnw1
demofac01200,FAC-2026-0463,2026,2026-09-16 10:00:00,2026-09-16 10:00:00,ENVOYEE,,,7050.000,1339.500,1.000,8390.500,0.000,2026-09-16 10:00:00,2026-09-23 23:58:32.538,democli00042,demodev00450,cmuerhq5v0000ucvpy660gnw1
demofac01201,FAC-2026-0464,2026,2026-09-17 10:00:00,2026-09-17 10:00:00,PAYEE,,,2545.000,475.000,1.000,3021.000,3021.000,2026-09-17 10:00:00,2026-09-23 23:58:32.538,democli00020,,cmuerhq5v0000ucvpy660gnw1
demofac01202,FAC-2026-0465,2026,2026-09-17 10:00:00,2026-09-17 10:00:00,PAYEE,,,1530.000,290.700,1.000,1821.700,1821.700,2026-09-17 10:00:00,2026-09-23 23:58:32.538,democli00020,,cmuerhq5v0000ucvpy660gnw1
demofac01203,FAC-2026-0466,2026,2026-09-18 10:00:00,2026-10-18 10:00:00,ENVOYEE,,,3300.000,627.000,1.000,3928.000,0.000,2026-09-18 10:00:00,2026-09-23 23:58:32.538,democli00023,,cmuerhq5v0000ucvpy660gnw1
demofac01204,FAC-2026-0467,2026,2026-09-20 10:00:00,2026-10-20 10:00:00,BROUILLON,,,28834.000,4730.020,1.000,33565.020,0.000,2026-09-20 10:00:00,2026-09-23 23:58:32.538,democli00011,,cmuerhq5v0000ucvpy660gnw1
demofac01205,FAC-2026-0468,2026,2026-09-20 10:00:00,2026-10-20 10:00:00,ENVOYEE,,,6855.600,1126.164,1.000,7982.764,0.000,2026-09-20 10:00:00,2026-09-23 23:58:32.538,democli00044,,cmuerhq5v0000ucvpy660gnw1
demofac01206,FAC-2026-0469,2026,2026-09-20 10:00:00,2026-10-05 10:00:00,ENVOYEE,,,231.760,44.034,1.000,276.794,0.000,2026-09-20 10:00:00,2026-09-23 23:58:32.538,democli00025,,cmuerhq5v0000ucvpy660gnw1
demofac01207,FAC-2026-0470,2026,2026-09-21 10:00:00,,BROUILLON,,,216.720,41.177,1.000,258.897,0.000,2026-09-21 10:00:00,2026-09-23 23:58:32.538,democli00009,,cmuerhq5v0000ucvpy660gnw1
demofac01208,FAC-2026-0471,2026,2026-09-22 10:00:00,2026-10-07 10:00:00,BROUILLON,,,13300.000,2527.000,1.000,15828.000,0.000,2026-09-22 10:00:00,2026-09-23 23:58:32.538,democli00055,demodev00451,cmuerhq5v0000ucvpy660gnw1
demofac01209,FAC-2026-0472,2026,2026-09-22 10:00:00,,BROUILLON,,,685.000,130.150,1.000,816.150,0.000,2026-09-22 10:00:00,2026-09-23 23:58:32.538,democli00047,demodev00452,cmuerhq5v0000ucvpy660gnw1
demofac01210,FAC-2026-0473,2026,2026-09-22 10:00:00,2026-10-22 10:00:00,ENVOYEE,,,5350.000,1016.500,1.000,6367.500,0.000,2026-09-22 10:00:00,2026-09-23 23:58:32.538,democli00023,,cmuerhq5v0000ucvpy660gnw1
