id,ordre,designation,description,quantite,prixUnitaireHT,remisePct,tauxTva,totalHT,factureId,produitId
demolfa00001,0,Site vitrine,,1.000,2400.000,0.00,19.00,2400.000,demofac00023,demoprd00008
demolfa00002,1,Gants nitrile (boite),,400.000,18.000,0.00,7.00,7200.000,demofac00023,demoprd00035
demolfa00003,2,Support premium (annuel),,1.000,3600.000,0.00,19.00,3600.000,demofac00023,demoprd00011
demolfa00004,3,Developpement web (jour),,7.000,450.000,0.00,19.00,3150.000,demofac00023,demoprd00005
demolfa00005,0,Intervention sur site,,2.000,150.000,0.00,19.00,300.000,demofac00009,demoprd00010
demolfa00006,1,Maintenance mensuelle,,2.000,380.000,0.00,19.00,760.000,demofac00009,demoprd00009
demolfa00007,0,Ciment (tonne),,22.000,310.000,0.00,19.00,6820.000,demofac00011,demoprd00038
demolfa00008,0,Disque SSD 1To,,12.000,310.000,0.00,19.00,3720.000,demofac00024,demoprd00026
demolfa00009,0,Carrelage (m2),,368.000,38.000,0.00,19.00,13984.000,demofac00026,demoprd00039
demolfa00010,0,Ecran 27 pouces,,3.000,690.000,13.00,19.00,1800.900,demofac00042,demoprd00022
demolfa00011,0,Cartouche toner,,6.000,165.000,0.00,19.00,990.000,demofac00044,demoprd00031
demolfa00012,0,Formation bureautique (jour),,2.000,420.000,0.00,19.00,840.000,demofac00045,demoprd00013
demolfa00013,1,Support premium (annuel),,1.000,3600.000,0.00,19.00,3600.000,demofac00045,demoprd00011
demolfa00014,0,Transport de marchandises,,10.000,210.000,0.00,7.00,2100.000,demofac00013,demoprd00019
demolfa00015,1,Classeur archive,,234.000,6.800,5.00,19.00,1511.640,demofac00013,demoprd00032
demolfa00016,0,Huile d'olive extra (bidon 5L),,29.000,68.000,0.00,13.00,1972.000,demofac00006,demoprd00036
demolfa00017,1,Dattes Deglet Nour (carton),,70.000,42.000,0.00,13.00,2940.000,demofac00006,demoprd00037
demolfa00018,2,Support premium (annuel),,1.000,3600.000,0.00,19.00,3600.000,demofac00006,demoprd00011
demolfa00019,0,Formation bureautique (jour),,2.000,420.000,0.00,19.00,840.000,demofac00030,demoprd00013
demolfa00020,1,Onduleur 1500VA,,4.000,460.000,0.00,19.00,1840.000,demofac00030,demoprd00025
demolfa00021,0,Routeur professionnel,,1.000,540.000,0.00,19.00,540.000,demofac00027,demoprd00024
demolfa00022,0,Gants nitrile (boite),,158.000,18.000,15.00,7.00,2417.400,demofac00039,demoprd00035
demolfa00023,0,Integration ERP (jour),,4.000,600.000,0.00,19.00,2400.000,demofac00022,demoprd00007
demolfa00024,1,Audit organisationnel,,1.000,3200.000,0.00,19.00,3200.000,demofac00022,demoprd00002
demolfa00025,2,Support premium (annuel),,1.000,3600.000,0.00,19.00,3600.000,demofac00022,demoprd00011
demolfa00026,0,Logiciel de gestion commerciale,,1.000,2900.000,0.00,19.00,2900.000,demofac00043,demoprd00029
demolfa00027,1,Ordinateur portable pro,,3.000,2350.000,0.00,19.00,7050.000,demofac00043,demoprd00021
demolfa00028,2,Onduleur 1500VA,,3.000,460.000,13.00,19.00,1200.600,demofac00043,demoprd00025
demolfa00029,0,Site vitrine,,1.000,2400.000,0.00,19.00,2400.000,demofac00031,demoprd00008
demolfa00030,1,Developpement web (jour),,5.000,450.000,0.00,19.00,2250.000,demofac00031,demoprd00005
demolfa00031,2,Integration ERP (jour),,15.000,600.000,12.00,19.00,7920.000,demofac00031,demoprd00007
demolfa00032,0,Support premium (annuel),,1.000,3600.000,0.00,19.00,3600.000,demofac00001,demoprd00011
demolfa00033,1,Maintenance mensuelle,,2.000,380.000,0.00,19.00,760.000,demofac00001,demoprd00009
demolfa00034,2,Intervention sur site,,3.000,150.000,0.00,19.00,450.000,demofac00001,demoprd00010
demolfa00035,3,Developpement web (jour),,12.000,450.000,0.00,19.00,5400.000,demofac00001,demoprd00005
demolfa00036,0,Intervention sur site,,1.000,150.000,0.00,19.00,150.000,demofac00012,demoprd00010
demolfa00037,1,Ecran 27 pouces,,7.000,690.000,14.00,19.00,4153.800,demofac00012,demoprd00022
demolfa00038,2,Formation cybersecurite,,2.000,1800.000,0.00,19.00,3600.000,demofac00012,demoprd00014
demolfa00039,3,Routeur professionnel,,3.000,540.000,0.00,19.00,1620.000,demofac00012,demoprd00024
demolfa00040,0,Cartouche toner,,5.000,165.000,0.00,19.00,825.000,demofac00002,demoprd00031
demolfa00041,1,Mobilier de bureau (poste),,2.000,1250.000,0.00,19.00,2500.000,demofac00002,demoprd00033
demolfa00042,2,Nom de domaine .tn,,1.000,45.000,0.00,19.00,45.000,demofac00002,demoprd00017
demolfa00043,0,Support premium (annuel),,1.000,3600.000,0.00,19.00,3600.000,demofac00004,demoprd00011
demolfa00044,1,Transport de marchandises,,8.000,210.000,0.00,7.00,1680.000,demofac00004,demoprd00019
demolfa00045,0,Integration ERP (jour),,4.000,600.000,0.00,19.00,2400.000,demofac00007,demoprd00007
demolfa00046,0,Ciment (tonne),,6.000,310.000,0.00,19.00,1860.000,demofac00025,demoprd00038
demolfa00047,0,Conseil strategique (jour),,2.000,850.000,0.00,19.00,1700.000,demofac00032,demoprd00001
demolfa00048,0,Logiciel de gestion commerciale,,1.000,2900.000,0.00,19.00,2900.000,demofac00029,demoprd00029
demolfa00049,0,Gants nitrile (boite),,222.000,18.000,0.00,7.00,3996.000,demofac00046,demoprd00035
demolfa00050,1,Dattes Deglet Nour (carton),,26.000,42.000,0.00,13.00,1092.000,demofac00046,demoprd00037
demolfa00051,2,Serveur dedie (mois),,6.000,290.000,0.00,19.00,1740.000,demofac00046,demoprd00018
demolfa00052,0,Sauvegarde externalisee,,6.000,95.000,0.00,19.00,570.000,demofac00017,demoprd00012
demolfa00053,0,Kit de premiers secours,,6.000,75.000,0.00,7.00,450.000,demofac00028,demoprd00034
demolfa00054,1,Transport de marchandises,,2.000,210.000,0.00,7.00,420.000,demofac00028,demoprd00019
demolfa00055,2,Gants nitrile (boite),,45.000,18.000,0.00,7.00,810.000,demofac00028,demoprd00035
demolfa00056,0,Ecran 27 pouces,,6.000,690.000,0.00,19.00,4140.000,demofac00015,demoprd00022
demolfa00057,1,Routeur professionnel,,2.000,540.000,0.00,19.00,1080.000,demofac00015,demoprd00024
demolfa00058,0,Kit de premiers secours,,3.000,75.000,0.00,7.00,225.000,demofac00018,demoprd00034
demolfa00059,0,Etude de marche,,1.000,4500.000,0.00,19.00,4500.000,demofac00033,demoprd00004
demolfa00060,1,Support premium (annuel),,1.000,3600.000,14.00,19.00,3096.000,demofac00033,demoprd00011
demolfa00061,0,Site vitrine,,1.000,2400.000,0.00,19.00,2400.000,demofac00036,demoprd00008
demolfa00062,0,Hebergement web (annuel),,1.000,540.000,0.00,19.00,540.000,demofac00014,demoprd00016
demolfa00063,1,Dattes Deglet Nour (carton),,180.000,42.000,0.00,13.00,7560.000,demofac00014,demoprd00037
demolfa00064,2,Carrelage (m2),,212.000,38.000,0.00,19.00,8056.000,demofac00014,demoprd00039
demolfa00065,0,Sauvegarde externalisee,,5.000,95.000,0.00,19.00,475.000,demofac00038,demoprd00012
demolfa00066,1,Intervention sur site,,4.000,150.000,0.00,19.00,600.000,demofac00038,demoprd00010
demolfa00067,0,Routeur professionnel,,2.000,540.000,7.00,19.00,1004.400,demofac00034,demoprd00024
demolfa00068,1,Ecran 27 pouces,,2.000,690.000,0.00,19.00,1380.000,demofac00034,demoprd00022
demolfa00069,0,Licence antivirus (poste),,44.000,85.000,0.00,19.00,3740.000,demofac00008,demoprd00027
demolfa00070,1,Developpement web (jour),,17.000,450.000,0.00,19.00,7650.000,demofac00008,demoprd00005
demolfa00071,0,Ecran 27 pouces,,12.000,690.000,0.00,19.00,8280.000,demofac00040,demoprd00022
demolfa00072,1,Routeur professionnel,,5.000,540.000,0.00,19.00,2700.000,demofac00040,demoprd00024
demolfa00073,0,Intervention sur site,,5.000,150.000,0.00,19.00,750.000,demofac00010,demoprd00010
demolfa00074,0,Huile d'olive extra (bidon 5L),,57.000,68.000,0.00,13.00,3876.000,demofac00016,demoprd00036
demolfa00075,0,Imprimante laser,,1.000,980.000,0.00,19.00,980.000,demofac00037,demoprd00023
demolfa00076,1,Intervention sur site,,1.000,150.000,0.00,19.00,150.000,demofac00037,demoprd00010
demolfa00077,2,Ecran 27 pouces,,3.000,690.000,0.00,19.00,2070.000,demofac00037,demoprd00022
demolfa00078,0,Kit de premiers secours,,19.000,75.000,0.00,7.00,1425.000,demofac00020,demoprd00034
demolfa00079,1,Gants nitrile (boite),,400.000,18.000,0.00,7.00,7200.000,demofac00020,demoprd00035
demolfa00080,2,Peinture murale (pot 20L),,80.000,145.000,0.00,19.00,11600.000,demofac00020,demoprd00040
demolfa00081,0,Disque SSD 1To,,7.000,310.000,0.00,19.00,2170.000,demofac00003,demoprd00026
demolfa00082,0,Mobilier de bureau (poste),,2.000,1250.000,0.00,19.00,2500.000,demofac00021,demoprd00033
demolfa00083,0,Onduleur 1500VA,,1.000,460.000,0.00,19.00,460.000,demofac00035,demoprd00025
demolfa00084,0,Licence suite bureautique,,11.000,320.000,0.00,19.00,3520.000,demofac00041,demoprd00028
demolfa00085,1,Cartouche toner,,23.000,165.000,12.00,19.00,3339.600,demofac00041,demoprd00031
demolfa00086,0,Application mobile (forfait),,1.000,12000.000,0.00,19.00,12000.000,demofac00019,demoprd00006
demolfa00087,1,Developpement web (jour),,12.000,450.000,0.00,19.00,5400.000,demofac00019,demoprd00005
demolfa00088,2,Imprimante laser,,2.000,980.000,0.00,19.00,1960.000,demofac00019,demoprd00023
demolfa00089,3,Maintenance mensuelle,,1.000,380.000,0.00,19.00,380.000,demofac00019,demoprd00009
demolfa00090,0,Transport de marchandises,,2.000,210.000,0.00,7.00,420.000,demofac00081,demoprd00019
demolfa00091,0,Formation comptabilite,,2.000,650.000,0.00,19.00,1300.000,demofac00051,demoprd00015
demolfa00092,0,Mobilier de bureau (poste),,6.000,1250.000,0.00,19.00,7500.000,demofac00087,demoprd00033
demolfa00093,1,Ramette papier A4,,35.000,14.500,0.00,19.00,507.500,demofac00087,demoprd00030
demolfa00094,0,Sauvegarde externalisee,,4.000,95.000,6.00,19.00,357.200,demofac00066,demoprd00012
demolfa00095,1,Maintenance mensuelle,,2.000,380.000,0.00,19.00,760.000,demofac00066,demoprd00009
demolfa00096,2,Hebergement web (annuel),,1.000,540.000,0.00,19.00,540.000,demofac00066,demoprd00016
demolfa00097,3,Support premium (annuel),,1.000,3600.000,0.00,19.00,3600.000,demofac00066,demoprd00011
demolfa00098,0,Huile d'olive extra (bidon 5L),,118.000,68.000,0.00,13.00,8024.000,demofac00067,demoprd00036
demolfa00099,1,Dattes Deglet Nour (carton),,500.000,42.000,0.00,13.00,21000.000,demofac00067,demoprd00037
demolfa00100,0,Mobilier de bureau (poste),,4.000,1250.000,0.00,19.00,5000.000,demofac00084,demoprd00033
demolfa00101,1,Ramette papier A4,,61.000,14.500,0.00,19.00,884.500,demofac00084,demoprd00030
demolfa00102,2,Routeur professionnel,,4.000,540.000,0.00,19.00,2160.000,demofac00084,demoprd00024
demolfa00103,0,Application mobile (forfait),,1.000,12000.000,0.00,19.00,12000.000,demofac00071,demoprd00006
demolfa00104,0,Developpement web (jour),,19.000,450.000,0.00,19.00,8550.000,demofac00088,demoprd00005
demolfa00105,0,Peinture murale (pot 20L),,9.000,145.000,0.00,19.00,1305.000,demofac00065,demoprd00040
demolfa00106,1,Carrelage (m2),,96.000,38.000,0.00,19.00,3648.000,demofac00065,demoprd00039
demolfa00107,2,Ciment (tonne),,49.000,310.000,0.00,19.00,15190.000,demofac00065,demoprd00038
demolfa00108,0,Ordinateur portable pro,,2.000,2350.000,0.00,19.00,4700.000,demofac00075,demoprd00021
demolfa00109,1,Disque SSD 1To,,6.000,310.000,0.00,19.00,1860.000,demofac00075,demoprd00026
demolfa00110,0,Imprimante laser,,3.000,980.000,0.00,19.00,2940.000,demofac00086,demoprd00023
demolfa00111,1,Onduleur 1500VA,,6.000,460.000,0.00,19.00,2760.000,demofac00086,demoprd00025
demolfa00112,2,Routeur professionnel,,2.000,540.000,0.00,19.00,1080.000,demofac00086,demoprd00024
demolfa00113,0,Disque SSD 1To,,4.000,310.000,0.00,19.00,1240.000,demofac00047,demoprd00026
demolfa00114,1,Ordinateur portable pro,,3.000,2350.000,0.00,19.00,7050.000,demofac00047,demoprd00021
demolfa00115,0,Licence antivirus (poste),,35.000,85.000,6.00,19.00,2796.500,demofac00072,demoprd00027
demolfa00116,0,Support premium (annuel),,1.000,3600.000,0.00,19.00,3600.000,demofac00059,demoprd00011
demolfa00117,1,Developpement web (jour),,9.000,450.000,0.00,19.00,4050.000,demofac00059,demoprd00005
demolfa00118,2,Intervention sur site,,4.000,150.000,0.00,19.00,600.000,demofac00059,demoprd00010
demolfa00119,0,Disque SSD 1To,,2.000,310.000,0.00,19.00,620.000,demofac00060,demoprd00026
demolfa00120,1,Ecran 27 pouces,,7.000,690.000,0.00,19.00,4830.000,demofac00060,demoprd00022
demolfa00121,0,Conseil strategique (jour),,5.000,850.000,0.00,19.00,4250.000,demofac00063,demoprd00001
demolfa00122,0,Onduleur 1500VA,,3.000,460.000,6.00,19.00,1297.200,demofac00073,demoprd00025
demolfa00123,1,Application mobile (forfait),,1.000,12000.000,0.00,19.00,12000.000,demofac00073,demoprd00006
demolfa00124,0,Stockage entrepot (m2/mois),,225.000,12.000,0.00,19.00,2700.000,demofac00074,demoprd00020
demolfa00125,0,Classeur archive,,58.000,6.800,0.00,19.00,394.400,demofac00082,demoprd00032
demolfa00126,1,Ramette papier A4,,117.000,14.500,0.00,19.00,1696.500,demofac00082,demoprd00030
demolfa00127,2,Licence suite bureautique,,1.000,320.000,0.00,19.00,320.000,demofac00082,demoprd00028
demolfa00128,0,Dattes Deglet Nour (carton),,341.000,42.000,0.00,13.00,14322.000,demofac00085,demoprd00037
demolfa00129,1,Hebergement web (annuel),,3.000,540.000,0.00,19.00,1620.000,demofac00085,demoprd00016
demolfa00130,0,Classeur archive,,106.000,6.800,0.00,19.00,720.800,demofac00049,demoprd00032
demolfa00131,0,Gants nitrile (boite),,400.000,18.000,0.00,7.00,7200.000,demofac00062,demoprd00035
demolfa00132,1,Site vitrine,,1.000,2400.000,0.00,19.00,2400.000,demofac00062,demoprd00008
demolfa00133,0,Licence antivirus (poste),,60.000,85.000,0.00,19.00,5100.000,demofac00076,demoprd00027
demolfa00134,0,Mobilier de bureau (poste),,4.000,1250.000,6.00,19.00,4700.000,demofac00077,demoprd00033
demolfa00135,0,Licence antivirus (poste),,8.000,85.000,0.00,19.00,680.000,demofac00078,demoprd00027
demolfa00136,1,Logiciel de gestion commerciale,,3.000,2900.000,0.00,19.00,8700.000,demofac00078,demoprd00029
demolfa00137,0,Nom de domaine .tn,,1.000,45.000,0.00,19.00,45.000,demofac00079,demoprd00017
demolfa00138,1,Site vitrine,,1.000,2400.000,0.00,19.00,2400.000,demofac00079,demoprd00008
demolfa00139,0,Carrelage (m2),,23.000,38.000,0.00,19.00,874.000,demofac00050,demoprd00039
demolfa00140,1,Ciment (tonne),,6.000,310.000,0.00,19.00,1860.000,demofac00050,demoprd00038
demolfa00141,0,Site vitrine,,1.000,2400.000,8.00,19.00,2208.000,demofac00056,demoprd00008
demolfa00142,1,Etude de marche,,1.000,4500.000,9.00,19.00,4095.000,demofac00056,demoprd00004
demolfa00143,0,Imprimante laser,,1.000,980.000,8.00,19.00,901.600,demofac00083,demoprd00023
demolfa00144,1,Ramette papier A4,,200.000,14.500,0.00,19.00,2900.000,demofac00083,demoprd00030
demolfa00145,2,Transport de marchandises,,10.000,210.000,0.00,7.00,2100.000,demofac00083,demoprd00019
demolfa00146,0,Onduleur 1500VA,,3.000,460.000,5.00,19.00,1311.000,demofac00064,demoprd00025
demolfa00147,1,Dattes Deglet Nour (carton),,20.000,42.000,0.00,13.00,840.000,demofac00064,demoprd00037
demolfa00148,0,Integration ERP (jour),,11.000,600.000,0.00,19.00,6600.000,demofac00080,demoprd00007
demolfa00149,0,Ciment (tonne),,38.000,310.000,0.00,19.00,11780.000,demofac00052,demoprd00038
demolfa00150,0,Mobilier de bureau (poste),,2.000,1250.000,0.00,19.00,2500.000,demofac00053,demoprd00033
demolfa00151,1,Classeur archive,,53.000,6.800,0.00,19.00,360.400,demofac00053,demoprd00032
demolfa00152,0,Peinture murale (pot 20L),,41.000,145.000,0.00,19.00,5945.000,demofac00068,demoprd00040
demolfa00153,0,Carrelage (m2),,107.000,38.000,0.00,19.00,4066.000,demofac00048,demoprd00039
demolfa00154,0,Application mobile (forfait),,1.000,12000.000,0.00,19.00,12000.000,demofac00055,demoprd00006
demolfa00155,0,Mobilier de bureau (poste),,3.000,1250.000,0.00,19.00,3750.000,demofac00057,demoprd00033
demolfa00156,0,Cartouche toner,,18.000,165.000,0.00,19.00,2970.000,demofac00058,demoprd00031
demolfa00157,0,Classeur archive,,252.000,6.800,0.00,19.00,1713.600,demofac00070,demoprd00032
demolfa00158,0,Stockage entrepot (m2/mois),,90.000,12.000,0.00,19.00,1080.000,demofac00061,demoprd00020
demolfa00159,1,Sauvegarde externalisee,,2.000,95.000,0.00,19.00,190.000,demofac00061,demoprd00012
demolfa00160,2,Mobilier de bureau (poste),,4.000,1250.000,0.00,19.00,5000.000,demofac00061,demoprd00033
demolfa00161,3,Formation comptabilite,,2.000,650.000,0.00,19.00,1300.000,demofac00061,demoprd00015
demolfa00162,0,Etude de marche,,1.000,4500.000,0.00,19.00,4500.000,demofac00069,demoprd00004
demolfa00163,1,Site vitrine,,1.000,2400.000,0.00,19.00,2400.000,demofac00069,demoprd00008
demolfa00164,2,Integration ERP (jour),,10.000,600.000,0.00,19.00,6000.000,demofac00069,demoprd00007
demolfa00165,0,Developpement web (jour),,20.000,450.000,0.00,19.00,9000.000,demofac00054,demoprd00005
demolfa00166,0,Huile d'olive extra (bidon 5L),,300.000,68.000,0.00,13.00,20400.000,demofac00108,demoprd00036
demolfa00167,0,Classeur archive,,25.000,6.800,0.00,19.00,170.000,demofac00093,demoprd00032
demolfa00168,0,Sauvegarde externalisee,,3.000,95.000,0.00,19.00,285.000,demofac00127,demoprd00012
demolfa00169,1,Support premium (annuel),,1.000,3600.000,12.00,19.00,3168.000,demofac00127,demoprd00011
demolfa00170,2,Routeur professionnel,,2.000,540.000,0.00,19.00,1080.000,demofac00127,demoprd00024
demolfa00171,3,Onduleur 1500VA,,4.000,460.000,0.00,19.00,1840.000,demofac00127,demoprd00025
demolfa00172,0,Cartouche toner,,19.000,165.000,0.00,19.00,3135.000,demofac00141,demoprd00031
demolfa00173,0,Sauvegarde externalisee,,4.000,95.000,0.00,19.00,380.000,demofac00091,demoprd00012
demolfa00174,1,Application mobile (forfait),,1.000,12000.000,0.00,19.00,12000.000,demofac00091,demoprd00006
demolfa00175,2,Maintenance mensuelle,,3.000,380.000,0.00,19.00,1140.000,demofac00091,demoprd00009
demolfa00176,0,Carrelage (m2),,247.000,38.000,0.00,19.00,9386.000,demofac00142,demoprd00039
demolfa00177,0,Sauvegarde externalisee,,6.000,95.000,11.00,19.00,507.300,demofac00109,demoprd00012
demolfa00178,0,Logiciel de gestion commerciale,,2.000,2900.000,0.00,19.00,5800.000,demofac00131,demoprd00029
demolfa00179,1,Huile d'olive extra (bidon 5L),,94.000,68.000,0.00,13.00,6392.000,demofac00131,demoprd00036
demolfa00180,2,Classeur archive,,54.000,6.800,0.00,19.00,367.200,demofac00131,demoprd00032
demolfa00181,3,Formation comptabilite,,2.000,650.000,15.00,19.00,1105.000,demofac00131,demoprd00015
demolfa00182,0,Accompagnement fiscal (heure),,19.000,120.000,0.00,19.00,2280.000,demofac00102,demoprd00003
demolfa00183,0,Licence suite bureautique,,13.000,320.000,14.00,19.00,3577.600,demofac00104,demoprd00028
demolfa00184,1,Ecran 27 pouces,,4.000,690.000,0.00,19.00,2760.000,demofac00104,demoprd00022
demolfa00185,0,Integration ERP (jour),,15.000,600.000,0.00,19.00,9000.000,demofac00123,demoprd00007
demolfa00186,0,Serveur dedie (mois),,7.000,290.000,0.00,19.00,2030.000,demofac00112,demoprd00018
demolfa00187,1,Etude de marche,,1.000,4500.000,0.00,19.00,4500.000,demofac00112,demoprd00004
demolfa00188,2,Intervention sur site,,5.000,150.000,0.00,19.00,750.000,demofac00112,demoprd00010
demolfa00189,0,Support premium (annuel),,1.000,3600.000,0.00,19.00,3600.000,demofac00143,demoprd00011
demolfa00190,0,Conseil strategique (jour),,3.000,850.000,0.00,19.00,2550.000,demofac00133,demoprd00001
demolfa00191,1,Logiciel de gestion commerciale,,1.000,2900.000,0.00,19.00,2900.000,demofac00133,demoprd00029
demolfa00192,2,Audit organisationnel,,1.000,3200.000,0.00,19.00,3200.000,demofac00133,demoprd00002
demolfa00193,0,Audit organisationnel,,1.000,3200.000,0.00,19.00,3200.000,demofac00132,demoprd00002
demolfa00194,1,Integration ERP (jour),,15.000,600.000,0.00,19.00,9000.000,demofac00132,demoprd00007
demolfa00195,0,Ciment (tonne),,4.000,310.000,0.00,19.00,1240.000,demofac00089,demoprd00038
demolfa00196,0,Transport de marchandises,,4.000,210.000,0.00,7.00,840.000,demofac00111,demoprd00019
demolfa00197,1,Formation cybersecurite,,2.000,1800.000,0.00,19.00,3600.000,demofac00111,demoprd00014
demolfa00198,0,Application mobile (forfait),,1.000,12000.000,0.00,19.00,12000.000,demofac00120,demoprd00006
demolfa00199,1,Classeur archive,,300.000,6.800,0.00,19.00,2040.000,demofac00120,demoprd00032
demolfa00200,0,Dattes Deglet Nour (carton),,148.000,42.000,0.00,13.00,6216.000,demofac00098,demoprd00037
demolfa00201,1,Hebergement web (annuel),,1.000,540.000,6.00,19.00,507.600,demofac00098,demoprd00016
demolfa00202,2,Developpement web (jour),,4.000,450.000,0.00,19.00,1800.000,demofac00098,demoprd00005
demolfa00203,0,Sauvegarde externalisee,,6.000,95.000,0.00,19.00,570.000,demofac00121,demoprd00012
demolfa00204,1,Developpement web (jour),,176.000,450.000,0.00,19.00,79200.000,demofac00121,demoprd00005
demolfa00205,2,Intervention sur site,,3.000,150.000,0.00,19.00,450.000,demofac00121,demoprd00010
demolfa00206,0,Carrelage (m2),,188.000,38.000,5.00,19.00,6786.800,demofac00136,demoprd00039
demolfa00207,1,Formation bureautique (jour),,1.000,420.000,0.00,19.00,420.000,demofac00136,demoprd00013
demolfa00208,0,Onduleur 1500VA,,4.000,460.000,0.00,19.00,1840.000,demofac00099,demoprd00025
demolfa00209,0,Carrelage (m2),,800.000,38.000,0.00,19.00,30400.000,demofac00106,demoprd00039
demolfa00210,1,Developpement web (jour),,9.000,450.000,0.00,19.00,4050.000,demofac00106,demoprd00005
demolfa00211,2,Hebergement web (annuel),,2.000,540.000,0.00,19.00,1080.000,demofac00106,demoprd00016
demolfa00212,0,Cartouche toner,,17.000,165.000,0.00,19.00,2805.000,demofac00095,demoprd00031
demolfa00213,0,Mobilier de bureau (poste),,10.000,1250.000,0.00,19.00,12500.000,demofac00117,demoprd00033
demolfa00214,1,Carrelage (m2),,421.000,38.000,0.00,19.00,15998.000,demofac00117,demoprd00039
demolfa00215,0,Sauvegarde externalisee,,4.000,95.000,0.00,19.00,380.000,demofac00128,demoprd00012
demolfa00216,0,Formation cybersecurite,,1.000,1800.000,0.00,19.00,1800.000,demofac00113,demoprd00014
demolfa00217,1,Accompagnement fiscal (heure),,16.000,120.000,0.00,19.00,1920.000,demofac00113,demoprd00003
demolfa00218,2,Peinture murale (pot 20L),,46.000,145.000,0.00,19.00,6670.000,demofac00113,demoprd00040
demolfa00219,0,Formation cybersecurite,,1.000,1800.000,0.00,19.00,1800.000,demofac00124,demoprd00014
demolfa00220,0,Routeur professionnel,,3.000,540.000,0.00,19.00,1620.000,demofac00107,demoprd00024
demolfa00221,1,Integration ERP (jour),,9.000,600.000,0.00,19.00,5400.000,demofac00107,demoprd00007
demolfa00222,0,Serveur dedie (mois),,12.000,290.000,0.00,19.00,3480.000,demofac00129,demoprd00018
demolfa00223,1,Ciment (tonne),,60.000,310.000,0.00,19.00,18600.000,demofac00129,demoprd00038
demolfa00224,2,Kit de premiers secours,,40.000,75.000,0.00,7.00,3000.000,demofac00129,demoprd00034
demolfa00225,3,Gants nitrile (boite),,274.000,18.000,0.00,7.00,4932.000,demofac00129,demoprd00035
demolfa00226,0,Onduleur 1500VA,,1.000,460.000,0.00,19.00,460.000,demofac00094,demoprd00025
demolfa00227,0,Ciment (tonne),,60.000,310.000,14.00,19.00,15996.000,demofac00105,demoprd00038
demolfa00228,1,Kit de premiers secours,,27.000,75.000,0.00,7.00,2025.000,demofac00105,demoprd00034
demolfa00229,0,Logiciel de gestion commerciale,,1.000,2900.000,0.00,19.00,2900.000,demofac00100,demoprd00029
demolfa00230,0,Mobilier de bureau (poste),,3.000,1250.000,0.00,19.00,3750.000,demofac00114,demoprd00033
demolfa00231,1,Ramette papier A4,,198.000,14.500,0.00,19.00,2871.000,demofac00114,demoprd00030
demolfa00232,2,Gants nitrile (boite),,26.000,18.000,0.00,7.00,468.000,demofac00114,demoprd00035
demolfa00233,0,Licence antivirus (poste),,19.000,85.000,0.00,19.00,1615.000,demofac00092,demoprd00027
demolfa00234,1,Formation cybersecurite,,1.000,1800.000,0.00,19.00,1800.000,demofac00092,demoprd00014
demolfa00235,0,Licence antivirus (poste),,22.000,85.000,0.00,19.00,1870.000,demofac00134,demoprd00027
demolfa00236,1,Ramette papier A4,,44.000,14.500,0.00,19.00,638.000,demofac00134,demoprd00030
demolfa00237,2,Etude de marche,,1.000,4500.000,0.00,19.00,4500.000,demofac00134,demoprd00004
demolfa00238,0,Routeur professionnel,,5.000,540.000,0.00,19.00,2700.000,demofac00115,demoprd00024
demolfa00239,0,Formation cybersecurite,,1.000,1800.000,0.00,19.00,1800.000,demofac00130,demoprd00014
demolfa00240,1,Formation bureautique (jour),,2.000,420.000,0.00,19.00,840.000,demofac00130,demoprd00013
demolfa00241,0,Support premium (annuel),,1.000,3600.000,0.00,19.00,3600.000,demofac00116,demoprd00011
demolfa00242,0,Application mobile (forfait),,1.000,12000.000,0.00,19.00,12000.000,demofac00140,demoprd00006
demolfa00243,1,Integration ERP (jour),,14.000,600.000,0.00,19.00,8400.000,demofac00140,demoprd00007
demolfa00244,2,Accompagnement fiscal (heure),,12.000,120.000,0.00,19.00,1440.000,demofac00140,demoprd00003
demolfa00245,0,Etude de marche,,1.000,4500.000,0.00,19.00,4500.000,demofac00135,demoprd00004
demolfa00246,0,Carrelage (m2),,800.000,38.000,0.00,19.00,30400.000,demofac00138,demoprd00039
demolfa00247,1,Ciment (tonne),,45.000,310.000,0.00,19.00,13950.000,demofac00138,demoprd00038
demolfa00248,2,Gants nitrile (boite),,400.000,18.000,7.00,7.00,6696.000,demofac00138,demoprd00035
demolfa00249,3,Kit de premiers secours,,40.000,75.000,0.00,7.00,3000.000,demofac00138,demoprd00034
demolfa00250,0,Peinture murale (pot 20L),,22.000,145.000,0.00,19.00,3190.000,demofac00097,demoprd00040
demolfa00251,0,Logiciel de gestion commerciale,,3.000,2900.000,0.00,19.00,8700.000,demofac00125,demoprd00029
demolfa00252,1,Licence antivirus (poste),,86.000,85.000,0.00,19.00,7310.000,demofac00125,demoprd00027
demolfa00253,0,Gants nitrile (boite),,15.000,18.000,0.00,7.00,270.000,demofac00090,demoprd00035
demolfa00254,1,Application mobile (forfait),,1.000,12000.000,0.00,19.00,12000.000,demofac00090,demoprd00006
demolfa00255,0,Peinture murale (pot 20L),,22.000,145.000,0.00,19.00,3190.000,demofac00118,demoprd00040
demolfa00256,1,Carrelage (m2),,96.000,38.000,11.00,19.00,3246.720,demofac00118,demoprd00039
demolfa00257,0,Ciment (tonne),,60.000,310.000,0.00,19.00,18600.000,demofac00110,demoprd00038
demolfa00258,0,Audit organisationnel,,1.000,3200.000,0.00,19.00,3200.000,demofac00103,demoprd00002
demolfa00259,1,Etude de marche,,1.000,4500.000,0.00,19.00,4500.000,demofac00103,demoprd00004
demolfa00260,2,Accompagnement fiscal (heure),,7.000,120.000,0.00,19.00,840.000,demofac00103,demoprd00003
demolfa00261,3,Licence suite bureautique,,10.000,320.000,0.00,19.00,3200.000,demofac00103,demoprd00028
demolfa00262,0,Kit de premiers secours,,40.000,75.000,0.00,7.00,3000.000,demofac00126,demoprd00034
demolfa00263,0,Site vitrine,,1.000,2400.000,0.00,19.00,2400.000,demofac00137,demoprd00008
demolfa00264,1,Etude de marche,,1.000,4500.000,0.00,19.00,4500.000,demofac00137,demoprd00004
demolfa00265,0,Carrelage (m2),,91.000,38.000,0.00,19.00,3458.000,demofac00122,demoprd00039
demolfa00266,1,Nom de domaine .tn,,1.000,45.000,0.00,19.00,45.000,demofac00122,demoprd00017
demolfa00267,0,Dattes Deglet Nour (carton),,68.000,42.000,0.00,13.00,2856.000,demofac00101,demoprd00037
demolfa00268,1,Hebergement web (annuel),,2.000,540.000,0.00,19.00,1080.000,demofac00101,demoprd00016
demolfa00269,2,Audit organisationnel,,1.000,3200.000,0.00,19.00,3200.000,demofac00101,demoprd00002
demolfa00270,3,Huile d'olive extra (bidon 5L),,110.000,68.000,0.00,13.00,7480.000,demofac00101,demoprd00036
demolfa00271,0,Integration ERP (jour),,4.000,600.000,5.00,19.00,2280.000,demofac00119,demoprd00007
demolfa00272,0,Maintenance mensuelle,,2.000,380.000,0.00,19.00,760.000,demofac00139,demoprd00009
demolfa00273,1,Sauvegarde externalisee,,10.000,95.000,12.00,19.00,836.000,demofac00139,demoprd00012
demolfa00274,0,Support premium (annuel),,1.000,3600.000,0.00,19.00,3600.000,demofac00166,demoprd00011
demolfa00275,1,Maintenance mensuelle,,2.000,380.000,0.00,19.00,760.000,demofac00166,demoprd00009
demolfa00276,0,Carrelage (m2),,83.000,38.000,0.00,19.00,3154.000,demofac00162,demoprd00039
demolfa00277,1,Ciment (tonne),,6.000,310.000,0.00,19.00,1860.000,demofac00162,demoprd00038
demolfa00278,2,Formation bureautique (jour),,1.000,420.000,6.00,19.00,394.800,demofac00162,demoprd00013
demolfa00279,0,Licence suite bureautique,,14.000,320.000,0.00,19.00,4480.000,demofac00181,demoprd00028
demolfa00280,1,Audit organisationnel,,1.000,3200.000,0.00,19.00,3200.000,demofac00181,demoprd00002
demolfa00281,0,Etude de marche,,1.000,4500.000,14.00,19.00,3870.000,demofac00177,demoprd00004
demolfa00282,1,Intervention sur site,,3.000,150.000,0.00,19.00,450.000,demofac00177,demoprd00010
demolfa00283,2,Gants nitrile (boite),,49.000,18.000,0.00,7.00,882.000,demofac00177,demoprd00035
demolfa00284,0,Licence suite bureautique,,6.000,320.000,0.00,19.00,1920.000,demofac00180,demoprd00028
demolfa00285,0,Licence suite bureautique,,10.000,320.000,0.00,19.00,3200.000,demofac00175,demoprd00028
demolfa00286,1,Ordinateur portable pro,,3.000,2350.000,12.00,19.00,6204.000,demofac00175,demoprd00021
demolfa00287,0,Maintenance mensuelle,,1.000,380.000,0.00,19.00,380.000,demofac00158,demoprd00009
demolfa00288,1,Developpement web (jour),,20.000,450.000,0.00,19.00,9000.000,demofac00158,demoprd00005
demolfa00289,2,Mobilier de bureau (poste),,11.000,1250.000,6.00,19.00,12925.000,demofac00158,demoprd00033
demolfa00290,0,Logiciel de gestion commerciale,,2.000,2900.000,15.00,19.00,4930.000,demofac00151,demoprd00029
demolfa00291,1,Hebergement web (annuel),,3.000,540.000,0.00,19.00,1620.000,demofac00151,demoprd00016
demolfa00292,0,Stockage entrepot (m2/mois),,186.000,12.000,0.00,19.00,2232.000,demofac00144,demoprd00020
demolfa00293,1,Nom de domaine .tn,,1.000,45.000,0.00,19.00,45.000,demofac00144,demoprd00017
demolfa00294,2,Transport de marchandises,,2.000,210.000,0.00,7.00,420.000,demofac00144,demoprd00019
demolfa00295,0,Maintenance mensuelle,,2.000,380.000,0.00,19.00,760.000,demofac00154,demoprd00009
demolfa00296,1,Sauvegarde externalisee,,7.000,95.000,0.00,19.00,665.000,demofac00154,demoprd00012
demolfa00297,0,Application mobile (forfait),,1.000,12000.000,10.00,19.00,10800.000,demofac00178,demoprd00006
demolfa00298,0,Disque SSD 1To,,6.000,310.000,10.00,19.00,1674.000,demofac00184,demoprd00026
demolfa00299,1,Ecran 27 pouces,,5.000,690.000,0.00,19.00,3450.000,demofac00184,demoprd00022
demolfa00300,0,Formation bureautique (jour),,2.000,420.000,0.00,19.00,840.000,demofac00159,demoprd00013
demolfa00301,1,Formation comptabilite,,1.000,650.000,0.00,19.00,650.000,demofac00159,demoprd00015
demolfa00302,0,Imprimante laser,,2.000,980.000,0.00,19.00,1960.000,demofac00167,demoprd00023
demolfa00303,1,Routeur professionnel,,2.000,540.000,0.00,19.00,1080.000,demofac00167,demoprd00024
demolfa00304,2,Ordinateur portable pro,,3.000,2350.000,0.00,19.00,7050.000,demofac00167,demoprd00021
demolfa00305,0,Logiciel de gestion commerciale,,1.000,2900.000,0.00,19.00,2900.000,demofac00170,demoprd00029
demolfa00306,0,Kit de premiers secours,,15.000,75.000,0.00,7.00,1125.000,demofac00188,demoprd00034
demolfa00307,1,Formation cybersecurite,,1.000,1800.000,0.00,19.00,1800.000,demofac00188,demoprd00014
demolfa00308,0,Support premium (annuel),,1.000,3600.000,10.00,19.00,3240.000,demofac00176,demoprd00011
demolfa00309,1,Maintenance mensuelle,,2.000,380.000,0.00,19.00,760.000,demofac00176,demoprd00009
demolfa00310,0,Ecran 27 pouces,,7.000,690.000,9.00,19.00,4395.300,demofac00164,demoprd00022
demolfa00311,1,Disque SSD 1To,,8.000,310.000,0.00,19.00,2480.000,demofac00164,demoprd00026
demolfa00312,0,Disque SSD 1To,,8.000,310.000,0.00,19.00,2480.000,demofac00189,demoprd00026
demolfa00313,1,Application mobile (forfait),,1.000,12000.000,0.00,19.00,12000.000,demofac00189,demoprd00006
demolfa00314,2,Developpement web (jour),,12.000,450.000,0.00,19.00,5400.000,demofac00189,demoprd00005
demolfa00315,0,Site vitrine,,1.000,2400.000,13.00,19.00,2088.000,demofac00145,demoprd00008
demolfa00316,0,Routeur professionnel,,5.000,540.000,0.00,19.00,2700.000,demofac00186,demoprd00024
demolfa00317,0,Formation bureautique (jour),,2.000,420.000,0.00,19.00,840.000,demofac00156,demoprd00013
demolfa00318,1,Licence suite bureautique,,14.000,320.000,0.00,19.00,4480.000,demofac00156,demoprd00028
demolfa00319,0,Ciment (tonne),,3.000,310.000,0.00,19.00,930.000,demofac00183,demoprd00038
demolfa00320,0,Licence antivirus (poste),,77.000,85.000,0.00,19.00,6545.000,demofac00163,demoprd00027
demolfa00321,1,Stockage entrepot (m2/mois),,79.000,12.000,0.00,19.00,948.000,demofac00163,demoprd00020
demolfa00322,0,Formation bureautique (jour),,4.000,420.000,0.00,19.00,1680.000,demofac00149,demoprd00013
demolfa00323,0,Ramette papier A4,,100.000,14.500,0.00,19.00,1450.000,demofac00157,demoprd00030
demolfa00324,0,Transport de marchandises,,9.000,210.000,0.00,7.00,1890.000,demofac00168,demoprd00019
demolfa00325,1,Cartouche toner,,24.000,165.000,0.00,19.00,3960.000,demofac00168,demoprd00031
demolfa00326,2,Classeur archive,,217.000,6.800,0.00,19.00,1475.600,demofac00168,demoprd00032
demolfa00327,0,Intervention sur site,,3.000,150.000,0.00,19.00,450.000,demofac00182,demoprd00010
demolfa00328,1,Ecran 27 pouces,,2.000,690.000,0.00,19.00,1380.000,demofac00182,demoprd00022
demolfa00329,0,Kit de premiers secours,,40.000,75.000,0.00,7.00,3000.000,demofac00155,demoprd00034
demolfa00330,1,Carrelage (m2),,800.000,38.000,0.00,19.00,30400.000,demofac00155,demoprd00039
demolfa00331,2,Imprimante laser,,2.000,980.000,0.00,19.00,1960.000,demofac00155,demoprd00023
demolfa00332,0,Maintenance mensuelle,,1.000,380.000,0.00,19.00,380.000,demofac00165,demoprd00009
demolfa00333,1,Support premium (annuel),,1.000,3600.000,0.00,19.00,3600.000,demofac00165,demoprd00011
demolfa00334,2,Onduleur 1500VA,,2.000,460.000,0.00,19.00,920.000,demofac00165,demoprd00025
demolfa00335,0,Ordinateur portable pro,,3.000,2350.000,0.00,19.00,7050.000,demofac00146,demoprd00021
demolfa00336,1,Ecran 27 pouces,,3.000,690.000,0.00,19.00,2070.000,demofac00146,demoprd00022
demolfa00337,2,Imprimante laser,,2.000,980.000,0.00,19.00,1960.000,demofac00146,demoprd00023
demolfa00338,0,Ramette papier A4,,11.000,14.500,0.00,19.00,159.500,demofac00160,demoprd00030
demolfa00339,0,Gants nitrile (boite),,70.000,18.000,0.00,7.00,1260.000,demofac00152,demoprd00035
demolfa00340,1,Disque SSD 1To,,5.000,310.000,0.00,19.00,1550.000,demofac00152,demoprd00026
demolfa00341,2,Routeur professionnel,,2.000,540.000,0.00,19.00,1080.000,demofac00152,demoprd00024
demolfa00342,3,Imprimante laser,,2.000,980.000,0.00,19.00,1960.000,demofac00152,demoprd00023
demolfa00343,0,Imprimante laser,,2.000,980.000,0.00,19.00,1960.000,demofac00147,demoprd00023
demolfa00344,1,Intervention sur site,,3.000,150.000,0.00,19.00,450.000,demofac00147,demoprd00010
demolfa00345,2,Support premium (annuel),,1.000,3600.000,0.00,19.00,3600.000,demofac00147,demoprd00011
demolfa00346,0,Ramette papier A4,,63.000,14.500,0.00,19.00,913.500,demofac00150,demoprd00030
demolfa00347,1,Audit organisationnel,,1.000,3200.000,0.00,19.00,3200.000,demofac00150,demoprd00002
demolfa00348,2,Etude de marche,,1.000,4500.000,0.00,19.00,4500.000,demofac00150,demoprd00004
demolfa00349,0,Cartouche toner,,30.000,165.000,0.00,19.00,4950.000,demofac00179,demoprd00031
demolfa00350,1,Logiciel de gestion commerciale,,2.000,2900.000,0.00,19.00,5800.000,demofac00179,demoprd00029
demolfa00351,0,Conseil strategique (jour),,3.000,850.000,0.00,19.00,2550.000,demofac00169,demoprd00001
demolfa00352,1,Etude de marche,,1.000,4500.000,0.00,19.00,4500.000,demofac00169,demoprd00004
demolfa00353,2,Ramette papier A4,,200.000,14.500,0.00,19.00,2900.000,demofac00169,demoprd00030
demolfa00354,0,Carrelage (m2),,176.000,38.000,0.00,19.00,6688.000,demofac00187,demoprd00039
demolfa00355,1,Site vitrine,,1.000,2400.000,0.00,19.00,2400.000,demofac00187,demoprd00008
demolfa00356,0,Sauvegarde externalisee,,12.000,95.000,0.00,19.00,1140.000,demofac00161,demoprd00012
demolfa00357,0,Ramette papier A4,,27.000,14.500,0.00,19.00,391.500,demofac00171,demoprd00030
demolfa00358,0,Support premium (annuel),,1.000,3600.000,0.00,19.00,3600.000,demofac00153,demoprd00011
demolfa00359,0,Cartouche toner,,6.000,165.000,0.00,19.00,990.000,demofac00185,demoprd00031
demolfa00360,0,Mobilier de bureau (poste),,3.000,1250.000,0.00,19.00,3750.000,demofac00148,demoprd00033
demolfa00361,0,Intervention sur site,,3.000,150.000,0.00,19.00,450.000,demofac00172,demoprd00010
demolfa00362,1,Sauvegarde externalisee,,7.000,95.000,0.00,19.00,665.000,demofac00172,demoprd00012
demolfa00363,2,Maintenance mensuelle,,2.000,380.000,0.00,19.00,760.000,demofac00172,demoprd00009
demolfa00364,0,Ciment (tonne),,4.000,310.000,0.00,19.00,1240.000,demofac00173,demoprd00038
demolfa00365,0,Integration ERP (jour),,6.000,600.000,0.00,19.00,3600.000,demofac00190,demoprd00007
demolfa00366,1,Imprimante laser,,2.000,980.000,0.00,19.00,1960.000,demofac00190,demoprd00023
demolfa00367,0,Audit organisationnel,,1.000,3200.000,0.00,19.00,3200.000,demofac00174,demoprd00002
demolfa00368,1,Licence antivirus (poste),,80.000,85.000,0.00,19.00,6800.000,demofac00174,demoprd00027
demolfa00369,0,Hebergement web (annuel),,1.000,540.000,15.00,19.00,459.000,demofac00236,demoprd00016
demolfa00370,1,Nom de domaine .tn,,1.000,45.000,71.00,19.00,13.050,demofac00236,demoprd00017
demolfa00371,0,Ordinateur portable pro,,1.000,2350.000,0.00,19.00,2350.000,demofac00201,demoprd00021
demolfa00372,1,Formation bureautique (jour),,1.000,420.000,0.00,19.00,420.000,demofac00201,demoprd00013
demolfa00373,0,Transport de marchandises,,3.000,210.000,0.00,7.00,630.000,demofac00225,demoprd00019
demolfa00374,0,Serveur dedie (mois),,2.000,290.000,0.00,19.00,580.000,demofac00232,demoprd00018
demolfa00375,1,Ramette papier A4,,25.000,14.500,0.00,19.00,362.500,demofac00232,demoprd00030
demolfa00376,0,Dattes Deglet Nour (carton),,232.000,42.000,0.00,13.00,9744.000,demofac00192,demoprd00037
demolfa00377,1,Licence antivirus (poste),,28.000,85.000,0.00,19.00,2380.000,demofac00192,demoprd00027
demolfa00378,0,Integration ERP (jour),,7.000,600.000,0.00,19.00,4200.000,demofac00218,demoprd00007
demolfa00379,0,Audit organisationnel,,1.000,3200.000,0.00,19.00,3200.000,demofac00231,demoprd00002
demolfa00380,1,Etude de marche,,1.000,4500.000,0.00,19.00,4500.000,demofac00231,demoprd00004
demolfa00381,2,Carrelage (m2),,324.000,38.000,0.00,19.00,12312.000,demofac00231,demoprd00039
demolfa00382,0,Onduleur 1500VA,,3.000,460.000,0.00,19.00,1380.000,demofac00193,demoprd00025
demolfa00383,1,Routeur professionnel,,1.000,540.000,0.00,19.00,540.000,demofac00193,demoprd00024
demolfa00384,0,Licence suite bureautique,,41.000,320.000,0.00,19.00,13120.000,demofac00211,demoprd00028
demolfa00385,1,Logiciel de gestion commerciale,,3.000,2900.000,0.00,19.00,8700.000,demofac00211,demoprd00029
demolfa00386,0,Kit de premiers secours,,40.000,75.000,0.00,7.00,3000.000,demofac00202,demoprd00034
demolfa00387,0,Formation comptabilite,,3.000,650.000,0.00,19.00,1950.000,demofac00234,demoprd00015
demolfa00388,0,Maintenance mensuelle,,3.000,380.000,14.00,19.00,980.400,demofac00221,demoprd00009
demolfa00389,0,Intervention sur site,,1.000,150.000,0.00,19.00,150.000,demofac00203,demoprd00010
demolfa00390,0,Serveur dedie (mois),,3.000,290.000,0.00,19.00,870.000,demofac00213,demoprd00018
demolfa00391,0,Dattes Deglet Nour (carton),,57.000,42.000,0.00,13.00,2394.000,demofac00237,demoprd00037
demolfa00392,0,Formation cybersecurite,,1.000,1800.000,0.00,19.00,1800.000,demofac00214,demoprd00014
demolfa00393,1,Huile d'olive extra (bidon 5L),,36.000,68.000,0.00,13.00,2448.000,demofac00214,demoprd00036
demolfa00394,2,Formation comptabilite,,1.000,650.000,0.00,19.00,650.000,demofac00214,demoprd00015
demolfa00395,0,Logiciel de gestion commerciale,,3.000,2900.000,0.00,19.00,8700.000,demofac00215,demoprd00029
demolfa00396,1,Licence antivirus (poste),,83.000,85.000,0.00,19.00,7055.000,demofac00215,demoprd00027
demolfa00397,0,Stockage entrepot (m2/mois),,150.000,12.000,0.00,19.00,1800.000,demofac00205,demoprd00020
demolfa00398,1,Intervention sur site,,4.000,150.000,0.00,19.00,600.000,demofac00205,demoprd00010
demolfa00399,2,Transport de marchandises,,6.000,210.000,0.00,7.00,1260.000,demofac00205,demoprd00019
demolfa00400,0,Hebergement web (annuel),,2.000,540.000,0.00,19.00,1080.000,demofac00209,demoprd00016
demolfa00401,1,Transport de marchandises,,3.000,210.000,0.00,7.00,630.000,demofac00209,demoprd00019
demolfa00402,0,Imprimante laser,,2.000,980.000,0.00,19.00,1960.000,demofac00199,demoprd00023
demolfa00403,1,Disque SSD 1To,,2.000,310.000,0.00,19.00,620.000,demofac00199,demoprd00026
demolfa00404,0,Nom de domaine .tn,,3.000,45.000,0.00,19.00,135.000,demofac00207,demoprd00017
demolfa00405,1,Carrelage (m2),,338.000,38.000,6.00,19.00,12073.360,demofac00207,demoprd00039
demolfa00406,0,Mobilier de bureau (poste),,6.000,1250.000,0.00,19.00,7500.000,demofac00228,demoprd00033
demolfa00407,1,Classeur archive,,196.000,6.800,0.00,19.00,1332.800,demofac00228,demoprd00032
demolfa00408,0,Site vitrine,,1.000,2400.000,8.00,19.00,2208.000,demofac00208,demoprd00008
demolfa00409,0,Stockage entrepot (m2/mois),,246.000,12.000,0.00,19.00,2952.000,demofac00223,demoprd00020
demolfa00410,1,Formation cybersecurite,,2.000,1800.000,9.00,19.00,3276.000,demofac00223,demoprd00014
demolfa00411,0,Imprimante laser,,3.000,980.000,0.00,19.00,2940.000,demofac00210,demoprd00023
demolfa00412,1,Ecran 27 pouces,,2.000,690.000,0.00,19.00,1380.000,demofac00210,demoprd00022
demolfa00413,0,Kit de premiers secours,,9.000,75.000,0.00,7.00,675.000,demofac00191,demoprd00034
demolfa00414,1,Peinture murale (pot 20L),,60.000,145.000,0.00,19.00,8700.000,demofac00191,demoprd00040
demolfa00415,2,Gants nitrile (boite),,400.000,18.000,0.00,7.00,7200.000,demofac00191,demoprd00035
demolfa00416,0,Huile d'olive extra (bidon 5L),,74.000,68.000,0.00,13.00,5032.000,demofac00229,demoprd00036
demolfa00417,0,Classeur archive,,295.000,6.800,0.00,19.00,2006.000,demofac00204,demoprd00032
demolfa00418,1,Mobilier de bureau (poste),,8.000,1250.000,10.00,19.00,9000.000,demofac00204,demoprd00033
demolfa00419,2,Etude de marche,,1.000,4500.000,0.00,19.00,4500.000,demofac00204,demoprd00004
demolfa00420,0,Mobilier de bureau (poste),,5.000,1250.000,0.00,19.00,6250.000,demofac00200,demoprd00033
demolfa00421,1,Transport de marchandises,,3.000,210.000,5.00,7.00,598.500,demofac00200,demoprd00019
demolfa00422,2,Site vitrine,,1.000,2400.000,0.00,19.00,2400.000,demofac00200,demoprd00008
demolfa00423,0,Conseil strategique (jour),,3.000,850.000,0.00,19.00,2550.000,demofac00196,demoprd00001
demolfa00424,1,Site vitrine,,1.000,2400.000,0.00,19.00,2400.000,demofac00196,demoprd00008
demolfa00425,2,Integration ERP (jour),,9.000,600.000,0.00,19.00,5400.000,demofac00196,demoprd00007
demolfa00426,0,Audit organisationnel,,1.000,3200.000,0.00,19.00,3200.000,demofac00219,demoprd00002
demolfa00427,1,Ciment (tonne),,23.000,310.000,5.00,19.00,6773.500,demofac00219,demoprd00038
demolfa00428,0,Onduleur 1500VA,,5.000,460.000,0.00,19.00,2300.000,demofac00230,demoprd00025
demolfa00429,1,Maintenance mensuelle,,3.000,380.000,0.00,19.00,1140.000,demofac00230,demoprd00009
demolfa00430,0,Intervention sur site,,5.000,150.000,0.00,19.00,750.000,demofac00238,demoprd00010
demolfa00431,1,Support premium (annuel),,1.000,3600.000,0.00,19.00,3600.000,demofac00238,demoprd00011
demolfa00432,0,Kit de premiers secours,,12.000,75.000,0.00,7.00,900.000,demofac00224,demoprd00034
demolfa00433,0,Sauvegarde externalisee,,4.000,95.000,0.00,19.00,380.000,demofac00206,demoprd00012
demolfa00434,1,Support premium (annuel),,1.000,3600.000,0.00,19.00,3600.000,demofac00206,demoprd00011
demolfa00435,2,Maintenance mensuelle,,1.000,380.000,0.00,19.00,380.000,demofac00206,demoprd00009
demolfa00436,0,Licence antivirus (poste),,6.000,85.000,0.00,19.00,510.000,demofac00194,demoprd00027
demolfa00437,1,Logiciel de gestion commerciale,,1.000,2900.000,11.00,19.00,2581.000,demofac00194,demoprd00029
demolfa00438,2,Serveur dedie (mois),,1.000,290.000,0.00,19.00,290.000,demofac00194,demoprd00018
demolfa00439,0,Kit de premiers secours,,40.000,75.000,0.00,7.00,3000.000,demofac00197,demoprd00034
demolfa00440,0,Disque SSD 1To,,16.000,310.000,0.00,19.00,4960.000,demofac00235,demoprd00026
demolfa00441,0,Mobilier de bureau (poste),,15.000,1250.000,0.00,19.00,18750.000,demofac00216,demoprd00033
demolfa00442,1,Etude de marche,,1.000,4500.000,0.00,19.00,4500.000,demofac00216,demoprd00004
demolfa00443,2,Cartouche toner,,30.000,165.000,0.00,19.00,4950.000,demofac00216,demoprd00031
demolfa00444,3,Ordinateur portable pro,,8.000,2350.000,0.00,19.00,18800.000,demofac00216,demoprd00021
demolfa00445,0,Hebergement web (annuel),,3.000,540.000,0.00,19.00,1620.000,demofac00220,demoprd00016
demolfa00446,1,Nom de domaine .tn,,1.000,45.000,0.00,19.00,45.000,demofac00220,demoprd00017
demolfa00447,2,Carrelage (m2),,329.000,38.000,0.00,19.00,12502.000,demofac00220,demoprd00039
demolfa00448,0,Ciment (tonne),,30.000,310.000,0.00,19.00,9300.000,demofac00233,demoprd00038
demolfa00449,0,Licence suite bureautique,,9.000,320.000,0.00,19.00,2880.000,demofac00226,demoprd00028
demolfa00450,1,Ecran 27 pouces,,2.000,690.000,0.00,19.00,1380.000,demofac00226,demoprd00022
demolfa00451,2,Huile d'olive extra (bidon 5L),,66.000,68.000,0.00,13.00,4488.000,demofac00226,demoprd00036
demolfa00452,0,Ramette papier A4,,20.000,14.500,0.00,19.00,290.000,demofac00227,demoprd00030
demolfa00453,1,Formation cybersecurite,,1.000,1800.000,0.00,19.00,1800.000,demofac00227,demoprd00014
demolfa00454,0,Peinture murale (pot 20L),,6.000,145.000,10.00,19.00,783.000,demofac00239,demoprd00040
demolfa00455,1,Formation bureautique (jour),,5.000,420.000,0.00,19.00,2100.000,demofac00239,demoprd00013
demolfa00456,2,Ciment (tonne),,8.000,310.000,0.00,19.00,2480.000,demofac00239,demoprd00038
demolfa00457,0,Maintenance mensuelle,,2.000,380.000,0.00,19.00,760.000,demofac00217,demoprd00009
demolfa00458,0,Kit de premiers secours,,40.000,75.000,12.00,7.00,2640.000,demofac00212,demoprd00034
demolfa00459,1,Peinture murale (pot 20L),,13.000,145.000,0.00,19.00,1885.000,demofac00212,demoprd00040
demolfa00460,0,Support premium (annuel),,1.000,3600.000,0.00,19.00,3600.000,demofac00195,demoprd00011
demolfa00461,1,Mobilier de bureau (poste),,4.000,1250.000,11.00,19.00,4450.000,demofac00195,demoprd00033
demolfa00462,0,Ciment (tonne),,60.000,310.000,8.00,19.00,17112.000,demofac00198,demoprd00038
demolfa00463,1,Site vitrine,,1.000,2400.000,0.00,19.00,2400.000,demofac00198,demoprd00008
demolfa00464,0,Ordinateur portable pro,,4.000,2350.000,0.00,19.00,9400.000,demofac00222,demoprd00021
demolfa00465,1,Ecran 27 pouces,,2.000,690.000,0.00,19.00,1380.000,demofac00222,demoprd00022
demolfa00466,2,Dattes Deglet Nour (carton),,77.000,42.000,0.00,13.00,3234.000,demofac00222,demoprd00037
demolfa00467,0,Developpement web (jour),,14.000,450.000,7.00,19.00,5859.000,demofac00250,demoprd00005
demolfa00468,1,Application mobile (forfait),,1.000,12000.000,0.00,19.00,12000.000,demofac00250,demoprd00006
demolfa00469,2,Support premium (annuel),,1.000,3600.000,0.00,19.00,3600.000,demofac00250,demoprd00011
demolfa00470,3,Maintenance mensuelle,,2.000,380.000,0.00,19.00,760.000,demofac00250,demoprd00009
demolfa00471,0,Formation cybersecurite,,1.000,1800.000,0.00,19.00,1800.000,demofac00265,demoprd00014
demolfa00472,0,Dattes Deglet Nour (carton),,204.000,42.000,0.00,13.00,8568.000,demofac00252,demoprd00037
demolfa00473,1,Licence antivirus (poste),,13.000,85.000,0.00,19.00,1105.000,demofac00252,demoprd00027
demolfa00474,2,Sauvegarde externalisee,,1.000,95.000,0.00,19.00,95.000,demofac00252,demoprd00012
demolfa00475,3,Licence suite bureautique,,14.000,320.000,0.00,19.00,4480.000,demofac00252,demoprd00028
demolfa00476,0,Formation comptabilite,,28.000,650.000,0.00,19.00,18200.000,demofac00247,demoprd00015
demolfa00477,1,Formation bureautique (jour),,4.000,420.000,0.00,19.00,1680.000,demofac00247,demoprd00013
demolfa00478,2,Kit de premiers secours,,29.000,75.000,0.00,7.00,2175.000,demofac00247,demoprd00034
demolfa00479,0,Peinture murale (pot 20L),,3.000,145.000,15.00,19.00,369.750,demofac00266,demoprd00040
demolfa00480,0,Stockage entrepot (m2/mois),,300.000,12.000,0.00,19.00,3600.000,demofac00248,demoprd00020
demolfa00481,0,Licence antivirus (poste),,19.000,85.000,0.00,19.00,1615.000,demofac00275,demoprd00027
demolfa00482,1,Site vitrine,,1.000,2400.000,0.00,19.00,2400.000,demofac00275,demoprd00008
demolfa00483,0,Maintenance mensuelle,,3.000,380.000,0.00,19.00,1140.000,demofac00283,demoprd00009
demolfa00484,0,Site vitrine,,1.000,2400.000,0.00,19.00,2400.000,demofac00259,demoprd00008
demolfa00485,1,Application mobile (forfait),,1.000,12000.000,0.00,19.00,12000.000,demofac00259,demoprd00006
demolfa00486,0,Routeur professionnel,,1.000,540.000,0.00,19.00,540.000,demofac00276,demoprd00024
demolfa00487,1,Ecran 27 pouces,,2.000,690.000,0.00,19.00,1380.000,demofac00276,demoprd00022
demolfa00488,2,Disque SSD 1To,,4.000,310.000,0.00,19.00,1240.000,demofac00276,demoprd00026
demolfa00489,0,Logiciel de gestion commerciale,,1.000,2900.000,0.00,19.00,2900.000,demofac00277,demoprd00029
demolfa00490,1,Carrelage (m2),,304.000,38.000,15.00,19.00,9819.200,demofac00277,demoprd00039
demolfa00491,0,Gants nitrile (boite),,400.000,18.000,0.00,7.00,7200.000,demofac00288,demoprd00035
demolfa00492,1,Kit de premiers secours,,29.000,75.000,0.00,7.00,2175.000,demofac00288,demoprd00034
demolfa00493,0,Imprimante laser,,1.000,980.000,0.00,19.00,980.000,demofac00260,demoprd00023
demolfa00494,1,Developpement web (jour),,4.000,450.000,0.00,19.00,1800.000,demofac00260,demoprd00005
demolfa00495,2,Ecran 27 pouces,,8.000,690.000,0.00,19.00,5520.000,demofac00260,demoprd00022
demolfa00496,0,Formation cybersecurite,,1.000,1800.000,0.00,19.00,1800.000,demofac00251,demoprd00014
demolfa00497,1,Cartouche toner,,10.000,165.000,0.00,19.00,1650.000,demofac00251,demoprd00031
demolfa00498,2,Classeur archive,,114.000,6.800,0.00,19.00,775.200,demofac00251,demoprd00032
demolfa00499,0,Licence suite bureautique,,22.000,320.000,0.00,19.00,7040.000,demofac00271,demoprd00028
demolfa00500,1,Logiciel de gestion commerciale,,1.000,2900.000,0.00,19.00,2900.000,demofac00271,demoprd00029
demolfa00501,0,Formation cybersecurite,,1.000,1800.000,0.00,19.00,1800.000,demofac00262,demoprd00014
demolfa00502,1,Formation comptabilite,,3.000,650.000,0.00,19.00,1950.000,demofac00262,demoprd00015
demolfa00503,2,Onduleur 1500VA,,2.000,460.000,0.00,19.00,920.000,demofac00262,demoprd00025
demolfa00504,0,Application mobile (forfait),,1.000,12000.000,0.00,19.00,12000.000,demofac00267,demoprd00006
demolfa00505,0,Integration ERP (jour),,11.000,600.000,0.00,19.00,6600.000,demofac00253,demoprd00007
demolfa00506,1,Conseil strategique (jour),,8.000,850.000,0.00,19.00,6800.000,demofac00253,demoprd00001
demolfa00507,2,Developpement web (jour),,9.000,450.000,0.00,19.00,4050.000,demofac00253,demoprd00005
demolfa00508,0,Huile d'olive extra (bidon 5L),,135.000,68.000,5.00,13.00,8721.000,demofac00269,demoprd00036
demolfa00509,0,Licence antivirus (poste),,43.000,85.000,0.00,19.00,3655.000,demofac00279,demoprd00027
demolfa00510,1,Accompagnement fiscal (heure),,15.000,120.000,0.00,19.00,1800.000,demofac00279,demoprd00003
demolfa00511,2,Etude de marche,,1.000,4500.000,0.00,19.00,4500.000,demofac00279,demoprd00004
demolfa00512,0,Formation comptabilite,,3.000,650.000,7.00,19.00,1813.500,demofac00263,demoprd00015
demolfa00513,0,Transport de marchandises,,2.000,210.000,0.00,7.00,420.000,demofac00255,demoprd00019
demolfa00514,0,Carrelage (m2),,211.000,38.000,0.00,19.00,8018.000,demofac00254,demoprd00039
demolfa00515,1,Formation bureautique (jour),,1.000,420.000,13.00,19.00,365.400,demofac00254,demoprd00013
demolfa00516,0,Formation comptabilite,,3.000,650.000,0.00,19.00,1950.000,demofac00272,demoprd00015
demolfa00517,0,Transport de marchandises,,9.000,210.000,0.00,7.00,1890.000,demofac00284,demoprd00019
demolfa00518,0,Serveur dedie (mois),,1.000,290.000,7.00,19.00,269.700,demofac00273,demoprd00018
demolfa00519,1,Onduleur 1500VA,,2.000,460.000,0.00,19.00,920.000,demofac00273,demoprd00025
demolfa00520,0,Dattes Deglet Nour (carton),,94.000,42.000,0.00,13.00,3948.000,demofac00242,demoprd00037
demolfa00521,0,Huile d'olive extra (bidon 5L),,87.000,68.000,0.00,13.00,5916.000,demofac00285,demoprd00036
demolfa00522,0,Mobilier de bureau (poste),,1.000,1250.000,0.00,19.00,1250.000,demofac00249,demoprd00033
demolfa00523,1,Classeur archive,,23.000,6.800,0.00,19.00,156.400,demofac00249,demoprd00032
demolfa00524,2,Gants nitrile (boite),,52.000,18.000,0.00,7.00,936.000,demofac00249,demoprd00035
demolfa00525,3,Serveur dedie (mois),,2.000,290.000,0.00,19.00,580.000,demofac00249,demoprd00018
demolfa00526,0,Peinture murale (pot 20L),,52.000,145.000,0.00,19.00,7540.000,demofac00246,demoprd00040
demolfa00527,1,Audit organisationnel,,1.000,3200.000,0.00,19.00,3200.000,demofac00246,demoprd00002
demolfa00528,2,Etude de marche,,1.000,4500.000,0.00,19.00,4500.000,demofac00246,demoprd00004
demolfa00529,3,Application mobile (forfait),,1.000,12000.000,0.00,19.00,12000.000,demofac00246,demoprd00006
demolfa00530,0,Stockage entrepot (m2/mois),,168.000,12.000,0.00,19.00,2016.000,demofac00280,demoprd00020
demolfa00531,0,Formation cybersecurite,,1.000,1800.000,0.00,19.00,1800.000,demofac00287,demoprd00014
demolfa00532,1,Formation bureautique (jour),,1.000,420.000,0.00,19.00,420.000,demofac00287,demoprd00013
demolfa00533,2,Formation comptabilite,,1.000,650.000,0.00,19.00,650.000,demofac00287,demoprd00015
demolfa00534,0,Etude de marche,,1.000,4500.000,0.00,19.00,4500.000,demofac00261,demoprd00004
demolfa00535,1,Carrelage (m2),,647.000,38.000,0.00,19.00,24586.000,demofac00261,demoprd00039
demolfa00536,2,Audit organisationnel,,1.000,3200.000,0.00,19.00,3200.000,demofac00261,demoprd00002
demolfa00537,0,Peinture murale (pot 20L),,62.000,145.000,0.00,19.00,8990.000,demofac00244,demoprd00040
demolfa00538,1,Audit organisationnel,,1.000,3200.000,0.00,19.00,3200.000,demofac00244,demoprd00002
demolfa00539,2,Conseil strategique (jour),,4.000,850.000,14.00,19.00,2924.000,demofac00244,demoprd00001
demolfa00540,0,Carrelage (m2),,695.000,38.000,0.00,19.00,26410.000,demofac00270,demoprd00039
demolfa00541,0,Cartouche toner,,25.000,165.000,0.00,19.00,4125.000,demofac00240,demoprd00031
demolfa00542,1,Transport de marchandises,,7.000,210.000,7.00,7.00,1367.100,demofac00240,demoprd00019
demolfa00543,0,Licence suite bureautique,,13.000,320.000,0.00,19.00,4160.000,demofac00264,demoprd00028
demolfa00544,1,Etude de marche,,1.000,4500.000,12.00,19.00,3960.000,demofac00264,demoprd00004
demolfa00545,0,Disque SSD 1To,,4.000,310.000,0.00,19.00,1240.000,demofac00258,demoprd00026
demolfa00546,1,Ordinateur portable pro,,3.000,2350.000,0.00,19.00,7050.000,demofac00258,demoprd00021
demolfa00547,0,Dattes Deglet Nour (carton),,37.000,42.000,0.00,13.00,1554.000,demofac00289,demoprd00037
demolfa00548,1,Licence antivirus (poste),,12.000,85.000,0.00,19.00,1020.000,demofac00289,demoprd00027
demolfa00549,2,Hebergement web (annuel),,1.000,540.000,5.00,19.00,513.000,demofac00289,demoprd00016
demolfa00550,0,Maintenance mensuelle,,1.000,380.000,0.00,19.00,380.000,demofac00281,demoprd00009
demolfa00551,0,Ciment (tonne),,10.000,310.000,0.00,19.00,3100.000,demofac00245,demoprd00038
demolfa00552,1,Peinture murale (pot 20L),,4.000,145.000,0.00,19.00,580.000,demofac00245,demoprd00040
demolfa00553,2,Imprimante laser,,2.000,980.000,0.00,19.00,1960.000,demofac00245,demoprd00023
demolfa00554,3,Audit organisationnel,,1.000,3200.000,0.00,19.00,3200.000,demofac00245,demoprd00002
demolfa00555,0,Ciment (tonne),,29.000,310.000,0.00,19.00,8990.000,demofac00241,demoprd00038
demolfa00556,0,Dattes Deglet Nour (carton),,352.000,42.000,12.00,13.00,13009.920,demofac00256,demoprd00037
demolfa00557,1,Huile d'olive extra (bidon 5L),,300.000,68.000,0.00,13.00,20400.000,demofac00256,demoprd00036
demolfa00558,0,Disque SSD 1To,,2.000,310.000,0.00,19.00,620.000,demofac00278,demoprd00026
demolfa00559,0,Conseil strategique (jour),,2.000,850.000,14.00,19.00,1462.000,demofac00243,demoprd00001
demolfa00560,1,Application mobile (forfait),,1.000,12000.000,0.00,19.00,12000.000,demofac00243,demoprd00006
demolfa00561,2,Formation cybersecurite,,2.000,1800.000,0.00,19.00,3600.000,demofac00243,demoprd00014
demolfa00562,0,Support premium (annuel),,1.000,3600.000,0.00,19.00,3600.000,demofac00282,demoprd00011
demolfa00563,1,Mobilier de bureau (poste),,5.000,1250.000,0.00,19.00,6250.000,demofac00282,demoprd00033
demolfa00564,0,Application mobile (forfait),,1.000,12000.000,0.00,19.00,12000.000,demofac00274,demoprd00006
demolfa00565,1,Maintenance mensuelle,,1.000,380.000,7.00,19.00,353.400,demofac00274,demoprd00009
demolfa00566,0,Conseil strategique (jour),,3.000,850.000,0.00,19.00,2550.000,demofac00268,demoprd00001
demolfa00567,0,Intervention sur site,,2.000,150.000,0.00,19.00,300.000,demofac00257,demoprd00010
demolfa00568,1,Gants nitrile (boite),,155.000,18.000,0.00,7.00,2790.000,demofac00257,demoprd00035
demolfa00569,0,Sauvegarde externalisee,,10.000,95.000,0.00,19.00,950.000,demofac00286,demoprd00012
demolfa00570,0,Disque SSD 1To,,9.000,310.000,9.00,19.00,2538.900,demofac00293,demoprd00026
demolfa00571,0,Intervention sur site,,1.000,150.000,0.00,19.00,150.000,demofac00317,demoprd00010
demolfa00572,0,Ciment (tonne),,11.000,310.000,0.00,19.00,3410.000,demofac00303,demoprd00038
demolfa00573,1,Routeur professionnel,,2.000,540.000,0.00,19.00,1080.000,demofac00303,demoprd00024
demolfa00574,0,Site vitrine,,1.000,2400.000,5.00,19.00,2280.000,demofac00318,demoprd00008
demolfa00575,1,Gants nitrile (boite),,388.000,18.000,0.00,7.00,6984.000,demofac00318,demoprd00035
demolfa00576,0,Routeur professionnel,,3.000,540.000,0.00,19.00,1620.000,demofac00323,demoprd00024
demolfa00577,1,Dattes Deglet Nour (carton),,110.000,42.000,0.00,13.00,4620.000,demofac00323,demoprd00037
demolfa00578,0,Application mobile (forfait),,1.000,12000.000,0.00,19.00,12000.000,demofac00326,demoprd00006
demolfa00579,1,Developpement web (jour),,20.000,450.000,0.00,19.00,9000.000,demofac00326,demoprd00005
demolfa00580,0,Carrelage (m2),,800.000,38.000,0.00,19.00,30400.000,demofac00307,demoprd00039
demolfa00581,1,Peinture murale (pot 20L),,80.000,145.000,0.00,19.00,11600.000,demofac00307,demoprd00040
demolfa00582,2,Gants nitrile (boite),,400.000,18.000,0.00,7.00,7200.000,demofac00307,demoprd00035
demolfa00583,0,Ecran 27 pouces,,8.000,690.000,0.00,19.00,5520.000,demofac00331,demoprd00022
demolfa00584,1,Site vitrine,,1.000,2400.000,0.00,19.00,2400.000,demofac00331,demoprd00008
demolfa00585,0,Accompagnement fiscal (heure),,9.000,120.000,0.00,19.00,1080.000,demofac00324,demoprd00003
demolfa00586,1,Gants nitrile (boite),,101.000,18.000,8.00,7.00,1672.560,demofac00324,demoprd00035
demolfa00587,2,Etude de marche,,1.000,4500.000,0.00,19.00,4500.000,demofac00324,demoprd00004
demolfa00588,0,Stockage entrepot (m2/mois),,101.000,12.000,0.00,19.00,1212.000,demofac00302,demoprd00020
demolfa00589,1,Peinture murale (pot 20L),,62.000,145.000,0.00,19.00,8990.000,demofac00302,demoprd00040
demolfa00590,0,Dattes Deglet Nour (carton),,457.000,42.000,0.00,13.00,19194.000,demofac00332,demoprd00037
demolfa00591,1,Sauvegarde externalisee,,10.000,95.000,0.00,19.00,950.000,demofac00332,demoprd00012
demolfa00592,2,Huile d'olive extra (bidon 5L),,300.000,68.000,0.00,13.00,20400.000,demofac00332,demoprd00036
demolfa00593,0,Sauvegarde externalisee,,5.000,95.000,11.00,19.00,422.750,demofac00290,demoprd00012
demolfa00594,1,Accompagnement fiscal (heure),,7.000,120.000,0.00,19.00,840.000,demofac00290,demoprd00003
demolfa00595,2,Gants nitrile (boite),,278.000,18.000,0.00,7.00,5004.000,demofac00290,demoprd00035
demolfa00596,0,Licence antivirus (poste),,14.000,85.000,0.00,19.00,1190.000,demofac00333,demoprd00027
demolfa00597,1,Conseil strategique (jour),,3.000,850.000,0.00,19.00,2550.000,demofac00333,demoprd00001
demolfa00598,2,Licence suite bureautique,,15.000,320.000,0.00,19.00,4800.000,demofac00333,demoprd00028
demolfa00599,0,Application mobile (forfait),,1.000,12000.000,7.00,19.00,11160.000,demofac00308,demoprd00006
demolfa00600,1,Dattes Deglet Nour (carton),,117.000,42.000,0.00,13.00,4914.000,demofac00308,demoprd00037
demolfa00601,2,Huile d'olive extra (bidon 5L),,300.000,68.000,0.00,13.00,20400.000,demofac00308,demoprd00036
demolfa00602,0,Accompagnement fiscal (heure),,7.000,120.000,0.00,19.00,840.000,demofac00309,demoprd00003
demolfa00603,1,Formation cybersecurite,,1.000,1800.000,0.00,19.00,1800.000,demofac00309,demoprd00014
demolfa00604,0,Peinture murale (pot 20L),,10.000,145.000,0.00,19.00,1450.000,demofac00319,demoprd00040
demolfa00605,1,Etude de marche,,1.000,4500.000,0.00,19.00,4500.000,demofac00319,demoprd00004
demolfa00606,2,Developpement web (jour),,12.000,450.000,0.00,19.00,5400.000,demofac00319,demoprd00005
demolfa00607,3,Huile d'olive extra (bidon 5L),,232.000,68.000,0.00,13.00,15776.000,demofac00319,demoprd00036
demolfa00608,0,Stockage entrepot (m2/mois),,86.000,12.000,0.00,19.00,1032.000,demofac00328,demoprd00020
demolfa00609,1,Intervention sur site,,2.000,150.000,7.00,19.00,279.000,demofac00328,demoprd00010
demolfa00610,0,Mobilier de bureau (poste),,4.000,1250.000,0.00,19.00,5000.000,demofac00294,demoprd00033
demolfa00611,1,Classeur archive,,29.000,6.800,0.00,19.00,197.200,demofac00294,demoprd00032
demolfa00612,2,Application mobile (forfait),,1.000,12000.000,0.00,19.00,12000.000,demofac00294,demoprd00006
demolfa00613,0,Ecran 27 pouces,,1.000,690.000,0.00,19.00,690.000,demofac00321,demoprd00022
demolfa00614,0,Transport de marchandises,,2.000,210.000,0.00,7.00,420.000,demofac00299,demoprd00019
demolfa00615,0,Formation comptabilite,,2.000,650.000,0.00,19.00,1300.000,demofac00301,demoprd00015
demolfa00616,1,Huile d'olive extra (bidon 5L),,71.000,68.000,0.00,13.00,4828.000,demofac00301,demoprd00036
demolfa00617,0,Classeur archive,,25.000,6.800,0.00,19.00,170.000,demofac00312,demoprd00032
demolfa00618,1,Cartouche toner,,5.000,165.000,14.00,19.00,709.500,demofac00312,demoprd00031
demolfa00619,2,Hebergement web (annuel),,1.000,540.000,0.00,19.00,540.000,demofac00312,demoprd00016
demolfa00620,3,Mobilier de bureau (poste),,3.000,1250.000,0.00,19.00,3750.000,demofac00312,demoprd00033
demolfa00621,0,Formation bureautique (jour),,2.000,420.000,0.00,19.00,840.000,demofac00300,demoprd00013
demolfa00622,1,Ramette papier A4,,111.000,14.500,0.00,19.00,1609.500,demofac00300,demoprd00030
demolfa00623,0,Audit organisationnel,,1.000,3200.000,0.00,19.00,3200.000,demofac00310,demoprd00002
demolfa00624,0,Ramette papier A4,,200.000,14.500,0.00,19.00,2900.000,demofac00296,demoprd00030
demolfa00625,1,Developpement web (jour),,7.000,450.000,15.00,19.00,2677.500,demofac00296,demoprd00005
demolfa00626,0,Site vitrine,,1.000,2400.000,0.00,19.00,2400.000,demofac00322,demoprd00008
demolfa00627,1,Application mobile (forfait),,1.000,12000.000,0.00,19.00,12000.000,demofac00322,demoprd00006
demolfa00628,0,Formation comptabilite,,1.000,650.000,0.00,19.00,650.000,demofac00291,demoprd00015
demolfa00629,1,Formation bureautique (jour),,2.000,420.000,0.00,19.00,840.000,demofac00291,demoprd00013
demolfa00630,2,Licence suite bureautique,,9.000,320.000,0.00,19.00,2880.000,demofac00291,demoprd00028
demolfa00631,3,Logiciel de gestion commerciale,,1.000,2900.000,0.00,19.00,2900.000,demofac00291,demoprd00029
demolfa00632,0,Formation cybersecurite,,1.000,1800.000,0.00,19.00,1800.000,demofac00327,demoprd00014
demolfa00633,0,Cartouche toner,,16.000,165.000,0.00,19.00,2640.000,demofac00297,demoprd00031
demolfa00634,1,Classeur archive,,125.000,6.800,7.00,19.00,790.500,demofac00297,demoprd00032
demolfa00635,0,Imprimante laser,,1.000,980.000,0.00,19.00,980.000,demofac00311,demoprd00023
demolfa00636,0,Licence antivirus (poste),,51.000,85.000,0.00,19.00,4335.000,demofac00329,demoprd00027
demolfa00637,1,Dattes Deglet Nour (carton),,153.000,42.000,10.00,13.00,5783.400,demofac00329,demoprd00037
demolfa00638,2,Huile d'olive extra (bidon 5L),,44.000,68.000,0.00,13.00,2992.000,demofac00329,demoprd00036
demolfa00639,0,Licence antivirus (poste),,37.000,85.000,0.00,19.00,3145.000,demofac00298,demoprd00027
demolfa00640,0,Developpement web (jour),,9.000,450.000,0.00,19.00,4050.000,demofac00304,demoprd00005
demolfa00641,1,Routeur professionnel,,3.000,540.000,0.00,19.00,1620.000,demofac00304,demoprd00024
demolfa00642,0,Formation bureautique (jour),,2.000,420.000,7.00,19.00,781.200,demofac00314,demoprd00013
demolfa00643,1,Classeur archive,,121.000,6.800,0.00,19.00,822.800,demofac00314,demoprd00032
demolfa00644,2,Cartouche toner,,15.000,165.000,0.00,19.00,2475.000,demofac00314,demoprd00031
demolfa00645,3,Stockage entrepot (m2/mois),,40.000,12.000,0.00,19.00,480.000,demofac00314,demoprd00020
demolfa00646,0,Developpement web (jour),,20.000,450.000,0.00,19.00,9000.000,demofac00325,demoprd00005
demolfa00647,1,Application mobile (forfait),,1.000,12000.000,0.00,19.00,12000.000,demofac00325,demoprd00006
demolfa00648,0,Carrelage (m2),,79.000,38.000,0.00,19.00,3002.000,demofac00334,demoprd00039
demolfa00649,0,Kit de premiers secours,,5.000,75.000,0.00,7.00,375.000,demofac00305,demoprd00034
demolfa00650,1,Maintenance mensuelle,,1.000,380.000,0.00,19.00,380.000,demofac00305,demoprd00009
demolfa00651,0,Conseil strategique (jour),,2.000,850.000,0.00,19.00,1700.000,demofac00315,demoprd00001
demolfa00652,1,Etude de marche,,1.000,4500.000,0.00,19.00,4500.000,demofac00315,demoprd00004
demolfa00653,2,Stockage entrepot (m2/mois),,93.000,12.000,0.00,19.00,1116.000,demofac00315,demoprd00020
demolfa00654,0,Licence suite bureautique,,16.000,320.000,0.00,19.00,5120.000,demofac00306,demoprd00028
demolfa00655,1,Intervention sur site,,4.000,150.000,9.00,19.00,546.000,demofac00306,demoprd00010
demolfa00656,0,Gants nitrile (boite),,67.000,18.000,0.00,7.00,1206.000,demofac00295,demoprd00035
demolfa00657,0,Kit de premiers secours,,35.000,75.000,12.00,7.00,2310.000,demofac00320,demoprd00034
demolfa00658,1,Site vitrine,,1.000,2400.000,0.00,19.00,2400.000,demofac00320,demoprd00008
demolfa00659,0,Support premium (annuel),,1.000,3600.000,0.00,19.00,3600.000,demofac00292,demoprd00011
demolfa00660,1,Logiciel de gestion commerciale,,3.000,2900.000,0.00,19.00,8700.000,demofac00292,demoprd00029
demolfa00661,2,Ecran 27 pouces,,12.000,690.000,0.00,19.00,8280.000,demofac00292,demoprd00022
demolfa00662,0,Etude de marche,,1.000,4500.000,0.00,19.00,4500.000,demofac00330,demoprd00004
demolfa00663,0,Carrelage (m2),,524.000,38.000,0.00,19.00,19912.000,demofac00316,demoprd00039
demolfa00664,1,Peinture murale (pot 20L),,80.000,145.000,0.00,19.00,11600.000,demofac00316,demoprd00040
demolfa00665,2,Kit de premiers secours,,40.000,75.000,10.00,7.00,2700.000,demofac00316,demoprd00034
demolfa00666,0,Licence suite bureautique,,50.000,320.000,9.00,19.00,14560.000,demofac00313,demoprd00028
demolfa00667,1,Ciment (tonne),,60.000,310.000,0.00,19.00,18600.000,demofac00313,demoprd00038
demolfa00668,0,Ramette papier A4,,172.000,14.500,0.00,19.00,2494.000,demofac00339,demoprd00030
demolfa00669,0,Intervention sur site,,2.000,150.000,0.00,19.00,300.000,demofac00336,demoprd00010
demolfa00670,1,Ciment (tonne),,19.000,310.000,0.00,19.00,5890.000,demofac00336,demoprd00038
demolfa00671,0,Kit de premiers secours,,15.000,75.000,0.00,7.00,1125.000,demofac00371,demoprd00034
demolfa00672,1,Integration ERP (jour),,9.000,600.000,0.00,19.00,5400.000,demofac00371,demoprd00007
demolfa00673,0,Onduleur 1500VA,,3.000,460.000,0.00,19.00,1380.000,demofac00383,demoprd00025
demolfa00674,1,Conseil strategique (jour),,4.000,850.000,0.00,19.00,3400.000,demofac00383,demoprd00001
demolfa00675,2,Accompagnement fiscal (heure),,19.000,120.000,0.00,19.00,2280.000,demofac00383,demoprd00003
demolfa00676,0,Intervention sur site,,6.000,150.000,0.00,19.00,900.000,demofac00356,demoprd00010
demolfa00677,1,Maintenance mensuelle,,3.000,380.000,0.00,19.00,1140.000,demofac00356,demoprd00009
demolfa00678,0,Mobilier de bureau (poste),,2.000,1250.000,0.00,19.00,2500.000,demofac00364,demoprd00033
demolfa00679,1,Ramette papier A4,,18.000,14.500,0.00,19.00,261.000,demofac00364,demoprd00030
demolfa00680,0,Developpement web (jour),,20.000,450.000,7.00,19.00,8370.000,demofac00352,demoprd00005
demolfa00681,1,Intervention sur site,,3.000,150.000,5.00,19.00,427.500,demofac00352,demoprd00010
demolfa00682,0,Application mobile (forfait),,1.000,12000.000,0.00,19.00,12000.000,demofac00342,demoprd00006
demolfa00683,1,Site vitrine,,1.000,2400.000,0.00,19.00,2400.000,demofac00342,demoprd00008
demolfa00684,2,Kit de premiers secours,,32.000,75.000,0.00,7.00,2400.000,demofac00342,demoprd00034
demolfa00685,0,Ramette papier A4,,15.000,14.500,0.00,19.00,217.500,demofac00372,demoprd00030
demolfa00686,1,Site vitrine,,1.000,2400.000,0.00,19.00,2400.000,demofac00372,demoprd00008
demolfa00687,0,Ordinateur portable pro,,3.000,2350.000,7.00,19.00,6556.500,demofac00354,demoprd00021
demolfa00688,0,Cartouche toner,,5.000,165.000,0.00,19.00,825.000,demofac00370,demoprd00031
demolfa00689,1,Nom de domaine .tn,,1.000,45.000,0.00,19.00,45.000,demofac00370,demoprd00017
demolfa00690,2,Etude de marche,,1.000,4500.000,0.00,19.00,4500.000,demofac00370,demoprd00004
demolfa00691,3,Audit organisationnel,,1.000,3200.000,0.00,19.00,3200.000,demofac00370,demoprd00002
demolfa00692,0,Developpement web (jour),,19.000,450.000,0.00,19.00,8550.000,demofac00384,demoprd00005
demolfa00693,1,Site vitrine,,1.000,2400.000,15.00,19.00,2040.000,demofac00384,demoprd00008
demolfa00694,0,Serveur dedie (mois),,12.000,290.000,5.00,19.00,3306.000,demofac00386,demoprd00018
demolfa00695,1,Application mobile (forfait),,1.000,12000.000,14.00,19.00,10320.000,demofac00386,demoprd00006
demolfa00696,2,Dattes Deglet Nour (carton),,446.000,42.000,0.00,13.00,18732.000,demofac00386,demoprd00037
demolfa00697,0,Onduleur 1500VA,,2.000,460.000,0.00,19.00,920.000,demofac00365,demoprd00025
demolfa00698,0,Audit organisationnel,,1.000,3200.000,0.00,19.00,3200.000,demofac00375,demoprd00002
demolfa00699,1,Nom de domaine .tn,,3.000,45.000,0.00,19.00,135.000,demofac00375,demoprd00017
demolfa00700,2,Stockage entrepot (m2/mois),,120.000,12.000,0.00,19.00,1440.000,demofac00375,demoprd00020
demolfa00701,0,Gants nitrile (boite),,143.000,18.000,0.00,7.00,2574.000,demofac00349,demoprd00035
demolfa00702,1,Kit de premiers secours,,9.000,75.000,0.00,7.00,675.000,demofac00349,demoprd00034
demolfa00703,2,Support premium (annuel),,1.000,3600.000,0.00,19.00,3600.000,demofac00349,demoprd00011
demolfa00704,0,Logiciel de gestion commerciale,,2.000,2900.000,0.00,19.00,5800.000,demofac00385,demoprd00029
demolfa00705,0,Ciment (tonne),,18.000,310.000,0.00,19.00,5580.000,demofac00344,demoprd00038
demolfa00706,1,Imprimante laser,,4.000,980.000,0.00,19.00,3920.000,demofac00344,demoprd00023
demolfa00707,2,Audit organisationnel,,1.000,3200.000,0.00,19.00,3200.000,demofac00344,demoprd00002
demolfa00708,3,Conseil strategique (jour),,7.000,850.000,0.00,19.00,5950.000,demofac00344,demoprd00001
demolfa00709,0,Intervention sur site,,54.000,150.000,0.00,19.00,8100.000,demofac00381,demoprd00010
demolfa00710,1,Transport de marchandises,,4.000,210.000,0.00,7.00,840.000,demofac00381,demoprd00019
demolfa00711,0,Huile d'olive extra (bidon 5L),,59.000,68.000,0.00,13.00,4012.000,demofac00361,demoprd00036
demolfa00712,0,Hebergement web (annuel),,3.000,540.000,7.00,19.00,1506.600,demofac00382,demoprd00016
demolfa00713,1,Huile d'olive extra (bidon 5L),,268.000,68.000,0.00,13.00,18224.000,demofac00382,demoprd00036
demolfa00714,0,Formation cybersecurite,,2.000,1800.000,0.00,19.00,3600.000,demofac00366,demoprd00014
demolfa00715,1,Formation bureautique (jour),,2.000,420.000,0.00,19.00,840.000,demofac00366,demoprd00013
demolfa00716,2,Formation comptabilite,,3.000,650.000,0.00,19.00,1950.000,demofac00366,demoprd00015
demolfa00717,0,Carrelage (m2),,25.000,38.000,0.00,19.00,950.000,demofac00345,demoprd00039
demolfa00718,0,Stockage entrepot (m2/mois),,59.000,12.000,0.00,19.00,708.000,demofac00368,demoprd00020
demolfa00719,0,Audit organisationnel,,1.000,3200.000,0.00,19.00,3200.000,demofac00355,demoprd00002
demolfa00720,1,Accompagnement fiscal (heure),,4.000,120.000,0.00,19.00,480.000,demofac00355,demoprd00003
demolfa00721,0,Kit de premiers secours,,8.000,75.000,0.00,29.00,600.000,demofac00362,demoprd00034
demolfa00722,0,Licence suite bureautique,,30.000,320.000,0.00,19.00,9600.000,demofac00340,demoprd00028
demolfa00723,0,Peinture murale (pot 20L),,80.000,145.000,0.00,19.00,11600.000,demofac00353,demoprd00040
demolfa00724,0,Carrelage (m2),,69.000,38.000,0.00,19.00,2622.000,demofac00337,demoprd00039
demolfa00725,0,Maintenance mensuelle,,1.000,380.000,5.00,19.00,361.000,demofac00369,demoprd00009
demolfa00726,0,Classeur archive,,43.000,6.800,0.00,19.00,292.400,demofac00357,demoprd00032
demolfa00727,1,Support premium (annuel),,1.000,3600.000,0.00,19.00,3600.000,demofac00357,demoprd00011
demolfa00728,0,Formation bureautique (jour),,3.000,420.000,0.00,19.00,1260.000,demofac00376,demoprd00013
demolfa00729,1,Ecran 27 pouces,,2.000,690.000,0.00,19.00,1380.000,demofac00376,demoprd00022
demolfa00730,0,Audit organisationnel,,1.000,3200.000,0.00,19.00,3200.000,demofac00379,demoprd00002
demolfa00731,0,Integration ERP (jour),,13.000,600.000,0.00,19.00,7800.000,demofac00373,demoprd00007
demolfa00732,1,Application mobile (forfait),,1.000,12000.000,0.00,19.00,12000.000,demofac00373,demoprd00006
demolfa00733,0,Disque SSD 1To,,2.000,310.000,0.00,19.00,620.000,demofac00377,demoprd00026
demolfa00734,0,Maintenance mensuelle,,3.000,380.000,0.00,19.00,1140.000,demofac00338,demoprd00009
demolfa00735,1,Developpement web (jour),,20.000,450.000,13.00,19.00,7830.000,demofac00338,demoprd00005
demolfa00736,0,Formation bureautique (jour),,5.000,420.000,0.00,19.00,2100.000,demofac00346,demoprd00013
demolfa00737,1,Kit de premiers secours,,2.000,75.000,0.00,7.00,150.000,demofac00346,demoprd00034
demolfa00738,0,Mobilier de bureau (poste),,6.000,1250.000,0.00,19.00,7500.000,demofac00358,demoprd00033
demolfa00739,1,Ramette papier A4,,200.000,14.500,5.00,19.00,2755.000,demofac00358,demoprd00030
demolfa00740,0,Peinture murale (pot 20L),,64.000,145.000,0.00,19.00,9280.000,demofac00380,demoprd00040
demolfa00741,1,Hebergement web (annuel),,2.000,540.000,0.00,19.00,1080.000,demofac00380,demoprd00016
demolfa00742,2,Cartouche toner,,11.000,165.000,0.00,19.00,1815.000,demofac00380,demoprd00031
demolfa00743,0,Sauvegarde externalisee,,6.000,95.000,0.00,19.00,570.000,demofac00341,demoprd00012
demolfa00744,1,Ciment (tonne),,33.000,310.000,0.00,19.00,10230.000,demofac00341,demoprd00038
demolfa00745,0,Hebergement web (annuel),,1.000,540.000,0.00,19.00,540.000,demofac00347,demoprd00016
demolfa00746,0,Etude de marche,,1.000,4500.000,0.00,19.00,4500.000,demofac00367,demoprd00004
demolfa00747,0,Carrelage (m2),,71.000,38.000,0.00,19.00,2698.000,demofac00374,demoprd00039
demolfa00748,1,Logiciel de gestion commerciale,,1.000,2900.000,7.00,19.00,2697.000,demofac00374,demoprd00029
demolfa00749,2,Disque SSD 1To,,2.000,310.000,0.00,19.00,620.000,demofac00374,demoprd00026
demolfa00750,0,Conseil strategique (jour),,7.000,850.000,7.00,19.00,5533.500,demofac00378,demoprd00001
demolfa00751,0,Application mobile (forfait),,1.000,12000.000,0.00,19.00,12000.000,demofac00359,demoprd00006
demolfa00752,1,Ecran 27 pouces,,5.000,690.000,0.00,19.00,3450.000,demofac00359,demoprd00022
demolfa00753,0,Maintenance mensuelle,,2.000,380.000,0.00,19.00,760.000,demofac00348,demoprd00009
demolfa00754,0,Logiciel de gestion commerciale,,3.000,2900.000,0.00,19.00,8700.000,demofac00350,demoprd00029
demolfa00755,1,Kit de premiers secours,,40.000,75.000,11.00,7.00,2670.000,demofac00350,demoprd00034
demolfa00756,0,Imprimante laser,,2.000,980.000,0.00,19.00,1960.000,demofac00335,demoprd00023
demolfa00757,1,Routeur professionnel,,2.000,540.000,0.00,19.00,1080.000,demofac00335,demoprd00024
demolfa00758,0,Ciment (tonne),,25.000,310.000,0.00,19.00,7750.000,demofac00343,demoprd00038
demolfa00759,0,Carrelage (m2),,800.000,38.000,0.00,19.00,30400.000,demofac00360,demoprd00039
demolfa00760,1,Gants nitrile (boite),,400.000,18.000,0.00,7.00,7200.000,demofac00360,demoprd00035
demolfa00761,0,Integration ERP (jour),,2.000,600.000,8.00,19.00,1104.000,demofac00363,demoprd00007
demolfa00762,0,Gants nitrile (boite),,400.000,18.000,0.00,7.00,7200.000,demofac00416,demoprd00035
demolfa00763,0,Ramette papier A4,,72.000,14.500,0.00,19.00,1044.000,demofac00403,demoprd00030
demolfa00764,1,Ecran 27 pouces,,1.000,690.000,6.00,19.00,648.600,demofac00403,demoprd00022
demolfa00765,0,Stockage entrepot (m2/mois),,227.000,12.000,0.00,19.00,2724.000,demofac00397,demoprd00020
demolfa00766,1,Transport de marchandises,,4.000,210.000,0.00,7.00,840.000,demofac00397,demoprd00019
demolfa00767,2,Maintenance mensuelle,,3.000,380.000,0.00,19.00,1140.000,demofac00397,demoprd00009
demolfa00768,0,Stockage entrepot (m2/mois),,261.000,12.000,9.00,19.00,2850.120,demofac00409,demoprd00020
demolfa00769,1,Transport de marchandises,,5.000,210.000,0.00,7.00,1050.000,demofac00409,demoprd00019
demolfa00770,0,Developpement web (jour),,11.000,450.000,0.00,19.00,4950.000,demofac00418,demoprd00005
demolfa00771,1,Site vitrine,,1.000,2400.000,0.00,19.00,2400.000,demofac00418,demoprd00008
demolfa00772,2,Conseil strategique (jour),,7.000,850.000,0.00,19.00,5950.000,demofac00418,demoprd00001
demolfa00773,0,Site vitrine,,1.000,2400.000,0.00,19.00,2400.000,demofac00434,demoprd00008
demolfa00774,1,Hebergement web (annuel),,2.000,540.000,0.00,19.00,1080.000,demofac00434,demoprd00016
demolfa00775,2,Application mobile (forfait),,1.000,12000.000,0.00,19.00,12000.000,demofac00434,demoprd00006
demolfa00776,3,Developpement web (jour),,17.000,450.000,9.00,19.00,6961.500,demofac00434,demoprd00005
demolfa00777,0,Licence antivirus (poste),,6.000,85.000,0.00,19.00,510.000,demofac00426,demoprd00027
demolfa00778,0,Routeur professionnel,,2.000,540.000,0.00,19.00,1080.000,demofac00401,demoprd00024
demolfa00779,1,Developpement web (jour),,14.000,450.000,0.00,19.00,6300.000,demofac00401,demoprd00005
demolfa00780,0,Nom de domaine .tn,,2.000,45.000,0.00,19.00,90.000,demofac00387,demoprd00017
demolfa00781,1,Stockage entrepot (m2/mois),,300.000,12.000,0.00,19.00,3600.000,demofac00387,demoprd00020
demolfa00782,0,Formation comptabilite,,2.000,650.000,0.00,19.00,1300.000,demofac00388,demoprd00015
demolfa00783,1,Dattes Deglet Nour (carton),,27.000,42.000,0.00,13.00,1134.000,demofac00388,demoprd00037
demolfa00784,0,Carrelage (m2),,57.000,38.000,0.00,19.00,2166.000,demofac00433,demoprd00039
demolfa00785,1,Serveur dedie (mois),,6.000,290.000,0.00,19.00,1740.000,demofac00433,demoprd00018
demolfa00786,0,Formation bureautique (jour),,2.000,420.000,0.00,19.00,840.000,demofac00417,demoprd00013
demolfa00787,0,Site vitrine,,1.000,2400.000,0.00,19.00,2400.000,demofac00424,demoprd00008
demolfa00788,1,Etude de marche,,1.000,4500.000,0.00,19.00,4500.000,demofac00424,demoprd00004
demolfa00789,0,Support premium (annuel),,1.000,3600.000,0.00,19.00,3600.000,demofac00389,demoprd00011
demolfa00790,1,Transport de marchandises,,9.000,210.000,9.00,7.00,1719.900,demofac00389,demoprd00019
demolfa00791,0,Dattes Deglet Nour (carton),,328.000,42.000,0.00,13.00,13776.000,demofac00412,demoprd00037
demolfa00792,1,Huile d'olive extra (bidon 5L),,217.000,68.000,0.00,13.00,14756.000,demofac00412,demoprd00036
demolfa00793,0,Maintenance mensuelle,,2.000,380.000,0.00,19.00,760.000,demofac00404,demoprd00009
demolfa00794,1,Accompagnement fiscal (heure),,7.000,120.000,0.00,19.00,840.000,demofac00404,demoprd00003
demolfa00795,2,Integration ERP (jour),,10.000,600.000,0.00,19.00,6000.000,demofac00404,demoprd00007
demolfa00796,0,Support premium (annuel),,1.000,3600.000,0.00,19.00,3600.000,demofac00405,demoprd00011
demolfa00797,1,Transport de marchandises,,7.000,210.000,0.00,7.00,1470.000,demofac00405,demoprd00019
demolfa00798,0,Support premium (annuel),,1.000,3600.000,0.00,19.00,3600.000,demofac00390,demoprd00011
demolfa00799,1,Site vitrine,,1.000,2400.000,0.00,19.00,2400.000,demofac00390,demoprd00008
demolfa00800,0,Ordinateur portable pro,,4.000,2350.000,0.00,19.00,9400.000,demofac00399,demoprd00021
demolfa00801,1,Routeur professionnel,,2.000,540.000,0.00,19.00,1080.000,demofac00399,demoprd00024
demolfa00802,0,Imprimante laser,,2.000,980.000,0.00,19.00,1960.000,demofac00431,demoprd00023
demolfa00803,1,Ecran 27 pouces,,1.000,690.000,15.00,19.00,586.500,demofac00431,demoprd00022
demolfa00804,0,Ciment (tonne),,60.000,310.000,0.00,19.00,18600.000,demofac00425,demoprd00038
demolfa00805,1,Mobilier de bureau (poste),,15.000,1250.000,0.00,19.00,18750.000,demofac00425,demoprd00033
demolfa00806,2,Cartouche toner,,19.000,165.000,0.00,19.00,3135.000,demofac00425,demoprd00031
demolfa00807,0,Classeur archive,,65.000,6.800,0.00,19.00,442.000,demofac00428,demoprd00032
demolfa00808,0,Carrelage (m2),,549.000,38.000,0.00,19.00,20862.000,demofac00406,demoprd00039
demolfa00809,1,Kit de premiers secours,,40.000,75.000,0.00,7.00,3000.000,demofac00406,demoprd00034
demolfa00810,0,Transport de marchandises,,4.000,210.000,0.00,7.00,840.000,demofac00419,demoprd00019
demolfa00811,1,Nom de domaine .tn,,2.000,45.000,0.00,19.00,90.000,demofac00419,demoprd00017
demolfa00812,0,Nom de domaine .tn,,4.000,45.000,0.00,19.00,180.000,demofac00436,demoprd00017
demolfa00813,1,Ciment (tonne),,16.000,310.000,0.00,19.00,4960.000,demofac00436,demoprd00038
demolfa00814,0,Support premium (annuel),,1.000,3600.000,0.00,19.00,3600.000,demofac00392,demoprd00011
demolfa00815,1,Transport de marchandises,,8.000,210.000,0.00,7.00,1680.000,demofac00392,demoprd00019
demolfa00816,2,Kit de premiers secours,,25.000,75.000,0.00,7.00,1875.000,demofac00392,demoprd00034
demolfa00817,0,Imprimante laser,,2.000,980.000,15.00,19.00,1666.000,demofac00413,demoprd00023
demolfa00818,0,Formation bureautique (jour),,1.000,420.000,11.00,19.00,373.800,demofac00393,demoprd00013
demolfa00819,1,Peinture murale (pot 20L),,25.000,145.000,0.00,19.00,3625.000,demofac00393,demoprd00040
demolfa00820,0,Etude de marche,,1.000,4500.000,0.00,19.00,4500.000,demofac00408,demoprd00004
demolfa00821,0,Audit organisationnel,,1.000,3200.000,0.00,19.00,3200.000,demofac00411,demoprd00002
demolfa00822,1,Cartouche toner,,15.000,165.000,14.00,19.00,2128.500,demofac00411,demoprd00031
demolfa00823,0,Cartouche toner,,8.000,165.000,0.00,19.00,1320.000,demofac00394,demoprd00031
demolfa00824,1,Ecran 27 pouces,,3.000,690.000,0.00,19.00,2070.000,demofac00394,demoprd00022
demolfa00825,0,Imprimante laser,,2.000,980.000,0.00,19.00,1960.000,demofac00432,demoprd00023
demolfa00826,1,Serveur dedie (mois),,1.000,290.000,0.00,19.00,290.000,demofac00432,demoprd00018
demolfa00827,0,Dattes Deglet Nour (carton),,196.000,42.000,0.00,13.00,8232.000,demofac00427,demoprd00037
demolfa00828,0,Peinture murale (pot 20L),,31.000,145.000,0.00,19.00,4495.000,demofac00391,demoprd00040
demolfa00829,0,Ciment (tonne),,4.000,310.000,0.00,19.00,1240.000,demofac00402,demoprd00038
demolfa00830,0,Kit de premiers secours,,2.000,75.000,0.00,7.00,150.000,demofac00420,demoprd00034
demolfa00831,1,Serveur dedie (mois),,2.000,290.000,0.00,19.00,580.000,demofac00420,demoprd00018
demolfa00832,2,Transport de marchandises,,1.000,210.000,0.00,7.00,210.000,demofac00420,demoprd00019
demolfa00833,0,Kit de premiers secours,,40.000,75.000,0.00,7.00,3000.000,demofac00422,demoprd00034
demolfa00834,1,Ciment (tonne),,14.000,310.000,0.00,19.00,4340.000,demofac00422,demoprd00038
demolfa00835,0,Classeur archive,,164.000,6.800,0.00,19.00,1115.200,demofac00414,demoprd00032
demolfa00836,1,Hebergement web (annuel),,1.000,540.000,0.00,19.00,540.000,demofac00414,demoprd00016
demolfa00837,0,Kit de premiers secours,,40.000,75.000,15.00,7.00,2550.000,demofac00400,demoprd00034
demolfa00838,0,Sauvegarde externalisee,,2.000,95.000,0.00,19.00,190.000,demofac00396,demoprd00012
demolfa00839,1,Maintenance mensuelle,,1.000,380.000,0.00,19.00,380.000,demofac00396,demoprd00009
demolfa00840,0,Developpement web (jour),,19.000,450.000,0.00,19.00,8550.000,demofac00398,demoprd00005
demolfa00841,1,Kit de premiers secours,,17.000,75.000,0.00,7.00,1275.000,demofac00398,demoprd00034
demolfa00842,0,Developpement web (jour),,15.000,450.000,0.00,19.00,6750.000,demofac00407,demoprd00005
demolfa00843,1,Maintenance mensuelle,,2.000,380.000,0.00,19.00,760.000,demofac00407,demoprd00009
demolfa00844,0,Ciment (tonne),,14.000,310.000,0.00,19.00,4340.000,demofac00395,demoprd00038
demolfa00845,0,Formation cybersecurite,,1.000,1800.000,10.00,19.00,1620.000,demofac00430,demoprd00014
demolfa00846,1,Onduleur 1500VA,,1.000,460.000,9.00,19.00,418.600,demofac00430,demoprd00025
demolfa00847,0,Hebergement web (annuel),,2.000,540.000,0.00,19.00,1080.000,demofac00429,demoprd00016
demolfa00848,0,Conseil strategique (jour),,6.000,850.000,0.00,19.00,5100.000,demofac00415,demoprd00001
demolfa00849,0,Classeur archive,,120.000,6.800,0.00,19.00,816.000,demofac00423,demoprd00032
demolfa00850,0,Logiciel de gestion commerciale,,2.000,2900.000,0.00,19.00,5800.000,demofac00421,demoprd00029
demolfa00851,1,Dattes Deglet Nour (carton),,180.000,42.000,0.00,13.00,7560.000,demofac00421,demoprd00037
demolfa00852,2,Huile d'olive extra (bidon 5L),,57.000,68.000,0.00,13.00,3876.000,demofac00421,demoprd00036
demolfa00853,0,Kit de premiers secours,,24.000,75.000,5.00,7.00,1710.000,demofac00435,demoprd00034
demolfa00854,1,Developpement web (jour),,20.000,450.000,14.00,19.00,7740.000,demofac00435,demoprd00005
demolfa00855,0,Cartouche toner,,15.000,165.000,0.00,19.00,2475.000,demofac00410,demoprd00031
demolfa00856,0,Site vitrine,,1.000,2400.000,0.00,19.00,2400.000,demofac00461,demoprd00008
demolfa00857,1,Developpement web (jour),,13.000,450.000,0.00,19.00,5850.000,demofac00461,demoprd00005
demolfa00858,0,Nom de domaine .tn,,2.000,45.000,0.00,19.00,90.000,demofac00458,demoprd00017
demolfa00859,0,Sauvegarde externalisee,,5.000,95.000,0.00,19.00,475.000,demofac00444,demoprd00012
demolfa00860,1,Peinture murale (pot 20L),,20.000,145.000,0.00,19.00,2900.000,demofac00444,demoprd00040
demolfa00861,2,Cartouche toner,,9.000,165.000,0.00,19.00,1485.000,demofac00444,demoprd00031
demolfa00862,0,Audit organisationnel,,1.000,3200.000,0.00,19.00,3200.000,demofac00466,demoprd00002
demolfa00863,1,Etude de marche,,1.000,4500.000,0.00,19.00,4500.000,demofac00466,demoprd00004
demolfa00864,2,Formation comptabilite,,2.000,650.000,6.00,19.00,1222.000,demofac00466,demoprd00015
demolfa00865,3,Mobilier de bureau (poste),,6.000,1250.000,0.00,19.00,7500.000,demofac00466,demoprd00033
demolfa00866,0,Intervention sur site,,3.000,150.000,14.00,19.00,387.000,demofac00452,demoprd00010
demolfa00867,1,Ciment (tonne),,59.000,310.000,0.00,19.00,18290.000,demofac00452,demoprd00038
demolfa00868,0,Site vitrine,,1.000,2400.000,8.00,19.00,2208.000,demofac00453,demoprd00008
demolfa00869,0,Kit de premiers secours,,17.000,75.000,0.00,7.00,1275.000,demofac00459,demoprd00034
demolfa00870,1,Ciment (tonne),,49.000,310.000,0.00,19.00,15190.000,demofac00459,demoprd00038
demolfa00871,2,Gants nitrile (boite),,150.000,18.000,0.00,7.00,2700.000,demofac00459,demoprd00035
demolfa00872,3,Dattes Deglet Nour (carton),,500.000,42.000,0.00,13.00,21000.000,demofac00459,demoprd00037
demolfa00873,0,Gants nitrile (boite),,400.000,18.000,0.00,7.00,7200.000,demofac00462,demoprd00035
demolfa00874,0,Carrelage (m2),,194.000,38.000,0.00,19.00,7372.000,demofac00483,demoprd00039
demolfa00875,1,Imprimante laser,,2.000,980.000,0.00,19.00,1960.000,demofac00483,demoprd00023
demolfa00876,2,Ecran 27 pouces,,2.000,690.000,0.00,19.00,1380.000,demofac00483,demoprd00022
demolfa00877,0,Integration ERP (jour),,15.000,600.000,0.00,19.00,9000.000,demofac00439,demoprd00007
demolfa00878,1,Site vitrine,,1.000,2400.000,0.00,19.00,2400.000,demofac00439,demoprd00008
demolfa00879,0,Imprimante laser,,2.000,980.000,0.00,19.00,1960.000,demofac00449,demoprd00023
demolfa00880,1,Site vitrine,,1.000,2400.000,0.00,19.00,2400.000,demofac00449,demoprd00008
demolfa00881,0,Formation bureautique (jour),,4.000,420.000,0.00,19.00,1680.000,demofac00450,demoprd00013
demolfa00882,1,Formation comptabilite,,2.000,650.000,0.00,19.00,1300.000,demofac00450,demoprd00015
demolfa00883,0,Sauvegarde externalisee,,2.000,95.000,0.00,19.00,190.000,demofac00468,demoprd00012
demolfa00884,1,Mobilier de bureau (poste),,3.000,1250.000,14.00,19.00,3225.000,demofac00468,demoprd00033
demolfa00885,0,Formation cybersecurite,,2.000,1800.000,0.00,19.00,3600.000,demofac00446,demoprd00014
demolfa00886,0,Ramette papier A4,,119.000,14.500,0.00,19.00,1725.500,demofac00455,demoprd00030
demolfa00887,1,Serveur dedie (mois),,10.000,290.000,10.00,19.00,2610.000,demofac00455,demoprd00018
demolfa00888,2,Licence suite bureautique,,12.000,320.000,0.00,19.00,3840.000,demofac00455,demoprd00028
demolfa00889,0,Site vitrine,,1.000,2400.000,0.00,19.00,2400.000,demofac00467,demoprd00008
demolfa00890,1,Formation bureautique (jour),,2.000,420.000,0.00,19.00,840.000,demofac00467,demoprd00013
demolfa00891,0,Carrelage (m2),,116.000,38.000,0.00,19.00,4408.000,demofac00456,demoprd00039
demolfa00892,0,Peinture murale (pot 20L),,80.000,145.000,0.00,19.00,11600.000,demofac00437,demoprd00040
demolfa00893,1,Kit de premiers secours,,18.000,75.000,0.00,7.00,1350.000,demofac00437,demoprd00034
demolfa00894,2,Disque SSD 1To,,20.000,310.000,0.00,19.00,6200.000,demofac00437,demoprd00026
demolfa00895,3,Gants nitrile (boite),,400.000,18.000,0.00,7.00,7200.000,demofac00437,demoprd00035
demolfa00896,0,Ciment (tonne),,32.000,310.000,0.00,19.00,9920.000,demofac00472,demoprd00038
demolfa00897,1,Application mobile (forfait),,1.000,12000.000,11.00,19.00,10680.000,demofac00472,demoprd00006
demolfa00898,2,Peinture murale (pot 20L),,62.000,145.000,0.00,19.00,8990.000,demofac00472,demoprd00040
demolfa00899,3,Sauvegarde externalisee,,5.000,95.000,0.00,19.00,475.000,demofac00472,demoprd00012
demolfa00900,0,Mobilier de bureau (poste),,9.000,1250.000,0.00,19.00,11250.000,demofac00463,demoprd00033
demolfa00901,0,Ciment (tonne),,15.000,310.000,0.00,19.00,4650.000,demofac00440,demoprd00038
demolfa00902,0,Conseil strategique (jour),,1.000,850.000,0.00,19.00,850.000,demofac00464,demoprd00001
demolfa00903,1,Accompagnement fiscal (heure),,9.000,120.000,0.00,19.00,1080.000,demofac00464,demoprd00003
demolfa00904,0,Ordinateur portable pro,,1.000,2350.000,0.00,19.00,2350.000,demofac00438,demoprd00021
demolfa00905,1,Sauvegarde externalisee,,2.000,95.000,0.00,19.00,190.000,demofac00438,demoprd00012
demolfa00906,2,Imprimante laser,,1.000,980.000,0.00,19.00,980.000,demofac00438,demoprd00023
demolfa00907,0,Ramette papier A4,,101.000,14.500,0.00,19.00,1464.500,demofac00469,demoprd00030
demolfa00908,0,Support premium (annuel),,1.000,3600.000,0.00,19.00,3600.000,demofac00484,demoprd00011
demolfa00909,0,Disque SSD 1To,,14.000,310.000,0.00,19.00,4340.000,demofac00441,demoprd00026
demolfa00910,1,Logiciel de gestion commerciale,,2.000,2900.000,0.00,19.00,5800.000,demofac00441,demoprd00029
demolfa00911,2,Formation cybersecurite,,1.000,1800.000,0.00,19.00,1800.000,demofac00441,demoprd00014
demolfa00912,3,Formation bureautique (jour),,1.000,420.000,8.00,19.00,386.400,demofac00441,demoprd00013
demolfa00913,0,Hebergement web (annuel),,1.000,540.000,0.00,19.00,540.000,demofac00478,demoprd00016
demolfa00914,1,Transport de marchandises,,4.000,210.000,12.00,7.00,739.200,demofac00478,demoprd00019
demolfa00915,0,Etude de marche,,1.000,4500.000,0.00,19.00,4500.000,demofac00454,demoprd00004
demolfa00916,1,Conseil strategique (jour),,2.000,850.000,0.00,19.00,1700.000,demofac00454,demoprd00001
demolfa00917,0,Support premium (annuel),,1.000,3600.000,0.00,19.00,3600.000,demofac00470,demoprd00011
demolfa00918,1,Logiciel de gestion commerciale,,2.000,2900.000,0.00,19.00,5800.000,demofac00470,demoprd00029
demolfa00919,0,Sauvegarde externalisee,,1.000,95.000,0.00,19.00,95.000,demofac00445,demoprd00012
demolfa00920,1,Support premium (annuel),,1.000,3600.000,0.00,19.00,3600.000,demofac00445,demoprd00011
demolfa00921,0,Classeur archive,,267.000,6.800,11.00,19.00,1615.884,demofac00486,demoprd00032
demolfa00922,0,Intervention sur site,,4.000,150.000,12.00,19.00,528.000,demofac00442,demoprd00010
demolfa00923,1,Formation bureautique (jour),,2.000,420.000,0.00,19.00,840.000,demofac00442,demoprd00013
demolfa00924,0,Formation comptabilite,,1.000,650.000,0.00,19.00,650.000,demofac00473,demoprd00015
demolfa00925,1,Formation bureautique (jour),,1.000,420.000,0.00,19.00,420.000,demofac00473,demoprd00013
demolfa00926,0,Carrelage (m2),,59.000,38.000,0.00,19.00,2242.000,demofac00474,demoprd00039
demolfa00927,0,Ramette papier A4,,47.000,14.500,0.00,19.00,681.500,demofac00487,demoprd00030
demolfa00928,1,Sauvegarde externalisee,,4.000,95.000,6.00,19.00,357.200,demofac00487,demoprd00012
demolfa00929,0,Ramette papier A4,,171.000,14.500,0.00,19.00,2479.500,demofac00460,demoprd00030
demolfa00930,1,Developpement web (jour),,9.000,450.000,0.00,19.00,4050.000,demofac00460,demoprd00005
demolfa00931,0,Hebergement web (annuel),,1.000,540.000,0.00,19.00,540.000,demofac00477,demoprd00016
demolfa00932,1,Nom de domaine .tn,,1.000,45.000,0.00,19.00,45.000,demofac00477,demoprd00017
demolfa00933,2,Classeur archive,,38.000,6.800,0.00,19.00,258.400,demofac00477,demoprd00032
demolfa00934,0,Routeur professionnel,,2.000,540.000,0.00,19.00,1080.000,demofac00457,demoprd00024
demolfa00935,1,Ecran 27 pouces,,2.000,690.000,0.00,19.00,1380.000,demofac00457,demoprd00022
demolfa00936,0,Routeur professionnel,,3.000,540.000,0.00,19.00,1620.000,demofac00475,demoprd00024
demolfa00937,0,Carrelage (m2),,787.000,38.000,0.00,19.00,29906.000,demofac00481,demoprd00039
demolfa00938,1,Gants nitrile (boite),,400.000,18.000,11.00,7.00,6408.000,demofac00481,demoprd00035
demolfa00939,2,Kit de premiers secours,,40.000,75.000,0.00,7.00,3000.000,demofac00481,demoprd00034
demolfa00940,3,Ciment (tonne),,60.000,310.000,0.00,19.00,18600.000,demofac00481,demoprd00038
demolfa00941,0,Huile d'olive extra (bidon 5L),,232.000,68.000,0.00,13.00,15776.000,demofac00479,demoprd00036
demolfa00942,0,Ramette papier A4,,59.000,14.500,0.00,19.00,855.500,demofac00476,demoprd00030
demolfa00943,0,Huile d'olive extra (bidon 5L),,190.000,68.000,0.00,13.00,12920.000,demofac00482,demoprd00036
demolfa00944,0,Sauvegarde externalisee,,4.000,95.000,0.00,19.00,380.000,demofac00447,demoprd00012
demolfa00945,1,Classeur archive,,50.000,6.800,0.00,19.00,340.000,demofac00447,demoprd00032
demolfa00946,0,Accompagnement fiscal (heure),,7.000,120.000,0.00,19.00,840.000,demofac00451,demoprd00003
demolfa00947,1,Disque SSD 1To,,2.000,310.000,0.00,19.00,620.000,demofac00451,demoprd00026
demolfa00948,0,Developpement web (jour),,6.000,450.000,0.00,19.00,2700.000,demofac00488,demoprd00005
demolfa00949,0,Intervention sur site,,2.000,150.000,0.00,19.00,300.000,demofac00465,demoprd00010
demolfa00950,0,Routeur professionnel,,2.000,540.000,0.00,19.00,1080.000,demofac00485,demoprd00024
demolfa00951,0,Cartouche toner,,27.000,165.000,0.00,19.00,4455.000,demofac00480,demoprd00031
demolfa00952,0,Classeur archive,,60.000,6.800,0.00,19.00,408.000,demofac00448,demoprd00032
demolfa00953,1,Hebergement web (annuel),,1.000,540.000,0.00,19.00,540.000,demofac00448,demoprd00016
demolfa00954,2,Ramette papier A4,,16.000,14.500,0.00,19.00,232.000,demofac00448,demoprd00030
demolfa00955,0,Stockage entrepot (m2/mois),,169.000,12.000,0.00,19.00,2028.000,demofac00443,demoprd00020
demolfa00956,0,Licence suite bureautique,,13.000,320.000,12.00,19.00,3660.800,demofac00471,demoprd00028
demolfa00957,0,Hebergement web (annuel),,1.000,540.000,0.00,19.00,540.000,demofac00505,demoprd00016
demolfa00958,0,Ramette papier A4,,50.000,14.500,0.00,19.00,725.000,demofac00489,demoprd00030
demolfa00959,1,Formation bureautique (jour),,2.000,420.000,0.00,19.00,840.000,demofac00489,demoprd00013
demolfa00960,2,Formation cybersecurite,,1.000,1800.000,0.00,19.00,1800.000,demofac00489,demoprd00014
demolfa00961,0,Integration ERP (jour),,12.000,600.000,6.00,19.00,6768.000,demofac00519,demoprd00007
demolfa00962,0,Formation bureautique (jour),,3.000,420.000,0.00,19.00,1260.000,demofac00491,demoprd00013
demolfa00963,0,Peinture murale (pot 20L),,69.000,145.000,0.00,19.00,10005.000,demofac00506,demoprd00040
demolfa00964,0,Logiciel de gestion commerciale,,2.000,2900.000,0.00,19.00,5800.000,demofac00490,demoprd00029
demolfa00965,1,Hebergement web (annuel),,1.000,540.000,0.00,19.00,540.000,demofac00490,demoprd00016
demolfa00966,0,Dattes Deglet Nour (carton),,14.000,42.000,0.00,13.00,588.000,demofac00496,demoprd00037
demolfa00967,1,Logiciel de gestion commerciale,,3.000,2900.000,0.00,19.00,8700.000,demofac00496,demoprd00029
demolfa00968,2,Ciment (tonne),,60.000,310.000,0.00,19.00,18600.000,demofac00496,demoprd00038
demolfa00969,0,Etude de marche,,1.000,4500.000,0.00,0.00,4500.000,demofac00516,demoprd00004
demolfa00970,1,Peinture murale (pot 20L),,26.000,145.000,0.00,19.00,3770.000,demofac00516,demoprd00040
demolfa00971,2,Carrelage (m2),,212.000,38.000,11.00,19.00,7169.840,demofac00516,demoprd00039
demolfa00972,0,Ecran 27 pouces,,3.000,690.000,0.00,19.00,2070.000,demofac00494,demoprd00022
demolfa00973,0,Formation bureautique (jour),,3.000,420.000,0.00,19.00,1260.000,demofac00497,demoprd00013
demolfa00974,0,Carrelage (m2),,800.000,38.000,0.00,19.00,30400.000,demofac00499,demoprd00039
demolfa00975,1,Ciment (tonne),,60.000,310.000,0.00,19.00,18600.000,demofac00499,demoprd00038
demolfa00976,0,Dattes Deglet Nour (carton),,111.000,42.000,0.00,13.00,4662.000,demofac00512,demoprd00037
demolfa00977,0,Ordinateur portable pro,,3.000,2350.000,0.00,19.00,7050.000,demofac00517,demoprd00021
demolfa00978,0,Classeur archive,,300.000,6.800,0.00,19.00,2040.000,demofac00513,demoprd00032
demolfa00979,0,Dattes Deglet Nour (carton),,89.000,42.000,0.00,13.00,3738.000,demofac00514,demoprd00037
demolfa00980,1,Huile d'olive extra (bidon 5L),,293.000,68.000,5.00,13.00,18927.800,demofac00514,demoprd00036
demolfa00981,0,Ordinateur portable pro,,10.000,2350.000,0.00,19.00,23500.000,demofac00515,demoprd00021
demolfa00982,1,Formation cybersecurite,,2.000,1800.000,0.00,19.00,3600.000,demofac00515,demoprd00014
demolfa00983,0,Hebergement web (annuel),,3.000,540.000,0.00,19.00,1620.000,demofac00504,demoprd00016
demolfa00984,1,Mobilier de bureau (poste),,6.000,1250.000,0.00,19.00,7500.000,demofac00504,demoprd00033
demolfa00985,0,Peinture murale (pot 20L),,47.000,145.000,0.00,19.00,6815.000,demofac00508,demoprd00040
demolfa00986,1,Mobilier de bureau (poste),,5.000,1250.000,0.00,19.00,6250.000,demofac00508,demoprd00033
demolfa00987,0,Licence suite bureautique,,17.000,320.000,0.00,19.00,5440.000,demofac00520,demoprd00028
demolfa00988,1,Licence antivirus (poste),,26.000,85.000,0.00,19.00,2210.000,demofac00520,demoprd00027
demolfa00989,2,Formation bureautique (jour),,2.000,420.000,0.00,19.00,840.000,demofac00520,demoprd00013
demolfa00990,0,Conseil strategique (jour),,7.000,850.000,0.00,19.00,5950.000,demofac00502,demoprd00001
demolfa00991,0,Site vitrine,,1.000,2400.000,0.00,19.00,2400.000,demofac00511,demoprd00008
demolfa00992,1,Nom de domaine .tn,,1.000,45.000,8.00,19.00,41.400,demofac00511,demoprd00017
demolfa00993,0,Formation cybersecurite,,1.000,1800.000,0.00,19.00,1800.000,demofac00521,demoprd00014
demolfa00994,1,Peinture murale (pot 20L),,12.000,145.000,12.00,19.00,1531.200,demofac00521,demoprd00040
demolfa00995,2,Ciment (tonne),,8.000,310.000,0.00,19.00,2480.000,demofac00521,demoprd00038
demolfa00996,0,Classeur archive,,300.000,6.800,12.00,19.00,1795.200,demofac00498,demoprd00032
demolfa00997,1,Intervention sur site,,6.000,150.000,0.00,19.00,900.000,demofac00498,demoprd00010
demolfa00998,0,Gants nitrile (boite),,317.000,18.000,0.00,7.00,5706.000,demofac00492,demoprd00035
demolfa00999,1,Kit de premiers secours,,17.000,75.000,0.00,7.00,1275.000,demofac00492,demoprd00034
demolfa01000,0,Routeur professionnel,,2.000,540.000,0.00,19.00,1080.000,demofac00493,demoprd00024
demolfa01001,1,Imprimante laser,,1.000,980.000,0.00,19.00,980.000,demofac00493,demoprd00023
demolfa01002,2,Ecran 27 pouces,,3.000,690.000,8.00,19.00,1904.400,demofac00493,demoprd00022
demolfa01003,0,Stockage entrepot (m2/mois),,214.000,12.000,9.00,19.00,2336.880,demofac00522,demoprd00020
demolfa01004,0,Ordinateur portable pro,,9.000,2350.000,0.00,19.00,21150.000,demofac00507,demoprd00021
demolfa01005,1,Routeur professionnel,,5.000,540.000,6.00,19.00,2538.000,demofac00507,demoprd00024
demolfa01006,2,Disque SSD 1To,,20.000,310.000,0.00,19.00,6200.000,demofac00507,demoprd00026
demolfa01007,0,Maintenance mensuelle,,1.000,380.000,0.00,19.00,380.000,demofac00495,demoprd00009
demolfa01008,0,Classeur archive,,202.000,6.800,0.00,19.00,1373.600,demofac00523,demoprd00032
demolfa01009,0,Stockage entrepot (m2/mois),,67.000,12.000,0.00,19.00,804.000,demofac00518,demoprd00020
demolfa01010,1,Sauvegarde externalisee,,3.000,95.000,0.00,19.00,285.000,demofac00518,demoprd00012
demolfa01011,0,Cartouche toner,,13.000,165.000,0.00,19.00,2145.000,demofac00509,demoprd00031
demolfa01012,1,Maintenance mensuelle,,2.000,380.000,14.00,19.00,653.600,demofac00509,demoprd00009
demolfa01013,0,Audit organisationnel,,1.000,3200.000,0.00,19.00,3200.000,demofac00510,demoprd00002
demolfa01014,1,Conseil strategique (jour),,2.000,850.000,0.00,19.00,1700.000,demofac00510,demoprd00001
demolfa01015,0,Dattes Deglet Nour (carton),,500.000,42.000,0.00,13.00,21000.000,demofac00500,demoprd00037
demolfa01016,1,Huile d'olive extra (bidon 5L),,300.000,68.000,0.00,13.00,20400.000,demofac00500,demoprd00036
demolfa01017,0,Integration ERP (jour),,3.000,600.000,0.00,19.00,1800.000,demofac00503,demoprd00007
demolfa01018,0,Audit organisationnel,,1.000,3200.000,0.00,19.00,3200.000,demofac00501,demoprd00002
demolfa01019,0,Huile d'olive extra (bidon 5L),,55.000,68.000,10.00,13.00,3366.000,demofac00550,demoprd00036
demolfa01020,0,Cartouche toner,,21.000,165.000,0.00,19.00,3465.000,demofac00551,demoprd00031
demolfa01021,1,Ramette papier A4,,40.000,14.500,13.00,19.00,504.600,demofac00551,demoprd00030
demolfa01022,2,Mobilier de bureau (poste),,9.000,1250.000,0.00,19.00,11250.000,demofac00551,demoprd00033
demolfa01023,0,Hebergement web (annuel),,1.000,540.000,0.00,19.00,540.000,demofac00562,demoprd00016
demolfa01024,0,Application mobile (forfait),,1.000,12000.000,0.00,19.00,12000.000,demofac00532,demoprd00006
demolfa01025,1,Developpement web (jour),,3.000,450.000,11.00,19.00,1201.500,demofac00532,demoprd00005
demolfa01026,0,Ciment (tonne),,60.000,310.000,15.00,19.00,15810.000,demofac00557,demoprd00038
demolfa01027,0,Ramette papier A4,,200.000,14.500,0.00,19.00,2900.000,demofac00541,demoprd00030
demolfa01028,1,Classeur archive,,224.000,6.800,0.00,19.00,1523.200,demofac00541,demoprd00032
demolfa01029,0,Classeur archive,,56.000,6.800,0.00,19.00,380.800,demofac00549,demoprd00032
demolfa01030,0,Routeur professionnel,,5.000,540.000,0.00,19.00,2700.000,demofac00546,demoprd00024
demolfa01031,1,Disque SSD 1To,,6.000,310.000,0.00,19.00,1860.000,demofac00546,demoprd00026
demolfa01032,0,Dattes Deglet Nour (carton),,249.000,42.000,6.00,13.00,9830.520,demofac00558,demoprd00037
demolfa01033,1,Logiciel de gestion commerciale,,1.000,2900.000,0.00,19.00,2900.000,demofac00558,demoprd00029
demolfa01034,0,Formation cybersecurite,,1.000,1800.000,0.00,19.00,1800.000,demofac00544,demoprd00014
demolfa01035,1,Stockage entrepot (m2/mois),,112.000,12.000,9.00,19.00,1223.040,demofac00544,demoprd00020
demolfa01036,2,Disque SSD 1To,,13.000,310.000,0.00,19.00,4030.000,demofac00544,demoprd00026
demolfa01037,0,Ramette papier A4,,200.000,14.500,0.00,19.00,2900.000,demofac00527,demoprd00030
demolfa01038,0,Carrelage (m2),,246.000,38.000,0.00,19.00,9348.000,demofac00552,demoprd00039
demolfa01039,0,Developpement web (jour),,20.000,450.000,0.00,19.00,9000.000,demofac00555,demoprd00005
demolfa01040,0,Support premium (annuel),,1.000,3600.000,0.00,19.00,3600.000,demofac00553,demoprd00011
demolfa01041,0,Licence antivirus (poste),,31.000,85.000,0.00,19.00,2635.000,demofac00534,demoprd00027
demolfa01042,1,Logiciel de gestion commerciale,,1.000,2900.000,0.00,19.00,2900.000,demofac00534,demoprd00029
demolfa01043,2,Audit organisationnel,,1.000,3200.000,0.00,19.00,3200.000,demofac00534,demoprd00002
demolfa01044,0,Classeur archive,,51.000,6.800,0.00,19.00,346.800,demofac00563,demoprd00032
demolfa01045,1,Ciment (tonne),,4.000,310.000,0.00,19.00,1240.000,demofac00563,demoprd00038
demolfa01046,2,Mobilier de bureau (poste),,6.000,1250.000,0.00,19.00,7500.000,demofac00563,demoprd00033
demolfa01047,3,Maintenance mensuelle,,2.000,380.000,0.00,19.00,760.000,demofac00563,demoprd00009
demolfa01048,0,Dattes Deglet Nour (carton),,5040.000,42.000,0.00,13.00,211680.000,demofac00571,demoprd00037
demolfa01049,0,Routeur professionnel,,2.000,540.000,0.00,19.00,1080.000,demofac00554,demoprd00024
demolfa01050,1,Maintenance mensuelle,,2.000,380.000,0.00,19.00,760.000,demofac00554,demoprd00009
demolfa01051,0,Ciment (tonne),,60.000,310.000,0.00,19.00,18600.000,demofac00564,demoprd00038
demolfa01052,0,Intervention sur site,,2.000,150.000,0.00,19.00,300.000,demofac00525,demoprd00010
demolfa01053,0,Hebergement web (annuel),,1.000,540.000,0.00,19.00,540.000,demofac00535,demoprd00016
demolfa01054,1,Ciment (tonne),,21.000,310.000,0.00,19.00,6510.000,demofac00535,demoprd00038
demolfa01055,0,Sauvegarde externalisee,,2.000,95.000,0.00,19.00,190.000,demofac00568,demoprd00012
demolfa01056,0,Mobilier de bureau (poste),,6.000,1250.000,0.00,19.00,7500.000,demofac00526,demoprd00033
demolfa01057,1,Cartouche toner,,23.000,165.000,0.00,19.00,3795.000,demofac00526,demoprd00031
demolfa01058,2,Maintenance mensuelle,,1.000,380.000,0.00,19.00,380.000,demofac00526,demoprd00009
demolfa01059,0,Integration ERP (jour),,6.000,600.000,0.00,19.00,3600.000,demofac00531,demoprd00007
demolfa01060,1,Logiciel de gestion commerciale,,1.000,2900.000,12.00,19.00,2552.000,demofac00531,demoprd00029
demolfa01061,0,Kit de premiers secours,,15.000,75.000,0.00,7.00,1125.000,demofac00559,demoprd00034
demolfa01062,0,Formation comptabilite,,4.000,650.000,0.00,19.00,2600.000,demofac00572,demoprd00015
demolfa01063,1,Formation bureautique (jour),,3.000,420.000,12.00,19.00,1108.800,demofac00572,demoprd00013
demolfa01064,2,Formation cybersecurite,,2.000,1800.000,0.00,19.00,3600.000,demofac00572,demoprd00014
demolfa01065,0,Maintenance mensuelle,,1.000,380.000,0.00,19.00,380.000,demofac00538,demoprd00009
demolfa01066,0,Huile d'olive extra (bidon 5L),,300.000,68.000,0.00,13.00,20400.000,demofac00528,demoprd00036
demolfa01067,1,Gants nitrile (boite),,400.000,18.000,15.00,7.00,6120.000,demofac00528,demoprd00035
demolfa01068,2,Maintenance mensuelle,,3.000,380.000,0.00,19.00,1140.000,demofac00528,demoprd00009
demolfa01069,0,Huile d'olive extra (bidon 5L),,206.000,68.000,0.00,13.00,14008.000,demofac00543,demoprd00036
demolfa01070,0,Intervention sur site,,2.000,150.000,0.00,19.00,300.000,demofac00570,demoprd00010
demolfa01071,1,Maintenance mensuelle,,2.000,380.000,0.00,19.00,760.000,demofac00570,demoprd00009
demolfa01072,2,Transport de marchandises,,5.000,210.000,0.00,7.00,1050.000,demofac00570,demoprd00019
demolfa01073,0,Integration ERP (jour),,6.000,600.000,0.00,19.00,3600.000,demofac00565,demoprd00007
demolfa01074,1,Audit organisationnel,,1.000,3200.000,0.00,19.00,3200.000,demofac00565,demoprd00002
demolfa01075,0,Integration ERP (jour),,7.000,600.000,14.00,19.00,3612.000,demofac00573,demoprd00007
demolfa01076,1,Maintenance mensuelle,,1.000,380.000,0.00,19.00,380.000,demofac00573,demoprd00009
demolfa01077,0,Maintenance mensuelle,,2.000,380.000,0.00,19.00,760.000,demofac00542,demoprd00009
demolfa01078,1,Developpement web (jour),,3.000,450.000,0.00,19.00,1350.000,demofac00542,demoprd00005
demolfa01079,2,Support premium (annuel),,1.000,3600.000,0.00,19.00,3600.000,demofac00542,demoprd00011
demolfa01080,0,Support premium (annuel),,1.000,3600.000,12.00,19.00,3168.000,demofac00556,demoprd00011
demolfa01081,0,Routeur professionnel,,4.000,540.000,14.00,19.00,1857.600,demofac00529,demoprd00024
demolfa01082,1,Onduleur 1500VA,,6.000,460.000,0.00,19.00,2760.000,demofac00529,demoprd00025
demolfa01083,2,Disque SSD 1To,,4.000,310.000,0.00,19.00,1240.000,demofac00529,demoprd00026
demolfa01084,0,Licence antivirus (poste),,48.000,85.000,0.00,19.00,4080.000,demofac00560,demoprd00027
demolfa01085,1,Logiciel de gestion commerciale,,2.000,2900.000,0.00,19.00,5800.000,demofac00560,demoprd00029
demolfa01086,0,Formation cybersecurite,,2.000,1800.000,0.00,19.00,3600.000,demofac00545,demoprd00014
demolfa01087,1,Kit de premiers secours,,21.000,75.000,0.00,7.00,1575.000,demofac00545,demoprd00034
demolfa01088,2,Gants nitrile (boite),,225.000,18.000,0.00,7.00,4050.000,demofac00545,demoprd00035
demolfa01089,3,Ramette papier A4,,200.000,14.500,0.00,19.00,2900.000,demofac00545,demoprd00030
demolfa01090,0,Nom de domaine .tn,,1.000,45.000,0.00,19.00,45.000,demofac00530,demoprd00017
demolfa01091,0,Imprimante laser,,1.000,980.000,8.00,19.00,901.600,demofac00524,demoprd00023
demolfa01092,1,Ecran 27 pouces,,2.000,690.000,0.00,19.00,1380.000,demofac00524,demoprd00022
demolfa01093,0,Huile d'olive extra (bidon 5L),,40.000,68.000,9.00,13.00,2475.200,demofac00533,demoprd00036
demolfa01094,0,Support premium (annuel),,1.000,3600.000,0.00,19.00,3600.000,demofac00547,demoprd00011
demolfa01095,1,Site vitrine,,1.000,2400.000,0.00,19.00,2400.000,demofac00547,demoprd00008
demolfa01096,2,Licence suite bureautique,,26.000,320.000,14.00,19.00,7155.200,demofac00547,demoprd00028
demolfa01097,0,Maintenance mensuelle,,1.000,380.000,0.00,19.00,380.000,demofac00569,demoprd00009
demolfa01098,1,Mobilier de bureau (poste),,6.000,1250.000,0.00,19.00,7500.000,demofac00569,demoprd00033
demolfa01099,0,Conseil strategique (jour),,7.000,850.000,10.00,19.00,5355.000,demofac00567,demoprd00001
demolfa01100,1,Etude de marche,,1.000,4500.000,0.00,19.00,4500.000,demofac00567,demoprd00004
demolfa01101,2,Peinture murale (pot 20L),,8.000,145.000,0.00,19.00,1160.000,demofac00567,demoprd00040
demolfa01102,0,Dattes Deglet Nour (carton),,500.000,42.000,0.00,13.00,21000.000,demofac00539,demoprd00037
demolfa01103,1,Huile d'olive extra (bidon 5L),,244.000,68.000,0.00,13.00,16592.000,demofac00539,demoprd00036
demolfa01104,0,Routeur professionnel,,1.000,540.000,0.00,19.00,540.000,demofac00566,demoprd00024
demolfa01105,1,Nom de domaine .tn,,1.000,45.000,0.00,19.00,45.000,demofac00566,demoprd00017
demolfa01106,2,Ordinateur portable pro,,10.000,2350.000,6.00,19.00,22090.000,demofac00566,demoprd00021
demolfa01107,3,Cartouche toner,,30.000,165.000,0.00,19.00,4950.000,demofac00566,demoprd00031
demolfa01108,0,Kit de premiers secours,,18.000,75.000,0.00,7.00,1350.000,demofac00548,demoprd00034
demolfa01109,0,Intervention sur site,,4.000,150.000,0.00,19.00,600.000,demofac00540,demoprd00010
demolfa01110,1,Logiciel de gestion commerciale,,2.000,2900.000,0.00,19.00,5800.000,demofac00540,demoprd00029
demolfa01111,0,Cartouche toner,,30.000,165.000,0.00,19.00,4950.000,demofac00537,demoprd00031
demolfa01112,1,Serveur dedie (mois),,12.000,290.000,0.00,19.00,3480.000,demofac00537,demoprd00018
demolfa01113,0,Support premium (annuel),,1.000,3600.000,0.00,19.00,3600.000,demofac00561,demoprd00011
demolfa01114,0,Conseil strategique (jour),,8.000,850.000,0.00,19.00,6800.000,demofac00536,demoprd00001
demolfa01115,0,Carrelage (m2),,97.000,38.000,0.00,19.00,3686.000,demofac00574,demoprd00039
demolfa01116,1,Formation bureautique (jour),,2.000,420.000,0.00,19.00,840.000,demofac00574,demoprd00013
demolfa01117,2,Formation comptabilite,,2.000,650.000,0.00,19.00,1300.000,demofac00574,demoprd00015
demolfa01118,0,Imprimante laser,,2.000,980.000,0.00,19.00,1960.000,demofac00607,demoprd00023
demolfa01119,1,Routeur professionnel,,2.000,540.000,0.00,19.00,1080.000,demofac00607,demoprd00024
demolfa01120,2,Stockage entrepot (m2/mois),,92.000,12.000,0.00,19.00,1104.000,demofac00607,demoprd00020
demolfa01121,3,Ecran 27 pouces,,2.000,690.000,0.00,19.00,1380.000,demofac00607,demoprd00022
demolfa01122,0,Stockage entrepot (m2/mois),,182.000,12.000,0.00,19.00,2184.000,demofac00599,demoprd00020
demolfa01123,0,Gants nitrile (boite),,247.000,18.000,0.00,7.00,4446.000,demofac00593,demoprd00035
demolfa01124,1,Intervention sur site,,1.000,150.000,0.00,19.00,150.000,demofac00593,demoprd00010
demolfa01125,2,Formation comptabilite,,2.000,650.000,10.00,19.00,1170.000,demofac00593,demoprd00015
demolfa01126,3,Transport de marchandises,,4.000,210.000,0.00,7.00,840.000,demofac00593,demoprd00019
demolfa01127,0,Logiciel de gestion commerciale,,1.000,2900.000,0.00,19.00,2900.000,demofac00619,demoprd00029
demolfa01128,0,Classeur archive,,26.000,6.800,0.00,19.00,176.800,demofac00602,demoprd00032
demolfa01129,1,Formation cybersecurite,,1.000,1800.000,0.00,19.00,1800.000,demofac00602,demoprd00014
demolfa01130,0,Application mobile (forfait),,1.000,12000.000,0.00,19.00,12000.000,demofac00580,demoprd00006
demolfa01131,1,Maintenance mensuelle,,1.000,380.000,0.00,19.00,380.000,demofac00580,demoprd00009
demolfa01132,2,Support premium (annuel),,1.000,3600.000,0.00,19.00,3600.000,demofac00580,demoprd00011
demolfa01133,0,Ecran 27 pouces,,9.000,690.000,0.00,19.00,6210.000,demofac00594,demoprd00022
demolfa01134,1,Intervention sur site,,6.000,150.000,0.00,19.00,900.000,demofac00594,demoprd00010
demolfa01135,2,Dattes Deglet Nour (carton),,296.000,42.000,0.00,13.00,12432.000,demofac00594,demoprd00037
demolfa01136,3,Serveur dedie (mois),,8.000,290.000,0.00,19.00,2320.000,demofac00594,demoprd00018
demolfa01137,0,Transport de marchandises,,5.000,210.000,0.00,7.00,1050.000,demofac00575,demoprd00019
demolfa01138,1,Gants nitrile (boite),,132.000,18.000,0.00,7.00,2376.000,demofac00575,demoprd00035
demolfa01139,2,Conseil strategique (jour),,3.000,850.000,0.00,19.00,2550.000,demofac00575,demoprd00001
demolfa01140,3,Serveur dedie (mois),,1.000,290.000,0.00,19.00,290.000,demofac00575,demoprd00018
demolfa01141,0,Mobilier de bureau (poste),,10.000,1250.000,0.00,19.00,12500.000,demofac00622,demoprd00033
demolfa01142,0,Site vitrine,,1.000,2400.000,0.00,19.00,2400.000,demofac00586,demoprd00008
demolfa01143,1,Kit de premiers secours,,32.000,75.000,0.00,7.00,2400.000,demofac00586,demoprd00034
demolfa01144,2,Ordinateur portable pro,,10.000,2350.000,0.00,19.00,23500.000,demofac00586,demoprd00021
demolfa01145,0,Formation bureautique (jour),,4.000,420.000,0.00,19.00,1680.000,demofac00608,demoprd00013
demolfa01146,0,Disque SSD 1To,,8.000,310.000,0.00,19.00,2480.000,demofac00597,demoprd00026
demolfa01147,0,Ciment (tonne),,14.000,310.000,0.00,19.00,4340.000,demofac00601,demoprd00038
demolfa01148,1,Carrelage (m2),,136.000,38.000,0.00,19.00,5168.000,demofac00601,demoprd00039
demolfa01149,0,Audit organisationnel,,1.000,3200.000,7.00,19.00,2976.000,demofac00620,demoprd00002
demolfa01150,1,Accompagnement fiscal (heure),,3.000,120.000,0.00,19.00,360.000,demofac00620,demoprd00003
demolfa01151,0,Peinture murale (pot 20L),,59.000,145.000,0.00,19.00,8555.000,demofac00581,demoprd00040
demolfa01152,0,Formation bureautique (jour),,1.000,420.000,0.00,19.00,420.000,demofac00578,demoprd00013
demolfa01153,1,Formation cybersecurite,,1.000,1800.000,10.00,19.00,1620.000,demofac00578,demoprd00014
demolfa01154,0,Onduleur 1500VA,,1.000,460.000,0.00,19.00,460.000,demofac00583,demoprd00025
demolfa01155,1,Ecran 27 pouces,,3.000,690.000,12.00,19.00,1821.600,demofac00583,demoprd00022
demolfa01156,2,Imprimante laser,,2.000,980.000,0.00,19.00,1960.000,demofac00583,demoprd00023
demolfa01157,0,Intervention sur site,,4.000,150.000,6.00,19.00,564.000,demofac00589,demoprd00010
demolfa01158,1,Ecran 27 pouces,,1.000,690.000,0.00,19.00,690.000,demofac00589,demoprd00022
demolfa01159,0,Formation comptabilite,,2.000,650.000,0.00,19.00,1300.000,demofac00615,demoprd00015
demolfa01160,0,Intervention sur site,,1.000,150.000,0.00,19.00,150.000,demofac00582,demoprd00010
demolfa01161,1,Sauvegarde externalisee,,5.000,95.000,0.00,19.00,475.000,demofac00582,demoprd00012
demolfa01162,0,Hebergement web (annuel),,3.000,540.000,0.00,19.00,1620.000,demofac00609,demoprd00016
demolfa01163,1,Serveur dedie (mois),,4.000,290.000,0.00,19.00,1160.000,demofac00609,demoprd00018
demolfa01164,0,Hebergement web (annuel),,1.000,540.000,0.00,19.00,540.000,demofac00621,demoprd00016
demolfa01165,1,Kit de premiers secours,,3.000,75.000,0.00,7.00,225.000,demofac00621,demoprd00034
demolfa01166,2,Sauvegarde externalisee,,1.000,95.000,0.00,19.00,95.000,demofac00621,demoprd00012
demolfa01167,0,Onduleur 1500VA,,1.000,460.000,15.00,19.00,391.000,demofac00587,demoprd00025
demolfa01168,0,Transport de marchandises,,10.000,210.000,0.00,7.00,2100.000,demofac00603,demoprd00019
demolfa01169,0,Logiciel de gestion commerciale,,1.000,2900.000,0.00,19.00,2900.000,demofac00618,demoprd00029
demolfa01170,1,Peinture murale (pot 20L),,4.000,145.000,0.00,19.00,580.000,demofac00618,demoprd00040
demolfa01171,2,Carrelage (m2),,83.000,38.000,0.00,19.00,3154.000,demofac00618,demoprd00039
demolfa01172,3,Licence antivirus (poste),,7.000,85.000,0.00,19.00,595.000,demofac00618,demoprd00027
demolfa01173,0,Formation comptabilite,,3.000,650.000,0.00,19.00,1950.000,demofac00610,demoprd00015
demolfa01174,1,Formation cybersecurite,,2.000,1800.000,0.00,19.00,3600.000,demofac00610,demoprd00014
demolfa01175,0,Gants nitrile (boite),,400.000,18.000,0.00,7.00,7200.000,demofac00588,demoprd00035
demolfa01176,0,Serveur dedie (mois),,8.000,290.000,0.00,19.00,2320.000,demofac00600,demoprd00018
demolfa01177,0,Onduleur 1500VA,,1.000,460.000,0.00,19.00,460.000,demofac00596,demoprd00025
demolfa01178,1,Carrelage (m2),,56.000,38.000,8.00,19.00,1957.760,demofac00596,demoprd00039
demolfa01179,0,Licence antivirus (poste),,72.000,85.000,0.00,19.00,6120.000,demofac00604,demoprd00027
demolfa01180,1,Sauvegarde externalisee,,5.000,95.000,0.00,19.00,475.000,demofac00604,demoprd00012
demolfa01181,2,Etude de marche,,1.000,4500.000,0.00,19.00,4500.000,demofac00604,demoprd00004
demolfa01182,3,Licence suite bureautique,,19.000,320.000,14.00,19.00,5228.800,demofac00604,demoprd00028
demolfa01183,0,Ecran 27 pouces,,1.000,690.000,0.00,19.00,690.000,demofac00605,demoprd00022
demolfa01184,0,Classeur archive,,90.000,6.800,11.00,19.00,544.680,demofac00606,demoprd00032
demolfa01185,1,Formation cybersecurite,,2.000,1800.000,0.00,19.00,3600.000,demofac00606,demoprd00014
demolfa01186,0,Accompagnement fiscal (heure),,11.000,120.000,0.00,19.00,1320.000,demofac00590,demoprd00003
demolfa01187,1,Site vitrine,,1.000,2400.000,0.00,19.00,2400.000,demofac00590,demoprd00008
demolfa01188,2,Audit organisationnel,,1.000,3200.000,13.00,19.00,2784.000,demofac00590,demoprd00002
demolfa01189,0,Formation bureautique (jour),,1.000,420.000,0.00,19.00,420.000,demofac00623,demoprd00013
demolfa01190,0,Formation bureautique (jour),,2.000,420.000,0.00,19.00,840.000,demofac00613,demoprd00013
demolfa01191,1,Formation comptabilite,,1.000,650.000,0.00,19.00,650.000,demofac00613,demoprd00015
demolfa01192,0,Licence antivirus (poste),,24.000,85.000,15.00,19.00,1734.000,demofac00585,demoprd00027
demolfa01193,1,Licence suite bureautique,,13.000,320.000,0.00,19.00,4160.000,demofac00585,demoprd00028
demolfa01194,0,Support premium (annuel),,1.000,3600.000,10.00,19.00,3240.000,demofac00612,demoprd00011
demolfa01195,1,Dattes Deglet Nour (carton),,99.000,42.000,0.00,13.00,4158.000,demofac00612,demoprd00037
demolfa01196,0,Carrelage (m2),,511.000,38.000,0.00,19.00,19418.000,demofac00624,demoprd00039
demolfa01197,1,Accompagnement fiscal (heure),,11.000,120.000,0.00,19.00,1320.000,demofac00624,demoprd00003
demolfa01198,2,Conseil strategique (jour),,5.000,850.000,0.00,19.00,4250.000,demofac00624,demoprd00001
demolfa01199,3,Ciment (tonne),,39.000,310.000,10.00,19.00,10881.000,demofac00624,demoprd00038
demolfa01200,0,Formation comptabilite,,2.000,650.000,6.00,19.00,1222.000,demofac00579,demoprd00015
demolfa01201,0,Site vitrine,,1.000,2400.000,0.00,19.00,2400.000,demofac00576,demoprd00008
demolfa01202,1,Ordinateur portable pro,,2.000,2350.000,9.00,19.00,4277.000,demofac00576,demoprd00021
demolfa01203,2,Sauvegarde externalisee,,3.000,95.000,0.00,19.00,285.000,demofac00576,demoprd00012
demolfa01204,0,Sauvegarde externalisee,,12.000,95.000,0.00,19.00,1140.000,demofac00598,demoprd00012
demolfa01205,0,Site vitrine,,1.000,2400.000,0.00,19.00,2400.000,demofac00611,demoprd00008
demolfa01206,1,Etude de marche,,1.000,4500.000,0.00,19.00,4500.000,demofac00611,demoprd00004
demolfa01207,2,Conseil strategique (jour),,2.000,850.000,0.00,19.00,1700.000,demofac00611,demoprd00001
demolfa01208,0,Transport de marchandises,,6.000,210.000,8.00,7.00,1159.200,demofac00591,demoprd00019
demolfa01209,1,Developpement web (jour),,6.000,450.000,0.00,19.00,2700.000,demofac00591,demoprd00005
demolfa01210,0,Site vitrine,,1.000,2400.000,0.00,19.00,2400.000,demofac00595,demoprd00008
demolfa01211,1,Huile d'olive extra (bidon 5L),,300.000,68.000,0.00,13.00,20400.000,demofac00595,demoprd00036
demolfa01212,2,Etude de marche,,1.000,4500.000,0.00,19.00,4500.000,demofac00595,demoprd00004
demolfa01213,0,Huile d'olive extra (bidon 5L),,97.000,68.000,0.00,13.00,6596.000,demofac00592,demoprd00036
demolfa01214,0,Maintenance mensuelle,,1.000,380.000,0.00,19.00,380.000,demofac00616,demoprd00009
demolfa01215,0,Huile d'olive extra (bidon 5L),,142.000,68.000,0.00,13.00,9656.000,demofac00584,demoprd00036
demolfa01216,1,Dattes Deglet Nour (carton),,309.000,42.000,0.00,13.00,12978.000,demofac00584,demoprd00037
demolfa01217,0,Dattes Deglet Nour (carton),,184.000,42.000,0.00,13.00,7728.000,demofac00577,demoprd00037
demolfa01218,1,Nom de domaine .tn,,2.000,45.000,5.00,19.00,85.500,demofac00577,demoprd00017
demolfa01219,0,Support premium (annuel),,1.000,3600.000,0.00,19.00,3600.000,demofac00625,demoprd00011
demolfa01220,1,Kit de premiers secours,,30.000,75.000,0.00,7.00,2250.000,demofac00625,demoprd00034
demolfa01221,0,Support premium (annuel),,1.000,3600.000,0.00,19.00,3600.000,demofac00617,demoprd00011
demolfa01222,0,Classeur archive,,299.000,6.800,0.00,19.00,2033.200,demofac00614,demoprd00032
demolfa01223,1,Audit organisationnel,,1.000,3200.000,0.00,19.00,3200.000,demofac00614,demoprd00002
demolfa01224,2,Mobilier de bureau (poste),,15.000,1250.000,0.00,19.00,18750.000,demofac00614,demoprd00033
demolfa01225,0,Kit de premiers secours,,15.000,75.000,0.00,7.00,1125.000,demofac00659,demoprd00034
demolfa01226,1,Gants nitrile (boite),,197.000,18.000,0.00,7.00,3546.000,demofac00659,demoprd00035
demolfa01227,0,Dattes Deglet Nour (carton),,271.000,42.000,0.00,13.00,11382.000,demofac00653,demoprd00037
demolfa01228,1,Huile d'olive extra (bidon 5L),,92.000,68.000,5.00,13.00,5943.200,demofac00653,demoprd00036
demolfa01229,0,Kit de premiers secours,,3.000,75.000,0.00,7.00,225.000,demofac00638,demoprd00034
demolfa01230,1,Audit organisationnel,,1.000,3200.000,0.00,19.00,3200.000,demofac00638,demoprd00002
demolfa01231,2,Accompagnement fiscal (heure),,3.000,120.000,0.00,19.00,360.000,demofac00638,demoprd00003
demolfa01232,0,Peinture murale (pot 20L),,24.000,145.000,0.00,19.00,3480.000,demofac00673,demoprd00040
demolfa01233,1,Accompagnement fiscal (heure),,14.000,120.000,0.00,19.00,1680.000,demofac00673,demoprd00003
demolfa01234,0,Support premium (annuel),,1.000,3600.000,0.00,19.00,3600.000,demofac00646,demoprd00011
demolfa01235,0,Sauvegarde externalisee,,2.000,95.000,0.00,19.00,190.000,demofac00669,demoprd00012
demolfa01236,0,Formation cybersecurite,,1.000,1800.000,0.00,19.00,1800.000,demofac00660,demoprd00014
demolfa01237,0,Classeur archive,,42.000,6.800,10.00,19.00,257.040,demofac00672,demoprd00032
demolfa01238,1,Support premium (annuel),,1.000,3600.000,0.00,19.00,3600.000,demofac00672,demoprd00011
demolfa01239,2,Maintenance mensuelle,,2.000,380.000,0.00,19.00,760.000,demofac00672,demoprd00009
demolfa01240,0,Formation cybersecurite,,1.000,1800.000,0.00,19.00,1800.000,demofac00677,demoprd00014
demolfa01241,0,Logiciel de gestion commerciale,,1.000,2900.000,0.00,19.00,2900.000,demofac00667,demoprd00029
demolfa01242,0,Intervention sur site,,3.000,150.000,0.00,19.00,450.000,demofac00639,demoprd00010
demolfa01243,0,Gants nitrile (boite),,166.000,18.000,0.00,7.00,2988.000,demofac00633,demoprd00035
demolfa01244,1,Accompagnement fiscal (heure),,4.000,120.000,0.00,19.00,480.000,demofac00633,demoprd00003
demolfa01245,0,Carrelage (m2),,87.000,38.000,0.00,19.00,3306.000,demofac00634,demoprd00039
demolfa01246,0,Site vitrine,,1.000,2400.000,0.00,19.00,2400.000,demofac00647,demoprd00008
demolfa01247,1,Maintenance mensuelle,,3.000,380.000,0.00,19.00,1140.000,demofac00647,demoprd00009
demolfa01248,0,Serveur dedie (mois),,8.000,290.000,0.00,19.00,2320.000,demofac00642,demoprd00018
demolfa01249,1,Intervention sur site,,3.000,150.000,0.00,19.00,450.000,demofac00642,demoprd00010
demolfa01250,0,Disque SSD 1To,,11.000,310.000,0.00,19.00,3410.000,demofac00644,demoprd00026
demolfa01251,0,Conseil strategique (jour),,7.000,850.000,0.00,19.00,5950.000,demofac00656,demoprd00001
demolfa01252,1,Etude de marche,,1.000,4500.000,0.00,19.00,4500.000,demofac00656,demoprd00004
demolfa01253,2,Audit organisationnel,,1.000,3200.000,0.00,19.00,3200.000,demofac00656,demoprd00002
demolfa01254,0,Accompagnement fiscal (heure),,15.000,120.000,0.00,19.00,1800.000,demofac00645,demoprd00003
demolfa01255,0,Logiciel de gestion commerciale,,2.000,2900.000,0.00,19.00,5800.000,demofac00643,demoprd00029
demolfa01256,1,Onduleur 1500VA,,2.000,460.000,0.00,19.00,920.000,demofac00643,demoprd00025
demolfa01257,2,Licence antivirus (poste),,28.000,85.000,0.00,19.00,2380.000,demofac00643,demoprd00027
demolfa01258,3,Kit de premiers secours,,18.000,75.000,0.00,7.00,1350.000,demofac00643,demoprd00034
demolfa01259,0,Developpement web (jour),,7.000,450.000,0.00,19.00,3150.000,demofac00663,demoprd00005
demolfa01260,0,Integration ERP (jour),,15.000,600.000,0.00,19.00,9000.000,demofac00664,demoprd00007
demolfa01261,1,Application mobile (forfait),,1.000,12000.000,0.00,19.00,12000.000,demofac00664,demoprd00006
demolfa01262,0,Disque SSD 1To,,7.000,310.000,0.00,19.00,2170.000,demofac00626,demoprd00026
demolfa01263,1,Developpement web (jour),,5.000,450.000,0.00,19.00,2250.000,demofac00626,demoprd00005
demolfa01264,2,Onduleur 1500VA,,2.000,460.000,15.00,19.00,782.000,demofac00626,demoprd00025
demolfa01265,0,Application mobile (forfait),,1.000,12000.000,0.00,19.00,12000.000,demofac00627,demoprd00006
demolfa01266,1,Site vitrine,,1.000,2400.000,0.00,19.00,2400.000,demofac00627,demoprd00008
demolfa01267,2,Maintenance mensuelle,,1.000,380.000,0.00,19.00,380.000,demofac00627,demoprd00009
demolfa01268,0,Imprimante laser,,1.000,980.000,0.00,19.00,980.000,demofac00668,demoprd00023
demolfa01269,0,Transport de marchandises,,1.000,210.000,0.00,7.00,210.000,demofac00652,demoprd00019
demolfa01270,1,Stockage entrepot (m2/mois),,87.000,12.000,0.00,19.00,1044.000,demofac00652,demoprd00020
demolfa01271,2,Formation comptabilite,,4.000,650.000,0.00,19.00,2600.000,demofac00652,demoprd00015
demolfa01272,0,Classeur archive,,114.000,6.800,0.00,19.00,775.200,demofac00629,demoprd00032
demolfa01273,1,Mobilier de bureau (poste),,6.000,1250.000,0.00,19.00,7500.000,demofac00629,demoprd00033
demolfa01274,2,Peinture murale (pot 20L),,10.000,145.000,0.00,19.00,1450.000,demofac00629,demoprd00040
demolfa01275,0,Peinture murale (pot 20L),,24.000,145.000,15.00,19.00,2958.000,demofac00665,demoprd00040
demolfa01276,1,Etude de marche,,1.000,4500.000,0.00,19.00,4500.000,demofac00665,demoprd00004
demolfa01277,2,Licence antivirus (poste),,31.000,85.000,11.00,19.00,2345.150,demofac00665,demoprd00027
demolfa01278,3,Huile d'olive extra (bidon 5L),,109.000,68.000,0.00,13.00,7412.000,demofac00665,demoprd00036
demolfa01279,0,Routeur professionnel,,1.000,540.000,0.00,19.00,540.000,demofac00641,demoprd00024
demolfa01280,0,Peinture murale (pot 20L),,9.000,145.000,0.00,19.00,1305.000,demofac00631,demoprd00040
demolfa01281,0,Routeur professionnel,,3.000,540.000,0.00,19.00,1620.000,demofac00654,demoprd00024
demolfa01282,1,Carrelage (m2),,800.000,38.000,10.00,19.00,27360.000,demofac00654,demoprd00039
demolfa01283,0,Ramette papier A4,,57.000,14.500,0.00,19.00,826.500,demofac00635,demoprd00030
demolfa01284,1,Carrelage (m2),,800.000,38.000,0.00,19.00,30400.000,demofac00635,demoprd00039
demolfa01285,0,Hebergement web (annuel),,3.000,540.000,0.00,19.00,1620.000,demofac00674,demoprd00016
demolfa01286,1,Mobilier de bureau (poste),,2.000,1250.000,0.00,19.00,2500.000,demofac00674,demoprd00033
demolfa01287,0,Nom de domaine .tn,,1.000,45.000,0.00,19.00,45.000,demofac00657,demoprd00017
demolfa01288,0,Nom de domaine .tn,,2.000,45.000,0.00,19.00,90.000,demofac00630,demoprd00017
demolfa01289,0,Etude de marche,,1.000,4500.000,15.00,19.00,3825.000,demofac00632,demoprd00004
demolfa01290,0,Imprimante laser,,3.000,980.000,0.00,19.00,2940.000,demofac00678,demoprd00023
demolfa01291,1,Ordinateur portable pro,,3.000,2350.000,0.00,19.00,7050.000,demofac00678,demoprd00021
demolfa01292,2,Logiciel de gestion commerciale,,1.000,2900.000,0.00,19.00,2900.000,demofac00678,demoprd00029
demolfa01293,0,Serveur dedie (mois),,4.000,290.000,0.00,19.00,1160.000,demofac00655,demoprd00018
demolfa01294,0,Cartouche toner,,10.000,165.000,0.00,19.00,1650.000,demofac00681,demoprd00031
demolfa01295,0,Logiciel de gestion commerciale,,2.000,2900.000,0.00,19.00,5800.000,demofac00649,demoprd00029
demolfa01296,0,Application mobile (forfait),,1.000,12000.000,0.00,19.00,12000.000,demofac00670,demoprd00006
demolfa01297,1,Site vitrine,,1.000,2400.000,0.00,19.00,2400.000,demofac00670,demoprd00008
demolfa01298,2,Stockage entrepot (m2/mois),,300.000,12.000,0.00,19.00,3600.000,demofac00670,demoprd00020
demolfa01299,3,Hebergement web (annuel),,3.000,540.000,0.00,19.00,1620.000,demofac00670,demoprd00016
demolfa01300,0,Ramette papier A4,,111.000,14.500,0.00,19.00,1609.500,demofac00648,demoprd00030
demolfa01301,1,Intervention sur site,,2.000,150.000,9.00,19.00,273.000,demofac00648,demoprd00010
demolfa01302,0,Kit de premiers secours,,40.000,75.000,8.00,7.00,2760.000,demofac00636,demoprd00034
demolfa01303,1,Ciment (tonne),,3.000,310.000,5.00,19.00,883.500,demofac00636,demoprd00038
demolfa01304,0,Logiciel de gestion commerciale,,1.000,2900.000,0.00,19.00,2900.000,demofac00679,demoprd00029
demolfa01305,1,Licence antivirus (poste),,22.000,85.000,0.00,19.00,1870.000,demofac00679,demoprd00027
demolfa01306,2,Peinture murale (pot 20L),,14.000,145.000,5.00,19.00,1928.500,demofac00679,demoprd00040
demolfa01307,0,Classeur archive,,300.000,6.800,0.00,19.00,2040.000,demofac00637,demoprd00032
demolfa01308,1,Routeur professionnel,,5.000,540.000,0.00,19.00,2700.000,demofac00637,demoprd00024
demolfa01309,2,Ramette papier A4,,200.000,14.500,0.00,19.00,2900.000,demofac00637,demoprd00030
demolfa01310,0,Formation comptabilite,,1.000,650.000,9.00,19.00,591.500,demofac00640,demoprd00015
demolfa01311,0,Peinture murale (pot 20L),,37.000,145.000,0.00,19.00,5365.000,demofac00675,demoprd00040
demolfa01312,1,Classeur archive,,229.000,6.800,0.00,19.00,1557.200,demofac00675,demoprd00032
demolfa01313,0,Formation bureautique (jour),,3.000,420.000,0.00,19.00,1260.000,demofac00628,demoprd00013
demolfa01314,1,Ecran 27 pouces,,4.000,690.000,0.00,19.00,2760.000,demofac00628,demoprd00022
demolfa01315,0,Sauvegarde externalisee,,5.000,95.000,13.00,19.00,413.250,demofac00651,demoprd00012
demolfa01316,0,Onduleur 1500VA,,3.000,460.000,0.00,19.00,1380.000,demofac00661,demoprd00025
demolfa01317,0,Transport de marchandises,,7.000,210.000,0.00,7.00,1470.000,demofac00662,demoprd00019
demolfa01318,0,Support premium (annuel),,1.000,3600.000,0.00,19.00,3600.000,demofac00650,demoprd00011
demolfa01319,1,Maintenance mensuelle,,2.000,380.000,0.00,19.00,760.000,demofac00650,demoprd00009
demolfa01320,2,Cartouche toner,,10.000,165.000,0.00,19.00,1650.000,demofac00650,demoprd00031
demolfa01321,0,Intervention sur site,,3.000,150.000,0.00,19.00,450.000,demofac00666,demoprd00010
demolfa01322,0,Accompagnement fiscal (heure),,10.000,120.000,0.00,19.00,1200.000,demofac00676,demoprd00003
demolfa01323,1,Etude de marche,,1.000,4500.000,0.00,19.00,4500.000,demofac00676,demoprd00004
demolfa01324,0,Huile d'olive extra (bidon 5L),,259.000,68.000,0.00,13.00,17612.000,demofac00658,demoprd00036
demolfa01325,1,Site vitrine,,1.000,2400.000,0.00,19.00,2400.000,demofac00658,demoprd00008
demolfa01326,0,Site vitrine,,1.000,2400.000,0.00,19.00,2400.000,demofac00671,demoprd00008
demolfa01327,1,Ordinateur portable pro,,4.000,2350.000,0.00,19.00,9400.000,demofac00671,demoprd00021
demolfa01328,2,Imprimante laser,,1.000,980.000,0.00,19.00,980.000,demofac00671,demoprd00023
demolfa01329,0,Site vitrine,,1.000,2400.000,0.00,19.00,2400.000,demofac00680,demoprd00008
demolfa01330,1,Disque SSD 1To,,5.000,310.000,0.00,19.00,1550.000,demofac00680,demoprd00026
demolfa01331,0,Classeur archive,,200.000,6.800,9.00,19.00,1237.600,demofac00729,demoprd00032
demolfa01332,1,Stockage entrepot (m2/mois),,257.000,12.000,0.00,19.00,3084.000,demofac00729,demoprd00020
demolfa01333,2,Mobilier de bureau (poste),,15.000,1250.000,0.00,19.00,18750.000,demofac00729,demoprd00033
demolfa01334,0,Formation comptabilite,,2.000,650.000,0.00,19.00,1300.000,demofac00722,demoprd00015
demolfa01335,1,Ramette papier A4,,122.000,14.500,15.00,19.00,1503.650,demofac00722,demoprd00030
demolfa01336,0,Audit organisationnel,,1.000,3200.000,0.00,19.00,3200.000,demofac00736,demoprd00002
demolfa01337,1,Dattes Deglet Nour (carton),,500.000,42.000,0.00,13.00,21000.000,demofac00736,demoprd00037
demolfa01338,0,Conseil strategique (jour),,3.000,850.000,0.00,19.00,2550.000,demofac00708,demoprd00001
demolfa01339,1,Licence antivirus (poste),,16.000,85.000,0.00,19.00,1360.000,demofac00708,demoprd00027
demolfa01340,2,Accompagnement fiscal (heure),,2.000,120.000,0.00,19.00,240.000,demofac00708,demoprd00003
demolfa01341,3,Audit organisationnel,,1.000,3200.000,8.00,19.00,2944.000,demofac00708,demoprd00002
demolfa01342,0,Ramette papier A4,,47.000,14.500,0.00,19.00,681.500,demofac00711,demoprd00030
demolfa01343,1,Mobilier de bureau (poste),,5.000,1250.000,0.00,19.00,6250.000,demofac00711,demoprd00033
demolfa01344,0,Logiciel de gestion commerciale,,1.000,2900.000,0.00,19.00,2900.000,demofac00714,demoprd00029
demolfa01345,1,Formation comptabilite,,2.000,650.000,0.00,19.00,1300.000,demofac00714,demoprd00015
demolfa01346,2,Licence suite bureautique,,28.000,320.000,0.00,19.00,8960.000,demofac00714,demoprd00028
demolfa01347,0,Accompagnement fiscal (heure),,20.000,120.000,0.00,19.00,2400.000,demofac00709,demoprd00003
demolfa01348,1,Mobilier de bureau (poste),,15.000,1250.000,0.00,19.00,18750.000,demofac00709,demoprd00033
demolfa01349,0,Licence antivirus (poste),,34.000,85.000,0.00,19.00,2890.000,demofac00716,demoprd00027
demolfa01350,1,Logiciel de gestion commerciale,,1.000,2900.000,0.00,19.00,2900.000,demofac00716,demoprd00029
demolfa01351,0,Cartouche toner,,9.000,165.000,0.00,19.00,1485.000,demofac00703,demoprd00031
demolfa01352,1,Etude de marche,,1.000,4500.000,0.00,19.00,4500.000,demofac00703,demoprd00004
demolfa01353,0,Classeur archive,,158.000,6.800,0.00,19.00,1074.400,demofac00727,demoprd00032
demolfa01354,0,Licence suite bureautique,,43.000,320.000,0.00,19.00,13760.000,demofac00730,demoprd00028
demolfa01355,1,Licence antivirus (poste),,76.000,85.000,0.00,19.00,6460.000,demofac00730,demoprd00027
demolfa01356,0,Peinture murale (pot 20L),,80.000,145.000,12.00,19.00,10208.000,demofac00689,demoprd00040
demolfa01357,0,Disque SSD 1To,,4.000,310.000,0.00,19.00,1240.000,demofac00682,demoprd00026
demolfa01358,0,Licence antivirus (poste),,76.000,85.000,0.00,19.00,6460.000,demofac00734,demoprd00027
demolfa01359,1,Dattes Deglet Nour (carton),,227.000,42.000,0.00,13.00,9534.000,demofac00734,demoprd00037
demolfa01360,0,Accompagnement fiscal (heure),,12.000,120.000,0.00,19.00,1440.000,demofac00723,demoprd00003
demolfa01361,1,Developpement web (jour),,17.000,450.000,0.00,19.00,7650.000,demofac00723,demoprd00005
demolfa01362,0,Transport de marchandises,,2.000,210.000,0.00,7.00,420.000,demofac00683,demoprd00019
demolfa01363,1,Formation cybersecurite,,1.000,1800.000,0.00,19.00,1800.000,demofac00683,demoprd00014
demolfa01364,2,Ordinateur portable pro,,4.000,2350.000,7.00,19.00,8742.000,demofac00683,demoprd00021
demolfa01365,3,Disque SSD 1To,,3.000,310.000,0.00,19.00,930.000,demofac00683,demoprd00026
demolfa01366,0,Mobilier de bureau (poste),,12.000,1250.000,15.00,19.00,12750.000,demofac00720,demoprd00033
demolfa01367,1,Intervention sur site,,4.000,150.000,0.00,19.00,600.000,demofac00720,demoprd00010
demolfa01368,0,Licence antivirus (poste),,25.000,85.000,0.00,19.00,2125.000,demofac00690,demoprd00027
demolfa01369,1,Formation cybersecurite,,1.000,1800.000,0.00,19.00,1800.000,demofac00690,demoprd00014
demolfa01370,0,Serveur dedie (mois),,2.000,290.000,0.00,19.00,580.000,demofac00705,demoprd00018
demolfa01371,1,Nom de domaine .tn,,1.000,45.000,0.00,19.00,45.000,demofac00705,demoprd00017
demolfa01372,0,Developpement web (jour),,20.000,450.000,0.00,19.00,9000.000,demofac00691,demoprd00005
demolfa01373,1,Integration ERP (jour),,15.000,600.000,0.00,19.00,9000.000,demofac00691,demoprd00007
demolfa01374,2,Application mobile (forfait),,1.000,12000.000,0.00,19.00,12000.000,demofac00691,demoprd00006
demolfa01375,0,Dattes Deglet Nour (carton),,478.000,42.000,0.00,13.00,20076.000,demofac00704,demoprd00037
demolfa01376,1,Huile d'olive extra (bidon 5L),,289.000,68.000,0.00,13.00,19652.000,demofac00704,demoprd00036
demolfa01377,0,Ordinateur portable pro,,3.000,2350.000,0.00,19.00,7050.000,demofac00731,demoprd00021
demolfa01378,0,Support premium (annuel),,1.000,3600.000,0.00,19.00,3600.000,demofac00724,demoprd00011
demolfa01379,0,Etude de marche,,1.000,4500.000,0.00,19.00,4500.000,demofac00686,demoprd00004
demolfa01380,0,Classeur archive,,203.000,6.800,0.00,19.00,1380.400,demofac00696,demoprd00032
demolfa01381,1,Mobilier de bureau (poste),,14.000,1250.000,0.00,19.00,17500.000,demofac00696,demoprd00033
demolfa01382,0,Integration ERP (jour),,12.000,600.000,0.00,19.00,7200.000,demofac00697,demoprd00007
demolfa01383,0,Stockage entrepot (m2/mois),,120.000,12.000,0.00,19.00,1440.000,demofac00687,demoprd00020
demolfa01384,1,Ordinateur portable pro,,10.000,2350.000,0.00,19.00,23500.000,demofac00687,demoprd00021
demolfa01385,2,Ramette papier A4,,122.000,14.500,10.00,19.00,1592.100,demofac00687,demoprd00030
demolfa01386,0,Conseil strategique (jour),,1.000,850.000,0.00,19.00,850.000,demofac00732,demoprd00001
demolfa01387,1,Mobilier de bureau (poste),,2.000,1250.000,0.00,19.00,2500.000,demofac00732,demoprd00033
demolfa01388,2,Developpement web (jour),,2.000,450.000,0.00,19.00,900.000,demofac00732,demoprd00005
demolfa01389,0,Maintenance mensuelle,,2.000,380.000,0.00,19.00,760.000,demofac00692,demoprd00009
demolfa01390,0,Nom de domaine .tn,,4.000,45.000,0.00,19.00,180.000,demofac00701,demoprd00017
demolfa01391,0,Transport de marchandises,,3.000,210.000,0.00,7.00,630.000,demofac00712,demoprd00019
demolfa01392,0,Ciment (tonne),,9.000,310.000,0.00,19.00,2790.000,demofac00715,demoprd00038
demolfa01393,1,Maintenance mensuelle,,2.000,380.000,0.00,19.00,760.000,demofac00715,demoprd00009
demolfa01394,0,Carrelage (m2),,151.000,38.000,0.00,19.00,5738.000,demofac00700,demoprd00039
demolfa01395,0,Stockage entrepot (m2/mois),,188.000,12.000,0.00,19.00,2256.000,demofac00702,demoprd00020
demolfa01396,1,Formation bureautique (jour),,5.000,420.000,0.00,19.00,2100.000,demofac00702,demoprd00013
demolfa01397,0,Ecran 27 pouces,,12.000,690.000,0.00,19.00,8280.000,demofac00698,demoprd00022
demolfa01398,1,Mobilier de bureau (poste),,15.000,1250.000,0.00,19.00,18750.000,demofac00698,demoprd00033
demolfa01399,2,Ramette papier A4,,33.000,14.500,0.00,19.00,478.500,demofac00698,demoprd00030
demolfa01400,3,Serveur dedie (mois),,12.000,290.000,0.00,19.00,3480.000,demofac00698,demoprd00018
demolfa01401,0,Peinture murale (pot 20L),,80.000,145.000,0.00,19.00,11600.000,demofac00717,demoprd00040
demolfa01402,1,Kit de premiers secours,,23.000,75.000,0.00,7.00,1725.000,demofac00717,demoprd00034
demolfa01403,2,Ciment (tonne),,60.000,310.000,0.00,19.00,18600.000,demofac00717,demoprd00038
demolfa01404,0,Onduleur 1500VA,,1.000,460.000,0.00,19.00,460.000,demofac00718,demoprd00025
demolfa01405,0,Classeur archive,,70.000,6.800,0.00,19.00,476.000,demofac00706,demoprd00032
demolfa01406,1,Disque SSD 1To,,5.000,310.000,6.00,19.00,1457.000,demofac00706,demoprd00026
demolfa01407,2,Ordinateur portable pro,,1.000,2350.000,0.00,19.00,2350.000,demofac00706,demoprd00021
demolfa01408,0,Developpement web (jour),,6.000,450.000,0.00,19.00,2700.000,demofac00693,demoprd00005
demolfa01409,1,Etude de marche,,1.000,4500.000,0.00,19.00,4500.000,demofac00693,demoprd00004
demolfa01410,2,Conseil strategique (jour),,2.000,850.000,0.00,19.00,1700.000,demofac00693,demoprd00001
demolfa01411,0,Carrelage (m2),,800.000,38.000,0.00,19.00,30400.000,demofac00726,demoprd00039
demolfa01412,0,Formation cybersecurite,,1.000,1800.000,0.00,19.00,1800.000,demofac00713,demoprd00014
demolfa01413,0,Conseil strategique (jour),,3.000,850.000,0.00,19.00,2550.000,demofac00685,demoprd00001
demolfa01414,1,Audit organisationnel,,1.000,3200.000,0.00,19.00,3200.000,demofac00685,demoprd00002
demolfa01415,0,Peinture murale (pot 20L),,75.000,145.000,0.00,19.00,10875.000,demofac00735,demoprd00040
demolfa01416,1,Classeur archive,,93.000,6.800,0.00,19.00,632.400,demofac00735,demoprd00032
demolfa01417,2,Audit organisationnel,,1.000,3200.000,0.00,19.00,3200.000,demofac00735,demoprd00002
demolfa01418,0,Peinture murale (pot 20L),,3.000,145.000,0.00,19.00,435.000,demofac00694,demoprd00040
demolfa01419,0,Classeur archive,,24.000,6.800,0.00,19.00,163.200,demofac00688,demoprd00032
demolfa01420,0,Formation cybersecurite,,1.000,1800.000,0.00,19.00,1800.000,demofac00719,demoprd00014
demolfa01421,1,Formation comptabilite,,2.000,650.000,0.00,19.00,1300.000,demofac00719,demoprd00015
demolfa01422,0,Etude de marche,,1.000,4500.000,0.00,19.00,4500.000,demofac00684,demoprd00004
demolfa01423,1,Audit organisationnel,,1.000,3200.000,0.00,19.00,3200.000,demofac00684,demoprd00002
demolfa01424,0,Developpement web (jour),,5.000,450.000,0.00,19.00,2250.000,demofac00699,demoprd00005
demolfa01425,1,Site vitrine,,1.000,2400.000,0.00,19.00,2400.000,demofac00699,demoprd00008
demolfa01426,2,Application mobile (forfait),,1.000,12000.000,0.00,19.00,12000.000,demofac00699,demoprd00006
demolfa01427,0,Licence antivirus (poste),,30.000,85.000,0.00,19.00,2550.000,demofac00710,demoprd00027
demolfa01428,1,Huile d'olive extra (bidon 5L),,29.000,68.000,12.00,13.00,1735.360,demofac00710,demoprd00036
demolfa01429,2,Dattes Deglet Nour (carton),,168.000,42.000,12.00,13.00,6209.280,demofac00710,demoprd00037
demolfa01430,0,Huile d'olive extra (bidon 5L),,121.000,68.000,0.00,13.00,8228.000,demofac00728,demoprd00036
demolfa01431,0,Ramette papier A4,,60.000,14.500,0.00,19.00,870.000,demofac00721,demoprd00030
demolfa01432,1,Transport de marchandises,,5.000,210.000,0.00,7.00,1050.000,demofac00721,demoprd00019
demolfa01433,0,Formation cybersecurite,,2.000,1800.000,0.00,19.00,3600.000,demofac00695,demoprd00014
demolfa01434,1,Formation bureautique (jour),,4.000,420.000,0.00,19.00,1680.000,demofac00695,demoprd00013
demolfa01435,2,Stockage entrepot (m2/mois),,37.000,12.000,0.00,19.00,444.000,demofac00695,demoprd00020
demolfa01436,0,Application mobile (forfait),,1.000,12000.000,0.00,19.00,12000.000,demofac00725,demoprd00006
demolfa01437,1,Gants nitrile (boite),,63.000,18.000,0.00,7.00,1134.000,demofac00725,demoprd00035
demolfa01438,2,Dattes Deglet Nour (carton),,75.000,42.000,5.00,13.00,2992.500,demofac00725,demoprd00037
demolfa01439,0,Disque SSD 1To,,2.000,310.000,0.00,19.00,620.000,demofac00707,demoprd00026
demolfa01440,1,Routeur professionnel,,26.000,540.000,0.00,19.00,14040.000,demofac00707,demoprd00024
demolfa01441,2,Ciment (tonne),,3.000,310.000,0.00,19.00,930.000,demofac00707,demoprd00038
demolfa01442,0,Logiciel de gestion commerciale,,1.000,2900.000,0.00,19.00,2900.000,demofac00733,demoprd00029
demolfa01443,1,Licence antivirus (poste),,8.000,85.000,0.00,19.00,680.000,demofac00733,demoprd00027
demolfa01444,2,Huile d'olive extra (bidon 5L),,76.000,68.000,0.00,13.00,5168.000,demofac00733,demoprd00036
demolfa01445,0,Developpement web (jour),,12.000,450.000,0.00,19.00,5400.000,demofac00737,demoprd00005
demolfa01446,0,Ecran 27 pouces,,3.000,690.000,0.00,19.00,2070.000,demofac00772,demoprd00022
demolfa01447,1,Formation cybersecurite,,1.000,1800.000,0.00,19.00,1800.000,demofac00772,demoprd00014
demolfa01448,2,Formation bureautique (jour),,1.000,420.000,0.00,19.00,420.000,demofac00772,demoprd00013
demolfa01449,0,Logiciel de gestion commerciale,,2.000,2900.000,0.00,19.00,5800.000,demofac00773,demoprd00029
demolfa01450,0,Licence suite bureautique,,2.000,320.000,0.00,19.00,640.000,demofac00754,demoprd00028
demolfa01451,1,Formation bureautique (jour),,2.000,420.000,0.00,19.00,840.000,demofac00754,demoprd00013
demolfa01452,0,Licence antivirus (poste),,11.000,85.000,0.00,19.00,935.000,demofac00741,demoprd00027
demolfa01453,1,Logiciel de gestion commerciale,,1.000,2900.000,0.00,19.00,2900.000,demofac00741,demoprd00029
demolfa01454,2,Licence suite bureautique,,4.000,320.000,0.00,19.00,1280.000,demofac00741,demoprd00028
demolfa01455,0,Conseil strategique (jour),,8.000,850.000,0.00,19.00,6800.000,demofac00761,demoprd00001
demolfa01456,1,Stockage entrepot (m2/mois),,184.000,12.000,0.00,19.00,2208.000,demofac00761,demoprd00020
demolfa01457,0,Licence suite bureautique,,20.000,320.000,0.00,19.00,6400.000,demofac00769,demoprd00028
demolfa01458,1,Onduleur 1500VA,,4.000,460.000,0.00,19.00,1840.000,demofac00769,demoprd00025
demolfa01459,0,Dattes Deglet Nour (carton),,55.000,42.000,11.00,13.00,2055.900,demofac00742,demoprd00037
demolfa01460,0,Peinture murale (pot 20L),,52.000,145.000,0.00,19.00,7540.000,demofac00777,demoprd00040
demolfa01461,0,Application mobile (forfait),,1.000,12000.000,0.00,19.00,12000.000,demofac00778,demoprd00006
demolfa01462,1,Integration ERP (jour),,15.000,600.000,0.00,19.00,9000.000,demofac00778,demoprd00007
demolfa01463,0,Peinture murale (pot 20L),,31.000,145.000,0.00,19.00,4495.000,demofac00755,demoprd00040
demolfa01464,0,Imprimante laser,,2.000,980.000,0.00,19.00,1960.000,demofac00781,demoprd00023
demolfa01465,1,Routeur professionnel,,3.000,540.000,0.00,19.00,1620.000,demofac00781,demoprd00024
demolfa01466,0,Formation cybersecurite,,2.000,1800.000,0.00,19.00,3600.000,demofac00748,demoprd00014
demolfa01467,0,Mobilier de bureau (poste),,15.000,1250.000,0.00,19.00,18750.000,demofac00738,demoprd00033
demolfa01468,1,Nom de domaine .tn,,4.000,45.000,0.00,19.00,180.000,demofac00738,demoprd00017
demolfa01469,2,Hebergement web (annuel),,3.000,540.000,0.00,19.00,1620.000,demofac00738,demoprd00016
demolfa01470,3,Site vitrine,,1.000,2400.000,0.00,19.00,2400.000,demofac00738,demoprd00008
demolfa01471,0,Peinture murale (pot 20L),,10.000,145.000,0.00,19.00,1450.000,demofac00774,demoprd00040
demolfa01472,0,Carrelage (m2),,800.000,38.000,0.00,19.00,30400.000,demofac00788,demoprd00039
demolfa01473,0,Ciment (tonne),,9.000,310.000,0.00,19.00,2790.000,demofac00763,demoprd00038
demolfa01474,0,Cartouche toner,,13.000,165.000,0.00,19.00,2145.000,demofac00745,demoprd00031
demolfa01475,1,Mobilier de bureau (poste),,9.000,1250.000,0.00,19.00,11250.000,demofac00745,demoprd00033
demolfa01476,2,Formation comptabilite,,1.000,650.000,0.00,19.00,650.000,demofac00745,demoprd00015
demolfa01477,0,Accompagnement fiscal (heure),,19.000,120.000,14.00,19.00,1960.800,demofac00789,demoprd00003
demolfa01478,0,Imprimante laser,,1.000,980.000,8.00,19.00,901.600,demofac00764,demoprd00023
demolfa01479,1,Stockage entrepot (m2/mois),,153.000,12.000,0.00,19.00,1836.000,demofac00764,demoprd00020
demolfa01480,2,Intervention sur site,,2.000,150.000,0.00,19.00,300.000,demofac00764,demoprd00010
demolfa01481,0,Onduleur 1500VA,,4.000,460.000,0.00,19.00,1840.000,demofac00782,demoprd00025
demolfa01482,1,Mobilier de bureau (poste),,10.000,1250.000,0.00,19.00,12500.000,demofac00782,demoprd00033
demolfa01483,2,Classeur archive,,224.000,6.800,0.00,19.00,1523.200,demofac00782,demoprd00032
demolfa01484,0,Ramette papier A4,,101.000,14.500,0.00,19.00,1464.500,demofac00749,demoprd00030
demolfa01485,1,Classeur archive,,143.000,6.800,0.00,19.00,972.400,demofac00749,demoprd00032
demolfa01486,2,Kit de premiers secours,,3.000,75.000,0.00,7.00,225.000,demofac00749,demoprd00034
demolfa01487,0,Stockage entrepot (m2/mois),,148.000,12.000,0.00,19.00,1776.000,demofac00739,demoprd00020
demolfa01488,1,Support premium (annuel),,1.000,3600.000,0.00,19.00,3600.000,demofac00739,demoprd00011
demolfa01489,0,Ciment (tonne),,60.000,310.000,0.00,19.00,18600.000,demofac00779,demoprd00038
demolfa01490,1,Audit organisationnel,,1.000,3200.000,0.00,19.00,3200.000,demofac00779,demoprd00002
demolfa01491,2,Carrelage (m2),,593.000,38.000,0.00,19.00,22534.000,demofac00779,demoprd00039
demolfa01492,0,Sauvegarde externalisee,,4.000,95.000,0.00,19.00,380.000,demofac00752,demoprd00012
demolfa01493,1,Maintenance mensuelle,,1.000,380.000,0.00,19.00,380.000,demofac00752,demoprd00009
demolfa01494,2,Kit de premiers secours,,6.000,75.000,0.00,7.00,450.000,demofac00752,demoprd00034
demolfa01495,0,Hebergement web (annuel),,1.000,540.000,0.00,19.00,540.000,demofac00750,demoprd00016
demolfa01496,1,Stockage entrepot (m2/mois),,47.000,12.000,0.00,19.00,564.000,demofac00750,demoprd00020
demolfa01497,2,Mobilier de bureau (poste),,2.000,1250.000,0.00,19.00,2500.000,demofac00750,demoprd00033
demolfa01498,3,Cartouche toner,,6.000,165.000,0.00,19.00,990.000,demofac00750,demoprd00031
demolfa01499,0,Formation bureautique (jour),,3.000,420.000,0.00,19.00,1260.000,demofac00760,demoprd00013
demolfa01500,1,Formation comptabilite,,2.000,650.000,0.00,19.00,1300.000,demofac00760,demoprd00015
demolfa01501,0,Conseil strategique (jour),,2.000,850.000,0.00,19.00,1700.000,demofac00783,demoprd00001
demolfa01502,1,Audit organisationnel,,1.000,3200.000,0.00,19.00,3200.000,demofac00783,demoprd00002
demolfa01503,0,Stockage entrepot (m2/mois),,81.000,12.000,0.00,19.00,972.000,demofac00756,demoprd00020
demolfa01504,0,Ecran 27 pouces,,10.000,690.000,0.00,19.00,6900.000,demofac00762,demoprd00022
demolfa01505,1,Licence suite bureautique,,5.000,320.000,0.00,19.00,1600.000,demofac00762,demoprd00028
demolfa01506,2,Logiciel de gestion commerciale,,1.000,2900.000,0.00,19.00,2900.000,demofac00762,demoprd00029
demolfa01507,0,Ciment (tonne),,25.000,310.000,15.00,19.00,6587.500,demofac00751,demoprd00038
demolfa01508,0,Formation comptabilite,,2.000,650.000,0.00,19.00,1300.000,demofac00746,demoprd00015
demolfa01509,0,Formation cybersecurite,,2.000,1800.000,0.00,19.00,3600.000,demofac00780,demoprd00014
demolfa01510,1,Logiciel de gestion commerciale,,2.000,2900.000,0.00,19.00,5800.000,demofac00780,demoprd00029
demolfa01511,2,Accompagnement fiscal (heure),,10.000,120.000,0.00,19.00,1200.000,demofac00780,demoprd00003
demolfa01512,3,Conseil strategique (jour),,7.000,850.000,0.00,19.00,5950.000,demofac00780,demoprd00001
demolfa01513,0,Hebergement web (annuel),,3.000,540.000,0.00,19.00,1620.000,demofac00757,demoprd00016
demolfa01514,0,Kit de premiers secours,,6.000,75.000,0.00,7.00,450.000,demofac00784,demoprd00034
demolfa01515,1,Formation cybersecurite,,2.000,1800.000,0.00,19.00,3600.000,demofac00784,demoprd00014
demolfa01516,0,Accompagnement fiscal (heure),,20.000,120.000,0.00,19.00,2400.000,demofac00770,demoprd00003
demolfa01517,1,Etude de marche,,1.000,4500.000,0.00,19.00,4500.000,demofac00770,demoprd00004
demolfa01518,0,Licence antivirus (poste),,13.000,85.000,0.00,19.00,1105.000,demofac00785,demoprd00027
demolfa01519,0,Formation cybersecurite,,2.000,1800.000,7.00,19.00,3348.000,demofac00768,demoprd00014
demolfa01520,1,Formation comptabilite,,3.000,650.000,0.00,19.00,1950.000,demofac00768,demoprd00015
demolfa01521,0,Intervention sur site,,1.000,150.000,0.00,19.00,150.000,demofac00786,demoprd00010
demolfa01522,1,Kit de premiers secours,,5.000,75.000,0.00,7.00,375.000,demofac00786,demoprd00034
demolfa01523,2,Carrelage (m2),,154.000,38.000,0.00,19.00,5852.000,demofac00786,demoprd00039
demolfa01524,0,Etude de marche,,1.000,4500.000,0.00,19.00,4500.000,demofac00765,demoprd00004
demolfa01525,1,Conseil strategique (jour),,4.000,850.000,0.00,19.00,3400.000,demofac00765,demoprd00001
demolfa01526,2,Gants nitrile (boite),,95.000,18.000,0.00,7.00,1710.000,demofac00765,demoprd00035
demolfa01527,0,Dattes Deglet Nour (carton),,59.000,42.000,0.00,13.00,2478.000,demofac00744,demoprd00037
demolfa01528,1,Serveur dedie (mois),,4.000,290.000,0.00,19.00,1160.000,demofac00744,demoprd00018
demolfa01529,0,Formation cybersecurite,,1.000,1800.000,0.00,19.00,1800.000,demofac00767,demoprd00014
demolfa01530,0,Accompagnement fiscal (heure),,5.000,120.000,0.00,19.00,600.000,demofac00753,demoprd00003
demolfa01531,0,Formation bureautique (jour),,2.000,420.000,6.00,19.00,789.600,demofac00743,demoprd00013
demolfa01532,1,Ciment (tonne),,37.000,310.000,0.00,19.00,11470.000,demofac00743,demoprd00038
demolfa01533,0,Intervention sur site,,2.000,150.000,5.00,19.00,285.000,demofac00758,demoprd00010
demolfa01534,1,Sauvegarde externalisee,,12.000,95.000,0.00,19.00,1140.000,demofac00758,demoprd00012
demolfa01535,0,Ordinateur portable pro,,2.000,2350.000,0.00,19.00,4700.000,demofac00771,demoprd00021
demolfa01536,0,Integration ERP (jour),,3.000,600.000,0.00,19.00,1800.000,demofac00787,demoprd00007
demolfa01537,1,Dattes Deglet Nour (carton),,253.000,42.000,0.00,13.00,10626.000,demofac00787,demoprd00037
demolfa01538,2,Licence antivirus (poste),,62.000,85.000,0.00,19.00,5270.000,demofac00787,demoprd00027
demolfa01539,0,Mobilier de bureau (poste),,6.000,1250.000,0.00,19.00,7500.000,demofac00766,demoprd00033
demolfa01540,1,Cartouche toner,,13.000,165.000,0.00,19.00,2145.000,demofac00766,demoprd00031
demolfa01541,2,Ramette papier A4,,102.000,14.500,0.00,19.00,1479.000,demofac00766,demoprd00030
demolfa01542,0,Application mobile (forfait),,1.000,12000.000,0.00,19.00,12000.000,demofac00759,demoprd00006
demolfa01543,1,Onduleur 1500VA,,3.000,460.000,0.00,19.00,1380.000,demofac00759,demoprd00025
demolfa01544,2,Developpement web (jour),,13.000,450.000,0.00,19.00,5850.000,demofac00759,demoprd00005
demolfa01545,0,Audit organisationnel,,1.000,3200.000,0.00,19.00,3200.000,demofac00775,demoprd00002
demolfa01546,1,Etude de marche,,1.000,4500.000,0.00,19.00,4500.000,demofac00775,demoprd00004
demolfa01547,2,Formation comptabilite,,1.000,650.000,0.00,19.00,650.000,demofac00775,demoprd00015
demolfa01548,0,Licence suite bureautique,,18.000,320.000,0.00,19.00,5760.000,demofac00740,demoprd00028
demolfa01549,0,Disque SSD 1To,,13.000,310.000,0.00,19.00,4030.000,demofac00747,demoprd00026
demolfa01550,0,Conseil strategique (jour),,1.000,850.000,0.00,19.00,850.000,demofac00776,demoprd00001
demolfa01551,1,Etude de marche,,1.000,4500.000,0.00,19.00,4500.000,demofac00776,demoprd00004
demolfa01552,2,Site vitrine,,1.000,2400.000,0.00,19.00,2400.000,demofac00776,demoprd00008
demolfa01553,3,Developpement web (jour),,16.000,450.000,0.00,19.00,7200.000,demofac00776,demoprd00005
demolfa01554,0,Application mobile (forfait),,1.000,12000.000,0.00,19.00,12000.000,demofac00833,demoprd00006
demolfa01555,0,Onduleur 1500VA,,1.000,460.000,0.00,19.00,460.000,demofac00807,demoprd00025
demolfa01556,0,Sauvegarde externalisee,,4.000,95.000,13.00,19.00,330.600,demofac00823,demoprd00012
demolfa01557,0,Disque SSD 1To,,5.000,310.000,0.00,19.00,1550.000,demofac00819,demoprd00026
demolfa01558,1,Imprimante laser,,1.000,980.000,0.00,19.00,980.000,demofac00819,demoprd00023
demolfa01559,2,Formation cybersecurite,,1.000,1800.000,0.00,19.00,1800.000,demofac00819,demoprd00014
demolfa01560,0,Classeur archive,,106.000,6.800,0.00,19.00,720.800,demofac00812,demoprd00032
demolfa01561,0,Formation comptabilite,,3.000,650.000,0.00,19.00,1950.000,demofac00829,demoprd00015
demolfa01562,1,Gants nitrile (boite),,182.000,18.000,0.00,7.00,3276.000,demofac00829,demoprd00035
demolfa01563,2,Kit de premiers secours,,16.000,75.000,0.00,7.00,1200.000,demofac00829,demoprd00034
demolfa01564,0,Etude de marche,,1.000,4500.000,0.00,19.00,4500.000,demofac00794,demoprd00004
demolfa01565,1,Kit de premiers secours,,17.000,75.000,0.00,7.00,1275.000,demofac00794,demoprd00034
demolfa01566,2,Audit organisationnel,,1.000,3200.000,0.00,19.00,3200.000,demofac00794,demoprd00002
demolfa01567,0,Etude de marche,,1.000,4500.000,0.00,19.00,4500.000,demofac00813,demoprd00004
demolfa01568,0,Hebergement web (annuel),,3.000,540.000,0.00,19.00,1620.000,demofac00839,demoprd00016
demolfa01569,1,Classeur archive,,128.000,6.800,0.00,19.00,870.400,demofac00839,demoprd00032
demolfa01570,2,Cartouche toner,,30.000,165.000,0.00,19.00,4950.000,demofac00839,demoprd00031
demolfa01571,0,Serveur dedie (mois),,2.000,290.000,0.00,19.00,580.000,demofac00820,demoprd00018
demolfa01572,1,Transport de marchandises,,4.000,210.000,0.00,7.00,840.000,demofac00820,demoprd00019
demolfa01573,2,Stockage entrepot (m2/mois),,149.000,12.000,0.00,19.00,1788.000,demofac00820,demoprd00020
demolfa01574,0,Disque SSD 1To,,4.000,310.000,0.00,19.00,1240.000,demofac00792,demoprd00026
demolfa01575,0,Developpement web (jour),,20.000,450.000,0.00,19.00,9000.000,demofac00796,demoprd00005
demolfa01576,1,Support premium (annuel),,1.000,3600.000,0.00,19.00,3600.000,demofac00796,demoprd00011
demolfa01577,0,Intervention sur site,,1.000,150.000,0.00,19.00,150.000,demofac00810,demoprd00010
demolfa01578,1,Huile d'olive extra (bidon 5L),,166.000,68.000,15.00,13.00,9594.800,demofac00810,demoprd00036
demolfa01579,2,Cartouche toner,,12.000,165.000,0.00,19.00,1980.000,demofac00810,demoprd00031
demolfa01580,3,Ramette papier A4,,11.000,14.500,0.00,19.00,159.500,demofac00810,demoprd00030
demolfa01581,0,Formation bureautique (jour),,2.000,420.000,0.00,19.00,840.000,demofac00822,demoprd00013
demolfa01582,0,Disque SSD 1To,,12.000,310.000,0.00,19.00,3720.000,demofac00815,demoprd00026
demolfa01583,0,Routeur professionnel,,3.000,540.000,0.00,19.00,1620.000,demofac00793,demoprd00024
demolfa01584,1,Onduleur 1500VA,,3.000,460.000,0.00,19.00,1380.000,demofac00793,demoprd00025
demolfa01585,0,Mobilier de bureau (poste),,5.000,1250.000,0.00,19.00,6250.000,demofac00840,demoprd00033
demolfa01586,1,Dattes Deglet Nour (carton),,98.000,42.000,0.00,13.00,4116.000,demofac00840,demoprd00037
demolfa01587,0,Licence antivirus (poste),,37.000,85.000,0.00,19.00,3145.000,demofac00826,demoprd00027
demolfa01588,0,Application mobile (forfait),,1.000,12000.000,0.00,19.00,12000.000,demofac00827,demoprd00006
demolfa01589,1,Mobilier de bureau (poste),,13.000,1250.000,0.00,19.00,16250.000,demofac00827,demoprd00033
demolfa01590,2,Cartouche toner,,30.000,165.000,0.00,19.00,4950.000,demofac00827,demoprd00031
demolfa01591,3,Site vitrine,,1.000,2400.000,0.00,19.00,2400.000,demofac00827,demoprd00008
demolfa01592,0,Kit de premiers secours,,14.000,75.000,0.00,7.00,1050.000,demofac00834,demoprd00034
demolfa01593,0,Peinture murale (pot 20L),,26.000,145.000,0.00,19.00,3770.000,demofac00790,demoprd00040
demolfa01594,0,Dattes Deglet Nour (carton),,167.000,42.000,12.00,13.00,6172.320,demofac00835,demoprd00037
demolfa01595,1,Intervention sur site,,2.000,150.000,5.00,19.00,285.000,demofac00835,demoprd00010
demolfa01596,2,Huile d'olive extra (bidon 5L),,98.000,68.000,0.00,13.00,6664.000,demofac00835,demoprd00036
demolfa01597,0,Maintenance mensuelle,,1.000,380.000,0.00,19.00,380.000,demofac00816,demoprd00009
demolfa01598,1,Dattes Deglet Nour (carton),,138.000,42.000,0.00,13.00,5796.000,demofac00816,demoprd00037
demolfa01599,0,Accompagnement fiscal (heure),,20.000,120.000,0.00,19.00,2400.000,demofac00797,demoprd00003
demolfa01600,1,Audit organisationnel,,1.000,3200.000,0.00,19.00,3200.000,demofac00797,demoprd00002
demolfa01601,0,Logiciel de gestion commerciale,,1.000,2900.000,0.00,19.00,2900.000,demofac00811,demoprd00029
demolfa01602,1,Licence suite bureautique,,3.000,320.000,0.00,19.00,960.000,demofac00811,demoprd00028
demolfa01603,2,Licence antivirus (poste),,9.000,85.000,0.00,19.00,765.000,demofac00811,demoprd00027
demolfa01604,0,Intervention sur site,,2.000,150.000,0.00,19.00,300.000,demofac00817,demoprd00010
demolfa01605,0,Kit de premiers secours,,6.000,75.000,0.00,7.00,450.000,demofac00808,demoprd00034
demolfa01606,1,Ramette papier A4,,28.000,14.500,0.00,19.00,406.000,demofac00808,demoprd00030
demolfa01607,2,Stockage entrepot (m2/mois),,43.000,12.000,0.00,19.00,516.000,demofac00808,demoprd00020
demolfa01608,0,Etude de marche,,1.000,4500.000,0.00,19.00,4500.000,demofac00837,demoprd00004
demolfa01609,1,Ciment (tonne),,41.000,310.000,0.00,19.00,12710.000,demofac00837,demoprd00038
demolfa01610,0,Logiciel de gestion commerciale,,2.000,2900.000,9.00,19.00,5278.000,demofac00831,demoprd00029
demolfa01611,1,Dattes Deglet Nour (carton),,84.000,42.000,0.00,13.00,3528.000,demofac00831,demoprd00037
demolfa01612,2,Licence suite bureautique,,24.000,320.000,0.00,19.00,7680.000,demofac00831,demoprd00028
demolfa01613,0,Serveur dedie (mois),,2.000,290.000,0.00,19.00,580.000,demofac00804,demoprd00018
demolfa01614,1,Formation bureautique (jour),,1.000,420.000,0.00,19.00,420.000,demofac00804,demoprd00013
demolfa01615,0,Licence antivirus (poste),,55.000,85.000,0.00,19.00,4675.000,demofac00805,demoprd00027
demolfa01616,1,Audit organisationnel,,1.000,3200.000,10.00,19.00,2880.000,demofac00805,demoprd00002
demolfa01617,0,Accompagnement fiscal (heure),,6.000,120.000,0.00,19.00,720.000,demofac00795,demoprd00003
demolfa01618,1,Kit de premiers secours,,27.000,75.000,0.00,7.00,2025.000,demofac00795,demoprd00034
demolfa01619,0,Nom de domaine .tn,,3.000,45.000,0.00,19.00,135.000,demofac00809,demoprd00017
demolfa01620,1,Hebergement web (annuel),,2.000,540.000,13.00,19.00,939.600,demofac00809,demoprd00016
demolfa01621,2,Serveur dedie (mois),,7.000,290.000,0.00,19.00,2030.000,demofac00809,demoprd00018
demolfa01622,0,Cartouche toner,,20.000,165.000,0.00,19.00,3300.000,demofac00814,demoprd00031
demolfa01623,1,Application mobile (forfait),,1.000,12000.000,0.00,19.00,12000.000,demofac00814,demoprd00006
demolfa01624,0,Integration ERP (jour),,13.000,600.000,0.00,19.00,7800.000,demofac00824,demoprd00007
demolfa01625,1,Audit organisationnel,,1.000,3200.000,0.00,19.00,3200.000,demofac00824,demoprd00002
demolfa01626,2,Application mobile (forfait),,1.000,12000.000,0.00,19.00,12000.000,demofac00824,demoprd00006
demolfa01627,0,Etude de marche,,1.000,4500.000,0.00,19.00,4500.000,demofac00798,demoprd00004
demolfa01628,1,Integration ERP (jour),,13.000,600.000,0.00,19.00,7800.000,demofac00798,demoprd00007
demolfa01629,2,Audit organisationnel,,1.000,3200.000,0.00,19.00,3200.000,demofac00798,demoprd00002
demolfa01630,0,Carrelage (m2),,537.000,38.000,0.00,19.00,20406.000,demofac00836,demoprd00039
demolfa01631,1,Kit de premiers secours,,40.000,75.000,0.00,7.00,3000.000,demofac00836,demoprd00034
demolfa01632,0,Disque SSD 1To,,3.000,310.000,0.00,19.00,930.000,demofac00799,demoprd00026
demolfa01633,1,Nom de domaine .tn,,2.000,45.000,0.00,19.00,90.000,demofac00799,demoprd00017
demolfa01634,0,Peinture murale (pot 20L),,55.000,145.000,0.00,19.00,7975.000,demofac00800,demoprd00040
demolfa01635,0,Developpement web (jour),,11.000,450.000,0.00,19.00,4950.000,demofac00791,demoprd00005
demolfa01636,1,Support premium (annuel),,1.000,3600.000,0.00,19.00,3600.000,demofac00791,demoprd00011
demolfa01637,2,Site vitrine,,1.000,2400.000,8.00,19.00,2208.000,demofac00791,demoprd00008
demolfa01638,0,Sauvegarde externalisee,,9.000,95.000,0.00,19.00,855.000,demofac00818,demoprd00012
demolfa01639,1,Site vitrine,,1.000,2400.000,8.00,19.00,2208.000,demofac00818,demoprd00008
demolfa01640,2,Formation cybersecurite,,1.000,1800.000,0.00,19.00,1800.000,demofac00818,demoprd00014
demolfa01641,3,Support premium (annuel),,1.000,3600.000,0.00,19.00,3600.000,demofac00818,demoprd00011
demolfa01642,0,Ramette papier A4,,17.000,14.500,0.00,19.00,246.500,demofac00828,demoprd00030
demolfa01643,0,Hebergement web (annuel),,2.000,540.000,0.00,19.00,1080.000,demofac00821,demoprd00016
demolfa01644,1,Carrelage (m2),,86.000,38.000,0.00,19.00,3268.000,demofac00821,demoprd00039
demolfa01645,0,Stockage entrepot (m2/mois),,256.000,12.000,14.00,19.00,2641.920,demofac00830,demoprd00020
demolfa01646,0,Support premium (annuel),,1.000,3600.000,0.00,19.00,3600.000,demofac00801,demoprd00011
demolfa01647,0,Formation bureautique (jour),,2.000,420.000,0.00,19.00,840.000,demofac00832,demoprd00013
demolfa01648,1,Formation comptabilite,,2.000,650.000,0.00,19.00,1300.000,demofac00832,demoprd00015
demolfa01649,0,Mobilier de bureau (poste),,7.000,1250.000,0.00,19.00,8750.000,demofac00838,demoprd00033
demolfa01650,1,Huile d'olive extra (bidon 5L),,25.000,68.000,0.00,13.00,1700.000,demofac00838,demoprd00036
demolfa01651,0,Formation bureautique (jour),,1.000,420.000,0.00,19.00,420.000,demofac00802,demoprd00013
demolfa01652,1,Licence antivirus (poste),,16.000,85.000,0.00,19.00,1360.000,demofac00802,demoprd00027
demolfa01653,2,Licence suite bureautique,,6.000,320.000,0.00,19.00,1920.000,demofac00802,demoprd00028
demolfa01654,0,Site vitrine,,1.000,2400.000,0.00,19.00,2400.000,demofac00806,demoprd00008
demolfa01655,0,Support premium (annuel),,1.000,3600.000,0.00,19.00,3600.000,demofac00803,demoprd00011
demolfa01656,0,Logiciel de gestion commerciale,,2.000,2900.000,0.00,19.00,5800.000,demofac00854,demoprd00029
demolfa01657,0,Licence suite bureautique,,17.000,320.000,0.00,19.00,5440.000,demofac00864,demoprd00028
demolfa01658,1,Logiciel de gestion commerciale,,2.000,2900.000,0.00,19.00,5800.000,demofac00864,demoprd00029
demolfa01659,0,Accompagnement fiscal (heure),,18.000,120.000,0.00,19.00,2160.000,demofac00859,demoprd00003
demolfa01660,1,Support premium (annuel),,1.000,3600.000,0.00,19.00,3600.000,demofac00859,demoprd00011
demolfa01661,2,Classeur archive,,135.000,6.800,0.00,19.00,918.000,demofac00859,demoprd00032
demolfa01662,3,Etude de marche,,1.000,4500.000,0.00,19.00,4500.000,demofac00859,demoprd00004
demolfa01663,0,Routeur professionnel,,3.000,540.000,0.00,19.00,1620.000,demofac00869,demoprd00024
demolfa01664,0,Ramette papier A4,,102.000,14.500,0.00,19.00,1479.000,demofac00848,demoprd00030
demolfa01665,1,Transport de marchandises,,5.000,210.000,0.00,7.00,1050.000,demofac00848,demoprd00019
demolfa01666,0,Ciment (tonne),,60.000,310.000,10.00,19.00,16740.000,demofac00842,demoprd00038
demolfa01667,1,Peinture murale (pot 20L),,59.000,145.000,0.00,19.00,8555.000,demofac00842,demoprd00040
demolfa01668,2,Kit de premiers secours,,40.000,75.000,0.00,7.00,3000.000,demofac00842,demoprd00034
demolfa01669,0,Kit de premiers secours,,2.000,75.000,0.00,7.00,150.000,demofac00843,demoprd00034
demolfa01670,0,Logiciel de gestion commerciale,,2.000,2900.000,14.00,19.00,4988.000,demofac00851,demoprd00029
demolfa01671,0,Nom de domaine .tn,,1.000,45.000,0.00,19.00,45.000,demofac00891,demoprd00017
demolfa01672,1,Logiciel de gestion commerciale,,1.000,2900.000,0.00,19.00,2900.000,demofac00891,demoprd00029
demolfa01673,2,Ciment (tonne),,4.000,310.000,0.00,19.00,1240.000,demofac00891,demoprd00038
demolfa01674,0,Huile d'olive extra (bidon 5L),,133.000,68.000,0.00,13.00,9044.000,demofac00849,demoprd00036
demolfa01675,1,Audit organisationnel,,1.000,3200.000,0.00,19.00,3200.000,demofac00849,demoprd00002
demolfa01676,2,Conseil strategique (jour),,3.000,850.000,15.00,19.00,2167.500,demofac00849,demoprd00001
demolfa01677,0,Carrelage (m2),,22.000,38.000,0.00,19.00,836.000,demofac00845,demoprd00039
demolfa01678,0,Maintenance mensuelle,,2.000,380.000,0.00,19.00,760.000,demofac00887,demoprd00009
demolfa01679,1,Integration ERP (jour),,2.000,600.000,0.00,19.00,1200.000,demofac00887,demoprd00007
demolfa01680,0,Maintenance mensuelle,,1.000,380.000,0.00,19.00,380.000,demofac00881,demoprd00009
demolfa01681,1,Ordinateur portable pro,,1.000,2350.000,0.00,19.00,2350.000,demofac00881,demoprd00021
demolfa01682,2,Kit de premiers secours,,18.000,75.000,0.00,7.00,1350.000,demofac00881,demoprd00034
demolfa01683,0,Kit de premiers secours,,10.000,75.000,0.00,7.00,750.000,demofac00873,demoprd00034
demolfa01684,1,Gants nitrile (boite),,400.000,18.000,7.00,7.00,6696.000,demofac00873,demoprd00035
demolfa01685,0,Application mobile (forfait),,1.000,12000.000,0.00,19.00,12000.000,demofac00888,demoprd00006
demolfa01686,0,Ecran 27 pouces,,8.000,690.000,0.00,19.00,5520.000,demofac00885,demoprd00022
demolfa01687,0,Logiciel de gestion commerciale,,2.000,2900.000,0.00,19.00,5800.000,demofac00853,demoprd00029
demolfa01688,0,Carrelage (m2),,136.000,38.000,0.00,19.00,5168.000,demofac00879,demoprd00039
demolfa01689,0,Formation comptabilite,,1.000,650.000,0.00,19.00,650.000,demofac00852,demoprd00015
demolfa01690,0,Developpement web (jour),,7.000,450.000,6.00,19.00,2961.000,demofac00847,demoprd00005
demolfa01691,0,Serveur dedie (mois),,1.000,290.000,0.00,1.90,290.000,demofac00861,demoprd00018
demolfa01692,1,Ramette papier A4,,32.000,14.500,13.00,19.00,403.680,demofac00861,demoprd00030
demolfa01693,0,Onduleur 1500VA,,3.000,460.000,0.00,19.00,1380.000,demofac00870,demoprd00025
demolfa01694,1,Gants nitrile (boite),,133.000,18.000,0.00,7.00,2394.000,demofac00870,demoprd00035
demolfa01695,2,Formation comptabilite,,1.000,650.000,0.00,19.00,650.000,demofac00870,demoprd00015
demolfa01696,0,Ramette papier A4,,149.000,14.500,0.00,19.00,2160.500,demofac00846,demoprd00030
demolfa01697,1,Hebergement web (annuel),,3.000,540.000,0.00,19.00,1620.000,demofac00846,demoprd00016
demolfa01698,2,Mobilier de bureau (poste),,15.000,1250.000,0.00,19.00,18750.000,demofac00846,demoprd00033
demolfa01699,0,Peinture murale (pot 20L),,80.000,145.000,0.00,19.00,11600.000,demofac00886,demoprd00040
demolfa01700,1,Formation comptabilite,,3.000,650.000,0.00,19.00,1950.000,demofac00886,demoprd00015
demolfa01701,2,Formation cybersecurite,,2.000,1800.000,0.00,19.00,3600.000,demofac00886,demoprd00014
demolfa01702,3,Transport de marchandises,,7.000,210.000,10.00,7.00,1323.000,demofac00886,demoprd00019
demolfa01703,0,Cartouche toner,,30.000,165.000,0.00,19.00,4950.000,demofac00882,demoprd00031
demolfa01704,1,Stockage entrepot (m2/mois),,245.000,12.000,0.00,19.00,2940.000,demofac00882,demoprd00020
demolfa01705,0,Onduleur 1500VA,,2.000,460.000,0.00,19.00,920.000,demofac00862,demoprd00025
demolfa01706,1,Carrelage (m2),,492.000,38.000,0.00,19.00,18696.000,demofac00862,demoprd00039
demolfa01707,0,Peinture murale (pot 20L),,80.000,145.000,0.00,19.00,11600.000,demofac00883,demoprd00040
demolfa01708,0,Ordinateur portable pro,,7.000,2350.000,0.00,19.00,16450.000,demofac00875,demoprd00021
demolfa01709,1,Formation comptabilite,,2.000,650.000,0.00,19.00,1300.000,demofac00875,demoprd00015
demolfa01710,2,Formation bureautique (jour),,3.000,420.000,0.00,19.00,1260.000,demofac00875,demoprd00013
demolfa01711,0,Licence antivirus (poste),,39.000,85.000,0.00,19.00,3315.000,demofac00856,demoprd00027
demolfa01712,1,Logiciel de gestion commerciale,,2.000,2900.000,0.00,19.00,5800.000,demofac00856,demoprd00029
demolfa01713,2,Stockage entrepot (m2/mois),,51.000,12.000,0.00,19.00,612.000,demofac00856,demoprd00020
demolfa01714,3,Application mobile (forfait),,1.000,12000.000,0.00,19.00,12000.000,demofac00856,demoprd00006
demolfa01715,0,Logiciel de gestion commerciale,,3.000,2900.000,0.00,19.00,8700.000,demofac00857,demoprd00029
demolfa01716,1,Etude de marche,,1.000,4500.000,0.00,19.00,4500.000,demofac00857,demoprd00004
demolfa01717,0,Serveur dedie (mois),,6.000,290.000,0.00,19.00,1740.000,demofac00871,demoprd00018
demolfa01718,1,Stockage entrepot (m2/mois),,80.000,12.000,0.00,19.00,960.000,demofac00871,demoprd00020
demolfa01719,2,Nom de domaine .tn,,2.000,45.000,0.00,19.00,90.000,demofac00871,demoprd00017
demolfa01720,0,Ordinateur portable pro,,3.000,2350.000,0.00,19.00,7050.000,demofac00889,demoprd00021
demolfa01721,0,Classeur archive,,229.000,6.800,0.00,19.00,1557.200,demofac00878,demoprd00032
demolfa01722,1,Site vitrine,,1.000,2400.000,13.00,19.00,2088.000,demofac00878,demoprd00008
demolfa01723,2,Ramette papier A4,,200.000,14.500,0.00,19.00,2900.000,demofac00878,demoprd00030
demolfa01724,0,Etude de marche,,1.000,4500.000,0.00,19.00,4500.000,demofac00890,demoprd00004
demolfa01725,1,Logiciel de gestion commerciale,,2.000,2900.000,0.00,19.00,5800.000,demofac00890,demoprd00029
demolfa01726,0,Dattes Deglet Nour (carton),,25.000,42.000,6.00,13.00,987.000,demofac00892,demoprd00037
demolfa01727,0,Accompagnement fiscal (heure),,4.000,120.000,7.00,19.00,446.400,demofac00876,demoprd00003
demolfa01728,1,Conseil strategique (jour),,1.000,850.000,0.00,19.00,850.000,demofac00876,demoprd00001
demolfa01729,2,Logiciel de gestion commerciale,,3.000,2900.000,15.00,19.00,7395.000,demofac00876,demoprd00029
demolfa01730,0,Ciment (tonne),,10.000,310.000,0.00,19.00,3100.000,demofac00860,demoprd00038
demolfa01731,1,Formation cybersecurite,,1.000,1800.000,0.00,19.00,1800.000,demofac00860,demoprd00014
demolfa01732,2,Peinture murale (pot 20L),,20.000,145.000,11.00,19.00,2581.000,demofac00860,demoprd00040
demolfa01733,0,Ramette papier A4,,90.000,14.500,0.00,19.00,1305.000,demofac00865,demoprd00030
demolfa01734,0,Application mobile (forfait),,1.000,12000.000,8.00,19.00,11040.000,demofac00880,demoprd00006
demolfa01735,1,Mobilier de bureau (poste),,15.000,1250.000,0.00,19.00,18750.000,demofac00880,demoprd00033
demolfa01736,2,Developpement web (jour),,20.000,450.000,0.00,19.00,9000.000,demofac00880,demoprd00005
demolfa01737,0,Formation cybersecurite,,2.000,1800.000,0.00,19.00,3600.000,demofac00866,demoprd00014
demolfa01738,1,Site vitrine,,1.000,2400.000,0.00,19.00,2400.000,demofac00866,demoprd00008
demolfa01739,2,Integration ERP (jour),,13.000,600.000,0.00,19.00,7800.000,demofac00866,demoprd00007
demolfa01740,3,Stockage entrepot (m2/mois),,123.000,12.000,0.00,19.00,1476.000,demofac00866,demoprd00020
demolfa01741,0,Transport de marchandises,,9.000,210.000,0.00,7.00,1890.000,demofac00850,demoprd00019
demolfa01742,1,Ramette papier A4,,200.000,14.500,0.00,19.00,2900.000,demofac00850,demoprd00030
demolfa01743,2,Huile d'olive extra (bidon 5L),,100.000,68.000,0.00,13.00,6800.000,demofac00850,demoprd00036
demolfa01744,0,Formation comptabilite,,2.000,650.000,0.00,19.00,1300.000,demofac00867,demoprd00015
demolfa01745,1,Logiciel de gestion commerciale,,1.000,2900.000,0.00,19.00,2900.000,demofac00867,demoprd00029
demolfa01746,0,Onduleur 1500VA,,3.000,460.000,0.00,19.00,1380.000,demofac00893,demoprd00025
demolfa01747,1,Ordinateur portable pro,,4.000,2350.000,0.00,19.00,9400.000,demofac00893,demoprd00021
demolfa01748,2,Integration ERP (jour),,7.000,600.000,0.00,19.00,4200.000,demofac00893,demoprd00007
demolfa01749,0,Disque SSD 1To,,7.000,310.000,0.00,19.00,2170.000,demofac00872,demoprd00026
demolfa01750,1,Routeur professionnel,,1.000,540.000,0.00,19.00,540.000,demofac00872,demoprd00024
demolfa01751,0,Ordinateur portable pro,,3.000,2350.000,0.00,19.00,7050.000,demofac00884,demoprd00021
demolfa01752,0,Support premium (annuel),,1.000,3600.000,0.00,19.00,3600.000,demofac00841,demoprd00011
demolfa01753,1,Intervention sur site,,4.000,150.000,0.00,19.00,600.000,demofac00841,demoprd00010
demolfa01754,2,Sauvegarde externalisee,,5.000,95.000,0.00,19.00,475.000,demofac00841,demoprd00012
demolfa01755,3,Ramette papier A4,,145.000,14.500,0.00,19.00,2102.500,demofac00841,demoprd00030
demolfa01756,0,Licence suite bureautique,,5.000,320.000,0.00,19.00,1600.000,demofac00855,demoprd00028
demolfa01757,1,Formation bureautique (jour),,3.000,420.000,0.00,19.00,1260.000,demofac00855,demoprd00013
demolfa01758,0,Stockage entrepot (m2/mois),,300.000,12.000,0.00,19.00,3600.000,demofac00863,demoprd00020
demolfa01759,1,Formation comptabilite,,4.000,650.000,0.00,19.00,2600.000,demofac00863,demoprd00015
demolfa01760,0,Kit de premiers secours,,38.000,75.000,0.00,7.00,2850.000,demofac00874,demoprd00034
demolfa01761,1,Licence antivirus (poste),,89.000,85.000,0.00,19.00,7565.000,demofac00874,demoprd00027
demolfa01762,2,Disque SSD 1To,,8.000,310.000,0.00,19.00,2480.000,demofac00874,demoprd00026
demolfa01763,3,Cartouche toner,,13.000,165.000,9.00,19.00,1951.950,demofac00874,demoprd00031
demolfa01764,0,Application mobile (forfait),,1.000,12000.000,0.00,19.00,12000.000,demofac00844,demoprd00006
demolfa01765,1,Maintenance mensuelle,,40.000,380.000,0.00,19.00,15200.000,demofac00844,demoprd00009
demolfa01766,0,Intervention sur site,,1.000,150.000,0.00,19.00,150.000,demofac00877,demoprd00010
demolfa01767,1,Ramette papier A4,,63.000,14.500,12.00,19.00,803.880,demofac00877,demoprd00030
demolfa01768,0,Intervention sur site,,5.000,150.000,0.00,19.00,750.000,demofac00868,demoprd00010
demolfa01769,1,Ciment (tonne),,47.000,310.000,0.00,19.00,14570.000,demofac00868,demoprd00038
demolfa01770,0,Accompagnement fiscal (heure),,4.000,120.000,0.00,19.00,480.000,demofac00858,demoprd00003
demolfa01771,0,Classeur archive,,300.000,6.800,15.00,19.00,1734.000,demofac00899,demoprd00032
demolfa01772,1,Hebergement web (annuel),,3.000,540.000,12.00,19.00,1425.600,demofac00899,demoprd00016
demolfa01773,2,Mobilier de bureau (poste),,15.000,1250.000,0.00,19.00,18750.000,demofac00899,demoprd00033
demolfa01774,0,Audit organisationnel,,1.000,3200.000,0.00,19.00,3200.000,demofac00916,demoprd00002
demolfa01775,0,Developpement web (jour),,6.000,450.000,0.00,19.00,2700.000,demofac00932,demoprd00005
demolfa01776,0,Licence antivirus (poste),,8.000,85.000,0.00,19.00,680.000,demofac00897,demoprd00027
demolfa01777,0,Etude de marche,,1.000,4500.000,0.00,19.00,4500.000,demofac00926,demoprd00004
demolfa01778,0,Imprimante laser,,2.000,980.000,0.00,19.00,1960.000,demofac00902,demoprd00023
demolfa01779,1,Disque SSD 1To,,2.000,310.000,0.00,19.00,620.000,demofac00902,demoprd00026
demolfa01780,0,Application mobile (forfait),,1.000,12000.000,0.00,19.00,12000.000,demofac00894,demoprd00006
demolfa01781,0,Conseil strategique (jour),,1.000,850.000,0.00,19.00,850.000,demofac00903,demoprd00001
demolfa01782,0,Accompagnement fiscal (heure),,4.000,120.000,0.00,19.00,480.000,demofac00937,demoprd00003
demolfa01783,1,Conseil strategique (jour),,1.000,850.000,0.00,19.00,850.000,demofac00937,demoprd00001
demolfa01784,2,Logiciel de gestion commerciale,,1.000,2900.000,0.00,19.00,2900.000,demofac00937,demoprd00029
demolfa01785,0,Application mobile (forfait),,1.000,12000.000,0.00,19.00,12000.000,demofac00930,demoprd00006
demolfa01786,0,Gants nitrile (boite),,148.000,18.000,0.00,7.00,2664.000,demofac00939,demoprd00035
demolfa01787,1,Kit de premiers secours,,9.000,75.000,0.00,7.00,675.000,demofac00939,demoprd00034
demolfa01788,0,Audit organisationnel,,1.000,3200.000,0.00,19.00,3200.000,demofac00940,demoprd00002
demolfa01789,0,Hebergement web (annuel),,1.000,540.000,0.00,19.00,540.000,demofac00904,demoprd00016
demolfa01790,1,Dattes Deglet Nour (carton),,148.000,42.000,6.00,13.00,5843.040,demofac00904,demoprd00037
demolfa01791,0,Kit de premiers secours,,40.000,75.000,0.00,7.00,3000.000,demofac00944,demoprd00034
demolfa01792,1,Carrelage (m2),,800.000,38.000,0.00,19.00,30400.000,demofac00944,demoprd00039
demolfa01793,2,Ciment (tonne),,60.000,310.000,0.00,19.00,18600.000,demofac00944,demoprd00038
demolfa01794,0,Ecran 27 pouces,,5.000,690.000,13.00,19.00,3001.500,demofac00919,demoprd00022
demolfa01795,1,Routeur professionnel,,1.000,540.000,0.00,19.00,540.000,demofac00919,demoprd00024
demolfa01796,2,Maintenance mensuelle,,1.000,380.000,0.00,19.00,380.000,demofac00919,demoprd00009
demolfa01797,0,Developpement web (jour),,9.000,450.000,0.00,19.00,4050.000,demofac00906,demoprd00005
demolfa01798,1,Routeur professionnel,,5.000,540.000,8.00,19.00,2484.000,demofac00906,demoprd00024
demolfa01799,2,Site vitrine,,1.000,2400.000,11.00,19.00,2136.000,demofac00906,demoprd00008
demolfa01800,0,Kit de premiers secours,,15.000,75.000,0.00,7.00,1125.000,demofac00907,demoprd00034
demolfa01801,0,Classeur archive,,157.000,6.800,9.00,19.00,971.516,demofac00927,demoprd00032
demolfa01802,0,Huile d'olive extra (bidon 5L),,100.000,68.000,0.00,13.00,6800.000,demofac00921,demoprd00036
demolfa01803,0,Conseil strategique (jour),,2.000,850.000,0.00,19.00,1700.000,demofac00933,demoprd00001
demolfa01804,0,Logiciel de gestion commerciale,,1.000,2900.000,0.00,19.00,2900.000,demofac00900,demoprd00029
demolfa01805,1,Ecran 27 pouces,,3.000,690.000,0.00,19.00,2070.000,demofac00900,demoprd00022
demolfa01806,2,Onduleur 1500VA,,2.000,460.000,0.00,19.00,920.000,demofac00900,demoprd00025
demolfa01807,3,Disque SSD 1To,,2.000,310.000,0.00,19.00,620.000,demofac00900,demoprd00026
demolfa01808,0,Formation bureautique (jour),,5.000,420.000,0.00,19.00,2100.000,demofac00912,demoprd00013
demolfa01809,1,Nom de domaine .tn,,2.000,45.000,0.00,19.00,90.000,demofac00912,demoprd00017
demolfa01810,0,Stockage entrepot (m2/mois),,49.000,12.000,0.00,19.00,588.000,demofac00928,demoprd00020
demolfa01811,0,Dattes Deglet Nour (carton),,304.000,42.000,6.00,13.00,12001.920,demofac00898,demoprd00037
demolfa01812,0,Ecran 27 pouces,,3.000,690.000,0.00,19.00,2070.000,demofac00917,demoprd00022
demolfa01813,1,Nom de domaine .tn,,2.000,45.000,0.00,19.00,90.000,demofac00917,demoprd00017
demolfa01814,2,Application mobile (forfait),,1.000,12000.000,0.00,19.00,12000.000,demofac00917,demoprd00006
demolfa01815,0,Formation bureautique (jour),,5.000,420.000,0.00,19.00,2100.000,demofac00913,demoprd00013
demolfa01816,0,Carrelage (m2),,173.000,38.000,0.00,19.00,6574.000,demofac00914,demoprd00039
demolfa01817,1,Ciment (tonne),,7.000,310.000,0.00,19.00,2170.000,demofac00914,demoprd00038
demolfa01818,2,Formation cybersecurite,,1.000,1800.000,0.00,19.00,1800.000,demofac00914,demoprd00014
demolfa01819,0,Intervention sur site,,5.000,150.000,0.00,19.00,750.000,demofac00905,demoprd00010
demolfa01820,1,Gants nitrile (boite),,111.000,18.000,0.00,7.00,1998.000,demofac00905,demoprd00035
demolfa01821,0,Support premium (annuel),,1.000,3600.000,0.00,19.00,3600.000,demofac00925,demoprd00011
demolfa01822,1,Sauvegarde externalisee,,2.000,95.000,0.00,19.00,190.000,demofac00925,demoprd00012
demolfa01823,0,Imprimante laser,,3.000,980.000,0.00,19.00,2940.000,demofac00946,demoprd00023
demolfa01824,1,Intervention sur site,,2.000,150.000,0.00,19.00,300.000,demofac00946,demoprd00010
demolfa01825,2,Ecran 27 pouces,,1.000,690.000,15.00,19.00,586.500,demofac00946,demoprd00022
demolfa01826,0,Developpement web (jour),,12.000,450.000,0.00,19.00,5400.000,demofac00941,demoprd00005
demolfa01827,1,Audit organisationnel,,1.000,3200.000,0.00,19.00,3200.000,demofac00941,demoprd00002
demolfa01828,0,Transport de marchandises,,3.000,210.000,0.00,7.00,630.000,demofac00942,demoprd00019
demolfa01829,1,Stockage entrepot (m2/mois),,160.000,12.000,60.00,19.00,768.000,demofac00942,demoprd00020
demolfa01830,0,Site vitrine,,1.000,2400.000,0.00,19.00,2400.000,demofac00948,demoprd00008
demolfa01831,1,Kit de premiers secours,,4.000,75.000,0.00,7.00,300.000,demofac00948,demoprd00034
demolfa01832,0,Stockage entrepot (m2/mois),,300.000,12.000,0.00,19.00,3600.000,demofac00947,demoprd00020
demolfa01833,0,Onduleur 1500VA,,2.000,460.000,0.00,19.00,920.000,demofac00896,demoprd00025
demolfa01834,1,Ciment (tonne),,10.000,310.000,0.00,19.00,3100.000,demofac00896,demoprd00038
demolfa01835,0,Ciment (tonne),,15.000,310.000,0.00,1.90,4650.000,demofac00908,demoprd00038
demolfa01836,1,Carrelage (m2),,269.000,38.000,0.00,19.00,10222.000,demofac00908,demoprd00039
demolfa01837,2,Peinture murale (pot 20L),,21.000,145.000,0.00,19.00,3045.000,demofac00908,demoprd00040
demolfa01838,0,Formation bureautique (jour),,3.000,420.000,0.00,19.00,1260.000,demofac00934,demoprd00013
demolfa01839,1,Formation comptabilite,,2.000,650.000,0.00,19.00,1300.000,demofac00934,demoprd00015
demolfa01840,2,Formation cybersecurite,,2.000,1800.000,0.00,19.00,3600.000,demofac00934,demoprd00014
demolfa01841,0,Ciment (tonne),,22.000,310.000,0.00,19.00,6820.000,demofac00922,demoprd00038
demolfa01842,1,Hebergement web (annuel),,3.000,540.000,0.00,19.00,1620.000,demofac00922,demoprd00016
demolfa01843,2,Carrelage (m2),,344.000,38.000,0.00,19.00,13072.000,demofac00922,demoprd00039
demolfa01844,0,Licence antivirus (poste),,36.000,85.000,0.00,19.00,3060.000,demofac00910,demoprd00027
demolfa01845,1,Huile d'olive extra (bidon 5L),,131.000,68.000,0.00,13.00,8908.000,demofac00910,demoprd00036
demolfa01846,2,Site vitrine,,1.000,2400.000,0.00,19.00,2400.000,demofac00910,demoprd00008
demolfa01847,0,Transport de marchandises,,4.000,210.000,0.00,7.00,840.000,demofac00950,demoprd00019
demolfa01848,1,Site vitrine,,1.000,2400.000,0.00,19.00,2400.000,demofac00950,demoprd00008
demolfa01849,0,Accompagnement fiscal (heure),,9.000,120.000,0.00,19.00,1080.000,demofac00911,demoprd00003
demolfa01850,1,Etude de marche,,1.000,4500.000,0.00,19.00,4500.000,demofac00911,demoprd00004
demolfa01851,2,Conseil strategique (jour),,3.000,850.000,0.00,19.00,2550.000,demofac00911,demoprd00001
demolfa01852,0,Intervention sur site,,2.000,150.000,0.00,19.00,300.000,demofac00938,demoprd00010
demolfa01853,0,Etude de marche,,1.000,4500.000,0.00,19.00,4500.000,demofac00935,demoprd00004
demolfa01854,1,Licence antivirus (poste),,13.000,85.000,0.00,19.00,1105.000,demofac00935,demoprd00027
demolfa01855,2,Licence suite bureautique,,18.000,320.000,0.00,19.00,5760.000,demofac00935,demoprd00028
demolfa01856,0,Cartouche toner,,9.000,165.000,0.00,19.00,1485.000,demofac00923,demoprd00031
demolfa01857,0,Formation cybersecurite,,1.000,1800.000,0.00,19.00,1800.000,demofac00943,demoprd00014
demolfa01858,0,Peinture murale (pot 20L),,80.000,145.000,0.00,19.00,11600.000,demofac00915,demoprd00040
demolfa01859,0,Mobilier de bureau (poste),,15.000,1250.000,0.00,19.00,18750.000,demofac00929,demoprd00033
demolfa01860,0,Carrelage (m2),,378.000,38.000,0.00,19.00,14364.000,demofac00945,demoprd00039
demolfa01861,1,Etude de marche,,1.000,4500.000,0.00,19.00,4500.000,demofac00945,demoprd00004
demolfa01862,0,Onduleur 1500VA,,2.000,460.000,0.00,19.00,920.000,demofac00924,demoprd00025
demolfa01863,1,Stockage entrepot (m2/mois),,73.000,12.000,0.00,19.00,876.000,demofac00924,demoprd00020
demolfa01864,2,Integration ERP (jour),,6.000,600.000,0.00,19.00,3600.000,demofac00924,demoprd00007
demolfa01865,0,Sauvegarde externalisee,,7.000,95.000,0.00,19.00,665.000,demofac00901,demoprd00012
demolfa01866,1,Ramette papier A4,,120.000,14.500,0.00,19.00,1740.000,demofac00901,demoprd00030
demolfa01867,2,Cartouche toner,,16.000,165.000,0.00,19.00,2640.000,demofac00901,demoprd00031
demolfa01868,0,Site vitrine,,1.000,2400.000,7.00,19.00,2232.000,demofac00931,demoprd00008
demolfa01869,1,Developpement web (jour),,17.000,450.000,10.00,19.00,6885.000,demofac00931,demoprd00005
demolfa01870,0,Audit organisationnel,,1.000,3200.000,0.00,19.00,3200.000,demofac00909,demoprd00002
demolfa01871,0,Sauvegarde externalisee,,2.000,95.000,0.00,19.00,190.000,demofac00895,demoprd00012
demolfa01872,1,Dattes Deglet Nour (carton),,13.000,42.000,0.00,13.00,546.000,demofac00895,demoprd00037
demolfa01873,2,Maintenance mensuelle,,2.000,380.000,0.00,19.00,760.000,demofac00895,demoprd00009
demolfa01874,0,Formation comptabilite,,1.000,650.000,0.00,19.00,650.000,demofac00918,demoprd00015
demolfa01875,1,Maintenance mensuelle,,3.000,380.000,0.00,19.00,1140.000,demofac00918,demoprd00009
demolfa01876,0,Intervention sur site,,2.000,150.000,9.00,19.00,273.000,demofac00936,demoprd00010
demolfa01877,1,Transport de marchandises,,2.000,210.000,0.00,7.00,420.000,demofac00936,demoprd00019
demolfa01878,0,Cartouche toner,,3.000,165.000,0.00,19.00,495.000,demofac00949,demoprd00031
demolfa01879,1,Classeur archive,,45.000,6.800,0.00,19.00,306.000,demofac00949,demoprd00032
demolfa01880,0,Serveur dedie (mois),,2.000,290.000,0.00,19.00,580.000,demofac00920,demoprd00018
demolfa01881,1,Nom de domaine .tn,,1.000,45.000,0.00,19.00,45.000,demofac00920,demoprd00017
demolfa01882,2,Integration ERP (jour),,6.000,600.000,0.00,19.00,3600.000,demofac00920,demoprd00007
demolfa01883,0,Maintenance mensuelle,,2.000,380.000,0.00,19.00,760.000,demofac00980,demoprd00009
demolfa01884,1,Ordinateur portable pro,,7.000,2350.000,0.00,19.00,16450.000,demofac00980,demoprd00021
demolfa01885,0,Developpement web (jour),,3.000,450.000,0.00,19.00,1350.000,demofac00985,demoprd00005
demolfa01886,0,Serveur dedie (mois),,3.000,290.000,0.00,19.00,870.000,demofac00995,demoprd00018
demolfa01887,1,Classeur archive,,36.000,6.800,0.00,19.00,244.800,demofac00995,demoprd00032
demolfa01888,2,Nom de domaine .tn,,1.000,45.000,8.00,19.00,41.400,demofac00995,demoprd00017
demolfa01889,3,Hebergement web (annuel),,1.000,540.000,0.00,19.00,540.000,demofac00995,demoprd00016
demolfa01890,0,Ramette papier A4,,135.000,14.500,0.00,19.00,1957.500,demofac01002,demoprd00030
demolfa01891,0,Maintenance mensuelle,,2.000,380.000,0.00,19.00,760.000,demofac00952,demoprd00009
demolfa01892,0,Integration ERP (jour),,9.000,600.000,0.00,19.00,5400.000,demofac00981,demoprd00007
demolfa01893,0,Kit de premiers secours,,5.000,75.000,0.00,7.00,375.000,demofac00956,demoprd00034
demolfa01894,1,Audit organisationnel,,1.000,3200.000,0.00,19.00,3200.000,demofac00956,demoprd00002
demolfa01895,0,Gants nitrile (boite),,243.000,18.000,0.00,7.00,4374.000,demofac00967,demoprd00035
demolfa01896,0,Integration ERP (jour),,15.000,600.000,0.00,19.00,9000.000,demofac00977,demoprd00007
demolfa01897,1,Classeur archive,,169.000,6.800,0.00,19.00,1149.200,demofac00977,demoprd00032
demolfa01898,2,Mobilier de bureau (poste),,11.000,1250.000,9.00,19.00,12512.500,demofac00977,demoprd00033
demolfa01899,3,Developpement web (jour),,10.000,450.000,0.00,19.00,4500.000,demofac00977,demoprd00005
demolfa01900,0,Kit de premiers secours,,27.000,75.000,9.00,7.00,1842.750,demofac00970,demoprd00034
demolfa01901,0,Serveur dedie (mois),,1.000,290.000,0.00,19.00,290.000,demofac00962,demoprd00018
demolfa01902,0,Routeur professionnel,,1.000,540.000,8.00,19.00,496.800,demofac00958,demoprd00024
demolfa01903,1,Sauvegarde externalisee,,1.000,95.000,0.00,19.00,95.000,demofac00958,demoprd00012
demolfa01904,2,Ecran 27 pouces,,4.000,690.000,9.00,19.00,2511.600,demofac00958,demoprd00022
demolfa01905,0,Dattes Deglet Nour (carton),,268.000,42.000,11.00,13.00,10017.840,demofac00974,demoprd00037
demolfa01906,0,Classeur archive,,53.000,6.800,15.00,19.00,306.340,demofac00986,demoprd00032
demolfa01907,1,Ramette papier A4,,140.000,14.500,0.00,19.00,2030.000,demofac00986,demoprd00030
demolfa01908,0,Etude de marche,,1.000,4500.000,0.00,19.00,4500.000,demofac00987,demoprd00004
demolfa01909,1,Cartouche toner,,4.000,165.000,10.00,19.00,594.000,demofac00987,demoprd00031
demolfa01910,0,Onduleur 1500VA,,6.000,460.000,10.00,19.00,2484.000,demofac00990,demoprd00025
demolfa01911,0,Classeur archive,,215.000,6.800,12.00,19.00,1286.560,demofac00951,demoprd00032
demolfa01912,1,Developpement web (jour),,18.000,450.000,0.00,19.00,8100.000,demofac00951,demoprd00005
demolfa01913,2,Logiciel de gestion commerciale,,1.000,2900.000,0.00,19.00,2900.000,demofac00951,demoprd00029
demolfa01914,0,Application mobile (forfait),,1.000,12000.000,0.00,19.00,12000.000,demofac00975,demoprd00006
demolfa01915,0,Ecran 27 pouces,,7.000,690.000,0.00,19.00,4830.000,demofac00982,demoprd00022
demolfa01916,0,Imprimante laser,,2.000,980.000,0.00,19.00,1960.000,demofac00988,demoprd00023
demolfa01917,1,Routeur professionnel,,2.000,540.000,0.00,19.00,1080.000,demofac00988,demoprd00024
demolfa01918,0,Licence antivirus (poste),,30.000,85.000,0.00,19.00,2550.000,demofac00978,demoprd00027
demolfa01919,1,Integration ERP (jour),,4.000,600.000,0.00,19.00,2400.000,demofac00978,demoprd00007
demolfa01920,0,Site vitrine,,1.000,2400.000,0.00,19.00,2400.000,demofac00989,demoprd00008
demolfa01921,1,Stockage entrepot (m2/mois),,82.000,12.000,0.00,19.00,984.000,demofac00989,demoprd00020
demolfa01922,0,Accompagnement fiscal (heure),,3.000,120.000,0.00,19.00,360.000,demofac01000,demoprd00003
demolfa01923,1,Conseil strategique (jour),,1.000,850.000,0.00,19.00,850.000,demofac01000,demoprd00001
demolfa01924,2,Licence suite bureautique,,3.000,320.000,0.00,19.00,960.000,demofac01000,demoprd00028
demolfa01925,0,Onduleur 1500VA,,1.000,460.000,0.00,19.00,460.000,demofac01004,demoprd00025
demolfa01926,0,Ecran 27 pouces,,2.000,690.000,0.00,19.00,1380.000,demofac01007,demoprd00022
demolfa01927,0,Maintenance mensuelle,,2.000,380.000,0.00,19.00,760.000,demofac00953,demoprd00009
demolfa01928,1,Mobilier de bureau (poste),,11.000,1250.000,0.00,19.00,13750.000,demofac00953,demoprd00033
demolfa01929,0,Application mobile (forfait),,1.000,12000.000,0.00,19.00,12000.000,demofac00991,demoprd00006
demolfa01930,0,Peinture murale (pot 20L),,25.000,145.000,0.00,19.00,3625.000,demofac00992,demoprd00040
demolfa01931,1,Licence suite bureautique,,12.000,320.000,0.00,19.00,3840.000,demofac00992,demoprd00028
demolfa01932,0,Ecran 27 pouces,,12.000,690.000,13.00,19.00,7203.600,demofac01005,demoprd00022
demolfa01933,0,Logiciel de gestion commerciale,,1.000,2900.000,0.00,19.00,2900.000,demofac00996,demoprd00029
demolfa01934,1,Licence suite bureautique,,11.000,320.000,0.00,19.00,3520.000,demofac00996,demoprd00028
demolfa01935,0,Ecran 27 pouces,,12.000,690.000,0.00,19.00,8280.000,demofac00971,demoprd00022
demolfa01936,1,Imprimante laser,,1.000,980.000,0.00,19.00,980.000,demofac00971,demoprd00023
demolfa01937,0,Licence antivirus (poste),,73.000,85.000,0.00,19.00,6205.000,demofac00969,demoprd00027
demolfa01938,0,Formation cybersecurite,,1.000,1800.000,0.00,19.00,1800.000,demofac01009,demoprd00014
demolfa01939,1,Formation bureautique (jour),,3.000,420.000,0.00,19.00,1260.000,demofac01009,demoprd00013
demolfa01940,2,Peinture murale (pot 20L),,62.000,145.000,0.00,19.00,8990.000,demofac01009,demoprd00040
demolfa01941,0,Application mobile (forfait),,1.000,12000.000,0.00,19.00,12000.000,demofac00959,demoprd00006
demolfa01942,0,Audit organisationnel,,1.000,3200.000,0.00,19.00,3200.000,demofac01011,demoprd00002
demolfa01943,1,Ramette papier A4,,56.000,14.500,14.00,19.00,698.320,demofac01011,demoprd00030
demolfa01944,0,Classeur archive,,300.000,6.800,0.00,19.00,2040.000,demofac00972,demoprd00032
demolfa01945,0,Imprimante laser,,2.000,980.000,0.00,19.00,1960.000,demofac01001,demoprd00023
demolfa01946,1,Ordinateur portable pro,,3.000,2350.000,0.00,19.00,7050.000,demofac01001,demoprd00021
demolfa01947,0,Ecran 27 pouces,,5.000,690.000,0.00,19.00,3450.000,demofac00983,demoprd00022
demolfa01948,1,Classeur archive,,141.000,6.800,84.00,19.00,153.408,demofac00983,demoprd00032
demolfa01949,0,Dattes Deglet Nour (carton),,81.000,42.000,0.00,13.00,3402.000,demofac00993,demoprd00037
demolfa01950,1,Support premium (annuel),,1.000,3600.000,0.00,19.00,3600.000,demofac00993,demoprd00011
demolfa01951,2,Maintenance mensuelle,,1.000,380.000,0.00,19.00,380.000,demofac00993,demoprd00009
demolfa01952,3,Sauvegarde externalisee,,4.000,95.000,0.00,19.00,380.000,demofac00993,demoprd00012
demolfa01953,0,Classeur archive,,111.000,6.800,0.00,19.00,754.800,demofac00957,demoprd00032
demolfa01954,1,Peinture murale (pot 20L),,3.000,145.000,14.00,19.00,374.100,demofac00957,demoprd00040
demolfa01955,2,Logiciel de gestion commerciale,,1.000,2900.000,0.00,19.00,2900.000,demofac00957,demoprd00029
demolfa01956,0,Accompagnement fiscal (heure),,2.000,120.000,0.00,19.00,240.000,demofac01008,demoprd00003
demolfa01957,1,Audit organisationnel,,1.000,3200.000,0.00,19.00,3200.000,demofac01008,demoprd00002
demolfa01958,2,Imprimante laser,,1.000,980.000,0.00,19.00,980.000,demofac01008,demoprd00023
demolfa01959,3,Etude de marche,,1.000,4500.000,0.00,19.00,4500.000,demofac01008,demoprd00004
demolfa01960,0,Etude de marche,,1.000,4500.000,0.00,19.00,4500.000,demofac00954,demoprd00004
demolfa01961,1,Audit organisationnel,,1.000,3200.000,0.00,19.00,3200.000,demofac00954,demoprd00002
demolfa01962,0,Conseil strategique (jour),,3.000,850.000,13.00,19.00,2218.500,demofac00963,demoprd00001
demolfa01963,1,Stockage entrepot (m2/mois),,104.000,12.000,0.00,19.00,1248.000,demofac00963,demoprd00020
demolfa01964,2,Licence suite bureautique,,13.000,320.000,8.00,19.00,3827.200,demofac00963,demoprd00028
demolfa01965,3,Licence antivirus (poste),,38.000,85.000,0.00,19.00,3230.000,demofac00963,demoprd00027
demolfa01966,0,Licence suite bureautique,,17.000,320.000,0.00,19.00,5440.000,demofac00973,demoprd00028
demolfa01967,1,Audit organisationnel,,1.000,3200.000,0.00,19.00,3200.000,demofac00973,demoprd00002
demolfa01968,0,Classeur archive,,283.000,6.800,8.00,19.00,1770.448,demofac00976,demoprd00032
demolfa01969,1,Site vitrine,,1.000,2400.000,0.00,19.00,2400.000,demofac00976,demoprd00008
demolfa01970,0,Onduleur 1500VA,,5.000,460.000,0.00,19.00,2300.000,demofac01012,demoprd00025
demolfa01971,1,Dattes Deglet Nour (carton),,288.000,42.000,0.00,13.00,12096.000,demofac01012,demoprd00037
demolfa01972,0,Formation bureautique (jour),,2.000,420.000,9.00,19.00,764.400,demofac00964,demoprd00013
demolfa01973,1,Formation cybersecurite,,1.000,1800.000,0.00,19.00,1800.000,demofac00964,demoprd00014
demolfa01974,2,Licence antivirus (poste),,32.000,85.000,0.00,19.00,2720.000,demofac00964,demoprd00027
demolfa01975,0,Support premium (annuel),,1.000,3600.000,0.00,19.00,3600.000,demofac00966,demoprd00011
demolfa01976,1,Transport de marchandises,,7.000,210.000,0.00,7.00,1470.000,demofac00966,demoprd00019
demolfa01977,2,Dattes Deglet Nour (carton),,316.000,42.000,0.00,13.00,13272.000,demofac00966,demoprd00037
demolfa01978,0,Transport de marchandises,,2.000,210.000,0.00,7.00,420.000,demofac00994,demoprd00019
demolfa01979,1,Integration ERP (jour),,4.000,600.000,0.00,19.00,2400.000,demofac00994,demoprd00007
demolfa01980,0,Licence suite bureautique,,16.000,320.000,0.00,19.00,5120.000,demofac00984,demoprd00028
demolfa01981,0,Accompagnement fiscal (heure),,4.000,120.000,0.00,19.00,480.000,demofac00965,demoprd00003
demolfa01982,0,Kit de premiers secours,,16.000,75.000,0.00,7.00,1200.000,demofac00960,demoprd00034
demolfa01983,0,Developpement web (jour),,19.000,450.000,69.00,19.00,2650.500,demofac00997,demoprd00005
demolfa01984,1,Conseil strategique (jour),,8.000,850.000,0.00,19.00,6800.000,demofac00997,demoprd00001
demolfa01985,2,Ciment (tonne),,60.000,310.000,8.00,19.00,17112.000,demofac00997,demoprd00038
demolfa01986,0,Formation comptabilite,,1.000,650.000,0.00,19.00,650.000,demofac01010,demoprd00015
demolfa01987,1,Formation cybersecurite,,1.000,1800.000,0.00,19.00,1800.000,demofac01010,demoprd00014
demolfa01988,0,Carrelage (m2),,319.000,38.000,0.00,19.00,12122.000,demofac00955,demoprd00039
demolfa01989,0,Routeur professionnel,,5.000,540.000,0.00,19.00,2700.000,demofac00998,demoprd00024
demolfa01990,1,Gants nitrile (boite),,400.000,18.000,0.00,7.00,7200.000,demofac00998,demoprd00035
demolfa01991,0,Mobilier de bureau (poste),,7.000,1250.000,0.00,19.00,8750.000,demofac01006,demoprd00033
demolfa01992,1,Formation bureautique (jour),,2.000,420.000,0.00,19.00,840.000,demofac01006,demoprd00013
demolfa01993,0,Disque SSD 1To,,2.000,310.000,0.00,19.00,620.000,demofac00999,demoprd00026
demolfa01994,1,Formation bureautique (jour),,2.000,420.000,0.00,19.00,840.000,demofac00999,demoprd00013
demolfa01995,0,Onduleur 1500VA,,3.000,460.000,0.00,19.00,1380.000,demofac00961,demoprd00025
demolfa01996,1,Support premium (annuel),,1.000,3600.000,0.00,19.00,3600.000,demofac00961,demoprd00011
demolfa01997,0,Support premium (annuel),,1.000,3600.000,0.00,19.00,3600.000,demofac00968,demoprd00011
demolfa01998,1,Application mobile (forfait),,1.000,12000.000,0.00,19.00,12000.000,demofac00968,demoprd00006
demolfa01999,2,Stockage entrepot (m2/mois),,71.000,12.000,0.00,19.00,852.000,demofac00968,demoprd00020
demolfa02000,0,Sauvegarde externalisee,,3.000,95.000,0.00,19.00,285.000,demofac01031,demoprd00012
demolfa02001,1,Licence suite bureautique,,2.000,320.000,0.00,19.00,640.000,demofac01031,demoprd00028
demolfa02002,2,Maintenance mensuelle,,2.000,380.000,0.00,19.00,760.000,demofac01031,demoprd00009
demolfa02003,0,Onduleur 1500VA,,2.000,460.000,0.00,19.00,920.000,demofac01068,demoprd00025
demolfa02004,0,Intervention sur site,,2.000,150.000,0.00,19.00,300.000,demofac01027,demoprd00010
demolfa02005,1,Audit organisationnel,,1.000,3200.000,0.00,19.00,3200.000,demofac01027,demoprd00002
demolfa02006,0,Developpement web (jour),,4.000,450.000,0.00,19.00,1800.000,demofac01043,demoprd00005
demolfa02007,0,Gants nitrile (boite),,400.000,18.000,0.00,7.00,7200.000,demofac01070,demoprd00035
demolfa02008,1,Kit de premiers secours,,40.000,75.000,0.00,7.00,3000.000,demofac01070,demoprd00034
demolfa02009,0,Onduleur 1500VA,,4.000,460.000,0.00,19.00,1840.000,demofac01014,demoprd00025
demolfa02010,0,Licence suite bureautique,,13.000,320.000,0.00,19.00,4160.000,demofac01033,demoprd00028
demolfa02011,0,Imprimante laser,,3.000,980.000,0.00,19.00,2940.000,demofac01034,demoprd00023
demolfa02012,0,Licence suite bureautique,,10.000,320.000,6.00,19.00,3008.000,demofac01042,demoprd00028
demolfa02013,1,Logiciel de gestion commerciale,,2.000,2900.000,0.00,19.00,5800.000,demofac01042,demoprd00029
demolfa02014,0,Maintenance mensuelle,,3.000,380.000,0.00,19.00,1140.000,demofac01054,demoprd00009
demolfa02015,1,Developpement web (jour),,20.000,450.000,0.00,19.00,9000.000,demofac01054,demoprd00005
demolfa02016,2,Support premium (annuel),,1.000,3600.000,0.00,19.00,3600.000,demofac01054,demoprd00011
demolfa02017,0,Formation comptabilite,,2.000,650.000,0.00,19.00,1300.000,demofac01018,demoprd00015
demolfa02018,0,Licence antivirus (poste),,26.000,85.000,0.00,19.00,2210.000,demofac01044,demoprd00027
demolfa02019,1,Accompagnement fiscal (heure),,3.000,120.000,0.00,19.00,360.000,demofac01044,demoprd00003
demolfa02020,0,Peinture murale (pot 20L),,19.000,145.000,5.00,19.00,2617.250,demofac01020,demoprd00040
demolfa02021,1,Serveur dedie (mois),,8.000,290.000,0.00,19.00,2320.000,demofac01020,demoprd00018
demolfa02022,2,Imprimante laser,,3.000,980.000,0.00,19.00,2940.000,demofac01020,demoprd00023
demolfa02023,0,Peinture murale (pot 20L),,66.000,145.000,0.00,19.00,9570.000,demofac01013,demoprd00040
demolfa02024,1,Ramette papier A4,,40.000,14.500,0.00,19.00,580.000,demofac01013,demoprd00030
demolfa02025,0,Transport de marchandises,,4.000,210.000,0.00,7.00,840.000,demofac01015,demoprd00019
demolfa02026,1,Stockage entrepot (m2/mois),,269.000,12.000,6.00,19.00,3034.320,demofac01015,demoprd00020
demolfa02027,2,Carrelage (m2),,432.000,38.000,0.00,19.00,16416.000,demofac01015,demoprd00039
demolfa02028,0,Maintenance mensuelle,,2.000,380.000,0.00,19.00,760.000,demofac01028,demoprd00009
demolfa02029,1,Kit de premiers secours,,29.000,75.000,0.00,7.00,2175.000,demofac01028,demoprd00034
demolfa02030,2,Peinture murale (pot 20L),,51.000,145.000,0.00,19.00,7395.000,demofac01028,demoprd00040
demolfa02031,0,Conseil strategique (jour),,2.000,850.000,0.00,19.00,1700.000,demofac01016,demoprd00001
demolfa02032,0,Dattes Deglet Nour (carton),,66.000,42.000,0.00,13.00,2772.000,demofac01024,demoprd00037
demolfa02033,1,Disque SSD 1To,,1.000,310.000,0.00,19.00,310.000,demofac01024,demoprd00026
demolfa02034,0,Licence antivirus (poste),,20.000,85.000,13.00,19.00,1479.000,demofac01069,demoprd00027
demolfa02035,0,Formation bureautique (jour),,2.000,420.000,0.00,19.00,840.000,demofac01061,demoprd00013
demolfa02036,1,Ciment (tonne),,20.000,310.000,0.00,19.00,6200.000,demofac01061,demoprd00038
demolfa02037,0,Developpement web (jour),,11.000,450.000,0.00,19.00,4950.000,demofac01063,demoprd00005
demolfa02038,1,Application mobile (forfait),,1.000,12000.000,0.00,19.00,12000.000,demofac01063,demoprd00006
demolfa02039,2,Transport de marchandises,,6.000,210.000,69.00,7.00,390.600,demofac01063,demoprd00019
demolfa02040,0,Intervention sur site,,2.000,150.000,0.00,19.00,300.000,demofac01062,demoprd00010
demolfa02041,0,Licence suite bureautique,,24.000,320.000,0.00,19.00,7680.000,demofac01029,demoprd00028
demolfa02042,0,Routeur professionnel,,1.000,540.000,0.00,19.00,540.000,demofac01066,demoprd00024
demolfa02043,0,Ramette papier A4,,133.000,14.500,0.00,19.00,1928.500,demofac01021,demoprd00030
demolfa02044,0,Ciment (tonne),,5.000,310.000,0.00,19.00,1550.000,demofac01057,demoprd00038
demolfa02045,0,Gants nitrile (boite),,79.000,18.000,0.00,7.00,1422.000,demofac01037,demoprd00035
demolfa02046,0,Classeur archive,,223.000,6.800,12.00,19.00,1334.432,demofac01050,demoprd00032
demolfa02047,0,Ordinateur portable pro,,2.000,2350.000,0.00,19.00,4700.000,demofac01047,demoprd00021
demolfa02048,1,Mobilier de bureau (poste),,12.000,1250.000,0.00,19.00,15000.000,demofac01047,demoprd00033
demolfa02049,0,Etude de marche,,1.000,4500.000,0.00,19.00,4500.000,demofac01017,demoprd00004
demolfa02050,1,Accompagnement fiscal (heure),,8.000,120.000,12.00,19.00,844.800,demofac01017,demoprd00003
demolfa02051,0,Huile d'olive extra (bidon 5L),,300.000,68.000,0.00,13.00,20400.000,demofac01055,demoprd00036
demolfa02052,0,Support premium (annuel),,1.000,3600.000,0.00,19.00,3600.000,demofac01022,demoprd00011
demolfa02053,1,Developpement web (jour),,7.000,450.000,0.00,19.00,3150.000,demofac01022,demoprd00005
demolfa02054,2,Intervention sur site,,4.000,150.000,0.00,19.00,600.000,demofac01022,demoprd00010
demolfa02055,0,Formation cybersecurite,,1.000,1800.000,0.00,19.00,1800.000,demofac01051,demoprd00014
demolfa02056,0,Maintenance mensuelle,,2.000,380.000,0.00,19.00,760.000,demofac01064,demoprd00009
demolfa02057,1,Gants nitrile (boite),,156.000,18.000,15.00,7.00,2386.800,demofac01064,demoprd00035
demolfa02058,0,Dattes Deglet Nour (carton),,167.000,42.000,10.00,13.00,6312.600,demofac01052,demoprd00037
demolfa02059,1,Disque SSD 1To,,14.000,310.000,0.00,19.00,4340.000,demofac01052,demoprd00026
demolfa02060,2,Huile d'olive extra (bidon 5L),,208.000,68.000,73.00,13.00,3818.880,demofac01052,demoprd00036
demolfa02061,0,Ciment (tonne),,10.000,310.000,0.00,19.00,3100.000,demofac01040,demoprd00038
demolfa02062,1,Carrelage (m2),,800.000,38.000,0.00,19.00,30400.000,demofac01040,demoprd00039
demolfa02063,0,Ciment (tonne),,15.000,310.000,0.00,19.00,4650.000,demofac01038,demoprd00038
demolfa02064,0,Support premium (annuel),,1.000,3600.000,0.00,19.00,3600.000,demofac01058,demoprd00011
demolfa02065,1,Ramette papier A4,,40.000,14.500,0.00,19.00,580.000,demofac01058,demoprd00030
demolfa02066,2,Maintenance mensuelle,,1.000,380.000,0.00,19.00,380.000,demofac01058,demoprd00009
demolfa02067,0,Ramette papier A4,,42.000,14.500,9.00,19.00,554.190,demofac01045,demoprd00030
demolfa02068,0,Peinture murale (pot 20L),,8.000,145.000,0.00,19.00,1160.000,demofac01025,demoprd00040
demolfa02069,0,Audit organisationnel,,1.000,3200.000,0.00,19.00,3200.000,demofac01046,demoprd00002
demolfa02070,1,Accompagnement fiscal (heure),,11.000,120.000,0.00,19.00,1320.000,demofac01046,demoprd00003
demolfa02071,0,Audit organisationnel,,1.000,3200.000,0.00,19.00,3200.000,demofac01019,demoprd00002
demolfa02072,0,Formation comptabilite,,2.000,650.000,0.00,19.00,1300.000,demofac01060,demoprd00015
demolfa02073,0,Maintenance mensuelle,,1.000,380.000,0.00,19.00,380.000,demofac01053,demoprd00009
demolfa02074,1,Huile d'olive extra (bidon 5L),,26.000,68.000,0.00,13.00,1768.000,demofac01053,demoprd00036
demolfa02075,2,Support premium (annuel),,1.000,3600.000,11.00,19.00,3204.000,demofac01053,demoprd00011
demolfa02076,0,Cartouche toner,,21.000,165.000,0.00,19.00,3465.000,demofac01030,demoprd00031
demolfa02077,0,Imprimante laser,,2.000,980.000,0.00,19.00,1960.000,demofac01065,demoprd00023
demolfa02078,1,Disque SSD 1To,,3.000,310.000,0.00,19.00,930.000,demofac01065,demoprd00026
demolfa02079,0,Classeur archive,,49.000,6.800,0.00,19.00,333.200,demofac01056,demoprd00032
demolfa02080,1,Integration ERP (jour),,5.000,600.000,0.00,19.00,3000.000,demofac01056,demoprd00007
demolfa02081,0,Audit organisationnel,,1.000,3200.000,0.00,19.00,3200.000,demofac01048,demoprd00002
demolfa02082,1,Etude de marche,,1.000,4500.000,0.00,19.00,4500.000,demofac01048,demoprd00004
demolfa02083,0,Peinture murale (pot 20L),,8.000,145.000,0.00,19.00,1160.000,demofac01041,demoprd00040
demolfa02084,0,Transport de marchandises,,1.000,210.000,0.00,7.00,210.000,demofac01039,demoprd00019
demolfa02085,0,Intervention sur site,,2.000,150.000,0.00,19.00,300.000,demofac01032,demoprd00010
demolfa02086,1,Sauvegarde externalisee,,5.000,95.000,0.00,19.00,475.000,demofac01032,demoprd00012
demolfa02087,0,Stockage entrepot (m2/mois),,67.000,12.000,0.00,19.00,804.000,demofac01035,demoprd00020
demolfa02088,0,Stockage entrepot (m2/mois),,300.000,12.000,0.00,19.00,3600.000,demofac01036,demoprd00020
demolfa02089,1,Peinture murale (pot 20L),,80.000,145.000,0.00,19.00,11600.000,demofac01036,demoprd00040
demolfa02090,2,Formation comptabilite,,2.000,650.000,0.00,19.00,1300.000,demofac01036,demoprd00015
demolfa02091,0,Peinture murale (pot 20L),,24.000,145.000,0.00,19.00,3480.000,demofac01071,demoprd00040
demolfa02092,1,Ciment (tonne),,16.000,310.000,0.00,19.00,4960.000,demofac01071,demoprd00038
demolfa02093,2,Logiciel de gestion commerciale,,2.000,2900.000,0.00,29.00,5800.000,demofac01071,demoprd00029
demolfa02094,0,Hebergement web (annuel),,1.000,540.000,0.00,19.00,540.000,demofac01067,demoprd00016
demolfa02095,0,Formation comptabilite,,2.000,650.000,13.00,19.00,1131.000,demofac01023,demoprd00015
demolfa02096,1,Formation cybersecurite,,1.000,1800.000,0.00,19.00,1800.000,demofac01023,demoprd00014
demolfa02097,2,Onduleur 1500VA,,4.000,460.000,0.00,19.00,1840.000,demofac01023,demoprd00025
demolfa02098,0,Peinture murale (pot 20L),,5.000,145.000,11.00,19.00,645.250,demofac01059,demoprd00040
demolfa02099,0,Carrelage (m2),,525.000,38.000,0.00,19.00,19950.000,demofac01026,demoprd00039
demolfa02100,1,Hebergement web (annuel),,2.000,540.000,0.00,19.00,1080.000,demofac01026,demoprd00016
demolfa02101,0,Licence antivirus (poste),,25.000,85.000,0.00,19.00,2125.000,demofac01049,demoprd00027
demolfa02102,1,Dattes Deglet Nour (carton),,155.000,42.000,0.00,13.00,6510.000,demofac01049,demoprd00037
demolfa02103,2,Licence suite bureautique,,11.000,320.000,0.00,19.00,3520.000,demofac01049,demoprd00028
demolfa02104,0,Developpement web (jour),,10.000,450.000,0.00,19.00,4500.000,demofac01113,demoprd00005
demolfa02105,0,Imprimante laser,,2.000,980.000,0.00,19.00,1960.000,demofac01114,demoprd00023
demolfa02106,1,Formation comptabilite,,2.000,650.000,0.00,19.00,1300.000,demofac01114,demoprd00015
demolfa02107,2,Onduleur 1500VA,,2.000,460.000,0.00,19.00,920.000,demofac01114,demoprd00025
demolfa02108,0,Gants nitrile (boite),,400.000,18.000,0.00,7.00,7200.000,demofac01108,demoprd00035
demolfa02109,1,Peinture murale (pot 20L),,24.000,145.000,12.00,19.00,3062.400,demofac01108,demoprd00040
demolfa02110,2,Kit de premiers secours,,40.000,75.000,0.00,7.00,3000.000,demofac01108,demoprd00034
demolfa02111,0,Ramette papier A4,,124.000,14.500,0.00,19.00,1798.000,demofac01096,demoprd00030
demolfa02112,1,Cartouche toner,,30.000,165.000,14.00,19.00,4257.000,demofac01096,demoprd00031
demolfa02113,0,Sauvegarde externalisee,,5.000,95.000,10.00,19.00,427.500,demofac01089,demoprd00012
demolfa02114,0,Ciment (tonne),,8.000,310.000,0.00,19.00,2480.000,demofac01115,demoprd00038
demolfa02115,1,Peinture murale (pot 20L),,5.000,145.000,0.00,19.00,725.000,demofac01115,demoprd00040
demolfa02116,0,Developpement web (jour),,3.000,450.000,0.00,19.00,1350.000,demofac01082,demoprd00005
demolfa02117,0,Licence antivirus (poste),,29.000,85.000,15.00,19.00,2095.250,demofac01098,demoprd00027
demolfa02118,0,Formation cybersecurite,,2.000,1800.000,0.00,19.00,3600.000,demofac01084,demoprd00014
demolfa02119,1,Kit de premiers secours,,7.000,75.000,0.00,7.00,525.000,demofac01084,demoprd00034
demolfa02120,2,Gants nitrile (boite),,314.000,18.000,7.00,7.00,5256.360,demofac01084,demoprd00035
demolfa02121,0,Audit organisationnel,,1.000,3200.000,0.00,19.00,3200.000,demofac01116,demoprd00002
demolfa02122,0,Formation bureautique (jour),,2.000,420.000,0.00,19.00,840.000,demofac01128,demoprd00013
demolfa02123,1,Maintenance mensuelle,,1.000,380.000,0.00,19.00,380.000,demofac01128,demoprd00009
demolfa02124,0,Cartouche toner,,22.000,165.000,0.00,19.00,3630.000,demofac01122,demoprd00031
demolfa02125,1,Classeur archive,,278.000,6.800,0.00,19.00,1890.400,demofac01122,demoprd00032
demolfa02126,0,Ciment (tonne),,11.000,310.000,0.00,19.00,3410.000,demofac01119,demoprd00038
demolfa02127,0,Imprimante laser,,2.000,980.000,0.00,19.00,1960.000,demofac01102,demoprd00023
demolfa02128,0,Ciment (tonne),,6.000,310.000,10.00,19.00,1674.000,demofac01117,demoprd00038
demolfa02129,1,Formation comptabilite,,2.000,650.000,0.00,19.00,1300.000,demofac01117,demoprd00015
demolfa02130,2,Peinture murale (pot 20L),,23.000,145.000,0.00,19.00,3335.000,demofac01117,demoprd00040
demolfa02131,0,Sauvegarde externalisee,,6.000,95.000,0.00,19.00,570.000,demofac01091,demoprd00012
demolfa02132,1,Formation bureautique (jour),,3.000,420.000,0.00,19.00,1260.000,demofac01091,demoprd00013
demolfa02133,0,Accompagnement fiscal (heure),,3.000,120.000,0.00,19.00,360.000,demofac01085,demoprd00003
demolfa02134,1,Etude de marche,,1.000,4500.000,0.00,19.00,4500.000,demofac01085,demoprd00004
demolfa02135,0,Ciment (tonne),,16.000,310.000,0.00,19.00,4960.000,demofac01088,demoprd00038
demolfa02136,1,Hebergement web (annuel),,3.000,540.000,0.00,19.00,1620.000,demofac01088,demoprd00016
demolfa02137,2,Nom de domaine .tn,,2.000,45.000,0.00,19.00,90.000,demofac01088,demoprd00017
demolfa02138,0,Etude de marche,,1.000,4500.000,15.00,19.00,3825.000,demofac01105,demoprd00004
demolfa02139,0,Maintenance mensuelle,,3.000,380.000,0.00,19.00,1140.000,demofac01120,demoprd00009
demolfa02140,1,Transport de marchandises,,4.000,210.000,0.00,7.00,840.000,demofac01120,demoprd00019
demolfa02141,0,Carrelage (m2),,270.000,38.000,0.00,19.00,10260.000,demofac01118,demoprd00039
demolfa02142,1,Nom de domaine .tn,,3.000,45.000,0.00,19.00,135.000,demofac01118,demoprd00017
demolfa02143,0,Conseil strategique (jour),,1.000,850.000,0.00,19.00,850.000,demofac01127,demoprd00001
demolfa02144,1,Licence suite bureautique,,10.000,320.000,0.00,19.00,3200.000,demofac01127,demoprd00028
demolfa02145,0,Licence suite bureautique,,19.000,320.000,6.00,19.00,5715.200,demofac01078,demoprd00028
demolfa02146,1,Licence antivirus (poste),,44.000,85.000,0.00,19.00,3740.000,demofac01078,demoprd00027
demolfa02147,0,Support premium (annuel),,1.000,3600.000,15.00,19.00,3060.000,demofac01081,demoprd00011
demolfa02148,1,Hebergement web (annuel),,2.000,540.000,0.00,19.00,1080.000,demofac01081,demoprd00016
demolfa02149,2,Dattes Deglet Nour (carton),,10.000,42.000,0.00,13.00,420.000,demofac01081,demoprd00037
demolfa02150,3,Intervention sur site,,1.000,150.000,0.00,19.00,150.000,demofac01081,demoprd00010
demolfa02151,0,Application mobile (forfait),,1.000,12000.000,0.00,19.00,12000.000,demofac01123,demoprd00006
demolfa02152,0,Support premium (annuel),,1.000,3600.000,0.00,19.00,3600.000,demofac01083,demoprd00011
demolfa02153,0,Carrelage (m2),,379.000,38.000,0.00,19.00,14402.000,demofac01093,demoprd00039
demolfa02154,1,Peinture murale (pot 20L),,67.000,145.000,0.00,19.00,9715.000,demofac01093,demoprd00040
demolfa02155,0,Serveur dedie (mois),,3.000,290.000,0.00,19.00,870.000,demofac01121,demoprd00018
demolfa02156,0,Stockage entrepot (m2/mois),,300.000,12.000,0.00,19.00,3600.000,demofac01104,demoprd00020
demolfa02157,1,Etude de marche,,1.000,4500.000,0.00,19.00,4500.000,demofac01104,demoprd00004
demolfa02158,2,Application mobile (forfait),,1.000,12000.000,0.00,19.00,12000.000,demofac01104,demoprd00006
demolfa02159,0,Serveur dedie (mois),,4.000,290.000,0.00,19.00,1160.000,demofac01095,demoprd00018
demolfa02160,1,Transport de marchandises,,3.000,210.000,0.00,7.00,630.000,demofac01095,demoprd00019
demolfa02161,2,Support premium (annuel),,1.000,3600.000,15.00,19.00,3060.000,demofac01095,demoprd00011
demolfa02162,3,Maintenance mensuelle,,2.000,380.000,0.00,19.00,760.000,demofac01095,demoprd00009
demolfa02163,0,Licence antivirus (poste),,6.000,85.000,0.00,19.00,510.000,demofac01106,demoprd00027
demolfa02164,1,Stockage entrepot (m2/mois),,50.000,12.000,0.00,19.00,600.000,demofac01106,demoprd00020
demolfa02165,2,Etude de marche,,1.000,4500.000,0.00,19.00,4500.000,demofac01106,demoprd00004
demolfa02166,3,Licence suite bureautique,,13.000,320.000,0.00,19.00,4160.000,demofac01106,demoprd00028
demolfa02167,0,Gants nitrile (boite),,86.000,18.000,0.00,7.00,1548.000,demofac01111,demoprd00035
demolfa02168,1,Formation cybersecurite,,2.000,1800.000,0.00,19.00,3600.000,demofac01111,demoprd00014
demolfa02169,0,Gants nitrile (boite),,67.000,18.000,14.00,7.00,1037.160,demofac01079,demoprd00035
demolfa02170,1,Stockage entrepot (m2/mois),,34.000,12.000,0.00,19.00,408.000,demofac01079,demoprd00020
demolfa02171,0,Sauvegarde externalisee,,2.000,95.000,6.00,19.00,178.600,demofac01076,demoprd00012
demolfa02172,0,Licence antivirus (poste),,37.000,85.000,0.00,19.00,3145.000,demofac01094,demoprd00027
demolfa02173,1,Dattes Deglet Nour (carton),,178.000,42.000,0.00,13.00,7476.000,demofac01094,demoprd00037
demolfa02174,2,Transport de marchandises,,2.000,210.000,0.00,7.00,420.000,demofac01094,demoprd00019
demolfa02175,0,Classeur archive,,61.000,6.800,0.00,19.00,414.800,demofac01077,demoprd00032
demolfa02176,0,Sauvegarde externalisee,,4.000,95.000,0.00,19.00,380.000,demofac01100,demoprd00012
demolfa02177,1,Support premium (annuel),,1.000,3600.000,0.00,19.00,3600.000,demofac01100,demoprd00011
demolfa02178,0,Site vitrine,,1.000,2400.000,0.00,19.00,2400.000,demofac01090,demoprd00008
demolfa02179,0,Integration ERP (jour),,5.000,600.000,0.00,19.00,3000.000,demofac01109,demoprd00007
demolfa02180,1,Site vitrine,,1.000,2400.000,0.00,19.00,2400.000,demofac01109,demoprd00008
demolfa02181,2,Maintenance mensuelle,,3.000,380.000,0.00,19.00,1140.000,demofac01109,demoprd00009
demolfa02182,0,Sauvegarde externalisee,,2.000,95.000,0.00,19.00,190.000,demofac01101,demoprd00012
demolfa02183,1,Licence antivirus (poste),,29.000,85.000,0.00,19.00,2465.000,demofac01101,demoprd00027
demolfa02184,0,Sauvegarde externalisee,,12.000,95.000,0.00,19.00,1140.000,demofac01099,demoprd00012
demolfa02185,1,Maintenance mensuelle,,3.000,380.000,0.00,19.00,1140.000,demofac01099,demoprd00009
demolfa02186,0,Dattes Deglet Nour (carton),,424.000,42.000,0.00,13.00,17808.000,demofac01072,demoprd00037
demolfa02187,1,Huile d'olive extra (bidon 5L),,163.000,68.000,15.00,13.00,9421.400,demofac01072,demoprd00036
demolfa02188,0,Carrelage (m2),,800.000,38.000,0.00,19.00,30400.000,demofac01086,demoprd00039
demolfa02189,1,Kit de premiers secours,,13.000,75.000,0.00,7.00,975.000,demofac01086,demoprd00034
demolfa02190,0,Audit organisationnel,,1.000,3200.000,0.00,19.00,3200.000,demofac01073,demoprd00002
demolfa02191,1,Licence suite bureautique,,10.000,320.000,0.00,19.00,3200.000,demofac01073,demoprd00028
demolfa02192,0,Imprimante laser,,1.000,980.000,0.00,19.00,980.000,demofac01080,demoprd00023
demolfa02193,1,Ecran 27 pouces,,4.000,690.000,0.00,19.00,2760.000,demofac01080,demoprd00022
demolfa02194,0,Hebergement web (annuel),,2.000,540.000,0.00,19.00,1080.000,demofac01107,demoprd00016
demolfa02195,1,Carrelage (m2),,151.000,38.000,0.00,19.00,5738.000,demofac01107,demoprd00039
demolfa02196,0,Imprimante laser,,4.000,980.000,0.00,19.00,3920.000,demofac01074,demoprd00023
demolfa02197,1,Cartouche toner,,22.000,165.000,0.00,19.00,3630.000,demofac01074,demoprd00031
demolfa02198,2,Mobilier de bureau (poste),,6.000,1250.000,0.00,19.00,7500.000,demofac01074,demoprd00033
demolfa02199,3,Classeur archive,,300.000,6.800,5.00,19.00,1938.000,demofac01074,demoprd00032
demolfa02200,0,Dattes Deglet Nour (carton),,326.000,42.000,0.00,13.00,13692.000,demofac01124,demoprd00037
demolfa02201,1,Mobilier de bureau (poste),,9.000,1250.000,0.00,19.00,11250.000,demofac01124,demoprd00033
demolfa02202,2,Classeur archive,,93.000,6.800,0.00,19.00,632.400,demofac01124,demoprd00032
demolfa02203,0,Huile d'olive extra (bidon 5L),,105.000,68.000,10.00,13.00,6426.000,demofac01103,demoprd00036
demolfa02204,1,Licence antivirus (poste),,40.000,85.000,9.00,19.00,3094.000,demofac01103,demoprd00027
demolfa02205,0,Ecran 27 pouces,,3.000,690.000,0.00,19.00,2070.000,demofac01112,demoprd00022
demolfa02206,1,Formation comptabilite,,1.000,650.000,0.00,19.00,650.000,demofac01112,demoprd00015
demolfa02207,2,Ordinateur portable pro,,3.000,2350.000,0.00,19.00,7050.000,demofac01112,demoprd00021
demolfa02208,0,Cartouche toner,,26.000,165.000,0.00,19.00,4290.000,demofac01092,demoprd00031
demolfa02209,1,Site vitrine,,1.000,2400.000,0.00,19.00,2400.000,demofac01092,demoprd00008
demolfa02210,2,Ramette papier A4,,118.000,14.500,0.00,19.00,1711.000,demofac01092,demoprd00030
demolfa02211,0,Maintenance mensuelle,,2.000,380.000,0.00,19.00,760.000,demofac01075,demoprd00009
demolfa02212,0,Logiciel de gestion commerciale,,1.000,2900.000,0.00,19.00,2900.000,demofac01097,demoprd00029
demolfa02213,0,Cartouche toner,,9.000,165.000,11.00,19.00,1321.650,demofac01110,demoprd00031
demolfa02214,1,Peinture murale (pot 20L),,43.000,145.000,12.00,19.00,5486.800,demofac01110,demoprd00040
demolfa02215,2,Mobilier de bureau (poste),,12.000,1250.000,0.00,19.00,15000.000,demofac01110,demoprd00033
demolfa02216,0,Transport de marchandises,,7.000,210.000,13.00,7.00,1278.900,demofac01125,demoprd00019
demolfa02217,0,Formation comptabilite,,1.000,650.000,0.00,19.00,650.000,demofac01126,demoprd00015
demolfa02218,0,Formation cybersecurite,,1.000,1800.000,0.00,19.00,1800.000,demofac01087,demoprd00014
demolfa02219,1,Formation comptabilite,,1.000,650.000,0.00,19.00,650.000,demofac01087,demoprd00015
demolfa02220,0,Support premium (annuel),,1.000,3600.000,0.00,19.00,3600.000,demofac01158,demoprd00011
demolfa02221,1,Sauvegarde externalisee,,2.000,95.000,7.00,19.00,176.700,demofac01158,demoprd00012
demolfa02222,0,Ecran 27 pouces,,5.000,690.000,0.00,19.00,3450.000,demofac01141,demoprd00022
demolfa02223,0,Formation bureautique (jour),,2.000,420.000,0.00,19.00,840.000,demofac01137,demoprd00013
demolfa02224,0,Accompagnement fiscal (heure),,10.000,120.000,0.00,19.00,1200.000,demofac01160,demoprd00003
demolfa02225,1,Disque SSD 1To,,13.000,310.000,0.00,19.00,4030.000,demofac01160,demoprd00026
demolfa02226,0,Logiciel de gestion commerciale,,1.000,2900.000,0.00,19.00,2900.000,demofac01163,demoprd00029
demolfa02227,1,Peinture murale (pot 20L),,24.000,145.000,0.00,19.00,3480.000,demofac01163,demoprd00040
demolfa02228,0,Carrelage (m2),,800.000,38.000,0.00,19.00,30400.000,demofac01138,demoprd00039
demolfa02229,0,Etude de marche,,1.000,4500.000,0.00,19.00,4500.000,demofac01150,demoprd00004
demolfa02230,1,Carrelage (m2),,461.000,38.000,0.00,19.00,17518.000,demofac01150,demoprd00039
demolfa02231,2,Ciment (tonne),,22.000,310.000,0.00,19.00,6820.000,demofac01150,demoprd00038
demolfa02232,0,Licence antivirus (poste),,22.000,85.000,0.00,19.00,1870.000,demofac01144,demoprd00027
demolfa02233,1,Serveur dedie (mois),,4.000,290.000,0.00,19.00,1160.000,demofac01144,demoprd00018
demolfa02234,0,Disque SSD 1To,,11.000,310.000,0.00,19.00,3410.000,demofac01148,demoprd00026
demolfa02235,1,Onduleur 1500VA,,4.000,460.000,0.00,19.00,1840.000,demofac01148,demoprd00025
demolfa02236,0,Mobilier de bureau (poste),,2.000,1250.000,0.00,19.00,2500.000,demofac01146,demoprd00033
demolfa02237,1,Classeur archive,,45.000,6.800,0.00,19.00,306.000,demofac01146,demoprd00032
demolfa02238,2,Serveur dedie (mois),,2.000,290.000,12.00,19.00,510.400,demofac01146,demoprd00018
demolfa02239,0,Etude de marche,,1.000,4500.000,10.00,19.00,4050.000,demofac01153,demoprd00004
demolfa02240,1,Intervention sur site,,2.000,150.000,0.00,19.00,300.000,demofac01153,demoprd00010
demolfa02241,0,Accompagnement fiscal (heure),,20.000,120.000,0.00,19.00,2400.000,demofac01165,demoprd00003
demolfa02242,0,Disque SSD 1To,,20.000,310.000,0.00,19.00,6200.000,demofac01147,demoprd00026
demolfa02243,1,Ordinateur portable pro,,4.000,2350.000,0.00,19.00,9400.000,demofac01147,demoprd00021
demolfa02244,0,Licence suite bureautique,,18.000,320.000,0.00,19.00,5760.000,demofac01152,demoprd00028
demolfa02245,0,Carrelage (m2),,21.000,38.000,0.00,19.00,798.000,demofac01159,demoprd00039
demolfa02246,0,Cartouche toner,,11.000,165.000,0.00,19.00,1815.000,demofac01142,demoprd00031
demolfa02247,0,Accompagnement fiscal (heure),,2.000,120.000,0.00,19.00,240.000,demofac01164,demoprd00003
demolfa02248,1,Licence antivirus (poste),,30.000,85.000,0.00,19.00,2550.000,demofac01164,demoprd00027
demolfa02249,0,Ecran 27 pouces,,5.000,690.000,0.00,19.00,3450.000,demofac01145,demoprd00022
demolfa02250,1,Formation cybersecurite,,1.000,1800.000,0.00,19.00,1800.000,demofac01145,demoprd00014
demolfa02251,0,Maintenance mensuelle,,2.000,380.000,0.00,19.00,760.000,demofac01140,demoprd00009
demolfa02252,0,Mobilier de bureau (poste),,9.000,1250.000,0.00,19.00,11250.000,demofac01161,demoprd00033
demolfa02253,1,Conseil strategique (jour),,1.000,850.000,12.00,19.00,748.000,demofac01161,demoprd00001
demolfa02254,0,Audit organisationnel,,1.000,3200.000,0.00,19.00,3200.000,demofac01132,demoprd00002
demolfa02255,1,Licence antivirus (poste),,7.000,85.000,0.00,19.00,595.000,demofac01132,demoprd00027
demolfa02256,0,Hebergement web (annuel),,2.000,540.000,0.00,19.00,1080.000,demofac01151,demoprd00016
demolfa02257,1,Onduleur 1500VA,,4.000,460.000,0.00,19.00,1840.000,demofac01151,demoprd00025
demolfa02258,2,Ecran 27 pouces,,9.000,690.000,14.00,19.00,5340.600,demofac01151,demoprd00022
demolfa02259,0,Huile d'olive extra (bidon 5L),,95.000,68.000,0.00,13.00,6460.000,demofac01166,demoprd00036
demolfa02260,0,Huile d'olive extra (bidon 5L),,300.000,68.000,0.00,13.00,20400.000,demofac01149,demoprd00036
demolfa02261,1,Serveur dedie (mois),,12.000,290.000,0.00,19.00,3480.000,demofac01149,demoprd00018
demolfa02262,0,Peinture murale (pot 20L),,27.000,145.000,0.00,19.00,3915.000,demofac01139,demoprd00040
demolfa02263,1,Formation comptabilite,,1.000,650.000,0.00,19.00,650.000,demofac01139,demoprd00015
demolfa02264,0,Peinture murale (pot 20L),,8.000,145.000,0.00,19.00,1160.000,demofac01154,demoprd00040
demolfa02265,0,Conseil strategique (jour),,8.000,850.000,0.00,19.00,6800.000,demofac01129,demoprd00001
demolfa02266,0,Mobilier de bureau (poste),,3.000,1250.000,0.00,19.00,3750.000,demofac01134,demoprd00033
demolfa02267,0,Support premium (annuel),,1.000,3600.000,8.00,19.00,3312.000,demofac01157,demoprd00011
demolfa02268,1,Carrelage (m2),,789.000,38.000,0.00,19.00,29982.000,demofac01157,demoprd00039
demolfa02269,2,Licence suite bureautique,,50.000,320.000,0.00,19.00,16000.000,demofac01157,demoprd00028
demolfa02270,0,Licence suite bureautique,,2.000,320.000,0.00,19.00,640.000,demofac01167,demoprd00028
demolfa02271,0,Ordinateur portable pro,,10.000,2350.000,0.00,19.00,23500.000,demofac01162,demoprd00021
demolfa02272,1,Transport de marchandises,,5.000,210.000,0.00,7.00,1050.000,demofac01162,demoprd00019
demolfa02273,2,Disque SSD 1To,,20.000,310.000,0.00,19.00,6200.000,demofac01162,demoprd00026
demolfa02274,0,Ciment (tonne),,21.000,310.000,0.00,19.00,6510.000,demofac01156,demoprd00038
demolfa02275,1,Peinture murale (pot 20L),,5.000,145.000,0.00,19.00,725.000,demofac01156,demoprd00040
demolfa02276,0,Carrelage (m2),,800.000,38.000,0.00,19.00,30400.000,demofac01135,demoprd00039
demolfa02277,1,Onduleur 1500VA,,4.000,460.000,0.00,19.00,1840.000,demofac01135,demoprd00025
demolfa02278,0,Licence suite bureautique,,17.000,320.000,0.00,19.00,5440.000,demofac01143,demoprd00028
demolfa02279,1,Dattes Deglet Nour (carton),,94.000,42.000,0.00,13.00,3948.000,demofac01143,demoprd00037
demolfa02280,2,Logiciel de gestion commerciale,,2.000,2900.000,0.00,19.00,5800.000,demofac01143,demoprd00029
demolfa02281,0,Etude de marche,,1.000,4500.000,0.00,19.00,4500.000,demofac01136,demoprd00004
demolfa02282,1,Ramette papier A4,,76.000,14.500,0.00,19.00,1102.000,demofac01136,demoprd00030
demolfa02283,2,Cartouche toner,,21.000,165.000,0.00,19.00,3465.000,demofac01136,demoprd00031
demolfa02284,3,Classeur archive,,300.000,6.800,0.00,19.00,2040.000,demofac01136,demoprd00032
demolfa02285,0,Ecran 27 pouces,,3.000,690.000,0.00,19.00,2070.000,demofac01155,demoprd00022
demolfa02286,0,Gants nitrile (boite),,96.000,18.000,0.00,7.00,1728.000,demofac01130,demoprd00035
demolfa02287,0,Serveur dedie (mois),,3.000,290.000,0.00,19.00,870.000,demofac01131,demoprd00018
demolfa02288,1,Imprimante laser,,2.000,980.000,0.00,19.00,1960.000,demofac01131,demoprd00023
demolfa02289,0,Stockage entrepot (m2/mois),,112.000,12.000,9.00,19.00,1223.040,demofac01133,demoprd00020
demolfa02290,0,Stockage entrepot (m2/mois),,21.000,12.000,14.00,19.00,216.720,demofac01207,demoprd00020
demolfa02291,0,Application mobile (forfait),,1.000,12000.000,0.00,19.00,12000.000,demofac01204,demoprd00006
demolfa02292,1,Dattes Deglet Nour (carton),,297.000,42.000,0.00,13.00,12474.000,demofac01204,demoprd00037
demolfa02293,2,Site vitrine,,1.000,2400.000,0.00,19.00,2400.000,demofac01204,demoprd00008
demolfa02294,3,Imprimante laser,,2.000,980.000,0.00,19.00,1960.000,demofac01204,demoprd00023
demolfa02295,0,Dattes Deglet Nour (carton),,108.000,42.000,0.00,13.00,4536.000,demofac01179,demoprd00037
demolfa02296,0,Accompagnement fiscal (heure),,20.000,120.000,0.00,19.00,2400.000,demofac01194,demoprd00003
demolfa02297,1,Developpement web (jour),,15.000,450.000,0.00,19.00,6750.000,demofac01194,demoprd00005
demolfa02298,0,Hebergement web (annuel),,1.000,540.000,0.00,19.00,540.000,demofac01173,demoprd00016
demolfa02299,1,Nom de domaine .tn,,2.000,45.000,0.00,19.00,90.000,demofac01173,demoprd00017
demolfa02300,0,Disque SSD 1To,,6.000,310.000,0.00,19.00,1860.000,demofac01198,demoprd00026
demolfa02301,1,Peinture murale (pot 20L),,21.000,145.000,0.00,19.00,3045.000,demofac01198,demoprd00040
demolfa02302,0,Licence suite bureautique,,32.000,320.000,0.00,19.00,10240.000,demofac01208,demoprd00028
demolfa02303,1,Licence antivirus (poste),,36.000,85.000,0.00,19.00,3060.000,demofac01208,demoprd00027
demolfa02304,0,Developpement web (jour),,20.000,450.000,8.00,19.00,8280.000,demofac01188,demoprd00005
demolfa02305,0,Licence suite bureautique,,12.000,320.000,0.00,19.00,3840.000,demofac01195,demoprd00028
demolfa02306,1,Licence antivirus (poste),,16.000,85.000,0.00,19.00,1360.000,demofac01195,demoprd00027
demolfa02307,2,Huile d'olive extra (bidon 5L),,35.000,68.000,0.00,13.00,2380.000,demofac01195,demoprd00036
demolfa02308,0,Gants nitrile (boite),,172.000,18.000,0.00,7.00,3096.000,demofac01185,demoprd00035
demolfa02309,0,Nom de domaine .tn,,3.000,45.000,0.00,19.00,135.000,demofac01192,demoprd00017
demolfa02310,0,Transport de marchandises,,5.000,210.000,0.00,7.00,1050.000,demofac01169,demoprd00019
demolfa02311,1,Audit organisationnel,,1.000,3200.000,0.00,19.00,3200.000,demofac01169,demoprd00002
demolfa02312,0,Ecran 27 pouces,,3.000,690.000,0.00,19.00,2070.000,demofac01186,demoprd00022
demolfa02313,0,Support premium (annuel),,1.000,3600.000,0.00,19.00,3600.000,demofac01180,demoprd00011
demolfa02314,0,Maintenance mensuelle,,3.000,380.000,0.00,19.00,1140.000,demofac01168,demoprd00009
demolfa02315,0,Ciment (tonne),,12.000,310.000,8.00,19.00,3422.400,demofac01170,demoprd00038
demolfa02316,0,Sauvegarde externalisee,,2.000,95.000,0.00,19.00,190.000,demofac01209,demoprd00012
demolfa02317,1,Cartouche toner,,3.000,165.000,0.00,19.00,495.000,demofac01209,demoprd00031
demolfa02318,0,Peinture murale (pot 20L),,9.000,145.000,0.00,19.00,1305.000,demofac01177,demoprd00040
demolfa02319,1,Etude de marche,,1.000,4500.000,0.00,19.00,4500.000,demofac01177,demoprd00004
demolfa02320,2,Formation bureautique (jour),,2.000,420.000,0.00,19.00,840.000,demofac01177,demoprd00013
demolfa02321,0,Nom de domaine .tn,,1.000,45.000,0.00,0.00,45.000,demofac01201,demoprd00017
demolfa02322,1,Mobilier de bureau (poste),,2.000,1250.000,0.00,19.00,2500.000,demofac01201,demoprd00033
demolfa02323,0,Cartouche toner,,4.000,165.000,0.00,19.00,660.000,demofac01202,demoprd00031
demolfa02324,1,Serveur dedie (mois),,3.000,290.000,0.00,19.00,870.000,demofac01202,demoprd00018
demolfa02325,0,Hebergement web (annuel),,3.000,540.000,0.00,19.00,1620.000,demofac01181,demoprd00016
demolfa02326,1,Ciment (tonne),,48.000,310.000,7.00,19.00,13838.400,demofac01181,demoprd00038
demolfa02327,0,Huile d'olive extra (bidon 5L),,28.000,68.000,0.00,13.00,1904.000,demofac01178,demoprd00036
demolfa02328,1,Dattes Deglet Nour (carton),,113.000,42.000,0.00,13.00,4746.000,demofac01178,demoprd00037
demolfa02329,2,Ciment (tonne),,6.000,310.000,0.00,19.00,1860.000,demofac01178,demoprd00038
demolfa02330,0,Conseil strategique (jour),,2.000,850.000,0.00,19.00,1700.000,demofac01175,demoprd00001
demolfa02331,1,Logiciel de gestion commerciale,,1.000,2900.000,0.00,19.00,2900.000,demofac01175,demoprd00029
demolfa02332,2,Site vitrine,,1.000,2400.000,0.00,19.00,2400.000,demofac01175,demoprd00008
demolfa02333,3,Audit organisationnel,,1.000,3200.000,5.00,19.00,3040.000,demofac01175,demoprd00002
demolfa02334,0,Peinture murale (pot 20L),,28.000,145.000,0.00,19.00,4060.000,demofac01189,demoprd00040
demolfa02335,1,Gants nitrile (boite),,314.000,18.000,0.00,7.00,5652.000,demofac01189,demoprd00035
demolfa02336,2,Support premium (annuel),,1.000,3600.000,0.00,19.00,3600.000,demofac01189,demoprd00011
demolfa02337,3,Kit de premiers secours,,13.000,75.000,0.00,7.00,975.000,demofac01189,demoprd00034
demolfa02338,0,Application mobile (forfait),,1.000,12000.000,0.00,19.00,12000.000,demofac01196,demoprd00006
demolfa02339,1,Formation bureautique (jour),,2.000,420.000,13.00,19.00,730.800,demofac01196,demoprd00013
demolfa02340,0,Intervention sur site,,3.000,150.000,0.00,19.00,450.000,demofac01187,demoprd00010
demolfa02341,1,Developpement web (jour),,10.000,450.000,0.00,19.00,4500.000,demofac01187,demoprd00005
demolfa02342,0,Huile d'olive extra (bidon 5L),,11.000,68.000,0.00,13.00,748.000,demofac01193,demoprd00036
demolfa02343,1,Hebergement web (annuel),,1.000,540.000,0.00,19.00,540.000,demofac01193,demoprd00016
demolfa02344,0,Intervention sur site,,2.000,150.000,0.00,19.00,300.000,demofac01176,demoprd00010
demolfa02345,1,Sauvegarde externalisee,,4.000,95.000,0.00,19.00,380.000,demofac01176,demoprd00012
demolfa02346,0,Accompagnement fiscal (heure),,11.000,120.000,0.00,19.00,1320.000,demofac01171,demoprd00003
demolfa02347,1,Cartouche toner,,16.000,165.000,10.00,19.00,2376.000,demofac01171,demoprd00031
demolfa02348,0,Maintenance mensuelle,,1.000,380.000,6.00,19.00,357.200,demofac01182,demoprd00009
demolfa02349,0,Nom de domaine .tn,,4.000,45.000,0.00,19.00,180.000,demofac01190,demoprd00017
demolfa02350,1,Ciment (tonne),,11.000,310.000,0.00,19.00,3410.000,demofac01190,demoprd00038
demolfa02351,2,Hebergement web (annuel),,2.000,540.000,0.00,19.00,1080.000,demofac01190,demoprd00016
demolfa02352,0,Disque SSD 1To,,3.000,310.000,0.00,19.00,930.000,demofac01199,demoprd00026
demolfa02353,0,Integration ERP (jour),,8.000,600.000,0.00,19.00,4800.000,demofac01184,demoprd00007
demolfa02354,1,Peinture murale (pot 20L),,53.000,145.000,0.00,19.00,7685.000,demofac01184,demoprd00040
demolfa02355,2,Developpement web (jour),,19.000,450.000,11.00,19.00,7609.500,demofac01184,demoprd00005
demolfa02356,0,Transport de marchandises,,7.000,210.000,0.00,7.00,1470.000,demofac01205,demoprd00019
demolfa02357,1,Licence suite bureautique,,6.000,320.000,7.00,19.00,1785.600,demofac01205,demoprd00028
demolfa02358,2,Support premium (annuel),,1.000,3600.000,0.00,19.00,3600.000,demofac01205,demoprd00011
demolfa02359,0,Ordinateur portable pro,,3.000,2350.000,0.00,19.00,7050.000,demofac01200,demoprd00021
demolfa02360,0,Classeur archive,,53.000,6.800,0.00,19.00,360.400,demofac01174,demoprd00032
demolfa02361,1,Maintenance mensuelle,,1.000,380.000,0.00,19.00,380.000,demofac01174,demoprd00009
demolfa02362,2,Hebergement web (annuel),,1.000,540.000,0.00,19.00,540.000,demofac01174,demoprd00016
demolfa02363,0,Ramette papier A4,,14.000,14.500,8.00,19.00,186.760,demofac01206,demoprd00030
demolfa02364,1,Nom de domaine .tn,,1.000,45.000,0.00,19.00,45.000,demofac01206,demoprd00017
demolfa02365,0,Sauvegarde externalisee,,3.000,95.000,0.00,19.00,285.000,demofac01197,demoprd00012
demolfa02366,1,Developpement web (jour),,8.000,450.000,0.00,19.00,3600.000,demofac01197,demoprd00005
demolfa02367,2,Application mobile (forfait),,1.000,12000.000,0.00,19.00,12000.000,demofac01197,demoprd00006
demolfa02368,0,Maintenance mensuelle,,2.000,380.000,8.00,19.00,699.200,demofac01183,demoprd00009
demolfa02369,0,Integration ERP (jour),,4.000,600.000,0.00,19.00,2400.000,demofac01172,demoprd00007
demolfa02370,0,Etude de marche,,1.000,4500.000,0.00,19.00,4500.000,demofac01210,demoprd00004
demolfa02371,1,Licence antivirus (poste),,10.000,85.000,0.00,19.00,850.000,demofac01210,demoprd00027
demolfa02372,0,Cartouche toner,,20.000,165.000,0.00,19.00,3300.000,demofac01203,demoprd00031
demolfa02373,0,Formation cybersecurite,,2.000,1800.000,0.00,19.00,3600.000,demofac01191,demoprd00014
demolfa02374,0,Cartouche toner,,17.000,165.000,0.00,19.00,2805.000,demofac00096,demoprd00031
demolfa02375,0,Classeur archive,,283.000,6.800,8.00,19.00,1770.448,demofac00979,demoprd00032
demolfa02376,1,Site vitrine,,1.000,2400.000,0.00,19.00,2400.000,demofac00979,demoprd00008
demolfa02377,0,Gants nitrile (boite),,143.000,18.000,0.00,7.00,2574.000,demofac00351,demoprd00035
demolfa02378,1,Kit de premiers secours,,9.000,75.000,0.00,7.00,675.000,demofac00351,demoprd00034
demolfa02379,2,Support premium (annuel),,1.000,3600.000,0.00,19.00,3600.000,demofac00351,demoprd00011
demolfa02380,0,Formation bureautique (jour),,2.000,420.000,0.00,19.00,840.000,demofac00825,demoprd00013
demolfa02381,0,Support premium (annuel),,1.000,3600.000,0.00,19.00,3600.000,demofac00005,demoprd00011
demolfa02382,1,Maintenance mensuelle,,2.000,380.000,0.00,19.00,760.000,demofac00005,demoprd00009
demolfa02383,2,Intervention sur site,,3.000,150.000,0.00,19.00,450.000,demofac00005,demoprd00010
demolfa02384,3,Developpement web (jour),,12.000,450.000,0.00,19.00,5400.000,demofac00005,demoprd00005
demolfa02385,0,Ramette papier A4,,135.000,14.500,0.00,19.00,1957.500,demofac01003,demoprd00030
