id,datePaiement,montant,modePaiement,reference,notes,createdAt,factureId,createdById
demopai00001,2024-11-04 10:00:00,12150.900,VIREMENT,VIR-584666,,2024-11-04 10:00:00,demofac00001,cmuerhq5v0000ucvpy660gnw1
demopai00002,2024-10-02 10:00:00,4011.300,ESPECES,,,2024-10-02 10:00:00,demofac00002,cmuerhq5v0000ucvpy660gnw1
demopai00003,2024-10-15 10:00:00,2583.300,CHEQUE,CHQ-6412716,,2024-10-15 10:00:00,demofac00003,cmuerhq5v0000ucvpy660gnw1
demopai00004,2024-10-14 10:00:00,2169.847,CHEQUE,CHQ-5173857,,2024-10-14 10:00:00,demofac00004,cmuerhq5v0000ucvpy660gnw1
demopai00005,2024-10-25 10:00:00,2088.821,CHEQUE,CHQ-8424785,,2024-10-25 10:00:00,demofac00004,cmuerhq5v0000ucvpy660gnw1
demopai00006,2024-11-06 10:00:00,1823.932,CHEQUE,CHQ-1492344,,2024-11-06 10:00:00,demofac00004,cmuerhq5v0000ucvpy660gnw1
demopai00007,2024-10-12 10:00:00,4199.426,VIREMENT,VIR-965394,,2024-10-12 10:00:00,demofac00005,cmuerhq5v0000ucvpy660gnw1
demopai00008,2024-10-23 10:00:00,3470.178,VIREMENT,VIR-272596,,2024-10-23 10:00:00,demofac00005,cmuerhq5v0000ucvpy660gnw1
demopai00009,2024-11-02 10:00:00,4481.296,VIREMENT,VIR-988449,,2024-11-02 10:00:00,demofac00005,cmuerhq5v0000ucvpy660gnw1
demopai00010,2024-11-21 10:00:00,9835.560,VIREMENT,VIR-671164,,2024-11-21 10:00:00,demofac00006,cmuerhq5v0000ucvpy660gnw1
demopai00011,2024-10-13 10:00:00,856.865,VIREMENT,VIR-246426,,2024-10-13 10:00:00,demofac00007,cmuerhq5v0000ucvpy660gnw1
demopai00012,2024-10-23 10:00:00,877.908,VIREMENT,VIR-901866,,2024-10-23 10:00:00,demofac00007,cmuerhq5v0000ucvpy660gnw1
demopai00013,2024-11-01 10:00:00,1122.227,VIREMENT,VIR-428345,,2024-11-01 10:00:00,demofac00007,cmuerhq5v0000ucvpy660gnw1
demopai00014,2024-11-12 10:00:00,13555.100,VIREMENT,VIR-796151,,2024-11-12 10:00:00,demofac00008,cmuerhq5v0000ucvpy660gnw1
demopai00015,2024-11-14 10:00:00,1262.400,VIREMENT,VIR-259001,,2024-11-14 10:00:00,demofac00009,cmuerhq5v0000ucvpy660gnw1
demopai00016,2024-11-26 10:00:00,893.500,VIREMENT,VIR-685185,,2024-11-26 10:00:00,demofac00010,cmuerhq5v0000ucvpy660gnw1
demopai00017,2024-10-17 10:00:00,8116.800,ESPECES,,,2024-10-17 10:00:00,demofac00011,cmuerhq5v0000ucvpy660gnw1
demopai00018,2024-10-22 10:00:00,3409.517,CHEQUE,CHQ-3605888,,2024-10-22 10:00:00,demofac00012,cmuerhq5v0000ucvpy660gnw1
demopai00019,2024-11-08 10:00:00,3401.684,CHEQUE,CHQ-4368068,,2024-11-08 10:00:00,demofac00012,cmuerhq5v0000ucvpy660gnw1
demopai00020,2024-11-24 10:00:00,4523.121,CHEQUE,CHQ-6247298,,2024-11-24 10:00:00,demofac00012,cmuerhq5v0000ucvpy660gnw1
demopai00021,2024-11-17 10:00:00,4046.852,CHEQUE,CHQ-1806618,,2024-11-17 10:00:00,demofac00013,cmuerhq5v0000ucvpy660gnw1
demopai00022,2024-11-16 10:00:00,18773.040,CARTE,,,2024-11-16 10:00:00,demofac00014,cmuerhq5v0000ucvpy660gnw1
demopai00023,2024-11-20 10:00:00,6212.800,CHEQUE,CHQ-1114555,,2024-11-20 10:00:00,demofac00015,cmuerhq5v0000ucvpy660gnw1
demopai00024,2024-10-18 10:00:00,4380.880,VIREMENT,VIR-975814,,2024-10-18 10:00:00,demofac00016,cmuerhq5v0000ucvpy660gnw1
demopai00025,2024-11-22 10:00:00,679.300,CHEQUE,CHQ-8080920,,2024-11-22 10:00:00,demofac00017,cmuerhq5v0000ucvpy660gnw1
demopai00026,2024-11-02 10:00:00,241.750,VIREMENT,VIR-465700,,2024-11-02 10:00:00,demofac00018,cmuerhq5v0000ucvpy660gnw1
demopai00027,2024-11-12 10:00:00,23491.600,VIREMENT,VIR-738635,,2024-11-12 10:00:00,demofac00019,cmuerhq5v0000ucvpy660gnw1
demopai00028,2024-12-08 10:00:00,23033.750,VIREMENT,VIR-875699,,2024-12-08 10:00:00,demofac00020,cmuerhq5v0000ucvpy660gnw1
demopai00029,2024-10-22 10:00:00,2976.000,CHEQUE,CHQ-2196578,,2024-10-22 10:00:00,demofac00021,cmuerhq5v0000ucvpy660gnw1
demopai00030,2024-10-30 10:00:00,10949.000,VIREMENT,VIR-459490,,2024-10-30 10:00:00,demofac00022,cmuerhq5v0000ucvpy660gnw1
demopai00031,2024-11-04 10:00:00,7442.097,AUTRE,,,2024-11-04 10:00:00,demofac00023,cmuerhq5v0000ucvpy660gnw1
demopai00032,2024-11-24 10:00:00,11151.403,AUTRE,,,2024-11-24 10:00:00,demofac00023,cmuerhq5v0000ucvpy660gnw1
demopai00033,2024-11-03 10:00:00,4427.800,VIREMENT,VIR-408154,,2024-11-03 10:00:00,demofac00024,cmuerhq5v0000ucvpy660gnw1
demopai00034,2024-10-29 10:00:00,2214.400,ESPECES,,,2024-10-29 10:00:00,demofac00025,cmuerhq5v0000ucvpy660gnw1
demopai00035,2024-12-29 10:00:00,16641.960,VIREMENT,VIR-775027,,2024-12-29 10:00:00,demofac00026,cmuerhq5v0000ucvpy660gnw1
demopai00036,2024-12-08 10:00:00,643.600,VIREMENT,VIR-853073,,2024-12-08 10:00:00,demofac00027,cmuerhq5v0000ucvpy660gnw1
demopai00037,2024-10-28 10:00:00,1798.600,VIREMENT,VIR-321041,,2024-10-28 10:00:00,demofac00028,cmuerhq5v0000ucvpy660gnw1
demopai00038,2024-11-13 10:00:00,3452.000,CARTE,,,2024-11-13 10:00:00,demofac00029,cmuerhq5v0000ucvpy660gnw1
demopai00039,2024-11-26 10:00:00,1891.962,VIREMENT,VIR-925820,,2024-11-26 10:00:00,demofac00030,cmuerhq5v0000ucvpy660gnw1
demopai00040,2025-01-01 10:00:00,1298.238,VIREMENT,VIR-444258,,2025-01-01 10:00:00,demofac00030,cmuerhq5v0000ucvpy660gnw1
demopai00041,2024-12-08 10:00:00,14959.300,AUTRE,,,2024-12-08 10:00:00,demofac00031,cmuerhq5v0000ucvpy660gnw1
demopai00042,2024-11-17 10:00:00,2024.000,VIREMENT,VIR-466680,,2024-11-17 10:00:00,demofac00032,cmuerhq5v0000ucvpy660gnw1
demopai00043,2024-11-20 10:00:00,9040.240,VIREMENT,VIR-606560,,2024-11-20 10:00:00,demofac00033,cmuerhq5v0000ucvpy660gnw1
demopai00044,2024-11-04 10:00:00,2838.436,ESPECES,,,2024-11-04 10:00:00,demofac00034,cmuerhq5v0000ucvpy660gnw1
demopai00045,2024-11-13 10:00:00,548.400,VIREMENT,VIR-214899,,2024-11-13 10:00:00,demofac00035,cmuerhq5v0000ucvpy660gnw1
demopai00046,2024-10-25 10:00:00,2857.000,CHEQUE,CHQ-8575471,,2024-10-25 10:00:00,demofac00036,cmuerhq5v0000ucvpy660gnw1
demopai00047,2024-10-28 10:00:00,3809.000,CARTE,,,2024-10-28 10:00:00,demofac00037,cmuerhq5v0000ucvpy660gnw1
demopai00048,2024-11-01 10:00:00,470.530,VIREMENT,VIR-692568,,2024-11-01 10:00:00,demofac00038,cmuerhq5v0000ucvpy660gnw1
demopai00049,2024-11-07 10:00:00,472.086,VIREMENT,VIR-877962,,2024-11-07 10:00:00,demofac00038,cmuerhq5v0000ucvpy660gnw1
demopai00050,2024-11-14 10:00:00,337.634,VIREMENT,VIR-939733,,2024-11-14 10:00:00,demofac00038,cmuerhq5v0000ucvpy660gnw1
demopai00051,2024-11-30 10:00:00,2587.618,CHEQUE,CHQ-6171136,,2024-11-30 10:00:00,demofac00039,cmuerhq5v0000ucvpy660gnw1
demopai00052,2024-12-15 10:00:00,13067.200,VIREMENT,VIR-289250,,2024-12-15 10:00:00,demofac00040,cmuerhq5v0000ucvpy660gnw1
demopai00053,2024-11-28 10:00:00,4569.266,VIREMENT,VIR-733816,,2024-11-28 10:00:00,demofac00041,cmuerhq5v0000ucvpy660gnw1
demopai00054,2024-12-28 10:00:00,3594.658,VIREMENT,VIR-662536,,2024-12-28 10:00:00,demofac00041,cmuerhq5v0000ucvpy660gnw1
demopai00055,2024-12-09 10:00:00,2144.071,VIREMENT,VIR-979920,,2024-12-09 10:00:00,demofac00042,cmuerhq5v0000ucvpy660gnw1
demopai00056,2024-12-05 10:00:00,13270.214,VIREMENT,VIR-162103,,2024-12-05 10:00:00,demofac00043,cmuerhq5v0000ucvpy660gnw1
demopai00057,2024-12-10 10:00:00,1179.100,AUTRE,,,2024-12-10 10:00:00,demofac00044,cmuerhq5v0000ucvpy660gnw1
demopai00058,2025-05-10 10:00:00,5284.600,VIREMENT,VIR-261644,,2025-05-10 10:00:00,demofac00045,cmuerhq5v0000ucvpy660gnw1
demopai00059,2024-12-24 10:00:00,7581.280,ESPECES,,,2024-12-24 10:00:00,demofac00046,cmuerhq5v0000ucvpy660gnw1
demopai00060,2024-11-03 10:00:00,2928.827,ESPECES,,,2024-11-03 10:00:00,demofac00047,cmuerhq5v0000ucvpy660gnw1
demopai00061,2024-11-03 10:00:00,3125.227,ESPECES,,,2024-11-03 10:00:00,demofac00047,cmuerhq5v0000ucvpy660gnw1
demopai00062,2024-11-03 10:00:00,3812.046,ESPECES,,,2024-11-03 10:00:00,demofac00047,cmuerhq5v0000ucvpy660gnw1
demopai00063,2024-12-02 10:00:00,4838.540,ESPECES,,,2024-12-02 10:00:00,demofac00048,cmuerhq5v0000ucvpy660gnw1
demopai00064,2024-12-14 10:00:00,857.752,CHEQUE,CHQ-6767629,,2024-12-14 10:00:00,demofac00049,cmuerhq5v0000ucvpy660gnw1
demopai00065,2024-11-08 10:00:00,1221.603,ESPECES,,,2024-11-08 10:00:00,demofac00050,cmuerhq5v0000ucvpy660gnw1
demopai00066,2024-11-14 10:00:00,965.044,ESPECES,,,2024-11-14 10:00:00,demofac00050,cmuerhq5v0000ucvpy660gnw1
demopai00067,2024-11-19 10:00:00,1067.813,ESPECES,,,2024-11-19 10:00:00,demofac00050,cmuerhq5v0000ucvpy660gnw1
demopai00068,2024-12-11 10:00:00,1548.000,CHEQUE,CHQ-5529370,,2024-12-11 10:00:00,demofac00051,cmuerhq5v0000ucvpy660gnw1
demopai00069,2024-11-29 10:00:00,14019.200,CHEQUE,CHQ-7149953,,2024-11-29 10:00:00,demofac00052,cmuerhq5v0000ucvpy660gnw1
demopai00070,2024-11-11 10:00:00,1033.070,CHEQUE,CHQ-3551528,,2024-11-11 10:00:00,demofac00053,cmuerhq5v0000ucvpy660gnw1
demopai00071,2024-11-19 10:00:00,1391.097,CHEQUE,CHQ-3389972,,2024-11-19 10:00:00,demofac00053,cmuerhq5v0000ucvpy660gnw1
demopai00072,2024-11-26 10:00:00,980.709,CHEQUE,CHQ-5835469,,2024-11-26 10:00:00,demofac00053,cmuerhq5v0000ucvpy660gnw1
demopai00073,2024-12-31 10:00:00,10711.000,CHEQUE,CHQ-1202825,,2024-12-31 10:00:00,demofac00054,cmuerhq5v0000ucvpy660gnw1
demopai00074,2024-12-15 10:00:00,14281.000,CHEQUE,CHQ-8309173,,2024-12-15 10:00:00,demofac00055,cmuerhq5v0000ucvpy660gnw1
demopai00075,2024-12-01 10:00:00,7501.570,VIREMENT,VIR-351212,,2024-12-01 10:00:00,demofac00056,cmuerhq5v0000ucvpy660gnw1
demopai00076,2024-12-12 10:00:00,4463.500,VIREMENT,VIR-581642,,2024-12-12 10:00:00,demofac00057,cmuerhq5v0000ucvpy660gnw1
demopai00077,2025-01-03 10:00:00,3535.300,VIREMENT,VIR-585413,,2025-01-03 10:00:00,demofac00058,cmuerhq5v0000ucvpy660gnw1
demopai00078,2024-11-10 10:00:00,3149.859,VIREMENT,VIR-845815,,2024-11-10 10:00:00,demofac00059,cmuerhq5v0000ucvpy660gnw1
demopai00079,2024-11-12 10:00:00,2749.204,VIREMENT,VIR-634530,,2024-11-12 10:00:00,demofac00059,cmuerhq5v0000ucvpy660gnw1
demopai00080,2024-11-15 10:00:00,3919.437,VIREMENT,VIR-487742,,2024-11-15 10:00:00,demofac00059,cmuerhq5v0000ucvpy660gnw1
demopai00081,2025-01-02 10:00:00,6486.500,CHEQUE,CHQ-1233149,,2025-01-02 10:00:00,demofac00060,cmuerhq5v0000ucvpy660gnw1
demopai00082,2024-11-22 10:00:00,2756.380,VIREMENT,VIR-849689,,2024-11-22 10:00:00,demofac00061,cmuerhq5v0000ucvpy660gnw1
demopai00083,2024-12-08 10:00:00,2603.563,VIREMENT,VIR-948270,,2024-12-08 10:00:00,demofac00061,cmuerhq5v0000ucvpy660gnw1
demopai00084,2024-12-23 10:00:00,3649.357,VIREMENT,VIR-523127,,2024-12-23 10:00:00,demofac00061,cmuerhq5v0000ucvpy660gnw1
demopai00085,2025-01-04 10:00:00,10561.000,VIREMENT,VIR-204032,,2025-01-04 10:00:00,demofac00062,cmuerhq5v0000ucvpy660gnw1
demopai00086,2024-12-27 10:00:00,5058.500,VIREMENT,VIR-104317,,2024-12-27 10:00:00,demofac00063,cmuerhq5v0000ucvpy660gnw1
demopai00087,2024-12-16 10:00:00,2510.290,CHEQUE,CHQ-7242247,,2024-12-16 10:00:00,demofac00064,cmuerhq5v0000ucvpy660gnw1
demopai00088,2025-01-08 10:00:00,23971.170,VIREMENT,VIR-591995,,2025-01-08 10:00:00,demofac00065,cmuerhq5v0000ucvpy660gnw1
demopai00089,2025-01-02 10:00:00,6257.068,VIREMENT,VIR-637352,,2025-01-02 10:00:00,demofac00066,cmuerhq5v0000ucvpy660gnw1
demopai00090,2025-03-21 10:00:00,32798.120,AUTRE,,,2025-03-21 10:00:00,demofac00067,cmuerhq5v0000ucvpy660gnw1
demopai00091,2025-01-20 10:00:00,7075.550,CHEQUE,CHQ-9495107,,2025-01-20 10:00:00,demofac00068,cmuerhq5v0000ucvpy660gnw1
demopai00092,2024-12-24 10:00:00,15352.000,VIREMENT,VIR-359666,,2024-12-24 10:00:00,demofac00069,cmuerhq5v0000ucvpy660gnw1
demopai00093,2024-12-24 10:00:00,2040.184,VIREMENT,VIR-993287,,2024-12-24 10:00:00,demofac00070,cmuerhq5v0000ucvpy660gnw1
demopai00094,2024-12-07 10:00:00,7747.477,CARTE,,,2024-12-07 10:00:00,demofac00071,cmuerhq5v0000ucvpy660gnw1
demopai00095,2024-12-24 10:00:00,6533.523,CARTE,,,2024-12-24 10:00:00,demofac00071,cmuerhq5v0000ucvpy660gnw1
demopai00096,2024-12-19 10:00:00,3328.835,VIREMENT,VIR-115215,,2024-12-19 10:00:00,demofac00072,cmuerhq5v0000ucvpy660gnw1
demopai00097,2025-01-03 10:00:00,15824.668,ESPECES,,,2025-01-03 10:00:00,demofac00073,cmuerhq5v0000ucvpy660gnw1
demopai00098,2024-12-19 10:00:00,3214.000,VIREMENT,VIR-728704,,2024-12-19 10:00:00,demofac00074,cmuerhq5v0000ucvpy660gnw1
demopai00099,2024-11-22 10:00:00,7807.400,ESPECES,,,2024-11-22 10:00:00,demofac00075,cmuerhq5v0000ucvpy660gnw1
demopai00100,2024-12-14 10:00:00,6070.000,CHEQUE,CHQ-6512195,,2024-12-14 10:00:00,demofac00076,cmuerhq5v0000ucvpy660gnw1
demopai00101,2024-12-22 10:00:00,5594.000,CHEQUE,CHQ-8808584,,2024-12-22 10:00:00,demofac00077,cmuerhq5v0000ucvpy660gnw1
demopai00102,2024-12-03 10:00:00,3083.650,VIREMENT,VIR-585610,,2024-12-03 10:00:00,demofac00078,cmuerhq5v0000ucvpy660gnw1
demopai00103,2024-12-15 10:00:00,3653.082,VIREMENT,VIR-815729,,2024-12-15 10:00:00,demofac00078,cmuerhq5v0000ucvpy660gnw1
demopai00104,2024-12-27 10:00:00,4426.468,VIREMENT,VIR-687777,,2024-12-27 10:00:00,demofac00078,cmuerhq5v0000ucvpy660gnw1
demopai00105,2025-02-05 10:00:00,2910.550,CHEQUE,CHQ-8954642,,2025-02-05 10:00:00,demofac00079,cmuerhq5v0000ucvpy660gnw1
demopai00106,2024-12-22 10:00:00,7855.000,VIREMENT,VIR-529196,,2024-12-22 10:00:00,demofac00080,cmuerhq5v0000ucvpy660gnw1
demopai00107,2024-12-24 10:00:00,450.400,VIREMENT,VIR-311555,,2024-12-24 10:00:00,demofac00081,cmuerhq5v0000ucvpy660gnw1
demopai00108,2024-12-25 10:00:00,2869.971,CHEQUE,CHQ-6656688,,2024-12-25 10:00:00,demofac00082,cmuerhq5v0000ucvpy660gnw1
demopai00109,2025-01-15 10:00:00,6771.904,CHEQUE,CHQ-6650191,,2025-01-15 10:00:00,demofac00083,cmuerhq5v0000ucvpy660gnw1
demopai00110,2024-12-10 10:00:00,3463.602,CHEQUE,CHQ-8078856,,2024-12-10 10:00:00,demofac00084,cmuerhq5v0000ucvpy660gnw1
demopai00111,2024-12-25 10:00:00,3206.138,CHEQUE,CHQ-3924374,,2024-12-25 10:00:00,demofac00084,cmuerhq5v0000ucvpy660gnw1
demopai00112,2025-01-09 10:00:00,2904.215,CHEQUE,CHQ-7694412,,2025-01-09 10:00:00,demofac00084,cmuerhq5v0000ucvpy660gnw1
demopai00113,2024-12-13 10:00:00,18112.660,VIREMENT,VIR-502767,,2024-12-13 10:00:00,demofac00085,cmuerhq5v0000ucvpy660gnw1
demopai00114,2024-12-16 10:00:00,2356.527,CHEQUE,CHQ-4958591,,2024-12-16 10:00:00,demofac00086,cmuerhq5v0000ucvpy660gnw1
demopai00115,2025-01-04 10:00:00,2850.990,CHEQUE,CHQ-3052752,,2025-01-04 10:00:00,demofac00086,cmuerhq5v0000ucvpy660gnw1
demopai00116,2025-01-22 10:00:00,2861.683,CHEQUE,CHQ-3149255,,2025-01-22 10:00:00,demofac00086,cmuerhq5v0000ucvpy660gnw1
demopai00117,2024-12-17 10:00:00,9529.925,CARTE,,,2024-12-17 10:00:00,demofac00087,cmuerhq5v0000ucvpy660gnw1
demopai00118,2024-12-24 10:00:00,10175.500,VIREMENT,VIR-608491,,2024-12-24 10:00:00,demofac00088,cmuerhq5v0000ucvpy660gnw1
demopai00119,2024-12-19 10:00:00,1476.600,AUTRE,,,2024-12-19 10:00:00,demofac00089,cmuerhq5v0000ucvpy660gnw1
demopai00120,2024-12-06 10:00:00,14569.900,CHEQUE,CHQ-3648841,,2024-12-06 10:00:00,demofac00090,cmuerhq5v0000ucvpy660gnw1
demopai00121,2025-01-15 10:00:00,16089.800,VIREMENT,VIR-776384,,2025-01-15 10:00:00,demofac00091,cmuerhq5v0000ucvpy660gnw1
demopai00122,2024-12-31 10:00:00,4064.850,CHEQUE,CHQ-4492691,,2024-12-31 10:00:00,demofac00092,cmuerhq5v0000ucvpy660gnw1
demopai00123,2024-12-05 10:00:00,203.300,CARTE,,,2024-12-05 10:00:00,demofac00093,cmuerhq5v0000ucvpy660gnw1
demopai00124,2025-01-08 10:00:00,548.400,VIREMENT,VIR-579219,,2025-01-08 10:00:00,demofac00094,cmuerhq5v0000ucvpy660gnw1
demopai00125,2025-01-10 10:00:00,3338.950,VIREMENT,VIR-717564,,2025-01-10 10:00:00,demofac00095,cmuerhq5v0000ucvpy660gnw1
demopai00126,2025-02-05 10:00:00,3338.950,VIREMENT,VIR-208720,,2025-02-05 10:00:00,demofac00096,cmuerhq5v0000ucvpy660gnw1
demopai00127,2024-12-14 10:00:00,3796.100,ESPECES,,,2024-12-14 10:00:00,demofac00097,cmuerhq5v0000ucvpy660gnw1
demopai00128,2025-01-28 10:00:00,9771.124,ESPECES,,,2025-01-28 10:00:00,demofac00098,cmuerhq5v0000ucvpy660gnw1
demopai00129,2024-12-19 10:00:00,1114.670,CHEQUE,CHQ-7414021,,2024-12-19 10:00:00,demofac00099,cmuerhq5v0000ucvpy660gnw1
demopai00130,2024-12-30 10:00:00,1075.930,CHEQUE,CHQ-4503662,,2024-12-30 10:00:00,demofac00099,cmuerhq5v0000ucvpy660gnw1
demopai00131,2025-01-02 10:00:00,3452.000,CHEQUE,CHQ-4601495,,2025-01-02 10:00:00,demofac00100,cmuerhq5v0000ucvpy660gnw1
demopai00132,2024-12-22 10:00:00,5450.333,ESPECES,,,2024-12-22 10:00:00,demofac00101,cmuerhq5v0000ucvpy660gnw1
demopai00133,2025-01-04 10:00:00,6339.359,ESPECES,,,2025-01-04 10:00:00,demofac00101,cmuerhq5v0000ucvpy660gnw1
demopai00134,2025-01-18 10:00:00,4984.188,ESPECES,,,2025-01-18 10:00:00,demofac00101,cmuerhq5v0000ucvpy660gnw1
demopai00135,2025-02-11 10:00:00,2714.200,CARTE,,,2025-02-11 10:00:00,demofac00102,cmuerhq5v0000ucvpy660gnw1
demopai00136,2025-01-12 10:00:00,13971.600,VIREMENT,VIR-717145,,2025-01-12 10:00:00,demofac00103,cmuerhq5v0000ucvpy660gnw1
demopai00137,2024-12-15 10:00:00,7542.744,ESPECES,,,2024-12-15 10:00:00,demofac00104,cmuerhq5v0000ucvpy660gnw1
demopai00138,2025-02-02 10:00:00,21202.990,CHEQUE,CHQ-9872967,,2025-02-02 10:00:00,demofac00105,cmuerhq5v0000ucvpy660gnw1
demopai00139,2024-12-31 10:00:00,11842.643,VIREMENT,VIR-860784,,2024-12-31 10:00:00,demofac00106,cmuerhq5v0000ucvpy660gnw1
demopai00140,2025-01-20 10:00:00,15078.400,VIREMENT,VIR-896443,,2025-01-20 10:00:00,demofac00106,cmuerhq5v0000ucvpy660gnw1
demopai00141,2025-02-09 10:00:00,15360.657,VIREMENT,VIR-230700,,2025-02-09 10:00:00,demofac00106,cmuerhq5v0000ucvpy660gnw1
demopai00142,2025-01-01 10:00:00,3995.208,CHEQUE,CHQ-8891207,,2025-01-01 10:00:00,demofac00107,cmuerhq5v0000ucvpy660gnw1
demopai00143,2025-01-22 10:00:00,4359.592,CHEQUE,CHQ-5863978,,2025-01-22 10:00:00,demofac00107,cmuerhq5v0000ucvpy660gnw1
demopai00144,2025-02-09 10:00:00,604.687,CHEQUE,CHQ-2517709,,2025-02-09 10:00:00,demofac00109,cmuerhq5v0000ucvpy660gnw1
demopai00145,2025-02-09 10:00:00,22135.000,ESPECES,,,2025-02-09 10:00:00,demofac00110,cmuerhq5v0000ucvpy660gnw1
demopai00146,2025-01-27 10:00:00,2702.541,ESPECES,,,2025-01-27 10:00:00,demofac00111,cmuerhq5v0000ucvpy660gnw1
demopai00147,2025-03-12 10:00:00,2481.259,ESPECES,,,2025-03-12 10:00:00,demofac00111,cmuerhq5v0000ucvpy660gnw1
demopai00148,2025-01-21 10:00:00,8664.200,VIREMENT,VIR-478216,,2025-01-21 10:00:00,demofac00112,cmuerhq5v0000ucvpy660gnw1
demopai00149,2025-02-10 10:00:00,12365.100,CHEQUE,CHQ-2968879,,2025-02-10 10:00:00,demofac00113,cmuerhq5v0000ucvpy660gnw1
demopai00150,2025-01-08 10:00:00,3480.375,CHEQUE,CHQ-3172601,,2025-01-08 10:00:00,demofac00114,cmuerhq5v0000ucvpy660gnw1
demopai00151,2025-02-01 10:00:00,4900.375,CHEQUE,CHQ-7586367,,2025-02-01 10:00:00,demofac00114,cmuerhq5v0000ucvpy660gnw1
demopai00152,2025-01-18 10:00:00,3214.000,VIREMENT,VIR-267913,,2025-01-18 10:00:00,demofac00115,cmuerhq5v0000ucvpy660gnw1
demopai00153,2025-03-03 10:00:00,4285.000,VIREMENT,VIR-243550,,2025-03-03 10:00:00,demofac00116,cmuerhq5v0000ucvpy660gnw1
demopai00154,2025-02-21 10:00:00,33913.620,VIREMENT,VIR-522730,,2025-02-21 10:00:00,demofac00117,cmuerhq5v0000ucvpy660gnw1
demopai00155,2025-01-18 10:00:00,7660.697,CARTE,,,2025-01-18 10:00:00,demofac00118,cmuerhq5v0000ucvpy660gnw1
demopai00156,2024-12-17 10:00:00,2714.200,CARTE,,,2024-12-17 10:00:00,demofac00119,cmuerhq5v0000ucvpy660gnw1
demopai00157,2025-02-16 10:00:00,16708.600,VIREMENT,VIR-219493,,2025-02-16 10:00:00,demofac00120,cmuerhq5v0000ucvpy660gnw1
demopai00158,2025-01-25 10:00:00,95462.800,VIREMENT,VIR-517274,,2025-01-25 10:00:00,demofac00121,cmuerhq5v0000ucvpy660gnw1
demopai00159,2025-02-09 10:00:00,4169.570,VIREMENT,VIR-946112,,2025-02-09 10:00:00,demofac00122,cmuerhq5v0000ucvpy660gnw1
demopai00160,2025-01-26 10:00:00,10711.000,CHEQUE,CHQ-5773950,,2025-01-26 10:00:00,demofac00123,cmuerhq5v0000ucvpy660gnw1
demopai00161,2025-02-05 10:00:00,2143.000,VIREMENT,VIR-498851,,2025-02-05 10:00:00,demofac00124,cmuerhq5v0000ucvpy660gnw1
demopai00162,2025-01-29 10:00:00,19052.900,VIREMENT,VIR-243798,,2025-01-29 10:00:00,demofac00125,cmuerhq5v0000ucvpy660gnw1
demopai00163,2025-02-04 10:00:00,3211.000,VIREMENT,VIR-869426,,2025-02-04 10:00:00,demofac00126,cmuerhq5v0000ucvpy660gnw1
demopai00164,2024-12-26 10:00:00,2808.186,CHEQUE,CHQ-1261096,,2024-12-26 10:00:00,demofac00127,cmuerhq5v0000ucvpy660gnw1
demopai00165,2024-12-30 10:00:00,2340.060,CHEQUE,CHQ-4275571,,2024-12-30 10:00:00,demofac00127,cmuerhq5v0000ucvpy660gnw1
demopai00166,2025-01-04 10:00:00,2436.624,CHEQUE,CHQ-4832827,,2025-01-04 10:00:00,demofac00127,cmuerhq5v0000ucvpy660gnw1
demopai00167,2024-12-27 10:00:00,453.200,ESPECES,,,2024-12-27 10:00:00,demofac00128,cmuerhq5v0000ucvpy660gnw1
demopai00168,2025-02-16 10:00:00,34763.440,VIREMENT,VIR-531939,,2025-02-16 10:00:00,demofac00129,cmuerhq5v0000ucvpy660gnw1
demopai00169,2025-01-10 10:00:00,3142.600,VIREMENT,VIR-694859,,2025-01-10 10:00:00,demofac00130,cmuerhq5v0000ucvpy660gnw1
demopai00170,2025-01-10 10:00:00,5722.014,VIREMENT,VIR-460954,,2025-01-10 10:00:00,demofac00131,cmuerhq5v0000ucvpy660gnw1
demopai00171,2025-01-28 10:00:00,4337.408,VIREMENT,VIR-322873,,2025-01-28 10:00:00,demofac00131,cmuerhq5v0000ucvpy660gnw1
demopai00172,2025-02-14 10:00:00,5818.456,VIREMENT,VIR-950875,,2025-02-14 10:00:00,demofac00131,cmuerhq5v0000ucvpy660gnw1
demopai00173,2025-01-17 10:00:00,14519.000,CHEQUE,CHQ-3667010,,2025-01-17 10:00:00,demofac00132,cmuerhq5v0000ucvpy660gnw1
demopai00174,2025-02-03 10:00:00,10294.500,VIREMENT,VIR-218828,,2025-02-03 10:00:00,demofac00133,cmuerhq5v0000ucvpy660gnw1
demopai00175,2025-01-07 10:00:00,2209.423,VIREMENT,VIR-172732,,2025-01-07 10:00:00,demofac00135,cmuerhq5v0000ucvpy660gnw1
demopai00176,2025-01-18 10:00:00,3145.577,VIREMENT,VIR-113319,,2025-01-18 10:00:00,demofac00135,cmuerhq5v0000ucvpy660gnw1
demopai00177,2025-03-03 10:00:00,8577.092,VIREMENT,VIR-664770,,2025-03-03 10:00:00,demofac00136,cmuerhq5v0000ucvpy660gnw1
demopai00178,2025-01-26 10:00:00,8212.000,VIREMENT,VIR-699671,,2025-01-26 10:00:00,demofac00137,cmuerhq5v0000ucvpy660gnw1
demopai00179,2025-02-20 10:00:00,63152.220,VIREMENT,VIR-959673,,2025-02-20 10:00:00,demofac00138,cmuerhq5v0000ucvpy660gnw1
demopai00180,2025-01-29 10:00:00,1900.240,VIREMENT,VIR-430296,,2025-01-29 10:00:00,demofac00139,cmuerhq5v0000ucvpy660gnw1
demopai00181,2025-02-17 10:00:00,25990.600,CHEQUE,CHQ-5347489,,2025-02-17 10:00:00,demofac00140,cmuerhq5v0000ucvpy660gnw1
demopai00182,2025-02-06 10:00:00,3731.650,VIREMENT,VIR-944122,,2025-02-06 10:00:00,demofac00141,cmuerhq5v0000ucvpy660gnw1
demopai00183,2025-01-26 10:00:00,11170.340,ESPECES,,,2025-01-26 10:00:00,demofac00142,cmuerhq5v0000ucvpy660gnw1
demopai00184,2025-01-06 10:00:00,4285.000,VIREMENT,VIR-470086,,2025-01-06 10:00:00,demofac00143,cmuerhq5v0000ucvpy660gnw1
demopai00185,2025-02-08 10:00:00,3160.030,VIREMENT,VIR-505751,,2025-02-08 10:00:00,demofac00144,cmuerhq5v0000ucvpy660gnw1
demopai00186,2025-01-21 10:00:00,2485.720,VIREMENT,VIR-661701,,2025-01-21 10:00:00,demofac00145,cmuerhq5v0000ucvpy660gnw1
demopai00187,2025-01-03 10:00:00,13186.200,VIREMENT,VIR-672684,,2025-01-03 10:00:00,demofac00146,cmuerhq5v0000ucvpy660gnw1
demopai00188,2025-01-09 10:00:00,4038.293,CHEQUE,CHQ-1604787,,2025-01-09 10:00:00,demofac00147,cmuerhq5v0000ucvpy660gnw1
demopai00189,2025-01-16 10:00:00,3114.607,CHEQUE,CHQ-5134481,,2025-01-16 10:00:00,demofac00147,cmuerhq5v0000ucvpy660gnw1
demopai00190,2025-01-17 10:00:00,1929.382,VIREMENT,VIR-832844,,2025-01-17 10:00:00,demofac00148,cmuerhq5v0000ucvpy660gnw1
demopai00191,2025-02-01 10:00:00,2534.118,VIREMENT,VIR-613571,,2025-02-01 10:00:00,demofac00148,cmuerhq5v0000ucvpy660gnw1
demopai00192,2025-01-21 10:00:00,2000.200,CHEQUE,CHQ-2607659,,2025-01-21 10:00:00,demofac00149,cmuerhq5v0000ucvpy660gnw1
demopai00193,2025-02-24 10:00:00,10251.065,VIREMENT,VIR-987025,,2025-02-24 10:00:00,demofac00150,cmuerhq5v0000ucvpy660gnw1
demopai00194,2025-02-08 10:00:00,7795.500,VIREMENT,VIR-983477,,2025-02-08 10:00:00,demofac00151,cmuerhq5v0000ucvpy660gnw1
demopai00195,2025-01-10 10:00:00,6811.300,CARTE,,,2025-01-10 10:00:00,demofac00152,cmuerhq5v0000ucvpy660gnw1
demopai00196,2025-03-03 10:00:00,4285.000,CHEQUE,CHQ-6965601,,2025-03-03 10:00:00,demofac00153,cmuerhq5v0000ucvpy660gnw1
demopai00197,2025-01-27 10:00:00,1696.750,VIREMENT,VIR-182643,,2025-01-27 10:00:00,demofac00154,cmuerhq5v0000ucvpy660gnw1
demopai00198,2025-03-08 10:00:00,41719.400,CHEQUE,CHQ-2669835,,2025-03-08 10:00:00,demofac00155,cmuerhq5v0000ucvpy660gnw1
demopai00199,2025-02-10 10:00:00,6330.800,VIREMENT,VIR-852437,,2025-02-10 10:00:00,demofac00156,cmuerhq5v0000ucvpy660gnw1
demopai00200,2025-02-18 10:00:00,1726.500,VIREMENT,VIR-699862,,2025-02-18 10:00:00,demofac00157,cmuerhq5v0000ucvpy660gnw1
demopai00201,2025-03-08 10:00:00,26543.950,VIREMENT,VIR-648558,,2025-03-08 10:00:00,demofac00158,cmuerhq5v0000ucvpy660gnw1
demopai00202,2025-03-09 10:00:00,1774.100,VIREMENT,VIR-331122,,2025-03-09 10:00:00,demofac00159,cmuerhq5v0000ucvpy660gnw1
demopai00203,2025-01-12 10:00:00,190.805,ESPECES,,,2025-01-12 10:00:00,demofac00160,cmuerhq5v0000ucvpy660gnw1
demopai00204,2025-03-17 10:00:00,1357.600,CHEQUE,CHQ-1705213,,2025-03-17 10:00:00,demofac00161,cmuerhq5v0000ucvpy660gnw1
demopai00205,2025-01-23 10:00:00,6437.472,CARTE,,,2025-01-23 10:00:00,demofac00162,cmuerhq5v0000ucvpy660gnw1
demopai00206,2025-02-07 10:00:00,8182.607,VIREMENT,VIR-349975,,2025-02-07 10:00:00,demofac00164,cmuerhq5v0000ucvpy660gnw1
demopai00207,2025-02-09 10:00:00,5832.000,CHEQUE,CHQ-7705542,,2025-02-09 10:00:00,demofac00165,cmuerhq5v0000ucvpy660gnw1
demopai00208,2025-03-15 10:00:00,5189.400,VIREMENT,VIR-654410,,2025-03-15 10:00:00,demofac00166,cmuerhq5v0000ucvpy660gnw1
demopai00209,2025-01-21 10:00:00,12008.100,ESPECES,,,2025-01-21 10:00:00,demofac00167,cmuerhq5v0000ucvpy660gnw1
demopai00210,2025-03-08 10:00:00,8491.664,CHEQUE,CHQ-8350310,,2025-03-08 10:00:00,demofac00168,cmuerhq5v0000ucvpy660gnw1
demopai00211,2025-02-21 10:00:00,4397.400,VIREMENT,VIR-522259,,2025-02-21 10:00:00,demofac00169,cmuerhq5v0000ucvpy660gnw1
demopai00212,2025-03-29 10:00:00,3411.102,VIREMENT,VIR-747552,,2025-03-29 10:00:00,demofac00169,cmuerhq5v0000ucvpy660gnw1
demopai00213,2025-05-03 10:00:00,4032.998,VIREMENT,VIR-203095,,2025-05-03 10:00:00,demofac00169,cmuerhq5v0000ucvpy660gnw1
demopai00214,2025-03-11 10:00:00,3452.000,VIREMENT,VIR-616731,,2025-03-11 10:00:00,demofac00170,cmuerhq5v0000ucvpy660gnw1
demopai00215,2025-04-16 10:00:00,2232.250,VIREMENT,VIR-544758,,2025-04-16 10:00:00,demofac00172,cmuerhq5v0000ucvpy660gnw1
demopai00216,2025-01-21 10:00:00,1476.600,CARTE,,,2025-01-21 10:00:00,demofac00173,cmuerhq5v0000ucvpy660gnw1
demopai00217,2025-05-10 10:00:00,11901.000,CHEQUE,CHQ-6239508,,2025-05-10 10:00:00,demofac00174,cmuerhq5v0000ucvpy660gnw1
demopai00218,2025-03-16 10:00:00,11191.760,CHEQUE,CHQ-3222063,,2025-03-16 10:00:00,demofac00175,cmuerhq5v0000ucvpy660gnw1
demopai00219,2025-02-08 10:00:00,1939.035,VIREMENT,VIR-653914,,2025-02-08 10:00:00,demofac00176,cmuerhq5v0000ucvpy660gnw1
demopai00220,2025-02-27 10:00:00,2821.965,VIREMENT,VIR-758990,,2025-02-27 10:00:00,demofac00176,cmuerhq5v0000ucvpy660gnw1
demopai00221,2025-01-26 10:00:00,6085.540,CHEQUE,CHQ-8913131,,2025-01-26 10:00:00,demofac00177,cmuerhq5v0000ucvpy660gnw1
demopai00222,2025-02-09 10:00:00,12853.000,CHEQUE,CHQ-1645192,,2025-02-09 10:00:00,demofac00178,cmuerhq5v0000ucvpy660gnw1
demopai00223,2025-03-12 10:00:00,12793.500,VIREMENT,VIR-917166,,2025-03-12 10:00:00,demofac00179,cmuerhq5v0000ucvpy660gnw1
demopai00224,2025-02-28 10:00:00,2285.800,VIREMENT,VIR-382618,,2025-02-28 10:00:00,demofac00180,cmuerhq5v0000ucvpy660gnw1
demopai00225,2025-03-01 10:00:00,9140.200,CHEQUE,CHQ-9048361,,2025-03-01 10:00:00,demofac00181,cmuerhq5v0000ucvpy660gnw1
demopai00226,2025-02-18 10:00:00,2178.700,VIREMENT,VIR-558554,,2025-02-18 10:00:00,demofac00182,cmuerhq5v0000ucvpy660gnw1
demopai00227,2025-02-23 10:00:00,1107.700,ESPECES,,,2025-02-23 10:00:00,demofac00183,cmuerhq5v0000ucvpy660gnw1
demopai00228,2025-02-02 10:00:00,6098.560,CARTE,,,2025-02-02 10:00:00,demofac00184,cmuerhq5v0000ucvpy660gnw1
demopai00229,2025-02-03 10:00:00,1179.100,CARTE,,,2025-02-03 10:00:00,demofac00185,cmuerhq5v0000ucvpy660gnw1
demopai00230,2025-02-10 10:00:00,1173.262,CHEQUE,CHQ-2982781,,2025-02-10 10:00:00,demofac00186,cmuerhq5v0000ucvpy660gnw1
demopai00231,2025-02-24 10:00:00,1115.620,CHEQUE,CHQ-6693278,,2025-02-24 10:00:00,demofac00186,cmuerhq5v0000ucvpy660gnw1
demopai00232,2025-03-09 10:00:00,925.118,CHEQUE,CHQ-4736237,,2025-03-09 10:00:00,demofac00186,cmuerhq5v0000ucvpy660gnw1
demopai00233,2025-02-14 10:00:00,6138.924,CHEQUE,CHQ-8806880,,2025-02-14 10:00:00,demofac00187,cmuerhq5v0000ucvpy660gnw1
demopai00234,2025-03-03 10:00:00,4676.796,CHEQUE,CHQ-7046428,,2025-03-03 10:00:00,demofac00187,cmuerhq5v0000ucvpy660gnw1
demopai00235,2025-04-04 10:00:00,3346.750,VIREMENT,VIR-894796,,2025-04-04 10:00:00,demofac00188,cmuerhq5v0000ucvpy660gnw1
demopai00236,2025-03-13 10:00:00,23658.200,VIREMENT,VIR-821791,,2025-03-13 10:00:00,demofac00189,cmuerhq5v0000ucvpy660gnw1
demopai00237,2025-02-23 10:00:00,6616.400,VIREMENT,VIR-732509,,2025-02-23 10:00:00,demofac00190,cmuerhq5v0000ucvpy660gnw1
demopai00238,2025-02-20 10:00:00,6024.429,VIREMENT,VIR-351761,,2025-02-20 10:00:00,demofac00191,cmuerhq5v0000ucvpy660gnw1
demopai00239,2025-03-11 10:00:00,6595.886,VIREMENT,VIR-187319,,2025-03-11 10:00:00,demofac00191,cmuerhq5v0000ucvpy660gnw1
demopai00240,2025-03-30 10:00:00,6159.935,VIREMENT,VIR-482002,,2025-03-30 10:00:00,demofac00191,cmuerhq5v0000ucvpy660gnw1
demopai00241,2025-03-11 10:00:00,13843.920,VIREMENT,VIR-200184,,2025-03-11 10:00:00,demofac00192,cmuerhq5v0000ucvpy660gnw1
demopai00242,2025-02-08 10:00:00,2285.800,ESPECES,,,2025-02-08 10:00:00,demofac00193,cmuerhq5v0000ucvpy660gnw1
demopai00243,2025-02-07 10:00:00,1390.888,CARTE,,,2025-02-07 10:00:00,demofac00194,cmuerhq5v0000ucvpy660gnw1
demopai00244,2025-02-12 10:00:00,1129.408,CARTE,,,2025-02-12 10:00:00,demofac00194,cmuerhq5v0000ucvpy660gnw1
demopai00245,2025-02-16 10:00:00,1504.094,CARTE,,,2025-02-16 10:00:00,demofac00194,cmuerhq5v0000ucvpy660gnw1
demopai00246,2025-02-04 10:00:00,9580.500,VIREMENT,VIR-133483,,2025-02-04 10:00:00,demofac00195,cmuerhq5v0000ucvpy660gnw1
demopai00247,2025-03-09 10:00:00,12317.500,CHEQUE,CHQ-1254633,,2025-03-09 10:00:00,demofac00196,cmuerhq5v0000ucvpy660gnw1
demopai00248,2025-03-09 10:00:00,3211.000,CHEQUE,CHQ-3807940,,2025-03-09 10:00:00,demofac00197,cmuerhq5v0000ucvpy660gnw1
demopai00249,2025-03-29 10:00:00,23220.280,CHEQUE,CHQ-3781612,,2025-03-29 10:00:00,demofac00198,cmuerhq5v0000ucvpy660gnw1
demopai00250,2025-02-06 10:00:00,3071.200,ESPECES,,,2025-02-06 10:00:00,demofac00199,cmuerhq5v0000ucvpy660gnw1
demopai00251,2025-04-08 10:00:00,10934.895,VIREMENT,VIR-891651,,2025-04-08 10:00:00,demofac00200,cmuerhq5v0000ucvpy660gnw1
demopai00252,2025-03-15 10:00:00,3297.300,VIREMENT,VIR-252079,,2025-03-15 10:00:00,demofac00201,cmuerhq5v0000ucvpy660gnw1
demopai00253,2025-03-23 10:00:00,3211.000,CHEQUE,CHQ-4415487,,2025-03-23 10:00:00,demofac00202,cmuerhq5v0000ucvpy660gnw1
demopai00254,2025-02-10 10:00:00,179.500,CARTE,,,2025-02-10 10:00:00,demofac00203,cmuerhq5v0000ucvpy660gnw1
demopai00255,2025-02-27 10:00:00,6986.559,VIREMENT,VIR-792767,,2025-02-27 10:00:00,demofac00204,cmuerhq5v0000ucvpy660gnw1
demopai00256,2025-03-20 10:00:00,6336.443,VIREMENT,VIR-421860,,2025-03-20 10:00:00,demofac00204,cmuerhq5v0000ucvpy660gnw1
demopai00257,2025-04-09 10:00:00,5130.138,VIREMENT,VIR-799818,,2025-04-09 10:00:00,demofac00204,cmuerhq5v0000ucvpy660gnw1
demopai00258,2025-03-26 10:00:00,4205.200,VIREMENT,VIR-845239,,2025-03-26 10:00:00,demofac00205,cmuerhq5v0000ucvpy660gnw1
demopai00259,2025-03-29 10:00:00,5189.400,VIREMENT,VIR-439478,,2025-03-29 10:00:00,demofac00206,cmuerhq5v0000ucvpy660gnw1
demopai00260,2025-03-11 10:00:00,14528.948,CHEQUE,CHQ-5475372,,2025-03-11 10:00:00,demofac00207,cmuerhq5v0000ucvpy660gnw1
demopai00261,2025-03-02 10:00:00,2628.520,VIREMENT,VIR-230888,,2025-03-02 10:00:00,demofac00208,cmuerhq5v0000ucvpy660gnw1
demopai00262,2025-02-22 10:00:00,701.615,CHEQUE,CHQ-3125304,,2025-02-22 10:00:00,demofac00209,cmuerhq5v0000ucvpy660gnw1
demopai00263,2025-03-07 10:00:00,652.934,CHEQUE,CHQ-2915071,,2025-03-07 10:00:00,demofac00209,cmuerhq5v0000ucvpy660gnw1
demopai00264,2025-03-19 10:00:00,605.751,CHEQUE,CHQ-2761814,,2025-03-19 10:00:00,demofac00209,cmuerhq5v0000ucvpy660gnw1
demopai00265,2025-03-08 10:00:00,5141.800,VIREMENT,VIR-561074,,2025-03-08 10:00:00,demofac00210,cmuerhq5v0000ucvpy660gnw1
demopai00266,2025-04-10 10:00:00,25966.800,VIREMENT,VIR-805240,,2025-04-10 10:00:00,demofac00211,cmuerhq5v0000ucvpy660gnw1
demopai00267,2025-04-16 10:00:00,5068.950,AUTRE,,,2025-04-16 10:00:00,demofac00212,cmuerhq5v0000ucvpy660gnw1
demopai00268,2025-04-07 10:00:00,1036.300,CHEQUE,CHQ-2022515,,2025-04-07 10:00:00,demofac00213,cmuerhq5v0000ucvpy660gnw1
demopai00269,2025-03-15 10:00:00,5682.740,CHEQUE,CHQ-5071700,,2025-03-15 10:00:00,demofac00214,cmuerhq5v0000ucvpy660gnw1
demopai00270,2025-04-06 10:00:00,18749.450,CHEQUE,CHQ-8322908,,2025-04-06 10:00:00,demofac00215,cmuerhq5v0000ucvpy660gnw1
demopai00271,2025-03-01 10:00:00,15106.883,VIREMENT,VIR-229114,,2025-03-01 10:00:00,demofac00216,cmuerhq5v0000ucvpy660gnw1
demopai00272,2025-03-18 10:00:00,22269.073,VIREMENT,VIR-514018,,2025-03-18 10:00:00,demofac00216,cmuerhq5v0000ucvpy660gnw1
demopai00273,2025-04-03 10:00:00,18554.044,VIREMENT,VIR-954001,,2025-04-03 10:00:00,demofac00216,cmuerhq5v0000ucvpy660gnw1
demopai00274,2025-04-11 10:00:00,905.400,CHEQUE,CHQ-3582691,,2025-04-11 10:00:00,demofac00217,cmuerhq5v0000ucvpy660gnw1
demopai00275,2025-05-10 10:00:00,4999.000,CHEQUE,CHQ-2859888,,2025-05-10 10:00:00,demofac00218,cmuerhq5v0000ucvpy660gnw1
demopai00276,2025-04-06 10:00:00,11869.465,VIREMENT,VIR-945787,,2025-04-06 10:00:00,demofac00219,cmuerhq5v0000ucvpy660gnw1
demopai00277,2025-03-15 10:00:00,16859.730,VIREMENT,VIR-483518,,2025-03-15 10:00:00,demofac00220,cmuerhq5v0000ucvpy660gnw1
demopai00278,2025-03-08 10:00:00,692.000,VIREMENT,VIR-307457,,2025-03-08 10:00:00,demofac00221,cmuerhq5v0000ucvpy660gnw1
demopai00279,2025-03-26 10:00:00,475.676,VIREMENT,VIR-490212,,2025-03-26 10:00:00,demofac00221,cmuerhq5v0000ucvpy660gnw1
demopai00280,2025-02-27 10:00:00,16483.620,AUTRE,,,2025-02-27 10:00:00,demofac00222,cmuerhq5v0000ucvpy660gnw1
demopai00281,2025-05-18 10:00:00,7412.320,CHEQUE,CHQ-2565831,,2025-05-18 10:00:00,demofac00223,cmuerhq5v0000ucvpy660gnw1
demopai00282,2025-04-25 10:00:00,964.000,VIREMENT,VIR-595106,,2025-04-25 10:00:00,demofac00224,cmuerhq5v0000ucvpy660gnw1
demopai00283,2025-03-05 10:00:00,239.961,VIREMENT,VIR-263753,,2025-03-05 10:00:00,demofac00225,cmuerhq5v0000ucvpy660gnw1
demopai00284,2025-03-20 10:00:00,210.593,VIREMENT,VIR-263857,,2025-03-20 10:00:00,demofac00225,cmuerhq5v0000ucvpy660gnw1
demopai00285,2025-04-03 10:00:00,224.546,VIREMENT,VIR-180792,,2025-04-03 10:00:00,demofac00225,cmuerhq5v0000ucvpy660gnw1
demopai00286,2025-03-10 10:00:00,10140.840,VIREMENT,VIR-139231,,2025-03-10 10:00:00,demofac00226,cmuerhq5v0000ucvpy660gnw1
demopai00287,2025-03-18 10:00:00,2487.100,VIREMENT,VIR-905638,,2025-03-18 10:00:00,demofac00227,cmuerhq5v0000ucvpy660gnw1
demopai00288,2025-03-15 10:00:00,3020.456,CHEQUE,CHQ-1451454,,2025-03-15 10:00:00,demofac00228,cmuerhq5v0000ucvpy660gnw1
demopai00289,2025-04-05 10:00:00,3976.691,CHEQUE,CHQ-2656876,,2025-04-05 10:00:00,demofac00228,cmuerhq5v0000ucvpy660gnw1
demopai00290,2025-04-26 10:00:00,3514.885,CHEQUE,CHQ-3804894,,2025-04-26 10:00:00,demofac00228,cmuerhq5v0000ucvpy660gnw1
demopai00291,2025-03-15 10:00:00,3213.883,VIREMENT,VIR-294797,,2025-03-15 10:00:00,demofac00229,cmuerhq5v0000ucvpy660gnw1
demopai00292,2025-04-04 10:00:00,2473.277,VIREMENT,VIR-536062,,2025-04-04 10:00:00,demofac00229,cmuerhq5v0000ucvpy660gnw1
demopai00293,2025-03-29 10:00:00,4094.600,VIREMENT,VIR-404935,,2025-03-29 10:00:00,demofac00230,cmuerhq5v0000ucvpy660gnw1
demopai00294,2025-04-20 10:00:00,23815.280,CHEQUE,CHQ-3462964,,2025-04-20 10:00:00,demofac00231,cmuerhq5v0000ucvpy660gnw1
demopai00295,2025-02-26 10:00:00,1122.575,VIREMENT,VIR-549624,,2025-02-26 10:00:00,demofac00232,cmuerhq5v0000ucvpy660gnw1
demopai00296,2025-03-30 10:00:00,11068.000,VIREMENT,VIR-946674,,2025-03-30 10:00:00,demofac00233,cmuerhq5v0000ucvpy660gnw1
demopai00297,2025-05-16 10:00:00,2321.500,VIREMENT,VIR-350049,,2025-05-16 10:00:00,demofac00234,cmuerhq5v0000ucvpy660gnw1
demopai00298,2025-03-27 10:00:00,5903.400,VIREMENT,VIR-127574,,2025-03-27 10:00:00,demofac00235,cmuerhq5v0000ucvpy660gnw1
demopai00299,2025-03-02 10:00:00,562.740,CARTE,,,2025-03-02 10:00:00,demofac00236,cmuerhq5v0000ucvpy660gnw1
demopai00300,2025-04-18 10:00:00,2706.220,CHEQUE,CHQ-7815649,,2025-04-18 10:00:00,demofac00237,cmuerhq5v0000ucvpy660gnw1
demopai00301,2025-03-19 10:00:00,2241.933,CHEQUE,CHQ-8211770,,2025-03-19 10:00:00,demofac00238,cmuerhq5v0000ucvpy660gnw1
demopai00302,2025-04-06 10:00:00,2935.567,CHEQUE,CHQ-9212683,,2025-04-06 10:00:00,demofac00238,cmuerhq5v0000ucvpy660gnw1
demopai00303,2025-03-22 10:00:00,6382.970,CHEQUE,CHQ-9410376,,2025-03-22 10:00:00,demofac00239,cmuerhq5v0000ucvpy660gnw1
demopai00304,2025-04-05 10:00:00,6372.547,CHEQUE,CHQ-8205879,,2025-04-05 10:00:00,demofac00240,cmuerhq5v0000ucvpy660gnw1
demopai00305,2025-04-22 10:00:00,10699.100,CHEQUE,CHQ-4464739,,2025-04-22 10:00:00,demofac00241,cmuerhq5v0000ucvpy660gnw1
demopai00306,2025-04-17 10:00:00,4461.240,CHEQUE,CHQ-9849244,,2025-04-17 10:00:00,demofac00242,cmuerhq5v0000ucvpy660gnw1
demopai00307,2025-03-25 10:00:00,20304.780,VIREMENT,VIR-698547,,2025-03-25 10:00:00,demofac00243,cmuerhq5v0000ucvpy660gnw1
demopai00308,2025-04-27 10:00:00,17986.660,VIREMENT,VIR-747488,,2025-04-27 10:00:00,demofac00244,cmuerhq5v0000ucvpy660gnw1
demopai00309,2025-03-26 10:00:00,10520.600,VIREMENT,VIR-519672,,2025-03-26 10:00:00,demofac00245,cmuerhq5v0000ucvpy660gnw1
demopai00310,2025-03-14 10:00:00,9272.266,VIREMENT,VIR-904859,,2025-03-14 10:00:00,demofac00246,cmuerhq5v0000ucvpy660gnw1
demopai00311,2025-03-23 10:00:00,11367.573,VIREMENT,VIR-422905,,2025-03-23 10:00:00,demofac00246,cmuerhq5v0000ucvpy660gnw1
demopai00312,2025-04-01 10:00:00,11776.761,VIREMENT,VIR-884393,,2025-04-01 10:00:00,demofac00246,cmuerhq5v0000ucvpy660gnw1
demopai00313,2025-04-23 10:00:00,12357.672,VIREMENT,VIR-945264,,2025-04-23 10:00:00,demofac00247,cmuerhq5v0000ucvpy660gnw1
demopai00314,2025-06-08 10:00:00,13627.778,VIREMENT,VIR-559707,,2025-06-08 10:00:00,demofac00247,cmuerhq5v0000ucvpy660gnw1
demopai00315,2025-04-14 10:00:00,4285.000,VIREMENT,VIR-489801,,2025-04-14 10:00:00,demofac00248,cmuerhq5v0000ucvpy660gnw1
demopai00316,2025-03-12 10:00:00,3366.336,VIREMENT,VIR-269229,,2025-03-12 10:00:00,demofac00249,cmuerhq5v0000ucvpy660gnw1
demopai00317,2025-04-18 10:00:00,26441.610,VIREMENT,VIR-339066,,2025-04-18 10:00:00,demofac00250,cmuerhq5v0000ucvpy660gnw1
demopai00318,2025-03-18 10:00:00,1930.455,CHEQUE,CHQ-6164893,,2025-03-18 10:00:00,demofac00251,cmuerhq5v0000ucvpy660gnw1
demopai00319,2025-03-27 10:00:00,1448.194,CHEQUE,CHQ-6840276,,2025-03-27 10:00:00,demofac00251,cmuerhq5v0000ucvpy660gnw1
demopai00320,2025-04-05 10:00:00,1650.339,CHEQUE,CHQ-2377925,,2025-04-05 10:00:00,demofac00251,cmuerhq5v0000ucvpy660gnw1
demopai00321,2025-04-02 10:00:00,16442.040,VIREMENT,VIR-794318,,2025-04-02 10:00:00,demofac00252,cmuerhq5v0000ucvpy660gnw1
demopai00322,2025-03-13 10:00:00,2838.055,ESPECES,,,2025-03-13 10:00:00,demofac00254,cmuerhq5v0000ucvpy660gnw1
demopai00323,2025-03-16 10:00:00,3413.396,ESPECES,,,2025-03-16 10:00:00,demofac00254,cmuerhq5v0000ucvpy660gnw1
demopai00324,2025-03-18 10:00:00,3724.795,ESPECES,,,2025-03-18 10:00:00,demofac00254,cmuerhq5v0000ucvpy660gnw1
demopai00325,2025-03-20 10:00:00,37754.210,AUTRE,,,2025-03-20 10:00:00,demofac00256,cmuerhq5v0000ucvpy660gnw1
demopai00326,2025-05-08 10:00:00,3343.300,CHEQUE,CHQ-9419717,,2025-05-08 10:00:00,demofac00257,cmuerhq5v0000ucvpy660gnw1
demopai00327,2025-03-15 10:00:00,4662.610,CARTE,,,2025-03-15 10:00:00,demofac00258,cmuerhq5v0000ucvpy660gnw1
demopai00328,2025-03-16 10:00:00,5203.490,CARTE,,,2025-03-16 10:00:00,demofac00258,cmuerhq5v0000ucvpy660gnw1
demopai00329,2025-04-29 10:00:00,17137.000,VIREMENT,VIR-593038,,2025-04-29 10:00:00,demofac00259,cmuerhq5v0000ucvpy660gnw1
demopai00330,2025-04-02 10:00:00,9878.000,VIREMENT,VIR-402730,,2025-04-02 10:00:00,demofac00260,cmuerhq5v0000ucvpy660gnw1
demopai00331,2025-05-05 10:00:00,38421.340,CHEQUE,CHQ-8000601,,2025-05-05 10:00:00,demofac00261,cmuerhq5v0000ucvpy660gnw1
demopai00332,2025-04-04 10:00:00,5558.300,VIREMENT,VIR-697936,,2025-04-04 10:00:00,demofac00262,cmuerhq5v0000ucvpy660gnw1
demopai00333,2025-04-24 10:00:00,2159.065,VIREMENT,VIR-408799,,2025-04-24 10:00:00,demofac00263,cmuerhq5v0000ucvpy660gnw1
demopai00334,2025-03-28 10:00:00,3766.116,CHEQUE,CHQ-8680197,,2025-03-28 10:00:00,demofac00264,cmuerhq5v0000ucvpy660gnw1
demopai00335,2025-04-07 10:00:00,3372.749,CHEQUE,CHQ-3423856,,2025-04-07 10:00:00,demofac00264,cmuerhq5v0000ucvpy660gnw1
demopai00336,2025-04-16 10:00:00,2524.935,CHEQUE,CHQ-6214731,,2025-04-16 10:00:00,demofac00264,cmuerhq5v0000ucvpy660gnw1
demopai00337,2025-03-30 10:00:00,2143.000,VIREMENT,VIR-186342,,2025-03-30 10:00:00,demofac00265,cmuerhq5v0000ucvpy660gnw1
demopai00338,2025-04-28 10:00:00,441.003,CHEQUE,CHQ-2921352,,2025-04-28 10:00:00,demofac00266,cmuerhq5v0000ucvpy660gnw1
demopai00339,2025-05-09 10:00:00,14281.000,CHEQUE,CHQ-3368363,,2025-05-09 10:00:00,demofac00267,cmuerhq5v0000ucvpy660gnw1
demopai00340,2025-04-05 10:00:00,1709.078,VIREMENT,VIR-810061,,2025-04-05 10:00:00,demofac00268,cmuerhq5v0000ucvpy660gnw1
demopai00341,2025-04-18 10:00:00,1326.422,VIREMENT,VIR-445139,,2025-04-18 10:00:00,demofac00268,cmuerhq5v0000ucvpy660gnw1
demopai00342,2025-05-04 10:00:00,9855.730,VIREMENT,VIR-519999,,2025-05-04 10:00:00,demofac00269,cmuerhq5v0000ucvpy660gnw1
demopai00343,2025-04-22 10:00:00,31427.900,VIREMENT,VIR-382542,,2025-04-22 10:00:00,demofac00270,cmuerhq5v0000ucvpy660gnw1
demopai00344,2025-05-13 10:00:00,11829.600,VIREMENT,VIR-746752,,2025-05-13 10:00:00,demofac00271,cmuerhq5v0000ucvpy660gnw1
demopai00345,2025-04-16 10:00:00,765.213,VIREMENT,VIR-875209,,2025-04-16 10:00:00,demofac00273,cmuerhq5v0000ucvpy660gnw1
demopai00346,2025-05-08 10:00:00,651.530,VIREMENT,VIR-682384,,2025-05-08 10:00:00,demofac00273,cmuerhq5v0000ucvpy660gnw1
demopai00347,2025-05-05 10:00:00,14701.546,CHEQUE,CHQ-8705112,,2025-05-05 10:00:00,demofac00274,cmuerhq5v0000ucvpy660gnw1
demopai00348,2025-04-16 10:00:00,2699.501,VIREMENT,VIR-116488,,2025-04-16 10:00:00,demofac00275,cmuerhq5v0000ucvpy660gnw1
demopai00349,2025-05-06 10:00:00,2079.349,VIREMENT,VIR-615427,,2025-05-06 10:00:00,demofac00275,cmuerhq5v0000ucvpy660gnw1
demopai00350,2025-03-31 10:00:00,3761.400,VIREMENT,VIR-946500,,2025-03-31 10:00:00,demofac00276,cmuerhq5v0000ucvpy660gnw1
demopai00351,2025-04-08 10:00:00,15135.848,ESPECES,,,2025-04-08 10:00:00,demofac00277,cmuerhq5v0000ucvpy660gnw1
demopai00352,2025-04-20 10:00:00,738.800,VIREMENT,VIR-738965,,2025-04-20 10:00:00,demofac00278,cmuerhq5v0000ucvpy660gnw1
demopai00353,2025-04-12 10:00:00,11847.450,VIREMENT,VIR-376223,,2025-04-12 10:00:00,demofac00279,cmuerhq5v0000ucvpy660gnw1
demopai00354,2025-04-23 10:00:00,2400.040,VIREMENT,VIR-508203,,2025-04-23 10:00:00,demofac00280,cmuerhq5v0000ucvpy660gnw1
demopai00355,2025-05-17 10:00:00,453.200,VIREMENT,VIR-982800,,2025-05-17 10:00:00,demofac00281,cmuerhq5v0000ucvpy660gnw1
demopai00356,2025-04-26 10:00:00,11722.500,CHEQUE,CHQ-6515126,,2025-04-26 10:00:00,demofac00282,cmuerhq5v0000ucvpy660gnw1
demopai00357,2025-04-24 10:00:00,1357.600,CHEQUE,CHQ-2979756,,2025-04-24 10:00:00,demofac00283,cmuerhq5v0000ucvpy660gnw1
demopai00358,2025-05-16 10:00:00,2023.300,CHEQUE,CHQ-5742466,,2025-05-16 10:00:00,demofac00284,cmuerhq5v0000ucvpy660gnw1
demopai00359,2025-05-02 10:00:00,6686.080,VIREMENT,VIR-645796,,2025-05-02 10:00:00,demofac00285,cmuerhq5v0000ucvpy660gnw1
demopai00360,2025-04-15 10:00:00,1131.500,CHEQUE,CHQ-1422014,,2025-04-15 10:00:00,demofac00286,cmuerhq5v0000ucvpy660gnw1
demopai00361,2025-04-29 10:00:00,3416.300,VIREMENT,VIR-602960,,2025-04-29 10:00:00,demofac00287,cmuerhq5v0000ucvpy660gnw1
demopai00362,2025-05-18 10:00:00,10031.250,VIREMENT,VIR-274084,,2025-05-18 10:00:00,demofac00288,cmuerhq5v0000ucvpy660gnw1
demopai00363,2025-05-09 10:00:00,3581.290,VIREMENT,VIR-677872,,2025-05-09 10:00:00,demofac00289,cmuerhq5v0000ucvpy660gnw1
demopai00364,2025-04-21 10:00:00,6857.953,CHEQUE,CHQ-1916093,,2025-04-21 10:00:00,demofac00290,cmuerhq5v0000ucvpy660gnw1
demopai00365,2025-05-03 10:00:00,8652.300,CHEQUE,CHQ-1341303,,2025-05-03 10:00:00,demofac00291,cmuerhq5v0000ucvpy660gnw1
demopai00366,2025-05-22 10:00:00,24491.200,VIREMENT,VIR-895383,,2025-05-22 10:00:00,demofac00292,cmuerhq5v0000ucvpy660gnw1
demopai00367,2025-04-21 10:00:00,3022.291,VIREMENT,VIR-990271,,2025-04-21 10:00:00,demofac00293,cmuerhq5v0000ucvpy660gnw1
demopai00368,2025-04-07 10:00:00,20465.668,ESPECES,,,2025-04-07 10:00:00,demofac00294,cmuerhq5v0000ucvpy660gnw1
demopai00369,2025-04-27 10:00:00,1291.420,ESPECES,,,2025-04-27 10:00:00,demofac00295,cmuerhq5v0000ucvpy660gnw1
demopai00370,2025-04-30 10:00:00,3866.717,VIREMENT,VIR-804929,,2025-04-30 10:00:00,demofac00296,cmuerhq5v0000ucvpy660gnw1
demopai00371,2025-05-24 10:00:00,2770.508,VIREMENT,VIR-185617,,2025-05-24 10:00:00,demofac00296,cmuerhq5v0000ucvpy660gnw1
demopai00372,2025-04-25 10:00:00,4083.295,VIREMENT,VIR-168947,,2025-04-25 10:00:00,demofac00297,cmuerhq5v0000ucvpy660gnw1
demopai00373,2025-05-13 10:00:00,3743.550,CHEQUE,CHQ-9889474,,2025-05-13 10:00:00,demofac00298,cmuerhq5v0000ucvpy660gnw1
demopai00374,2025-08-03 10:00:00,450.400,VIREMENT,VIR-293239,,2025-08-03 10:00:00,demofac00299,cmuerhq5v0000ucvpy660gnw1
demopai00375,2025-05-07 10:00:00,2914.905,CHEQUE,CHQ-9404232,,2025-05-07 10:00:00,demofac00300,cmuerhq5v0000ucvpy660gnw1
demopai00376,2025-06-04 10:00:00,7002.640,CHEQUE,CHQ-2864225,,2025-06-04 10:00:00,demofac00301,cmuerhq5v0000ucvpy660gnw1
demopai00377,2025-05-13 10:00:00,12141.380,VIREMENT,VIR-920718,,2025-05-13 10:00:00,demofac00302,cmuerhq5v0000ucvpy660gnw1
demopai00378,2025-04-23 10:00:00,1808.349,CHEQUE,CHQ-3461834,,2025-04-23 10:00:00,demofac00303,cmuerhq5v0000ucvpy660gnw1
demopai00379,2025-05-04 10:00:00,1414.996,CHEQUE,CHQ-1498122,,2025-05-04 10:00:00,demofac00303,cmuerhq5v0000ucvpy660gnw1
demopai00380,2025-05-16 10:00:00,2120.755,CHEQUE,CHQ-6906954,,2025-05-16 10:00:00,demofac00303,cmuerhq5v0000ucvpy660gnw1
demopai00381,2025-05-01 10:00:00,6748.300,VIREMENT,VIR-198456,,2025-05-01 10:00:00,demofac00304,cmuerhq5v0000ucvpy660gnw1
demopai00382,2025-04-27 10:00:00,854.450,CHEQUE,CHQ-3107812,,2025-04-27 10:00:00,demofac00305,cmuerhq5v0000ucvpy660gnw1
demopai00383,2025-06-23 10:00:00,57685.000,VIREMENT,VIR-418931,,2025-06-23 10:00:00,demofac00307,cmuerhq5v0000ucvpy660gnw1
demopai00384,2025-06-01 10:00:00,20698.986,VIREMENT,VIR-270952,,2025-06-01 10:00:00,demofac00308,cmuerhq5v0000ucvpy660gnw1
demopai00385,2025-07-15 10:00:00,21187.234,VIREMENT,VIR-280244,,2025-07-15 10:00:00,demofac00308,cmuerhq5v0000ucvpy660gnw1
demopai00386,2025-05-01 10:00:00,3142.600,ESPECES,,,2025-05-01 10:00:00,demofac00309,cmuerhq5v0000ucvpy660gnw1
demopai00387,2025-05-19 10:00:00,3809.000,CHEQUE,CHQ-2916721,,2025-05-19 10:00:00,demofac00310,cmuerhq5v0000ucvpy660gnw1
demopai00388,2025-05-02 10:00:00,1167.200,CHEQUE,CHQ-6608608,,2025-05-02 10:00:00,demofac00311,cmuerhq5v0000ucvpy660gnw1
demopai00389,2025-04-23 10:00:00,6152.705,CHEQUE,CHQ-8246796,,2025-04-23 10:00:00,demofac00312,cmuerhq5v0000ucvpy660gnw1
demopai00390,2025-06-07 10:00:00,39461.400,CHEQUE,CHQ-7930807,,2025-06-07 10:00:00,demofac00313,cmuerhq5v0000ucvpy660gnw1
demopai00391,2025-05-22 10:00:00,5426.210,VIREMENT,VIR-115190,,2025-05-22 10:00:00,demofac00314,cmuerhq5v0000ucvpy660gnw1
demopai00392,2025-05-09 10:00:00,8707.040,VIREMENT,VIR-503485,,2025-05-09 10:00:00,demofac00315,cmuerhq5v0000ucvpy660gnw1
demopai00393,2025-05-16 10:00:00,19717.550,VIREMENT,VIR-874116,,2025-05-16 10:00:00,demofac00316,cmuerhq5v0000ucvpy660gnw1
demopai00394,2025-06-11 10:00:00,20671.730,VIREMENT,VIR-112278,,2025-06-11 10:00:00,demofac00316,cmuerhq5v0000ucvpy660gnw1
demopai00395,2025-06-01 10:00:00,179.500,CHEQUE,CHQ-2805710,,2025-06-01 10:00:00,demofac00317,cmuerhq5v0000ucvpy660gnw1
demopai00396,2025-05-03 10:00:00,3178.274,VIREMENT,VIR-214792,,2025-05-03 10:00:00,demofac00318,cmuerhq5v0000ucvpy660gnw1
demopai00397,2025-05-15 10:00:00,3630.137,VIREMENT,VIR-481417,,2025-05-15 10:00:00,demofac00318,cmuerhq5v0000ucvpy660gnw1
demopai00398,2025-05-27 10:00:00,3378.669,VIREMENT,VIR-496237,,2025-05-27 10:00:00,demofac00318,cmuerhq5v0000ucvpy660gnw1
demopai00399,2025-04-27 10:00:00,12278.933,VIREMENT,VIR-576030,,2025-04-27 10:00:00,demofac00319,cmuerhq5v0000ucvpy660gnw1
demopai00400,2025-05-02 10:00:00,8286.529,VIREMENT,VIR-328150,,2025-05-02 10:00:00,demofac00319,cmuerhq5v0000ucvpy660gnw1
demopai00401,2025-05-08 10:00:00,10768.918,VIREMENT,VIR-103978,,2025-05-08 10:00:00,demofac00319,cmuerhq5v0000ucvpy660gnw1
demopai00402,2025-06-05 10:00:00,5328.700,VIREMENT,VIR-462055,,2025-06-05 10:00:00,demofac00320,cmuerhq5v0000ucvpy660gnw1
demopai00403,2025-04-26 10:00:00,821.100,CARTE,,,2025-04-26 10:00:00,demofac00321,cmuerhq5v0000ucvpy660gnw1
demopai00404,2025-06-13 10:00:00,17137.000,CHEQUE,CHQ-6568701,,2025-06-13 10:00:00,demofac00322,cmuerhq5v0000ucvpy660gnw1
demopai00405,2025-05-06 10:00:00,7149.400,VIREMENT,VIR-699362,,2025-05-06 10:00:00,demofac00323,cmuerhq5v0000ucvpy660gnw1
demopai00406,2025-05-07 10:00:00,8430.839,VIREMENT,VIR-990679,,2025-05-07 10:00:00,demofac00324,cmuerhq5v0000ucvpy660gnw1
demopai00407,2025-05-12 10:00:00,6910.399,VIREMENT,VIR-184147,,2025-05-12 10:00:00,demofac00325,cmuerhq5v0000ucvpy660gnw1
demopai00408,2025-05-29 10:00:00,9122.636,VIREMENT,VIR-732466,,2025-05-29 10:00:00,demofac00325,cmuerhq5v0000ucvpy660gnw1
demopai00409,2025-06-15 10:00:00,8957.965,VIREMENT,VIR-825797,,2025-06-15 10:00:00,demofac00325,cmuerhq5v0000ucvpy660gnw1
demopai00410,2025-06-10 10:00:00,24991.000,VIREMENT,VIR-445574,,2025-06-10 10:00:00,demofac00326,cmuerhq5v0000ucvpy660gnw1
demopai00411,2025-05-22 10:00:00,2143.000,VIREMENT,VIR-422473,,2025-05-22 10:00:00,demofac00327,cmuerhq5v0000ucvpy660gnw1
demopai00412,2025-05-30 10:00:00,1561.090,CHEQUE,CHQ-1697565,,2025-05-30 10:00:00,demofac00328,cmuerhq5v0000ucvpy660gnw1
demopai00413,2025-05-31 10:00:00,15075.852,CHEQUE,CHQ-3167004,,2025-05-31 10:00:00,demofac00329,cmuerhq5v0000ucvpy660gnw1
demopai00414,2025-05-20 10:00:00,5356.000,VIREMENT,VIR-344930,,2025-05-20 10:00:00,demofac00330,cmuerhq5v0000ucvpy660gnw1
demopai00415,2025-05-29 10:00:00,5154.874,VIREMENT,VIR-882212,,2025-05-29 10:00:00,demofac00331,cmuerhq5v0000ucvpy660gnw1
demopai00416,2025-06-27 10:00:00,4270.926,VIREMENT,VIR-760687,,2025-06-27 10:00:00,demofac00331,cmuerhq5v0000ucvpy660gnw1
demopai00417,2025-05-16 10:00:00,45872.720,VIREMENT,VIR-410900,,2025-05-16 10:00:00,demofac00332,cmuerhq5v0000ucvpy660gnw1
demopai00418,2025-05-25 10:00:00,10163.600,CHEQUE,CHQ-4837249,,2025-05-25 10:00:00,demofac00333,cmuerhq5v0000ucvpy660gnw1
demopai00419,2025-05-31 10:00:00,3573.380,ESPECES,,,2025-05-31 10:00:00,demofac00334,cmuerhq5v0000ucvpy660gnw1
demopai00420,2025-05-05 10:00:00,3618.600,ESPECES,,,2025-05-05 10:00:00,demofac00335,cmuerhq5v0000ucvpy660gnw1
demopai00421,2025-06-17 10:00:00,2266.525,VIREMENT,VIR-916929,,2025-06-17 10:00:00,demofac00336,cmuerhq5v0000ucvpy660gnw1
demopai00422,2025-08-01 10:00:00,2373.767,VIREMENT,VIR-810786,,2025-08-01 10:00:00,demofac00336,cmuerhq5v0000ucvpy660gnw1
demopai00423,2025-09-16 10:00:00,2726.808,VIREMENT,VIR-465536,,2025-09-16 10:00:00,demofac00336,cmuerhq5v0000ucvpy660gnw1
demopai00424,2025-05-21 10:00:00,1619.716,CHEQUE,CHQ-7977069,,2025-05-21 10:00:00,demofac00337,cmuerhq5v0000ucvpy660gnw1
demopai00425,2025-06-08 10:00:00,1501.464,CHEQUE,CHQ-3119519,,2025-06-08 10:00:00,demofac00337,cmuerhq5v0000ucvpy660gnw1
demopai00426,2025-05-23 10:00:00,6259.534,CHEQUE,CHQ-1138542,,2025-05-23 10:00:00,demofac00338,cmuerhq5v0000ucvpy660gnw1
demopai00427,2025-06-12 10:00:00,4415.766,CHEQUE,CHQ-1633478,,2025-06-12 10:00:00,demofac00338,cmuerhq5v0000ucvpy660gnw1
demopai00428,2025-05-12 10:00:00,2968.860,VIREMENT,VIR-853306,,2025-05-12 10:00:00,demofac00339,cmuerhq5v0000ucvpy660gnw1
demopai00429,2025-07-07 10:00:00,11425.000,VIREMENT,VIR-554846,,2025-07-07 10:00:00,demofac00340,cmuerhq5v0000ucvpy660gnw1
demopai00430,2025-05-20 10:00:00,5103.761,ESPECES,,,2025-05-20 10:00:00,demofac00341,cmuerhq5v0000ucvpy660gnw1
demopai00431,2025-06-05 10:00:00,4240.477,ESPECES,,,2025-06-05 10:00:00,demofac00341,cmuerhq5v0000ucvpy660gnw1
demopai00432,2025-06-22 10:00:00,3508.762,ESPECES,,,2025-06-22 10:00:00,demofac00341,cmuerhq5v0000ucvpy660gnw1
demopai00433,2025-06-22 10:00:00,19705.000,CHEQUE,CHQ-6676228,,2025-06-22 10:00:00,demofac00342,cmuerhq5v0000ucvpy660gnw1
demopai00434,2025-06-26 10:00:00,9223.500,CHEQUE,CHQ-9190102,,2025-06-26 10:00:00,demofac00343,cmuerhq5v0000ucvpy660gnw1
demopai00435,2025-06-17 10:00:00,22194.500,VIREMENT,VIR-811356,,2025-06-17 10:00:00,demofac00344,cmuerhq5v0000ucvpy660gnw1
demopai00436,2025-05-13 10:00:00,649.968,ESPECES,,,2025-05-13 10:00:00,demofac00345,cmuerhq5v0000ucvpy660gnw1
demopai00437,2025-05-20 10:00:00,481.532,ESPECES,,,2025-05-20 10:00:00,demofac00345,cmuerhq5v0000ucvpy660gnw1
demopai00438,2025-07-03 10:00:00,2660.500,VIREMENT,VIR-886956,,2025-07-03 10:00:00,demofac00346,cmuerhq5v0000ucvpy660gnw1
demopai00439,2025-06-13 10:00:00,643.600,VIREMENT,VIR-865373,,2025-06-13 10:00:00,demofac00347,cmuerhq5v0000ucvpy660gnw1
demopai00440,2025-05-06 10:00:00,905.400,CARTE,,,2025-05-06 10:00:00,demofac00348,cmuerhq5v0000ucvpy660gnw1
demopai00441,2025-07-21 10:00:00,7761.430,VIREMENT,VIR-274093,,2025-07-21 10:00:00,demofac00349,cmuerhq5v0000ucvpy660gnw1
demopai00442,2025-05-24 10:00:00,3868.837,CHEQUE,CHQ-5500909,,2025-05-24 10:00:00,demofac00350,cmuerhq5v0000ucvpy660gnw1
demopai00443,2025-06-09 10:00:00,4952.911,CHEQUE,CHQ-9662328,,2025-06-09 10:00:00,demofac00350,cmuerhq5v0000ucvpy660gnw1
demopai00444,2025-06-26 10:00:00,4389.152,CHEQUE,CHQ-1472177,,2025-06-26 10:00:00,demofac00350,cmuerhq5v0000ucvpy660gnw1
demopai00445,2025-06-05 10:00:00,7761.430,VIREMENT,VIR-523364,,2025-06-05 10:00:00,demofac00351,cmuerhq5v0000ucvpy660gnw1
demopai00446,2025-06-03 10:00:00,10470.025,CHEQUE,CHQ-3378198,,2025-06-03 10:00:00,demofac00352,cmuerhq5v0000ucvpy660gnw1
demopai00447,2025-06-30 10:00:00,13805.000,VIREMENT,VIR-762576,,2025-06-30 10:00:00,demofac00353,cmuerhq5v0000ucvpy660gnw1
demopai00448,2025-05-21 10:00:00,7803.235,ESPECES,,,2025-05-21 10:00:00,demofac00354,cmuerhq5v0000ucvpy660gnw1
demopai00449,2025-05-19 10:00:00,1424.185,VIREMENT,VIR-827644,,2025-05-19 10:00:00,demofac00355,cmuerhq5v0000ucvpy660gnw1
demopai00450,2025-05-29 10:00:00,1589.166,VIREMENT,VIR-362436,,2025-05-29 10:00:00,demofac00355,cmuerhq5v0000ucvpy660gnw1
demopai00451,2025-06-07 10:00:00,1366.849,VIREMENT,VIR-438014,,2025-06-07 10:00:00,demofac00355,cmuerhq5v0000ucvpy660gnw1
demopai00452,2025-06-14 10:00:00,2428.600,CHEQUE,CHQ-1107272,,2025-06-14 10:00:00,demofac00356,cmuerhq5v0000ucvpy660gnw1
demopai00453,2025-05-13 10:00:00,4632.956,VIREMENT,VIR-108803,,2025-05-13 10:00:00,demofac00357,cmuerhq5v0000ucvpy660gnw1
demopai00454,2025-06-02 10:00:00,5182.994,CHEQUE,CHQ-7144105,,2025-06-02 10:00:00,demofac00358,cmuerhq5v0000ucvpy660gnw1
demopai00455,2025-06-23 10:00:00,7021.456,CHEQUE,CHQ-3926018,,2025-06-23 10:00:00,demofac00358,cmuerhq5v0000ucvpy660gnw1
demopai00456,2025-05-26 10:00:00,6878.498,VIREMENT,VIR-700514,,2025-05-26 10:00:00,demofac00359,cmuerhq5v0000ucvpy660gnw1
demopai00457,2025-06-10 10:00:00,6549.987,VIREMENT,VIR-229762,,2025-06-10 10:00:00,demofac00359,cmuerhq5v0000ucvpy660gnw1
demopai00458,2025-06-24 10:00:00,4958.015,VIREMENT,VIR-771378,,2025-06-24 10:00:00,demofac00359,cmuerhq5v0000ucvpy660gnw1
demopai00459,2025-06-04 10:00:00,13605.838,CHEQUE,CHQ-7295576,,2025-06-04 10:00:00,demofac00360,cmuerhq5v0000ucvpy660gnw1
demopai00460,2025-06-26 10:00:00,13958.778,CHEQUE,CHQ-2498673,,2025-06-26 10:00:00,demofac00360,cmuerhq5v0000ucvpy660gnw1
demopai00461,2025-07-18 10:00:00,16316.384,CHEQUE,CHQ-2475584,,2025-07-18 10:00:00,demofac00360,cmuerhq5v0000ucvpy660gnw1
demopai00462,2025-06-01 10:00:00,4534.560,VIREMENT,VIR-513968,,2025-06-01 10:00:00,demofac00361,cmuerhq5v0000ucvpy660gnw1
demopai00463,2025-07-09 10:00:00,775.000,VIREMENT,VIR-598059,,2025-07-09 10:00:00,demofac00362,cmuerhq5v0000ucvpy660gnw1
demopai00464,2025-05-30 10:00:00,442.775,VIREMENT,VIR-719684,,2025-05-30 10:00:00,demofac00363,cmuerhq5v0000ucvpy660gnw1
demopai00465,2025-06-12 10:00:00,352.366,VIREMENT,VIR-910954,,2025-06-12 10:00:00,demofac00363,cmuerhq5v0000ucvpy660gnw1
demopai00466,2025-06-26 10:00:00,519.619,VIREMENT,VIR-654814,,2025-06-26 10:00:00,demofac00363,cmuerhq5v0000ucvpy660gnw1
demopai00467,2025-07-10 10:00:00,3286.590,VIREMENT,VIR-611971,,2025-07-10 10:00:00,demofac00364,cmuerhq5v0000ucvpy660gnw1
demopai00468,2025-05-21 10:00:00,1095.800,CARTE,,,2025-05-21 10:00:00,demofac00365,cmuerhq5v0000ucvpy660gnw1
demopai00469,2025-05-30 10:00:00,2541.813,VIREMENT,VIR-310087,,2025-05-30 10:00:00,demofac00366,cmuerhq5v0000ucvpy660gnw1
demopai00470,2025-06-11 10:00:00,2491.085,VIREMENT,VIR-478862,,2025-06-11 10:00:00,demofac00366,cmuerhq5v0000ucvpy660gnw1
demopai00471,2025-06-22 10:00:00,2572.202,VIREMENT,VIR-914791,,2025-06-22 10:00:00,demofac00366,cmuerhq5v0000ucvpy660gnw1
demopai00472,2025-05-27 10:00:00,1718.756,VIREMENT,VIR-124225,,2025-05-27 10:00:00,demofac00367,cmuerhq5v0000ucvpy660gnw1
demopai00473,2025-06-03 10:00:00,2137.361,VIREMENT,VIR-776310,,2025-06-03 10:00:00,demofac00367,cmuerhq5v0000ucvpy660gnw1
demopai00474,2025-06-10 10:00:00,1499.883,VIREMENT,VIR-177556,,2025-06-10 10:00:00,demofac00367,cmuerhq5v0000ucvpy660gnw1
demopai00475,2025-11-20 10:00:00,843.520,CHEQUE,CHQ-7006619,,2025-11-20 10:00:00,demofac00368,cmuerhq5v0000ucvpy660gnw1
demopai00476,2025-06-19 10:00:00,430.590,CHEQUE,CHQ-4624552,,2025-06-19 10:00:00,demofac00369,cmuerhq5v0000ucvpy660gnw1
demopai00477,2025-06-24 10:00:00,10199.300,CHEQUE,CHQ-3333455,,2025-06-24 10:00:00,demofac00370,cmuerhq5v0000ucvpy660gnw1
demopai00478,2025-06-01 10:00:00,2869.152,VIREMENT,VIR-525631,,2025-06-01 10:00:00,demofac00371,cmuerhq5v0000ucvpy660gnw1
demopai00479,2025-06-09 10:00:00,2227.511,VIREMENT,VIR-752763,,2025-06-09 10:00:00,demofac00371,cmuerhq5v0000ucvpy660gnw1
demopai00480,2025-06-17 10:00:00,2534.087,VIREMENT,VIR-891150,,2025-06-17 10:00:00,demofac00371,cmuerhq5v0000ucvpy660gnw1
demopai00481,2025-07-14 10:00:00,3115.825,VIREMENT,VIR-834995,,2025-07-14 10:00:00,demofac00372,cmuerhq5v0000ucvpy660gnw1
demopai00482,2025-06-04 10:00:00,7180.843,ESPECES,,,2025-06-04 10:00:00,demofac00373,cmuerhq5v0000ucvpy660gnw1
demopai00483,2025-06-15 10:00:00,9131.523,ESPECES,,,2025-06-15 10:00:00,demofac00373,cmuerhq5v0000ucvpy660gnw1
demopai00484,2025-06-26 10:00:00,7250.634,ESPECES,,,2025-06-26 10:00:00,demofac00373,cmuerhq5v0000ucvpy660gnw1
demopai00485,2025-05-31 10:00:00,4245.166,VIREMENT,VIR-609468,,2025-05-31 10:00:00,demofac00374,cmuerhq5v0000ucvpy660gnw1
demopai00486,2025-06-06 10:00:00,2913.684,VIREMENT,VIR-526856,,2025-06-06 10:00:00,demofac00374,cmuerhq5v0000ucvpy660gnw1
demopai00487,2025-07-08 10:00:00,5683.250,ESPECES,,,2025-07-08 10:00:00,demofac00375,cmuerhq5v0000ucvpy660gnw1
demopai00488,2025-06-19 10:00:00,3142.600,VIREMENT,VIR-893044,,2025-06-19 10:00:00,demofac00376,cmuerhq5v0000ucvpy660gnw1
demopai00489,2025-07-23 10:00:00,738.800,ESPECES,,,2025-07-23 10:00:00,demofac00377,cmuerhq5v0000ucvpy660gnw1
demopai00490,2025-06-16 10:00:00,2264.464,CHEQUE,CHQ-5191608,,2025-06-16 10:00:00,demofac00378,cmuerhq5v0000ucvpy660gnw1
demopai00491,2025-07-08 10:00:00,2231.786,CHEQUE,CHQ-6237024,,2025-07-08 10:00:00,demofac00378,cmuerhq5v0000ucvpy660gnw1
demopai00492,2025-07-29 10:00:00,2089.615,CHEQUE,CHQ-9344487,,2025-07-29 10:00:00,demofac00378,cmuerhq5v0000ucvpy660gnw1
demopai00493,2025-06-25 10:00:00,3809.000,CHEQUE,CHQ-5785512,,2025-06-25 10:00:00,demofac00379,cmuerhq5v0000ucvpy660gnw1
demopai00494,2025-06-17 10:00:00,14489.250,VIREMENT,VIR-659779,,2025-06-17 10:00:00,demofac00380,cmuerhq5v0000ucvpy660gnw1
demopai00495,2025-07-06 10:00:00,10538.800,VIREMENT,VIR-616267,,2025-07-06 10:00:00,demofac00381,cmuerhq5v0000ucvpy660gnw1
demopai00496,2025-06-22 10:00:00,7705.769,AUTRE,,,2025-06-22 10:00:00,demofac00382,cmuerhq5v0000ucvpy660gnw1
demopai00497,2025-07-17 10:00:00,6616.224,AUTRE,,,2025-07-17 10:00:00,demofac00382,cmuerhq5v0000ucvpy660gnw1
demopai00498,2025-08-11 10:00:00,8063.981,AUTRE,,,2025-08-11 10:00:00,demofac00382,cmuerhq5v0000ucvpy660gnw1
demopai00499,2025-07-24 10:00:00,8401.400,CHEQUE,CHQ-3409525,,2025-07-24 10:00:00,demofac00383,cmuerhq5v0000ucvpy660gnw1
demopai00500,2025-07-01 10:00:00,12603.100,CHEQUE,CHQ-6194701,,2025-07-01 10:00:00,demofac00384,cmuerhq5v0000ucvpy660gnw1
demopai00501,2025-07-10 10:00:00,6903.000,VIREMENT,VIR-526710,,2025-07-10 10:00:00,demofac00385,cmuerhq5v0000ucvpy660gnw1
demopai00502,2025-06-19 10:00:00,37383.100,CHEQUE,CHQ-7534013,,2025-06-19 10:00:00,demofac00386,cmuerhq5v0000ucvpy660gnw1
demopai00503,2025-10-26 10:00:00,4392.100,VIREMENT,VIR-934823,,2025-10-26 10:00:00,demofac00387,cmuerhq5v0000ucvpy660gnw1
demopai00504,2025-06-26 10:00:00,2829.420,VIREMENT,VIR-397709,,2025-06-26 10:00:00,demofac00388,cmuerhq5v0000ucvpy660gnw1
demopai00505,2025-10-10 10:00:00,6125.293,VIREMENT,VIR-945766,,2025-10-10 10:00:00,demofac00389,cmuerhq5v0000ucvpy660gnw1
demopai00506,2025-06-23 10:00:00,3242.904,AUTRE,,,2025-06-23 10:00:00,demofac00390,cmuerhq5v0000ucvpy660gnw1
demopai00507,2025-07-13 10:00:00,3898.096,AUTRE,,,2025-07-13 10:00:00,demofac00390,cmuerhq5v0000ucvpy660gnw1
demopai00508,2025-07-08 10:00:00,2772.986,CHEQUE,CHQ-3992145,,2025-07-08 10:00:00,demofac00391,cmuerhq5v0000ucvpy660gnw1
demopai00509,2025-08-12 10:00:00,2577.064,CHEQUE,CHQ-4210436,,2025-08-12 10:00:00,demofac00391,cmuerhq5v0000ucvpy660gnw1
demopai00510,2025-07-16 10:00:00,8088.850,CHEQUE,CHQ-5556551,,2025-07-16 10:00:00,demofac00392,cmuerhq5v0000ucvpy660gnw1
demopai00511,2025-06-14 10:00:00,4759.572,VIREMENT,VIR-621586,,2025-06-14 10:00:00,demofac00393,cmuerhq5v0000ucvpy660gnw1
demopai00512,2025-07-13 10:00:00,4035.100,CHEQUE,CHQ-4171659,,2025-07-13 10:00:00,demofac00394,cmuerhq5v0000ucvpy660gnw1
demopai00513,2025-06-08 10:00:00,5165.600,VIREMENT,VIR-379826,,2025-06-08 10:00:00,demofac00395,cmuerhq5v0000ucvpy660gnw1
demopai00514,2025-07-10 10:00:00,679.300,CHEQUE,CHQ-5199532,,2025-07-10 10:00:00,demofac00396,cmuerhq5v0000ucvpy660gnw1
demopai00515,2025-07-25 10:00:00,11539.750,VIREMENT,VIR-235162,,2025-07-25 10:00:00,demofac00398,cmuerhq5v0000ucvpy660gnw1
demopai00516,2025-06-09 10:00:00,12472.200,CARTE,,,2025-06-09 10:00:00,demofac00399,cmuerhq5v0000ucvpy660gnw1
demopai00517,2025-08-03 10:00:00,2729.500,CHEQUE,CHQ-8008545,,2025-08-03 10:00:00,demofac00400,cmuerhq5v0000ucvpy660gnw1
demopai00518,2025-07-27 10:00:00,8783.200,ESPECES,,,2025-07-27 10:00:00,demofac00401,cmuerhq5v0000ucvpy660gnw1
demopai00519,2025-06-29 10:00:00,1476.600,VIREMENT,VIR-414165,,2025-06-29 10:00:00,demofac00402,cmuerhq5v0000ucvpy660gnw1
demopai00520,2025-07-17 10:00:00,2015.194,CHEQUE,CHQ-4910909,,2025-07-17 10:00:00,demofac00403,cmuerhq5v0000ucvpy660gnw1
demopai00521,2025-11-03 10:00:00,9045.000,VIREMENT,VIR-244839,,2025-11-03 10:00:00,demofac00404,cmuerhq5v0000ucvpy660gnw1
demopai00522,2025-07-29 10:00:00,5857.900,VIREMENT,VIR-426224,,2025-07-29 10:00:00,demofac00405,cmuerhq5v0000ucvpy660gnw1
demopai00523,2025-08-21 10:00:00,28036.780,VIREMENT,VIR-137731,,2025-08-21 10:00:00,demofac00406,cmuerhq5v0000ucvpy660gnw1
demopai00524,2025-07-23 10:00:00,8937.900,VIREMENT,VIR-140518,,2025-07-23 10:00:00,demofac00407,cmuerhq5v0000ucvpy660gnw1
demopai00525,2025-08-03 10:00:00,5356.000,VIREMENT,VIR-789923,,2025-08-03 10:00:00,demofac00408,cmuerhq5v0000ucvpy660gnw1
demopai00526,2025-07-20 10:00:00,4516.143,VIREMENT,VIR-831893,,2025-07-20 10:00:00,demofac00409,cmuerhq5v0000ucvpy660gnw1
demopai00527,2025-06-27 10:00:00,1521.492,CHEQUE,CHQ-3457755,,2025-06-27 10:00:00,demofac00410,cmuerhq5v0000ucvpy660gnw1
demopai00528,2025-07-13 10:00:00,1424.758,CHEQUE,CHQ-6895564,,2025-07-13 10:00:00,demofac00410,cmuerhq5v0000ucvpy660gnw1
demopai00529,2025-09-04 10:00:00,6341.915,CHEQUE,CHQ-8883354,,2025-09-04 10:00:00,demofac00411,cmuerhq5v0000ucvpy660gnw1
demopai00530,2025-07-06 10:00:00,17340.066,VIREMENT,VIR-737643,,2025-07-06 10:00:00,demofac00412,cmuerhq5v0000ucvpy660gnw1
demopai00531,2025-07-29 10:00:00,14902.094,VIREMENT,VIR-681230,,2025-07-29 10:00:00,demofac00412,cmuerhq5v0000ucvpy660gnw1
demopai00532,2025-07-11 10:00:00,1983.540,VIREMENT,VIR-905951,,2025-07-11 10:00:00,demofac00413,cmuerhq5v0000ucvpy660gnw1
demopai00533,2025-06-21 10:00:00,782.880,VIREMENT,VIR-929757,,2025-06-21 10:00:00,demofac00414,cmuerhq5v0000ucvpy660gnw1
demopai00534,2025-06-27 10:00:00,706.042,VIREMENT,VIR-239272,,2025-06-27 10:00:00,demofac00414,cmuerhq5v0000ucvpy660gnw1
demopai00535,2025-07-03 10:00:00,481.766,VIREMENT,VIR-470077,,2025-07-03 10:00:00,demofac00414,cmuerhq5v0000ucvpy660gnw1
demopai00536,2025-07-14 10:00:00,2185.555,CHEQUE,CHQ-3900227,,2025-07-14 10:00:00,demofac00415,cmuerhq5v0000ucvpy660gnw1
demopai00537,2025-08-13 10:00:00,1782.762,CHEQUE,CHQ-8336033,,2025-08-13 10:00:00,demofac00415,cmuerhq5v0000ucvpy660gnw1
demopai00538,2025-09-11 10:00:00,2101.683,CHEQUE,CHQ-4883857,,2025-09-11 10:00:00,demofac00415,cmuerhq5v0000ucvpy660gnw1
demopai00539,2025-08-08 10:00:00,7705.000,VIREMENT,VIR-880851,,2025-08-08 10:00:00,demofac00416,cmuerhq5v0000ucvpy660gnw1
demopai00540,2025-07-02 10:00:00,1000.600,ESPECES,,,2025-07-02 10:00:00,demofac00417,cmuerhq5v0000ucvpy660gnw1
demopai00541,2025-07-14 10:00:00,15827.000,VIREMENT,VIR-873669,,2025-07-14 10:00:00,demofac00418,cmuerhq5v0000ucvpy660gnw1
demopai00542,2025-08-10 10:00:00,1006.900,CHEQUE,CHQ-8351717,,2025-08-10 10:00:00,demofac00419,cmuerhq5v0000ucvpy660gnw1
demopai00543,2025-07-06 10:00:00,1076.400,VIREMENT,VIR-777018,,2025-07-06 10:00:00,demofac00420,cmuerhq5v0000ucvpy660gnw1
demopai00544,2025-08-22 10:00:00,19825.680,CHEQUE,CHQ-2236691,,2025-08-22 10:00:00,demofac00421,cmuerhq5v0000ucvpy660gnw1
demopai00545,2025-08-19 10:00:00,8375.600,VIREMENT,VIR-750357,,2025-08-19 10:00:00,demofac00422,cmuerhq5v0000ucvpy660gnw1
demopai00546,2025-06-25 10:00:00,8212.000,ESPECES,,,2025-06-25 10:00:00,demofac00424,cmuerhq5v0000ucvpy660gnw1
demopai00547,2025-07-27 10:00:00,48178.150,VIREMENT,VIR-299413,,2025-07-27 10:00:00,demofac00425,cmuerhq5v0000ucvpy660gnw1
demopai00548,2025-07-16 10:00:00,607.900,VIREMENT,VIR-147285,,2025-07-16 10:00:00,demofac00426,cmuerhq5v0000ucvpy660gnw1
demopai00549,2025-08-17 10:00:00,4656.893,CHEQUE,CHQ-3700018,,2025-08-17 10:00:00,demofac00427,cmuerhq5v0000ucvpy660gnw1
demopai00550,2025-10-11 10:00:00,4646.267,CHEQUE,CHQ-9291467,,2025-10-11 10:00:00,demofac00427,cmuerhq5v0000ucvpy660gnw1
demopai00551,2025-06-24 10:00:00,526.980,ESPECES,,,2025-06-24 10:00:00,demofac00428,cmuerhq5v0000ucvpy660gnw1
demopai00552,2025-08-14 10:00:00,1286.200,VIREMENT,VIR-254277,,2025-08-14 10:00:00,demofac00429,cmuerhq5v0000ucvpy660gnw1
demopai00553,2025-06-26 10:00:00,2426.934,VIREMENT,VIR-211642,,2025-06-26 10:00:00,demofac00430,cmuerhq5v0000ucvpy660gnw1
demopai00554,2025-06-27 10:00:00,3031.335,ESPECES,,,2025-06-27 10:00:00,demofac00431,cmuerhq5v0000ucvpy660gnw1
demopai00555,2025-08-11 10:00:00,2677.500,VIREMENT,VIR-379389,,2025-08-11 10:00:00,demofac00432,cmuerhq5v0000ucvpy660gnw1
demopai00556,2025-07-28 10:00:00,2408.396,VIREMENT,VIR-795532,,2025-07-28 10:00:00,demofac00433,cmuerhq5v0000ucvpy660gnw1
demopai00557,2025-08-26 10:00:00,2240.744,VIREMENT,VIR-429083,,2025-08-26 10:00:00,demofac00433,cmuerhq5v0000ucvpy660gnw1
demopai00558,2025-08-26 10:00:00,26706.385,CHEQUE,CHQ-4752560,,2025-08-26 10:00:00,demofac00434,cmuerhq5v0000ucvpy660gnw1
demopai00559,2025-07-17 10:00:00,4544.128,CHEQUE,CHQ-5848125,,2025-07-17 10:00:00,demofac00435,cmuerhq5v0000ucvpy660gnw1
demopai00560,2025-08-03 10:00:00,6497.172,CHEQUE,CHQ-4244050,,2025-08-03 10:00:00,demofac00435,cmuerhq5v0000ucvpy660gnw1
demopai00561,2025-08-09 10:00:00,6117.600,VIREMENT,VIR-785037,,2025-08-09 10:00:00,demofac00436,cmuerhq5v0000ucvpy660gnw1
demopai00562,2025-09-03 10:00:00,30331.500,CHEQUE,CHQ-8307641,,2025-09-03 10:00:00,demofac00437,cmuerhq5v0000ucvpy660gnw1
demopai00563,2025-07-04 10:00:00,4189.800,CARTE,,,2025-07-04 10:00:00,demofac00438,cmuerhq5v0000ucvpy660gnw1
demopai00564,2025-08-20 10:00:00,13567.000,VIREMENT,VIR-181682,,2025-08-20 10:00:00,demofac00439,cmuerhq5v0000ucvpy660gnw1
demopai00565,2025-07-09 10:00:00,1984.996,ESPECES,,,2025-07-09 10:00:00,demofac00440,cmuerhq5v0000ucvpy660gnw1
demopai00566,2025-07-15 10:00:00,1850.827,ESPECES,,,2025-07-15 10:00:00,demofac00440,cmuerhq5v0000ucvpy660gnw1
demopai00567,2025-07-21 10:00:00,1698.677,ESPECES,,,2025-07-21 10:00:00,demofac00440,cmuerhq5v0000ucvpy660gnw1
demopai00568,2025-07-12 10:00:00,5567.901,VIREMENT,VIR-705738,,2025-07-12 10:00:00,demofac00441,cmuerhq5v0000ucvpy660gnw1
demopai00569,2025-07-22 10:00:00,4702.458,VIREMENT,VIR-877584,,2025-07-22 10:00:00,demofac00441,cmuerhq5v0000ucvpy660gnw1
demopai00570,2025-07-31 10:00:00,4399.057,VIREMENT,VIR-406271,,2025-07-31 10:00:00,demofac00441,cmuerhq5v0000ucvpy660gnw1
demopai00571,2025-08-03 10:00:00,1628.920,VIREMENT,VIR-828085,,2025-08-03 10:00:00,demofac00442,cmuerhq5v0000ucvpy660gnw1
demopai00572,2025-08-31 10:00:00,2414.320,VIREMENT,VIR-512050,,2025-08-31 10:00:00,demofac00443,cmuerhq5v0000ucvpy660gnw1
demopai00573,2025-07-07 10:00:00,4398.050,ESPECES,,,2025-07-07 10:00:00,demofac00445,cmuerhq5v0000ucvpy660gnw1
demopai00574,2025-09-25 10:00:00,4285.000,VIREMENT,VIR-304899,,2025-09-25 10:00:00,demofac00446,cmuerhq5v0000ucvpy660gnw1
demopai00575,2025-08-03 10:00:00,857.800,VIREMENT,VIR-855386,,2025-08-03 10:00:00,demofac00447,cmuerhq5v0000ucvpy660gnw1
demopai00576,2025-07-11 10:00:00,1405.200,ESPECES,,,2025-07-11 10:00:00,demofac00448,cmuerhq5v0000ucvpy660gnw1
demopai00577,2025-07-21 10:00:00,1837.242,VIREMENT,VIR-744868,,2025-07-21 10:00:00,demofac00449,cmuerhq5v0000ucvpy660gnw1
demopai00578,2025-08-03 10:00:00,1906.585,VIREMENT,VIR-271763,,2025-08-03 10:00:00,demofac00449,cmuerhq5v0000ucvpy660gnw1
demopai00579,2025-08-15 10:00:00,1445.573,VIREMENT,VIR-604065,,2025-08-15 10:00:00,demofac00449,cmuerhq5v0000ucvpy660gnw1
demopai00580,2025-09-07 10:00:00,3547.200,CHEQUE,CHQ-9724153,,2025-09-07 10:00:00,demofac00450,cmuerhq5v0000ucvpy660gnw1
demopai00581,2025-07-11 10:00:00,487.550,CHEQUE,CHQ-8856785,,2025-07-11 10:00:00,demofac00451,cmuerhq5v0000ucvpy660gnw1
demopai00582,2025-07-12 10:00:00,715.835,CHEQUE,CHQ-7401507,,2025-07-12 10:00:00,demofac00451,cmuerhq5v0000ucvpy660gnw1
demopai00583,2025-07-14 10:00:00,535.015,CHEQUE,CHQ-6190646,,2025-07-14 10:00:00,demofac00451,cmuerhq5v0000ucvpy660gnw1
demopai00584,2025-07-16 10:00:00,8527.399,VIREMENT,VIR-204778,,2025-07-16 10:00:00,demofac00452,cmuerhq5v0000ucvpy660gnw1
demopai00585,2025-07-22 10:00:00,6895.733,VIREMENT,VIR-270208,,2025-07-22 10:00:00,demofac00452,cmuerhq5v0000ucvpy660gnw1
demopai00586,2025-07-28 10:00:00,6803.498,VIREMENT,VIR-623766,,2025-07-28 10:00:00,demofac00452,cmuerhq5v0000ucvpy660gnw1
demopai00587,2025-08-09 10:00:00,2628.520,VIREMENT,VIR-292343,,2025-08-09 10:00:00,demofac00453,cmuerhq5v0000ucvpy660gnw1
demopai00588,2025-08-22 10:00:00,7379.000,VIREMENT,VIR-289472,,2025-08-22 10:00:00,demofac00454,cmuerhq5v0000ucvpy660gnw1
demopai00589,2025-08-02 10:00:00,2858.603,CHEQUE,CHQ-2675011,,2025-08-02 10:00:00,demofac00455,cmuerhq5v0000ucvpy660gnw1
demopai00590,2025-08-22 10:00:00,4121.509,CHEQUE,CHQ-5909144,,2025-08-22 10:00:00,demofac00455,cmuerhq5v0000ucvpy660gnw1
demopai00591,2025-09-11 10:00:00,2749.733,CHEQUE,CHQ-9835213,,2025-09-11 10:00:00,demofac00455,cmuerhq5v0000ucvpy660gnw1
demopai00592,2025-09-01 10:00:00,5246.520,VIREMENT,VIR-883948,,2025-09-01 10:00:00,demofac00456,cmuerhq5v0000ucvpy660gnw1
demopai00593,2025-08-12 10:00:00,2928.400,VIREMENT,VIR-376639,,2025-08-12 10:00:00,demofac00457,cmuerhq5v0000ucvpy660gnw1
demopai00594,2025-08-06 10:00:00,108.100,VIREMENT,VIR-253985,,2025-08-06 10:00:00,demofac00458,cmuerhq5v0000ucvpy660gnw1
demopai00595,2025-09-14 10:00:00,46060.350,CHEQUE,CHQ-3973353,,2025-09-14 10:00:00,demofac00459,cmuerhq5v0000ucvpy660gnw1
demopai00596,2025-08-09 10:00:00,7771.105,VIREMENT,VIR-345599,,2025-08-09 10:00:00,demofac00460,cmuerhq5v0000ucvpy660gnw1
demopai00597,2025-09-11 10:00:00,9818.500,VIREMENT,VIR-319188,,2025-09-11 10:00:00,demofac00461,cmuerhq5v0000ucvpy660gnw1
demopai00598,2025-09-04 10:00:00,7705.000,VIREMENT,VIR-585520,,2025-09-04 10:00:00,demofac00462,cmuerhq5v0000ucvpy660gnw1
demopai00599,2025-09-20 10:00:00,13388.500,VIREMENT,VIR-626498,,2025-09-20 10:00:00,demofac00463,cmuerhq5v0000ucvpy660gnw1
demopai00600,2025-07-27 10:00:00,2297.700,CHEQUE,CHQ-4197960,,2025-07-27 10:00:00,demofac00464,cmuerhq5v0000ucvpy660gnw1
demopai00601,2025-07-19 10:00:00,358.000,ESPECES,,,2025-07-19 10:00:00,demofac00465,cmuerhq5v0000ucvpy660gnw1
demopai00602,2025-08-10 10:00:00,7644.251,VIREMENT,VIR-140558,,2025-08-10 10:00:00,demofac00466,cmuerhq5v0000ucvpy660gnw1
demopai00603,2025-09-02 10:00:00,6128.486,VIREMENT,VIR-465214,,2025-09-02 10:00:00,demofac00466,cmuerhq5v0000ucvpy660gnw1
demopai00604,2025-09-26 10:00:00,5770.443,VIREMENT,VIR-669290,,2025-09-26 10:00:00,demofac00466,cmuerhq5v0000ucvpy660gnw1
demopai00605,2025-08-13 10:00:00,3856.600,CHEQUE,CHQ-5684822,,2025-08-13 10:00:00,demofac00467,cmuerhq5v0000ucvpy660gnw1
demopai00606,2025-08-23 10:00:00,4064.850,VIREMENT,VIR-295611,,2025-08-23 10:00:00,demofac00468,cmuerhq5v0000ucvpy660gnw1
demopai00607,2025-09-07 10:00:00,1743.755,VIREMENT,VIR-893027,,2025-09-07 10:00:00,demofac00469,cmuerhq5v0000ucvpy660gnw1
demopai00608,2025-08-15 10:00:00,6254.698,VIREMENT,VIR-823291,,2025-08-15 10:00:00,demofac00470,cmuerhq5v0000ucvpy660gnw1
demopai00609,2025-09-10 10:00:00,4931.302,VIREMENT,VIR-150234,,2025-09-10 10:00:00,demofac00470,cmuerhq5v0000ucvpy660gnw1
demopai00610,2025-08-12 10:00:00,4357.352,VIREMENT,VIR-756244,,2025-08-12 10:00:00,demofac00471,cmuerhq5v0000ucvpy660gnw1
demopai00611,2025-08-04 10:00:00,10834.871,VIREMENT,VIR-150428,,2025-08-04 10:00:00,demofac00472,cmuerhq5v0000ucvpy660gnw1
demopai00612,2025-08-19 10:00:00,11788.578,VIREMENT,VIR-552687,,2025-08-19 10:00:00,demofac00472,cmuerhq5v0000ucvpy660gnw1
demopai00613,2025-09-02 10:00:00,13154.901,VIREMENT,VIR-213253,,2025-09-02 10:00:00,demofac00472,cmuerhq5v0000ucvpy660gnw1
demopai00614,2025-07-23 10:00:00,432.496,CARTE,,,2025-07-23 10:00:00,demofac00473,cmuerhq5v0000ucvpy660gnw1
demopai00615,2025-07-25 10:00:00,441.492,CARTE,,,2025-07-25 10:00:00,demofac00473,cmuerhq5v0000ucvpy660gnw1
demopai00616,2025-07-27 10:00:00,400.312,CARTE,,,2025-07-27 10:00:00,demofac00473,cmuerhq5v0000ucvpy660gnw1
demopai00617,2025-08-12 10:00:00,2668.980,CHEQUE,CHQ-5273240,,2025-08-12 10:00:00,demofac00474,cmuerhq5v0000ucvpy660gnw1
demopai00618,2025-09-10 10:00:00,1928.800,CHEQUE,CHQ-7250225,,2025-09-10 10:00:00,demofac00475,cmuerhq5v0000ucvpy660gnw1
demopai00619,2025-08-21 10:00:00,1019.045,VIREMENT,VIR-498543,,2025-08-21 10:00:00,demofac00476,cmuerhq5v0000ucvpy660gnw1
demopai00620,2025-07-26 10:00:00,1004.646,CARTE,,,2025-07-26 10:00:00,demofac00477,cmuerhq5v0000ucvpy660gnw1
demopai00621,2025-08-10 10:00:00,494.161,CHEQUE,CHQ-6606661,,2025-08-10 10:00:00,demofac00478,cmuerhq5v0000ucvpy660gnw1
demopai00622,2025-08-27 10:00:00,423.248,CHEQUE,CHQ-2798259,,2025-08-27 10:00:00,demofac00478,cmuerhq5v0000ucvpy660gnw1
demopai00623,2025-09-13 10:00:00,517.135,CHEQUE,CHQ-5446718,,2025-09-13 10:00:00,demofac00478,cmuerhq5v0000ucvpy660gnw1
demopai00624,2025-08-19 10:00:00,17826.880,VIREMENT,VIR-192229,,2025-08-19 10:00:00,demofac00479,cmuerhq5v0000ucvpy660gnw1
demopai00625,2025-09-08 10:00:00,5302.450,VIREMENT,VIR-463556,,2025-09-08 10:00:00,demofac00480,cmuerhq5v0000ucvpy660gnw1
demopai00626,2025-08-12 10:00:00,22952.365,CHEQUE,CHQ-5501083,,2025-08-12 10:00:00,demofac00481,cmuerhq5v0000ucvpy660gnw1
demopai00627,2025-08-28 10:00:00,20092.353,CHEQUE,CHQ-1813625,,2025-08-28 10:00:00,demofac00481,cmuerhq5v0000ucvpy660gnw1
demopai00628,2025-09-13 10:00:00,24744.982,CHEQUE,CHQ-9324002,,2025-09-13 10:00:00,demofac00481,cmuerhq5v0000ucvpy660gnw1
demopai00629,2025-10-19 10:00:00,14600.600,CHEQUE,CHQ-7815491,,2025-10-19 10:00:00,demofac00482,cmuerhq5v0000ucvpy660gnw1
demopai00630,2025-07-31 10:00:00,12748.280,ESPECES,,,2025-07-31 10:00:00,demofac00483,cmuerhq5v0000ucvpy660gnw1
demopai00631,2025-08-20 10:00:00,4285.000,CHEQUE,CHQ-9782417,,2025-08-20 10:00:00,demofac00484,cmuerhq5v0000ucvpy660gnw1
demopai00632,2025-09-09 10:00:00,1286.200,CARTE,,,2025-09-09 10:00:00,demofac00485,cmuerhq5v0000ucvpy660gnw1
demopai00633,2025-08-01 10:00:00,1237.053,CHEQUE,CHQ-3459015,,2025-08-01 10:00:00,demofac00487,cmuerhq5v0000ucvpy660gnw1
demopai00634,2025-08-22 10:00:00,3214.000,VIREMENT,VIR-637200,,2025-08-22 10:00:00,demofac00488,cmuerhq5v0000ucvpy660gnw1
demopai00635,2025-09-22 10:00:00,4005.350,CHEQUE,CHQ-5152904,,2025-09-22 10:00:00,demofac00489,cmuerhq5v0000ucvpy660gnw1
demopai00636,2025-08-19 10:00:00,3804.108,CHEQUE,CHQ-9531402,,2025-08-19 10:00:00,demofac00490,cmuerhq5v0000ucvpy660gnw1
demopai00637,2025-09-05 10:00:00,3741.492,CHEQUE,CHQ-8442685,,2025-09-05 10:00:00,demofac00490,cmuerhq5v0000ucvpy660gnw1
demopai00638,2025-12-09 10:00:00,1500.400,VIREMENT,VIR-637229,,2025-12-09 10:00:00,demofac00491,cmuerhq5v0000ucvpy660gnw1
demopai00639,2025-09-29 10:00:00,7470.670,VIREMENT,VIR-561892,,2025-09-29 10:00:00,demofac00492,cmuerhq5v0000ucvpy660gnw1
demopai00640,2025-08-14 10:00:00,4718.636,VIREMENT,VIR-802469,,2025-08-14 10:00:00,demofac00493,cmuerhq5v0000ucvpy660gnw1
demopai00641,2025-08-09 10:00:00,2464.300,ESPECES,,,2025-08-09 10:00:00,demofac00494,cmuerhq5v0000ucvpy660gnw1
demopai00642,2025-09-12 10:00:00,453.200,CHEQUE,CHQ-3793478,,2025-09-12 10:00:00,demofac00495,cmuerhq5v0000ucvpy660gnw1
demopai00643,2025-08-29 10:00:00,33152.440,VIREMENT,VIR-148887,,2025-08-29 10:00:00,demofac00496,cmuerhq5v0000ucvpy660gnw1
demopai00644,2025-10-14 10:00:00,1500.400,VIREMENT,VIR-771735,,2025-10-14 10:00:00,demofac00497,cmuerhq5v0000ucvpy660gnw1
demopai00645,2025-09-30 10:00:00,3208.288,VIREMENT,VIR-738315,,2025-09-30 10:00:00,demofac00498,cmuerhq5v0000ucvpy660gnw1
demopai00646,2025-10-01 10:00:00,58311.000,VIREMENT,VIR-920663,,2025-10-01 10:00:00,demofac00499,cmuerhq5v0000ucvpy660gnw1
demopai00647,2025-10-26 10:00:00,46783.000,VIREMENT,VIR-351338,,2025-10-26 10:00:00,demofac00500,cmuerhq5v0000ucvpy660gnw1
demopai00648,2025-08-28 10:00:00,3809.000,ESPECES,,,2025-08-28 10:00:00,demofac00501,cmuerhq5v0000ucvpy660gnw1
demopai00649,2025-10-13 10:00:00,7081.500,VIREMENT,VIR-858386,,2025-10-13 10:00:00,demofac00502,cmuerhq5v0000ucvpy660gnw1
demopai00650,2025-10-01 10:00:00,2143.000,VIREMENT,VIR-988958,,2025-10-01 10:00:00,demofac00503,cmuerhq5v0000ucvpy660gnw1
demopai00651,2025-10-02 10:00:00,10853.800,VIREMENT,VIR-312945,,2025-10-02 10:00:00,demofac00504,cmuerhq5v0000ucvpy660gnw1
demopai00652,2025-10-01 10:00:00,643.600,VIREMENT,VIR-389930,,2025-10-01 10:00:00,demofac00505,cmuerhq5v0000ucvpy660gnw1
demopai00653,2025-08-27 10:00:00,3864.622,CHEQUE,CHQ-1767317,,2025-08-27 10:00:00,demofac00506,cmuerhq5v0000ucvpy660gnw1
demopai00654,2025-09-05 10:00:00,3319.045,CHEQUE,CHQ-9744294,,2025-09-05 10:00:00,demofac00506,cmuerhq5v0000ucvpy660gnw1
demopai00655,2025-09-15 10:00:00,4723.283,CHEQUE,CHQ-4571323,,2025-09-15 10:00:00,demofac00506,cmuerhq5v0000ucvpy660gnw1
demopai00656,2025-09-04 10:00:00,19985.079,VIREMENT,VIR-864218,,2025-09-04 10:00:00,demofac00507,cmuerhq5v0000ucvpy660gnw1
demopai00657,2025-09-21 10:00:00,15582.641,VIREMENT,VIR-335294,,2025-09-21 10:00:00,demofac00507,cmuerhq5v0000ucvpy660gnw1
demopai00658,2025-09-14 10:00:00,4970.171,CHEQUE,CHQ-1622034,,2025-09-14 10:00:00,demofac00508,cmuerhq5v0000ucvpy660gnw1
demopai00659,2025-10-11 10:00:00,4509.585,CHEQUE,CHQ-5653462,,2025-10-11 10:00:00,demofac00508,cmuerhq5v0000ucvpy660gnw1
demopai00660,2025-11-06 10:00:00,6068.594,CHEQUE,CHQ-2477696,,2025-11-06 10:00:00,demofac00508,cmuerhq5v0000ucvpy660gnw1
demopai00661,2025-08-22 10:00:00,3331.334,VIREMENT,VIR-568581,,2025-08-22 10:00:00,demofac00509,cmuerhq5v0000ucvpy660gnw1
demopai00662,2025-08-25 10:00:00,5832.000,VIREMENT,VIR-983752,,2025-08-25 10:00:00,demofac00510,cmuerhq5v0000ucvpy660gnw1
demopai00663,2025-10-02 10:00:00,2906.266,AUTRE,,,2025-10-02 10:00:00,demofac00511,cmuerhq5v0000ucvpy660gnw1
demopai00664,2025-09-10 10:00:00,5269.060,VIREMENT,VIR-868001,,2025-09-10 10:00:00,demofac00512,cmuerhq5v0000ucvpy660gnw1
demopai00665,2025-10-05 10:00:00,2427.600,VIREMENT,VIR-539164,,2025-10-05 10:00:00,demofac00513,cmuerhq5v0000ucvpy660gnw1
demopai00666,2025-10-27 10:00:00,25612.354,CHEQUE,CHQ-9245661,,2025-10-27 10:00:00,demofac00514,cmuerhq5v0000ucvpy660gnw1
demopai00667,2025-10-21 10:00:00,17519.410,CHEQUE,CHQ-5380720,,2025-10-21 10:00:00,demofac00516,cmuerhq5v0000ucvpy660gnw1
demopai00668,2025-08-30 10:00:00,8390.500,ESPECES,,,2025-08-30 10:00:00,demofac00517,cmuerhq5v0000ucvpy660gnw1
demopai00669,2025-12-24 10:00:00,1296.910,CHEQUE,CHQ-4397672,,2025-12-24 10:00:00,demofac00518,cmuerhq5v0000ucvpy660gnw1
demopai00670,2025-10-17 10:00:00,8054.920,CHEQUE,CHQ-8503723,,2025-10-17 10:00:00,demofac00519,cmuerhq5v0000ucvpy660gnw1
demopai00671,2025-10-03 10:00:00,10104.100,CHEQUE,CHQ-2639745,,2025-10-03 10:00:00,demofac00520,cmuerhq5v0000ucvpy660gnw1
demopai00672,2025-09-17 10:00:00,6916.328,ESPECES,,,2025-09-17 10:00:00,demofac00521,cmuerhq5v0000ucvpy660gnw1
demopai00673,2025-10-31 10:00:00,2781.887,CHEQUE,CHQ-7562572,,2025-10-31 10:00:00,demofac00522,cmuerhq5v0000ucvpy660gnw1
demopai00674,2025-11-24 10:00:00,1635.584,CHEQUE,CHQ-8904175,,2025-11-24 10:00:00,demofac00523,cmuerhq5v0000ucvpy660gnw1
demopai00675,2025-09-05 10:00:00,2716.104,CHEQUE,CHQ-2768833,,2025-09-05 10:00:00,demofac00524,cmuerhq5v0000ucvpy660gnw1
demopai00676,2025-10-23 10:00:00,358.000,CARTE,,,2025-10-23 10:00:00,demofac00525,cmuerhq5v0000ucvpy660gnw1
demopai00677,2025-10-03 10:00:00,13894.250,AUTRE,,,2025-10-03 10:00:00,demofac00526,cmuerhq5v0000ucvpy660gnw1
demopai00678,2025-10-08 10:00:00,3452.000,CHEQUE,CHQ-4119964,,2025-10-08 10:00:00,demofac00527,cmuerhq5v0000ucvpy660gnw1
demopai00679,2025-11-06 10:00:00,30958.000,VIREMENT,VIR-751318,,2025-11-06 10:00:00,demofac00528,cmuerhq5v0000ucvpy660gnw1
demopai00680,2025-09-21 10:00:00,2319.682,VIREMENT,VIR-629353,,2025-09-21 10:00:00,demofac00529,cmuerhq5v0000ucvpy660gnw1
demopai00681,2025-10-09 10:00:00,2633.415,VIREMENT,VIR-856382,,2025-10-09 10:00:00,demofac00529,cmuerhq5v0000ucvpy660gnw1
demopai00682,2025-10-26 10:00:00,2018.447,VIREMENT,VIR-797101,,2025-10-26 10:00:00,demofac00529,cmuerhq5v0000ucvpy660gnw1
demopai00683,2025-10-06 10:00:00,54.550,VIREMENT,VIR-340033,,2025-10-06 10:00:00,demofac00530,cmuerhq5v0000ucvpy660gnw1
demopai00684,2025-09-14 10:00:00,2585.681,CHEQUE,CHQ-3343669,,2025-09-14 10:00:00,demofac00531,cmuerhq5v0000ucvpy660gnw1
demopai00685,2025-09-23 10:00:00,2023.582,CHEQUE,CHQ-3298233,,2025-09-23 10:00:00,demofac00531,cmuerhq5v0000ucvpy660gnw1
demopai00686,2025-10-02 10:00:00,2712.617,CHEQUE,CHQ-6693317,,2025-10-02 10:00:00,demofac00531,cmuerhq5v0000ucvpy660gnw1
demopai00687,2025-10-15 10:00:00,15710.785,VIREMENT,VIR-667793,,2025-10-15 10:00:00,demofac00532,cmuerhq5v0000ucvpy660gnw1
demopai00688,2025-10-12 10:00:00,2797.976,CHEQUE,CHQ-4349250,,2025-10-12 10:00:00,demofac00533,cmuerhq5v0000ucvpy660gnw1
demopai00689,2025-09-18 10:00:00,3710.646,VIREMENT,VIR-804295,,2025-09-18 10:00:00,demofac00534,cmuerhq5v0000ucvpy660gnw1
demopai00690,2025-09-25 10:00:00,3405.117,VIREMENT,VIR-551863,,2025-09-25 10:00:00,demofac00534,cmuerhq5v0000ucvpy660gnw1
demopai00691,2025-10-02 10:00:00,3279.887,VIREMENT,VIR-873663,,2025-10-02 10:00:00,demofac00534,cmuerhq5v0000ucvpy660gnw1
demopai00692,2025-11-09 10:00:00,8389.500,VIREMENT,VIR-265291,,2025-11-09 10:00:00,demofac00535,cmuerhq5v0000ucvpy660gnw1
demopai00693,2025-11-08 10:00:00,8093.000,VIREMENT,VIR-393105,,2025-11-08 10:00:00,demofac00536,cmuerhq5v0000ucvpy660gnw1
demopai00694,2025-12-07 10:00:00,10032.700,VIREMENT,VIR-224411,,2025-12-07 10:00:00,demofac00537,cmuerhq5v0000ucvpy660gnw1
demopai00695,2025-10-01 10:00:00,453.200,AUTRE,,,2025-10-01 10:00:00,demofac00538,cmuerhq5v0000ucvpy660gnw1
demopai00696,2025-11-28 10:00:00,42479.960,VIREMENT,VIR-366522,,2025-11-28 10:00:00,demofac00539,cmuerhq5v0000ucvpy660gnw1
demopai00697,2025-10-07 10:00:00,2034.168,ESPECES,,,2025-10-07 10:00:00,demofac00540,cmuerhq5v0000ucvpy660gnw1
demopai00698,2025-10-31 10:00:00,3233.837,ESPECES,,,2025-10-31 10:00:00,demofac00540,cmuerhq5v0000ucvpy660gnw1
demopai00699,2025-11-24 10:00:00,2347.995,ESPECES,,,2025-11-24 10:00:00,demofac00540,cmuerhq5v0000ucvpy660gnw1
demopai00700,2025-10-01 10:00:00,1755.447,VIREMENT,VIR-161373,,2025-10-01 10:00:00,demofac00541,cmuerhq5v0000ucvpy660gnw1
demopai00701,2025-10-19 10:00:00,1842.196,VIREMENT,VIR-598354,,2025-10-19 10:00:00,demofac00541,cmuerhq5v0000ucvpy660gnw1
demopai00702,2025-11-05 10:00:00,1666.965,VIREMENT,VIR-400816,,2025-11-05 10:00:00,demofac00541,cmuerhq5v0000ucvpy660gnw1
demopai00703,2026-01-14 10:00:00,6795.900,VIREMENT,VIR-911051,,2026-01-14 10:00:00,demofac00542,cmuerhq5v0000ucvpy660gnw1
demopai00704,2025-09-27 10:00:00,15830.040,CHEQUE,CHQ-7893289,,2025-09-27 10:00:00,demofac00543,cmuerhq5v0000ucvpy660gnw1
demopai00705,2025-10-12 10:00:00,8394.118,VIREMENT,VIR-574837,,2025-10-12 10:00:00,demofac00544,cmuerhq5v0000ucvpy660gnw1
demopai00706,2025-11-10 10:00:00,13754.750,VIREMENT,VIR-717917,,2025-11-10 10:00:00,demofac00545,cmuerhq5v0000ucvpy660gnw1
demopai00707,2025-11-05 10:00:00,5427.400,VIREMENT,VIR-766305,,2025-11-05 10:00:00,demofac00546,cmuerhq5v0000ucvpy660gnw1
demopai00708,2025-10-12 10:00:00,15655.688,CHEQUE,CHQ-4679483,,2025-10-12 10:00:00,demofac00547,cmuerhq5v0000ucvpy660gnw1
demopai00709,2025-10-29 10:00:00,1445.500,VIREMENT,VIR-506289,,2025-10-29 10:00:00,demofac00548,cmuerhq5v0000ucvpy660gnw1
demopai00710,2025-11-03 10:00:00,454.152,CHEQUE,CHQ-8290545,,2025-11-03 10:00:00,demofac00549,cmuerhq5v0000ucvpy660gnw1
demopai00711,2025-11-12 10:00:00,3804.580,CHEQUE,CHQ-7903947,,2025-11-12 10:00:00,demofac00550,cmuerhq5v0000ucvpy660gnw1
demopai00712,2025-10-09 10:00:00,7260.915,VIREMENT,VIR-538853,,2025-10-09 10:00:00,demofac00551,cmuerhq5v0000ucvpy660gnw1
demopai00713,2025-10-27 10:00:00,10851.409,VIREMENT,VIR-395320,,2025-10-27 10:00:00,demofac00551,cmuerhq5v0000ucvpy660gnw1
demopai00714,2025-10-21 10:00:00,11125.120,VIREMENT,VIR-746982,,2025-10-21 10:00:00,demofac00552,cmuerhq5v0000ucvpy660gnw1
demopai00715,2025-10-17 10:00:00,4285.000,VIREMENT,VIR-960456,,2025-10-17 10:00:00,demofac00553,cmuerhq5v0000ucvpy660gnw1
demopai00716,2025-09-28 10:00:00,2190.600,VIREMENT,VIR-962560,,2025-09-28 10:00:00,demofac00554,cmuerhq5v0000ucvpy660gnw1
demopai00717,2025-10-06 10:00:00,2923.267,VIREMENT,VIR-958277,,2025-10-06 10:00:00,demofac00555,cmuerhq5v0000ucvpy660gnw1
demopai00718,2025-10-21 10:00:00,3814.326,VIREMENT,VIR-544008,,2025-10-21 10:00:00,demofac00555,cmuerhq5v0000ucvpy660gnw1
demopai00719,2025-11-04 10:00:00,3973.407,VIREMENT,VIR-147232,,2025-11-04 10:00:00,demofac00555,cmuerhq5v0000ucvpy660gnw1
demopai00720,2025-12-16 10:00:00,3770.920,CHEQUE,CHQ-6610470,,2025-12-16 10:00:00,demofac00556,cmuerhq5v0000ucvpy660gnw1
demopai00721,2025-10-15 10:00:00,6199.029,CHEQUE,CHQ-3067877,,2025-10-15 10:00:00,demofac00557,cmuerhq5v0000ucvpy660gnw1
demopai00722,2025-11-05 10:00:00,5956.768,CHEQUE,CHQ-1839963,,2025-11-05 10:00:00,demofac00557,cmuerhq5v0000ucvpy660gnw1
demopai00723,2025-11-27 10:00:00,6659.103,CHEQUE,CHQ-6736401,,2025-11-27 10:00:00,demofac00557,cmuerhq5v0000ucvpy660gnw1
demopai00724,2025-10-09 10:00:00,4363.765,CHEQUE,CHQ-6135160,,2025-10-09 10:00:00,demofac00558,cmuerhq5v0000ucvpy660gnw1
demopai00725,2025-10-26 10:00:00,4342.559,CHEQUE,CHQ-5844986,,2025-10-26 10:00:00,demofac00558,cmuerhq5v0000ucvpy660gnw1
demopai00726,2025-11-11 10:00:00,5854.164,CHEQUE,CHQ-9736458,,2025-11-11 10:00:00,demofac00558,cmuerhq5v0000ucvpy660gnw1
demopai00727,2025-11-20 10:00:00,1204.750,CHEQUE,CHQ-5762548,,2025-11-20 10:00:00,demofac00559,cmuerhq5v0000ucvpy660gnw1
demopai00728,2025-11-07 10:00:00,11758.200,CARTE,,,2025-11-07 10:00:00,demofac00560,cmuerhq5v0000ucvpy660gnw1
demopai00729,2025-11-02 10:00:00,4285.000,VIREMENT,VIR-427959,,2025-11-02 10:00:00,demofac00561,cmuerhq5v0000ucvpy660gnw1
demopai00730,2025-11-24 10:00:00,643.600,CHEQUE,CHQ-9054968,,2025-11-24 10:00:00,demofac00562,cmuerhq5v0000ucvpy660gnw1
demopai00731,2025-09-29 10:00:00,4752.848,ESPECES,,,2025-09-29 10:00:00,demofac00563,cmuerhq5v0000ucvpy660gnw1
demopai00732,2025-10-04 10:00:00,6965.844,ESPECES,,,2025-10-04 10:00:00,demofac00563,cmuerhq5v0000ucvpy660gnw1
demopai00733,2025-10-27 10:00:00,11282.391,VIREMENT,VIR-460082,,2025-10-27 10:00:00,demofac00564,cmuerhq5v0000ucvpy660gnw1
demopai00734,2025-11-28 10:00:00,10852.609,VIREMENT,VIR-683088,,2025-11-28 10:00:00,demofac00564,cmuerhq5v0000ucvpy660gnw1
demopai00735,2025-11-16 10:00:00,8093.000,VIREMENT,VIR-133132,,2025-11-16 10:00:00,demofac00565,cmuerhq5v0000ucvpy660gnw1
demopai00736,2025-11-23 10:00:00,32874.750,VIREMENT,VIR-937503,,2025-11-23 10:00:00,demofac00566,cmuerhq5v0000ucvpy660gnw1
demopai00737,2025-12-13 10:00:00,13108.850,VIREMENT,VIR-894676,,2025-12-13 10:00:00,demofac00567,cmuerhq5v0000ucvpy660gnw1
demopai00738,2026-01-05 10:00:00,227.100,VIREMENT,VIR-781163,,2026-01-05 10:00:00,demofac00568,cmuerhq5v0000ucvpy660gnw1
demopai00739,2025-10-06 10:00:00,3247.406,ESPECES,,,2025-10-06 10:00:00,demofac00569,cmuerhq5v0000ucvpy660gnw1
demopai00740,2025-10-15 10:00:00,2848.488,ESPECES,,,2025-10-15 10:00:00,demofac00569,cmuerhq5v0000ucvpy660gnw1
demopai00741,2025-10-23 10:00:00,3282.306,ESPECES,,,2025-10-23 10:00:00,demofac00569,cmuerhq5v0000ucvpy660gnw1
demopai00742,2025-10-24 10:00:00,2385.900,VIREMENT,VIR-177896,,2025-10-24 10:00:00,demofac00570,cmuerhq5v0000ucvpy660gnw1
demopai00743,2025-11-17 10:00:00,4943.012,CHEQUE,CHQ-2760180,,2025-11-17 10:00:00,demofac00572,cmuerhq5v0000ucvpy660gnw1
demopai00744,2026-01-03 10:00:00,3755.460,CHEQUE,CHQ-9266424,,2026-01-03 10:00:00,demofac00572,cmuerhq5v0000ucvpy660gnw1
demopai00745,2025-10-31 10:00:00,4751.480,VIREMENT,VIR-605413,,2025-10-31 10:00:00,demofac00573,cmuerhq5v0000ucvpy660gnw1
demopai00746,2025-10-05 10:00:00,6933.940,CARTE,,,2025-10-05 10:00:00,demofac00574,cmuerhq5v0000ucvpy660gnw1
demopai00747,2025-11-17 10:00:00,7046.420,CHEQUE,CHQ-6512624,,2025-11-17 10:00:00,demofac00575,cmuerhq5v0000ucvpy660gnw1
demopai00748,2025-12-22 10:00:00,8285.780,VIREMENT,VIR-111662,,2025-12-22 10:00:00,demofac00576,cmuerhq5v0000ucvpy660gnw1
demopai00749,2025-10-24 10:00:00,4269.418,CHEQUE,CHQ-1573987,,2025-10-24 10:00:00,demofac00577,cmuerhq5v0000ucvpy660gnw1
demopai00750,2025-11-14 10:00:00,4565.967,CHEQUE,CHQ-5267840,,2025-11-14 10:00:00,demofac00577,cmuerhq5v0000ucvpy660gnw1
demopai00751,2025-10-28 10:00:00,2428.600,CHEQUE,CHQ-7048100,,2025-10-28 10:00:00,demofac00578,cmuerhq5v0000ucvpy660gnw1
demopai00752,2025-11-08 10:00:00,1455.180,ESPECES,,,2025-11-08 10:00:00,demofac00579,cmuerhq5v0000ucvpy660gnw1
demopai00753,2025-10-11 10:00:00,9318.577,VIREMENT,VIR-956058,,2025-10-11 10:00:00,demofac00580,cmuerhq5v0000ucvpy660gnw1
demopai00754,2025-10-17 10:00:00,9698.623,VIREMENT,VIR-276689,,2025-10-17 10:00:00,demofac00580,cmuerhq5v0000ucvpy660gnw1
demopai00755,2025-11-22 10:00:00,10181.450,CHEQUE,CHQ-3808994,,2025-11-22 10:00:00,demofac00581,cmuerhq5v0000ucvpy660gnw1
demopai00756,2025-12-02 10:00:00,744.750,CARTE,,,2025-12-02 10:00:00,demofac00582,cmuerhq5v0000ucvpy660gnw1
demopai00757,2025-10-13 10:00:00,5048.504,ESPECES,,,2025-10-13 10:00:00,demofac00583,cmuerhq5v0000ucvpy660gnw1
demopai00758,2025-10-15 10:00:00,25577.420,VIREMENT,VIR-127879,,2025-10-15 10:00:00,demofac00584,cmuerhq5v0000ucvpy660gnw1
demopai00759,2026-02-05 10:00:00,7014.860,CHEQUE,CHQ-9022437,,2026-02-05 10:00:00,demofac00585,cmuerhq5v0000ucvpy660gnw1
demopai00760,2025-11-17 10:00:00,33390.000,CHEQUE,CHQ-5575558,,2025-11-17 10:00:00,demofac00586,cmuerhq5v0000ucvpy660gnw1
demopai00761,2025-10-11 10:00:00,466.290,CARTE,,,2025-10-11 10:00:00,demofac00587,cmuerhq5v0000ucvpy660gnw1
demopai00762,2025-12-16 10:00:00,7705.000,VIREMENT,VIR-736416,,2025-12-16 10:00:00,demofac00588,cmuerhq5v0000ucvpy660gnw1
demopai00763,2025-10-13 10:00:00,1493.260,AUTRE,,,2025-10-13 10:00:00,demofac00589,cmuerhq5v0000ucvpy660gnw1
demopai00764,2025-10-27 10:00:00,4467.671,CHEQUE,CHQ-2314962,,2025-10-27 10:00:00,demofac00590,cmuerhq5v0000ucvpy660gnw1
demopai00765,2025-11-12 10:00:00,3273.089,CHEQUE,CHQ-6567380,,2025-11-12 10:00:00,demofac00590,cmuerhq5v0000ucvpy660gnw1
demopai00766,2025-11-09 10:00:00,4454.344,CHEQUE,CHQ-5121502,,2025-11-09 10:00:00,demofac00591,cmuerhq5v0000ucvpy660gnw1
demopai00767,2025-10-24 10:00:00,7454.480,CHEQUE,CHQ-9689022,,2025-10-24 10:00:00,demofac00592,cmuerhq5v0000ucvpy660gnw1
demopai00768,2025-11-24 10:00:00,7227.820,VIREMENT,VIR-455836,,2025-11-24 10:00:00,demofac00593,cmuerhq5v0000ucvpy660gnw1
demopai00769,2025-10-21 10:00:00,9611.238,CHEQUE,CHQ-1827131,,2025-10-21 10:00:00,demofac00594,cmuerhq5v0000ucvpy660gnw1
demopai00770,2025-11-01 10:00:00,8724.893,CHEQUE,CHQ-8061230,,2025-11-01 10:00:00,demofac00594,cmuerhq5v0000ucvpy660gnw1
demopai00771,2025-11-11 10:00:00,6934.729,CHEQUE,CHQ-1349580,,2025-11-11 10:00:00,demofac00594,cmuerhq5v0000ucvpy660gnw1
demopai00772,2025-11-15 10:00:00,31264.000,CHEQUE,CHQ-7167910,,2025-11-15 10:00:00,demofac00595,cmuerhq5v0000ucvpy660gnw1
demopai00773,2025-10-18 10:00:00,2878.134,ESPECES,,,2025-10-18 10:00:00,demofac00596,cmuerhq5v0000ucvpy660gnw1
demopai00774,2025-12-03 10:00:00,2952.200,VIREMENT,VIR-786632,,2025-12-03 10:00:00,demofac00597,cmuerhq5v0000ucvpy660gnw1
demopai00775,2025-12-05 10:00:00,1357.600,VIREMENT,VIR-666797,,2025-12-05 10:00:00,demofac00598,cmuerhq5v0000ucvpy660gnw1
demopai00776,2025-11-19 10:00:00,2599.960,AUTRE,,,2025-11-19 10:00:00,demofac00599,cmuerhq5v0000ucvpy660gnw1
demopai00777,2025-11-25 10:00:00,2761.800,VIREMENT,VIR-598670,,2025-11-25 10:00:00,demofac00600,cmuerhq5v0000ucvpy660gnw1
demopai00778,2025-11-03 10:00:00,3336.089,VIREMENT,VIR-540788,,2025-11-03 10:00:00,demofac00601,cmuerhq5v0000ucvpy660gnw1
demopai00779,2025-11-18 10:00:00,4641.956,VIREMENT,VIR-684042,,2025-11-18 10:00:00,demofac00601,cmuerhq5v0000ucvpy660gnw1
demopai00780,2025-12-04 10:00:00,3337.475,VIREMENT,VIR-126983,,2025-12-04 10:00:00,demofac00601,cmuerhq5v0000ucvpy660gnw1
demopai00781,2025-11-09 10:00:00,2353.392,VIREMENT,VIR-140051,,2025-11-09 10:00:00,demofac00602,cmuerhq5v0000ucvpy660gnw1
demopai00782,2026-01-31 10:00:00,2248.000,CHEQUE,CHQ-9676932,,2026-01-31 10:00:00,demofac00603,cmuerhq5v0000ucvpy660gnw1
demopai00783,2025-12-23 10:00:00,19426.322,AUTRE,,,2025-12-23 10:00:00,demofac00604,cmuerhq5v0000ucvpy660gnw1
demopai00784,2025-11-02 10:00:00,388.243,CHEQUE,CHQ-9462344,,2025-11-02 10:00:00,demofac00605,cmuerhq5v0000ucvpy660gnw1
demopai00785,2025-11-15 10:00:00,433.857,CHEQUE,CHQ-2487525,,2025-11-15 10:00:00,demofac00605,cmuerhq5v0000ucvpy660gnw1
demopai00786,2025-11-21 10:00:00,4933.169,CHEQUE,CHQ-3924329,,2025-11-21 10:00:00,demofac00606,cmuerhq5v0000ucvpy660gnw1
demopai00787,2025-11-22 10:00:00,6574.560,VIREMENT,VIR-867264,,2025-11-22 10:00:00,demofac00607,cmuerhq5v0000ucvpy660gnw1
demopai00788,2025-11-01 10:00:00,2000.200,VIREMENT,VIR-114119,,2025-11-01 10:00:00,demofac00608,cmuerhq5v0000ucvpy660gnw1
demopai00789,2025-11-27 10:00:00,3309.200,CHEQUE,CHQ-3196768,,2025-11-27 10:00:00,demofac00609,cmuerhq5v0000ucvpy660gnw1
demopai00790,2025-11-22 10:00:00,6605.500,VIREMENT,VIR-644967,,2025-11-22 10:00:00,demofac00610,cmuerhq5v0000ucvpy660gnw1
demopai00791,2025-11-25 10:00:00,10235.000,VIREMENT,VIR-254999,,2025-11-25 10:00:00,demofac00611,cmuerhq5v0000ucvpy660gnw1
demopai00792,2025-11-09 10:00:00,3157.927,VIREMENT,VIR-845842,,2025-11-09 10:00:00,demofac00612,cmuerhq5v0000ucvpy660gnw1
demopai00793,2025-11-25 10:00:00,2828.421,VIREMENT,VIR-850680,,2025-11-25 10:00:00,demofac00612,cmuerhq5v0000ucvpy660gnw1
demopai00794,2025-12-11 10:00:00,2568.792,VIREMENT,VIR-593850,,2025-12-11 10:00:00,demofac00612,cmuerhq5v0000ucvpy660gnw1
demopai00795,2025-10-31 10:00:00,980.844,ESPECES,,,2025-10-31 10:00:00,demofac00613,cmuerhq5v0000ucvpy660gnw1
demopai00796,2025-11-06 10:00:00,793.256,ESPECES,,,2025-11-06 10:00:00,demofac00613,cmuerhq5v0000ucvpy660gnw1
demopai00797,2026-02-10 10:00:00,28541.008,VIREMENT,VIR-312250,,2026-02-10 10:00:00,demofac00614,cmuerhq5v0000ucvpy660gnw1
demopai00798,2025-11-06 10:00:00,1548.000,ESPECES,,,2025-11-06 10:00:00,demofac00615,cmuerhq5v0000ucvpy660gnw1
demopai00799,2025-12-18 10:00:00,453.200,VIREMENT,VIR-492588,,2025-12-18 10:00:00,demofac00616,cmuerhq5v0000ucvpy660gnw1
demopai00800,2025-10-27 10:00:00,1497.022,AUTRE,,,2025-10-27 10:00:00,demofac00617,cmuerhq5v0000ucvpy660gnw1
demopai00801,2025-10-28 10:00:00,1480.014,AUTRE,,,2025-10-28 10:00:00,demofac00617,cmuerhq5v0000ucvpy660gnw1
demopai00802,2025-10-29 10:00:00,1307.964,AUTRE,,,2025-10-29 10:00:00,demofac00617,cmuerhq5v0000ucvpy660gnw1
demopai00803,2025-11-18 10:00:00,4783.782,VIREMENT,VIR-293486,,2025-11-18 10:00:00,demofac00618,cmuerhq5v0000ucvpy660gnw1
demopai00804,2025-12-10 10:00:00,3819.728,VIREMENT,VIR-639341,,2025-12-10 10:00:00,demofac00618,cmuerhq5v0000ucvpy660gnw1
demopai00805,2025-12-04 10:00:00,3452.000,CHEQUE,CHQ-7824756,,2025-12-04 10:00:00,demofac00619,cmuerhq5v0000ucvpy660gnw1
demopai00806,2025-11-23 10:00:00,3970.840,CHEQUE,CHQ-3160489,,2025-11-23 10:00:00,demofac00620,cmuerhq5v0000ucvpy660gnw1
demopai00807,2025-11-02 10:00:00,996.400,AUTRE,,,2025-11-02 10:00:00,demofac00621,cmuerhq5v0000ucvpy660gnw1
demopai00808,2025-11-14 10:00:00,500.800,VIREMENT,VIR-688714,,2025-11-14 10:00:00,demofac00623,cmuerhq5v0000ucvpy660gnw1
demopai00809,2026-01-02 10:00:00,42685.110,VIREMENT,VIR-533580,,2026-01-02 10:00:00,demofac00624,cmuerhq5v0000ucvpy660gnw1
demopai00810,2025-12-02 10:00:00,6692.500,VIREMENT,VIR-257629,,2025-12-02 10:00:00,demofac00625,cmuerhq5v0000ucvpy660gnw1
demopai00811,2026-01-24 10:00:00,6191.380,VIREMENT,VIR-687600,,2026-01-24 10:00:00,demofac00626,cmuerhq5v0000ucvpy660gnw1
demopai00812,2025-12-14 10:00:00,8305.669,CHEQUE,CHQ-8590558,,2025-12-14 10:00:00,demofac00627,cmuerhq5v0000ucvpy660gnw1
demopai00813,2026-01-25 10:00:00,9282.531,CHEQUE,CHQ-9789951,,2026-01-25 10:00:00,demofac00627,cmuerhq5v0000ucvpy660gnw1
demopai00814,2025-12-02 10:00:00,4784.800,VIREMENT,VIR-789259,,2025-12-02 10:00:00,demofac00628,cmuerhq5v0000ucvpy660gnw1
demopai00815,2025-11-15 10:00:00,5656.880,CHEQUE,CHQ-5393479,,2025-11-15 10:00:00,demofac00629,cmuerhq5v0000ucvpy660gnw1
demopai00816,2025-11-26 10:00:00,5917.108,CHEQUE,CHQ-8264170,,2025-11-26 10:00:00,demofac00629,cmuerhq5v0000ucvpy660gnw1
demopai00817,2025-12-03 10:00:00,108.100,VIREMENT,VIR-605790,,2025-12-03 10:00:00,demofac00630,cmuerhq5v0000ucvpy660gnw1
demopai00818,2025-11-23 10:00:00,1553.950,CHEQUE,CHQ-2724401,,2025-11-23 10:00:00,demofac00631,cmuerhq5v0000ucvpy660gnw1
demopai00819,2025-12-06 10:00:00,4552.750,VIREMENT,VIR-525445,,2025-12-06 10:00:00,demofac00632,cmuerhq5v0000ucvpy660gnw1
demopai00820,2025-12-01 10:00:00,1177.997,VIREMENT,VIR-410379,,2025-12-01 10:00:00,demofac00633,cmuerhq5v0000ucvpy660gnw1
demopai00821,2025-12-27 10:00:00,1269.266,VIREMENT,VIR-749349,,2025-12-27 10:00:00,demofac00633,cmuerhq5v0000ucvpy660gnw1
demopai00822,2026-01-22 10:00:00,1322.097,VIREMENT,VIR-100099,,2026-01-22 10:00:00,demofac00633,cmuerhq5v0000ucvpy660gnw1
demopai00823,2025-12-11 10:00:00,3935.140,VIREMENT,VIR-128667,,2025-12-11 10:00:00,demofac00634,cmuerhq5v0000ucvpy660gnw1
demopai00824,2025-12-27 10:00:00,37160.535,ESPECES,,,2025-12-27 10:00:00,demofac00635,cmuerhq5v0000ucvpy660gnw1
demopai00825,2025-12-11 10:00:00,4005.565,VIREMENT,VIR-944035,,2025-12-11 10:00:00,demofac00636,cmuerhq5v0000ucvpy660gnw1
demopai00826,2026-01-01 10:00:00,9092.600,VIREMENT,VIR-390878,,2026-01-01 10:00:00,demofac00637,cmuerhq5v0000ucvpy660gnw1
demopai00827,2025-11-26 10:00:00,4478.150,VIREMENT,VIR-219105,,2025-11-26 10:00:00,demofac00638,cmuerhq5v0000ucvpy660gnw1
demopai00828,2025-11-07 10:00:00,536.500,ESPECES,,,2025-11-07 10:00:00,demofac00639,cmuerhq5v0000ucvpy660gnw1
demopai00829,2025-12-02 10:00:00,704.885,CHEQUE,CHQ-4473351,,2025-12-02 10:00:00,demofac00640,cmuerhq5v0000ucvpy660gnw1
demopai00830,2025-11-11 10:00:00,643.600,ESPECES,,,2025-11-11 10:00:00,demofac00641,cmuerhq5v0000ucvpy660gnw1
demopai00831,2025-12-18 10:00:00,3297.300,VIREMENT,VIR-161614,,2025-12-18 10:00:00,demofac00642,cmuerhq5v0000ucvpy660gnw1
demopai00832,2025-12-07 10:00:00,12274.500,VIREMENT,VIR-730096,,2025-12-07 10:00:00,demofac00643,cmuerhq5v0000ucvpy660gnw1
demopai00833,2025-12-05 10:00:00,4058.900,VIREMENT,VIR-215854,,2025-12-05 10:00:00,demofac00644,cmuerhq5v0000ucvpy660gnw1
demopai00834,2026-01-04 10:00:00,2143.000,CHEQUE,CHQ-7833267,,2026-01-04 10:00:00,demofac00645,cmuerhq5v0000ucvpy660gnw1
demopai00835,2026-03-02 10:00:00,4285.000,AUTRE,,,2026-03-02 10:00:00,demofac00646,cmuerhq5v0000ucvpy660gnw1
demopai00836,2025-12-30 10:00:00,4213.600,CHEQUE,CHQ-8579469,,2025-12-30 10:00:00,demofac00647,cmuerhq5v0000ucvpy660gnw1
demopai00837,2025-11-29 10:00:00,2241.175,CHEQUE,CHQ-5786795,,2025-11-29 10:00:00,demofac00648,cmuerhq5v0000ucvpy660gnw1
demopai00838,2025-12-13 10:00:00,6903.000,VIREMENT,VIR-834786,,2025-12-13 10:00:00,demofac00649,cmuerhq5v0000ucvpy660gnw1
demopai00839,2025-11-12 10:00:00,7152.900,ESPECES,,,2025-11-12 10:00:00,demofac00650,cmuerhq5v0000ucvpy660gnw1
demopai00840,2025-12-06 10:00:00,229.438,CHEQUE,CHQ-3698466,,2025-12-06 10:00:00,demofac00651,cmuerhq5v0000ucvpy660gnw1
demopai00841,2025-12-28 10:00:00,263.330,CHEQUE,CHQ-6842281,,2025-12-28 10:00:00,demofac00651,cmuerhq5v0000ucvpy660gnw1
demopai00842,2025-12-03 10:00:00,4562.060,CHEQUE,CHQ-2502442,,2025-12-03 10:00:00,demofac00652,cmuerhq5v0000ucvpy660gnw1
demopai00843,2025-11-24 10:00:00,9319.695,VIREMENT,VIR-527982,,2025-11-24 10:00:00,demofac00653,cmuerhq5v0000ucvpy660gnw1
demopai00844,2025-12-02 10:00:00,10258.781,VIREMENT,VIR-186927,,2025-12-02 10:00:00,demofac00653,cmuerhq5v0000ucvpy660gnw1
demopai00845,2026-01-08 10:00:00,34487.200,ESPECES,,,2026-01-08 10:00:00,demofac00654,cmuerhq5v0000ucvpy660gnw1
demopai00846,2026-01-01 10:00:00,1381.400,CHEQUE,CHQ-2041290,,2026-01-01 10:00:00,demofac00655,cmuerhq5v0000ucvpy660gnw1
demopai00847,2025-12-01 10:00:00,9577.693,CHEQUE,CHQ-3865986,,2025-12-01 10:00:00,demofac00656,cmuerhq5v0000ucvpy660gnw1
demopai00848,2025-12-16 10:00:00,6665.807,CHEQUE,CHQ-4131731,,2025-12-16 10:00:00,demofac00656,cmuerhq5v0000ucvpy660gnw1
demopai00849,2025-12-12 10:00:00,54.550,VIREMENT,VIR-119907,,2025-12-12 10:00:00,demofac00657,cmuerhq5v0000ucvpy660gnw1
demopai00850,2025-11-26 10:00:00,6382.506,CHEQUE,CHQ-7566907,,2025-11-26 10:00:00,demofac00658,cmuerhq5v0000ucvpy660gnw1
demopai00851,2025-12-06 10:00:00,7122.394,CHEQUE,CHQ-3163533,,2025-12-06 10:00:00,demofac00658,cmuerhq5v0000ucvpy660gnw1
demopai00852,2025-12-16 10:00:00,9253.660,CHEQUE,CHQ-6139576,,2025-12-16 10:00:00,demofac00658,cmuerhq5v0000ucvpy660gnw1
demopai00853,2026-01-10 10:00:00,4998.970,ESPECES,,,2026-01-10 10:00:00,demofac00659,cmuerhq5v0000ucvpy660gnw1
demopai00854,2026-02-26 10:00:00,2143.000,VIREMENT,VIR-573296,,2026-02-26 10:00:00,demofac00660,cmuerhq5v0000ucvpy660gnw1
demopai00855,2025-11-24 10:00:00,1643.200,ESPECES,,,2025-11-24 10:00:00,demofac00661,cmuerhq5v0000ucvpy660gnw1
demopai00856,2025-12-27 10:00:00,1573.900,CHEQUE,CHQ-3432695,,2025-12-27 10:00:00,demofac00662,cmuerhq5v0000ucvpy660gnw1
demopai00857,2026-01-21 10:00:00,3749.500,VIREMENT,VIR-649318,,2026-01-21 10:00:00,demofac00663,cmuerhq5v0000ucvpy660gnw1
demopai00858,2025-12-15 10:00:00,24991.000,CHEQUE,CHQ-5927930,,2025-12-15 10:00:00,demofac00664,cmuerhq5v0000ucvpy660gnw1
demopai00859,2025-12-14 10:00:00,20042.309,CHEQUE,CHQ-5765463,,2025-12-14 10:00:00,demofac00665,cmuerhq5v0000ucvpy660gnw1
demopai00860,2025-12-16 10:00:00,536.500,AUTRE,,,2025-12-16 10:00:00,demofac00666,cmuerhq5v0000ucvpy660gnw1
demopai00861,2025-12-16 10:00:00,3452.000,CARTE,,,2025-12-16 10:00:00,demofac00667,cmuerhq5v0000ucvpy660gnw1
demopai00862,2025-11-26 10:00:00,1167.200,CARTE,,,2025-11-26 10:00:00,demofac00668,cmuerhq5v0000ucvpy660gnw1
demopai00863,2025-12-05 10:00:00,9073.879,VIREMENT,VIR-804094,,2025-12-05 10:00:00,demofac00670,cmuerhq5v0000ucvpy660gnw1
demopai00864,2025-12-15 10:00:00,7168.675,VIREMENT,VIR-529366,,2025-12-15 10:00:00,demofac00670,cmuerhq5v0000ucvpy660gnw1
demopai00865,2025-12-26 10:00:00,7106.246,VIREMENT,VIR-391198,,2025-12-26 10:00:00,demofac00670,cmuerhq5v0000ucvpy660gnw1
demopai00866,2025-12-07 10:00:00,7786.920,CARTE,,,2025-12-07 10:00:00,demofac00671,cmuerhq5v0000ucvpy660gnw1
demopai00867,2025-12-19 10:00:00,7422.280,CARTE,,,2025-12-19 10:00:00,demofac00671,cmuerhq5v0000ucvpy660gnw1
demopai00868,2025-11-28 10:00:00,5495.278,VIREMENT,VIR-756610,,2025-11-28 10:00:00,demofac00672,cmuerhq5v0000ucvpy660gnw1
demopai00869,2026-01-12 10:00:00,6141.400,VIREMENT,VIR-852669,,2026-01-12 10:00:00,demofac00673,cmuerhq5v0000ucvpy660gnw1
demopai00870,2026-02-04 10:00:00,4903.800,VIREMENT,VIR-787296,,2026-02-04 10:00:00,demofac00674,cmuerhq5v0000ucvpy660gnw1
demopai00871,2025-12-08 10:00:00,3368.871,VIREMENT,VIR-520782,,2025-12-08 10:00:00,demofac00675,cmuerhq5v0000ucvpy660gnw1
demopai00872,2025-12-18 10:00:00,4869.547,VIREMENT,VIR-767299,,2025-12-18 10:00:00,demofac00675,cmuerhq5v0000ucvpy660gnw1
demopai00873,2025-12-12 10:00:00,2658.373,VIREMENT,VIR-824674,,2025-12-12 10:00:00,demofac00676,cmuerhq5v0000ucvpy660gnw1
demopai00874,2025-12-28 10:00:00,1853.289,VIREMENT,VIR-506883,,2025-12-28 10:00:00,demofac00676,cmuerhq5v0000ucvpy660gnw1
demopai00875,2026-01-12 10:00:00,2272.338,VIREMENT,VIR-394238,,2026-01-12 10:00:00,demofac00676,cmuerhq5v0000ucvpy660gnw1
demopai00876,2026-01-07 10:00:00,2143.000,VIREMENT,VIR-735381,,2026-01-07 10:00:00,demofac00677,cmuerhq5v0000ucvpy660gnw1
demopai00877,2026-01-27 10:00:00,15340.100,AUTRE,,,2026-01-27 10:00:00,demofac00678,cmuerhq5v0000ucvpy660gnw1
demopai00878,2025-12-19 10:00:00,7972.215,VIREMENT,VIR-585356,,2025-12-19 10:00:00,demofac00679,cmuerhq5v0000ucvpy660gnw1
demopai00879,2025-12-03 10:00:00,4701.500,ESPECES,,,2025-12-03 10:00:00,demofac00680,cmuerhq5v0000ucvpy660gnw1
demopai00880,2025-12-20 10:00:00,1964.500,CHEQUE,CHQ-5661238,,2025-12-20 10:00:00,demofac00681,cmuerhq5v0000ucvpy660gnw1
demopai00881,2025-12-05 10:00:00,1476.600,CHEQUE,CHQ-3370441,,2025-12-05 10:00:00,demofac00682,cmuerhq5v0000ucvpy660gnw1
demopai00882,2025-12-03 10:00:00,14102.080,ESPECES,,,2025-12-03 10:00:00,demofac00683,cmuerhq5v0000ucvpy660gnw1
demopai00883,2025-12-30 10:00:00,9164.000,AUTRE,,,2025-12-30 10:00:00,demofac00684,cmuerhq5v0000ucvpy660gnw1
demopai00884,2025-12-20 10:00:00,5356.000,CHEQUE,CHQ-6932631,,2025-12-20 10:00:00,demofac00686,cmuerhq5v0000ucvpy660gnw1
demopai00885,2026-01-10 10:00:00,31574.199,VIREMENT,VIR-819468,,2026-01-10 10:00:00,demofac00687,cmuerhq5v0000ucvpy660gnw1
demopai00886,2025-12-04 10:00:00,195.208,CARTE,,,2025-12-04 10:00:00,demofac00688,cmuerhq5v0000ucvpy660gnw1
demopai00887,2025-12-26 10:00:00,4041.260,VIREMENT,VIR-663730,,2025-12-26 10:00:00,demofac00689,cmuerhq5v0000ucvpy660gnw1
demopai00888,2026-01-17 10:00:00,3717.925,VIREMENT,VIR-504900,,2026-01-17 10:00:00,demofac00689,cmuerhq5v0000ucvpy660gnw1
demopai00889,2026-02-08 10:00:00,4389.335,VIREMENT,VIR-154638,,2026-02-08 10:00:00,demofac00689,cmuerhq5v0000ucvpy660gnw1
demopai00890,2026-01-11 10:00:00,4671.750,CHEQUE,CHQ-9168329,,2026-01-11 10:00:00,demofac00690,cmuerhq5v0000ucvpy660gnw1
demopai00891,2025-12-16 10:00:00,13000.236,CHEQUE,CHQ-2513347,,2025-12-16 10:00:00,demofac00691,cmuerhq5v0000ucvpy660gnw1
demopai00892,2025-12-29 10:00:00,9589.859,CHEQUE,CHQ-3402229,,2025-12-29 10:00:00,demofac00691,cmuerhq5v0000ucvpy660gnw1
demopai00893,2026-01-10 10:00:00,13110.905,CHEQUE,CHQ-1295788,,2026-01-10 10:00:00,demofac00691,cmuerhq5v0000ucvpy660gnw1
demopai00894,2026-01-18 10:00:00,905.400,CHEQUE,CHQ-2535375,,2026-01-18 10:00:00,demofac00692,cmuerhq5v0000ucvpy660gnw1
demopai00895,2025-12-28 10:00:00,10592.000,VIREMENT,VIR-348430,,2025-12-28 10:00:00,demofac00693,cmuerhq5v0000ucvpy660gnw1
demopai00896,2025-12-14 10:00:00,518.650,ESPECES,,,2025-12-14 10:00:00,demofac00694,cmuerhq5v0000ucvpy660gnw1
demopai00897,2026-02-03 10:00:00,6812.560,CARTE,,,2026-02-03 10:00:00,demofac00695,cmuerhq5v0000ucvpy660gnw1
demopai00898,2026-01-19 10:00:00,22468.676,VIREMENT,VIR-410933,,2026-01-19 10:00:00,demofac00696,cmuerhq5v0000ucvpy660gnw1
demopai00899,2026-01-01 10:00:00,8569.000,VIREMENT,VIR-981582,,2026-01-01 10:00:00,demofac00697,cmuerhq5v0000ucvpy660gnw1
demopai00900,2026-03-05 10:00:00,36877.315,CHEQUE,CHQ-9816607,,2026-03-05 10:00:00,demofac00698,cmuerhq5v0000ucvpy660gnw1
demopai00901,2026-01-19 10:00:00,19814.500,CHEQUE,CHQ-1755899,,2026-01-19 10:00:00,demofac00699,cmuerhq5v0000ucvpy660gnw1
demopai00902,2026-01-03 10:00:00,2792.345,VIREMENT,VIR-260954,,2026-01-03 10:00:00,demofac00700,cmuerhq5v0000ucvpy660gnw1
demopai00903,2026-01-29 10:00:00,4036.875,VIREMENT,VIR-334083,,2026-01-29 10:00:00,demofac00700,cmuerhq5v0000ucvpy660gnw1
demopai00904,2026-02-20 10:00:00,215.200,VIREMENT,VIR-770819,,2026-02-20 10:00:00,demofac00701,cmuerhq5v0000ucvpy660gnw1
demopai00905,2026-03-01 10:00:00,5184.640,CHEQUE,CHQ-6975456,,2026-03-01 10:00:00,demofac00702,cmuerhq5v0000ucvpy660gnw1
demopai00906,2026-01-27 10:00:00,7123.150,VIREMENT,VIR-252002,,2026-01-27 10:00:00,demofac00703,cmuerhq5v0000ucvpy660gnw1
demopai00907,2025-12-28 10:00:00,44893.640,VIREMENT,VIR-154899,,2025-12-28 10:00:00,demofac00704,cmuerhq5v0000ucvpy660gnw1
demopai00908,2026-02-01 10:00:00,744.750,VIREMENT,VIR-381192,,2026-02-01 10:00:00,demofac00705,cmuerhq5v0000ucvpy660gnw1
demopai00909,2025-12-16 10:00:00,5097.770,AUTRE,,,2025-12-16 10:00:00,demofac00706,cmuerhq5v0000ucvpy660gnw1
demopai00910,2025-12-18 10:00:00,6350.548,AUTRE,,,2025-12-18 10:00:00,demofac00707,cmuerhq5v0000ucvpy660gnw1
demopai00911,2025-12-25 10:00:00,6480.659,AUTRE,,,2025-12-25 10:00:00,demofac00707,cmuerhq5v0000ucvpy660gnw1
demopai00912,2025-12-31 10:00:00,5721.893,AUTRE,,,2025-12-31 10:00:00,demofac00707,cmuerhq5v0000ucvpy660gnw1
demopai00913,2025-12-31 10:00:00,4345.260,VIREMENT,VIR-818143,,2025-12-31 10:00:00,demofac00708,cmuerhq5v0000ucvpy660gnw1
demopai00914,2026-01-18 10:00:00,4097.600,VIREMENT,VIR-227356,,2026-01-18 10:00:00,demofac00708,cmuerhq5v0000ucvpy660gnw1
demopai00915,2026-05-29 10:00:00,25169.500,VIREMENT,VIR-555426,,2026-05-29 10:00:00,demofac00709,cmuerhq5v0000ucvpy660gnw1
demopai00916,2026-01-03 10:00:00,4438.559,VIREMENT,VIR-110806,,2026-01-03 10:00:00,demofac00710,cmuerhq5v0000ucvpy660gnw1
demopai00917,2026-01-23 10:00:00,3642.874,VIREMENT,VIR-612950,,2026-01-23 10:00:00,demofac00710,cmuerhq5v0000ucvpy660gnw1
demopai00918,2026-02-12 10:00:00,3931.510,VIREMENT,VIR-836180,,2026-02-12 10:00:00,demofac00710,cmuerhq5v0000ucvpy660gnw1
demopai00919,2026-01-06 10:00:00,8249.485,VIREMENT,VIR-264996,,2026-01-06 10:00:00,demofac00711,cmuerhq5v0000ucvpy660gnw1
demopai00920,2025-12-23 10:00:00,205.690,CHEQUE,CHQ-5092975,,2025-12-23 10:00:00,demofac00712,cmuerhq5v0000ucvpy660gnw1
demopai00921,2025-12-29 10:00:00,280.028,CHEQUE,CHQ-6381872,,2025-12-29 10:00:00,demofac00712,cmuerhq5v0000ucvpy660gnw1
demopai00922,2026-01-04 10:00:00,189.382,CHEQUE,CHQ-1996972,,2026-01-04 10:00:00,demofac00712,cmuerhq5v0000ucvpy660gnw1
demopai00923,2026-01-08 10:00:00,2143.000,CARTE,,,2026-01-08 10:00:00,demofac00713,cmuerhq5v0000ucvpy660gnw1
demopai00924,2026-01-20 10:00:00,15661.400,ESPECES,,,2026-01-20 10:00:00,demofac00714,cmuerhq5v0000ucvpy660gnw1
demopai00925,2026-01-20 10:00:00,4225.500,VIREMENT,VIR-522785,,2026-01-20 10:00:00,demofac00715,cmuerhq5v0000ucvpy660gnw1
demopai00926,2026-02-12 10:00:00,6891.100,VIREMENT,VIR-285622,,2026-02-12 10:00:00,demofac00716,cmuerhq5v0000ucvpy660gnw1
demopai00927,2026-02-22 10:00:00,37784.750,VIREMENT,VIR-299124,,2026-02-22 10:00:00,demofac00717,cmuerhq5v0000ucvpy660gnw1
demopai00928,2025-12-21 10:00:00,548.400,ESPECES,,,2025-12-21 10:00:00,demofac00718,cmuerhq5v0000ucvpy660gnw1
demopai00929,2026-01-09 10:00:00,3690.000,VIREMENT,VIR-847184,,2026-01-09 10:00:00,demofac00719,cmuerhq5v0000ucvpy660gnw1
demopai00930,2026-02-08 10:00:00,15887.500,CHEQUE,CHQ-5711631,,2026-02-08 10:00:00,demofac00720,cmuerhq5v0000ucvpy660gnw1
demopai00931,2026-01-09 10:00:00,2159.800,CHEQUE,CHQ-9601702,,2026-01-09 10:00:00,demofac00721,cmuerhq5v0000ucvpy660gnw1
demopai00932,2026-01-18 10:00:00,3337.344,CHEQUE,CHQ-7776174,,2026-01-18 10:00:00,demofac00722,cmuerhq5v0000ucvpy660gnw1
demopai00933,2026-01-08 10:00:00,5782.543,CHEQUE,CHQ-4231547,,2026-01-08 10:00:00,demofac00723,cmuerhq5v0000ucvpy660gnw1
demopai00934,2026-01-23 10:00:00,5035.557,CHEQUE,CHQ-4130949,,2026-01-23 10:00:00,demofac00723,cmuerhq5v0000ucvpy660gnw1
demopai00935,2025-12-25 10:00:00,4285.000,ESPECES,,,2025-12-25 10:00:00,demofac00724,cmuerhq5v0000ucvpy660gnw1
demopai00936,2026-01-29 10:00:00,18875.905,CHEQUE,CHQ-3438431,,2026-01-29 10:00:00,demofac00725,cmuerhq5v0000ucvpy660gnw1
demopai00937,2026-02-12 10:00:00,36177.000,VIREMENT,VIR-189468,,2026-02-12 10:00:00,demofac00726,cmuerhq5v0000ucvpy660gnw1
demopai00938,2026-01-23 10:00:00,1279.536,VIREMENT,VIR-986634,,2026-01-23 10:00:00,demofac00727,cmuerhq5v0000ucvpy660gnw1
demopai00939,2026-01-31 10:00:00,9298.640,VIREMENT,VIR-523925,,2026-01-31 10:00:00,demofac00728,cmuerhq5v0000ucvpy660gnw1
demopai00940,2026-02-15 10:00:00,27456.204,VIREMENT,VIR-533378,,2026-02-15 10:00:00,demofac00729,cmuerhq5v0000ucvpy660gnw1
demopai00941,2026-01-25 10:00:00,8567.651,CHEQUE,CHQ-9727432,,2026-01-25 10:00:00,demofac00730,cmuerhq5v0000ucvpy660gnw1
demopai00942,2026-02-24 10:00:00,8421.199,CHEQUE,CHQ-4798254,,2026-02-24 10:00:00,demofac00730,cmuerhq5v0000ucvpy660gnw1
demopai00943,2026-03-25 10:00:00,7073.950,CHEQUE,CHQ-5345039,,2026-03-25 10:00:00,demofac00730,cmuerhq5v0000ucvpy660gnw1
demopai00944,2026-02-09 10:00:00,8390.500,VIREMENT,VIR-640610,,2026-02-09 10:00:00,demofac00731,cmuerhq5v0000ucvpy660gnw1
demopai00945,2026-01-21 10:00:00,2896.181,ESPECES,,,2026-01-21 10:00:00,demofac00732,cmuerhq5v0000ucvpy660gnw1
demopai00946,2026-02-15 10:00:00,2162.319,ESPECES,,,2026-02-15 10:00:00,demofac00732,cmuerhq5v0000ucvpy660gnw1
demopai00947,2026-01-09 10:00:00,4349.640,VIREMENT,VIR-946925,,2026-01-09 10:00:00,demofac00733,cmuerhq5v0000ucvpy660gnw1
demopai00948,2026-01-22 10:00:00,5751.400,VIREMENT,VIR-903518,,2026-01-22 10:00:00,demofac00733,cmuerhq5v0000ucvpy660gnw1
demopai00949,2026-01-14 10:00:00,18461.820,VIREMENT,VIR-746830,,2026-01-14 10:00:00,demofac00734,cmuerhq5v0000ucvpy660gnw1
demopai00950,2026-03-08 10:00:00,17502.806,CHEQUE,CHQ-9919194,,2026-03-08 10:00:00,demofac00735,cmuerhq5v0000ucvpy660gnw1
demopai00951,2026-02-22 10:00:00,27539.000,VIREMENT,VIR-688969,,2026-02-22 10:00:00,demofac00736,cmuerhq5v0000ucvpy660gnw1
demopai00952,2026-01-20 10:00:00,6427.000,VIREMENT,VIR-754243,,2026-01-20 10:00:00,demofac00737,cmuerhq5v0000ucvpy660gnw1
demopai00953,2026-03-08 10:00:00,27311.500,CHEQUE,CHQ-8176881,,2026-03-08 10:00:00,demofac00738,cmuerhq5v0000ucvpy660gnw1
demopai00954,2026-02-09 10:00:00,6398.440,VIREMENT,VIR-989120,,2026-02-09 10:00:00,demofac00739,cmuerhq5v0000ucvpy660gnw1
demopai00955,2026-01-23 10:00:00,2432.120,CHEQUE,CHQ-1014581,,2026-01-23 10:00:00,demofac00740,cmuerhq5v0000ucvpy660gnw1
demopai00956,2026-02-13 10:00:00,1839.388,CHEQUE,CHQ-2273465,,2026-02-13 10:00:00,demofac00740,cmuerhq5v0000ucvpy660gnw1
demopai00957,2026-03-07 10:00:00,2583.892,CHEQUE,CHQ-1471922,,2026-03-07 10:00:00,demofac00740,cmuerhq5v0000ucvpy660gnw1
demopai00958,2026-01-07 10:00:00,2269.494,ESPECES,,,2026-01-07 10:00:00,demofac00741,cmuerhq5v0000ucvpy660gnw1
demopai00959,2026-01-13 10:00:00,1582.755,ESPECES,,,2026-01-13 10:00:00,demofac00741,cmuerhq5v0000ucvpy660gnw1
demopai00960,2026-01-18 10:00:00,2235.601,ESPECES,,,2026-01-18 10:00:00,demofac00741,cmuerhq5v0000ucvpy660gnw1
demopai00961,2026-02-01 10:00:00,2324.167,CHEQUE,CHQ-6307596,,2026-02-01 10:00:00,demofac00742,cmuerhq5v0000ucvpy660gnw1
demopai00962,2026-02-12 10:00:00,14589.924,CHEQUE,CHQ-6586341,,2026-02-12 10:00:00,demofac00743,cmuerhq5v0000ucvpy660gnw1
demopai00963,2026-02-20 10:00:00,4181.540,CHEQUE,CHQ-7624454,,2026-02-20 10:00:00,demofac00744,cmuerhq5v0000ucvpy660gnw1
demopai00964,2026-02-06 10:00:00,16713.550,VIREMENT,VIR-602142,,2026-02-06 10:00:00,demofac00745,cmuerhq5v0000ucvpy660gnw1
demopai00965,2026-01-09 10:00:00,1548.000,CHEQUE,CHQ-4038544,,2026-01-09 10:00:00,demofac00746,cmuerhq5v0000ucvpy660gnw1
demopai00966,2026-02-04 10:00:00,4796.700,VIREMENT,VIR-685222,,2026-02-04 10:00:00,demofac00747,cmuerhq5v0000ucvpy660gnw1
demopai00967,2026-02-19 10:00:00,4285.000,CHEQUE,CHQ-5913836,,2026-02-19 10:00:00,demofac00748,cmuerhq5v0000ucvpy660gnw1
demopai00968,2026-02-09 10:00:00,3141.661,VIREMENT,VIR-904125,,2026-02-09 10:00:00,demofac00749,cmuerhq5v0000ucvpy660gnw1
demopai00969,2026-01-10 10:00:00,5467.860,CHEQUE,CHQ-1231956,,2026-01-10 10:00:00,demofac00750,cmuerhq5v0000ucvpy660gnw1
demopai00970,2026-02-10 10:00:00,3702.630,CHEQUE,CHQ-3491443,,2026-02-10 10:00:00,demofac00751,cmuerhq5v0000ucvpy660gnw1
demopai00971,2026-03-15 10:00:00,4137.495,CHEQUE,CHQ-3780983,,2026-03-15 10:00:00,demofac00751,cmuerhq5v0000ucvpy660gnw1
demopai00972,2026-02-05 10:00:00,1386.900,CHEQUE,CHQ-8694497,,2026-02-05 10:00:00,demofac00752,cmuerhq5v0000ucvpy660gnw1
demopai00973,2026-02-06 10:00:00,715.000,CHEQUE,CHQ-4968514,,2026-02-06 10:00:00,demofac00753,cmuerhq5v0000ucvpy660gnw1
demopai00974,2026-02-12 10:00:00,1762.200,CHEQUE,CHQ-3541653,,2026-02-12 10:00:00,demofac00754,cmuerhq5v0000ucvpy660gnw1
demopai00975,2026-01-16 10:00:00,5350.050,CHEQUE,CHQ-9060219,,2026-01-16 10:00:00,demofac00755,cmuerhq5v0000ucvpy660gnw1
demopai00976,2026-03-23 10:00:00,1157.680,CHEQUE,CHQ-5859668,,2026-03-23 10:00:00,demofac00756,cmuerhq5v0000ucvpy660gnw1
demopai00977,2026-02-28 10:00:00,1928.800,VIREMENT,VIR-551198,,2026-02-28 10:00:00,demofac00757,cmuerhq5v0000ucvpy660gnw1
demopai00978,2026-02-09 10:00:00,1696.750,VIREMENT,VIR-929692,,2026-02-09 10:00:00,demofac00758,cmuerhq5v0000ucvpy660gnw1
demopai00979,2026-02-02 10:00:00,10638.938,VIREMENT,VIR-238968,,2026-02-02 10:00:00,demofac00759,cmuerhq5v0000ucvpy660gnw1
demopai00980,2026-02-21 10:00:00,12245.762,VIREMENT,VIR-565027,,2026-02-21 10:00:00,demofac00759,cmuerhq5v0000ucvpy660gnw1
demopai00981,2026-02-09 10:00:00,1530.914,CHEQUE,CHQ-3061705,,2026-02-09 10:00:00,demofac00760,cmuerhq5v0000ucvpy660gnw1
demopai00982,2026-03-06 10:00:00,1516.486,CHEQUE,CHQ-2797192,,2026-03-06 10:00:00,demofac00760,cmuerhq5v0000ucvpy660gnw1
demopai00983,2026-02-08 10:00:00,6347.221,VIREMENT,VIR-174788,,2026-02-08 10:00:00,demofac00761,cmuerhq5v0000ucvpy660gnw1
demopai00984,2026-03-03 10:00:00,4373.299,VIREMENT,VIR-618287,,2026-03-03 10:00:00,demofac00761,cmuerhq5v0000ucvpy660gnw1
demopai00985,2026-04-17 10:00:00,13567.000,AUTRE,,,2026-04-17 10:00:00,demofac00762,cmuerhq5v0000ucvpy660gnw1
demopai00986,2026-02-04 10:00:00,3321.100,CHEQUE,CHQ-6797003,,2026-02-04 10:00:00,demofac00763,cmuerhq5v0000ucvpy660gnw1
demopai00987,2026-02-18 10:00:00,3615.744,CHEQUE,CHQ-1691927,,2026-02-18 10:00:00,demofac00764,cmuerhq5v0000ucvpy660gnw1
demopai00988,2026-01-20 10:00:00,11231.700,VIREMENT,VIR-526354,,2026-01-20 10:00:00,demofac00765,cmuerhq5v0000ucvpy660gnw1
demopai00989,2026-02-21 10:00:00,13238.560,VIREMENT,VIR-542726,,2026-02-21 10:00:00,demofac00766,cmuerhq5v0000ucvpy660gnw1
demopai00990,2026-02-07 10:00:00,2143.000,CARTE,,,2026-02-07 10:00:00,demofac00767,cmuerhq5v0000ucvpy660gnw1
demopai00991,2026-02-25 10:00:00,6305.620,CHEQUE,CHQ-2192707,,2026-02-25 10:00:00,demofac00768,cmuerhq5v0000ucvpy660gnw1
demopai00992,2026-02-13 10:00:00,9806.600,CHEQUE,CHQ-9939677,,2026-02-13 10:00:00,demofac00769,cmuerhq5v0000ucvpy660gnw1
demopai00993,2026-02-25 10:00:00,8212.000,VIREMENT,VIR-989500,,2026-02-25 10:00:00,demofac00770,cmuerhq5v0000ucvpy660gnw1
demopai00994,2026-02-12 10:00:00,5594.000,CHEQUE,CHQ-1378844,,2026-02-12 10:00:00,demofac00771,cmuerhq5v0000ucvpy660gnw1
demopai00995,2026-02-03 10:00:00,1503.543,CHEQUE,CHQ-9887328,,2026-02-03 10:00:00,demofac00772,cmuerhq5v0000ucvpy660gnw1
demopai00996,2026-02-12 10:00:00,1734.830,CHEQUE,CHQ-2973893,,2026-02-12 10:00:00,demofac00772,cmuerhq5v0000ucvpy660gnw1
demopai00997,2026-02-21 10:00:00,1867.727,CHEQUE,CHQ-7092499,,2026-02-21 10:00:00,demofac00772,cmuerhq5v0000ucvpy660gnw1
demopai00998,2026-01-30 10:00:00,1726.500,CARTE,,,2026-01-30 10:00:00,demofac00774,cmuerhq5v0000ucvpy660gnw1
demopai00999,2026-03-03 10:00:00,9937.500,VIREMENT,VIR-785930,,2026-03-03 10:00:00,demofac00775,cmuerhq5v0000ucvpy660gnw1
demopai01000,2026-02-13 10:00:00,9511.853,VIREMENT,VIR-802407,,2026-02-13 10:00:00,demofac00776,cmuerhq5v0000ucvpy660gnw1
demopai01001,2026-03-02 10:00:00,8279.647,VIREMENT,VIR-376082,,2026-03-02 10:00:00,demofac00776,cmuerhq5v0000ucvpy660gnw1
demopai01002,2026-02-08 10:00:00,8973.600,CHEQUE,CHQ-6546495,,2026-02-08 10:00:00,demofac00777,cmuerhq5v0000ucvpy660gnw1
demopai01003,2026-02-09 10:00:00,12031.451,CHEQUE,CHQ-2227761,,2026-02-09 10:00:00,demofac00778,cmuerhq5v0000ucvpy660gnw1
demopai01004,2026-02-20 10:00:00,12959.549,CHEQUE,CHQ-9361997,,2026-02-20 10:00:00,demofac00778,cmuerhq5v0000ucvpy660gnw1
demopai01005,2026-03-26 10:00:00,52758.460,CHEQUE,CHQ-4289380,,2026-03-26 10:00:00,demofac00779,cmuerhq5v0000ucvpy660gnw1
demopai01006,2026-02-15 10:00:00,19695.500,CHEQUE,CHQ-5849380,,2026-02-15 10:00:00,demofac00780,cmuerhq5v0000ucvpy660gnw1
demopai01007,2026-03-07 10:00:00,18878.208,VIREMENT,VIR-363278,,2026-03-07 10:00:00,demofac00782,cmuerhq5v0000ucvpy660gnw1
demopai01008,2026-03-23 10:00:00,5832.000,VIREMENT,VIR-246870,,2026-03-23 10:00:00,demofac00783,cmuerhq5v0000ucvpy660gnw1
demopai01009,2026-02-16 10:00:00,4766.500,ESPECES,,,2026-02-16 10:00:00,demofac00784,cmuerhq5v0000ucvpy660gnw1
demopai01010,2026-02-06 10:00:00,1314.950,CARTE,,,2026-02-06 10:00:00,demofac00785,cmuerhq5v0000ucvpy660gnw1
demopai01011,2026-01-30 10:00:00,2278.953,CHEQUE,CHQ-5419495,,2026-01-30 10:00:00,demofac00786,cmuerhq5v0000ucvpy660gnw1
demopai01012,2026-01-30 10:00:00,2171.350,CHEQUE,CHQ-9247504,,2026-01-30 10:00:00,demofac00786,cmuerhq5v0000ucvpy660gnw1
demopai01013,2026-01-31 10:00:00,3094.327,CHEQUE,CHQ-1511556,,2026-01-31 10:00:00,demofac00786,cmuerhq5v0000ucvpy660gnw1
demopai01014,2026-05-06 10:00:00,20421.680,CHEQUE,CHQ-8467112,,2026-05-06 10:00:00,demofac00787,cmuerhq5v0000ucvpy660gnw1
demopai01015,2026-03-29 10:00:00,36177.000,VIREMENT,VIR-659899,,2026-03-29 10:00:00,demofac00788,cmuerhq5v0000ucvpy660gnw1
demopai01016,2026-04-26 10:00:00,2334.352,VIREMENT,VIR-520928,,2026-04-26 10:00:00,demofac00789,cmuerhq5v0000ucvpy660gnw1
demopai01017,2026-02-05 10:00:00,4487.300,VIREMENT,VIR-725048,,2026-02-05 10:00:00,demofac00790,cmuerhq5v0000ucvpy660gnw1
demopai01018,2026-02-08 10:00:00,3626.550,VIREMENT,VIR-846321,,2026-02-08 10:00:00,demofac00791,cmuerhq5v0000ucvpy660gnw1
demopai01019,2026-02-15 10:00:00,4199.649,VIREMENT,VIR-261762,,2026-02-15 10:00:00,demofac00791,cmuerhq5v0000ucvpy660gnw1
demopai01020,2026-02-22 10:00:00,4976.821,VIREMENT,VIR-152744,,2026-02-22 10:00:00,demofac00791,cmuerhq5v0000ucvpy660gnw1
demopai01021,2026-02-03 10:00:00,442.173,CARTE,,,2026-02-03 10:00:00,demofac00792,cmuerhq5v0000ucvpy660gnw1
demopai01022,2026-02-05 10:00:00,427.640,CARTE,,,2026-02-05 10:00:00,demofac00792,cmuerhq5v0000ucvpy660gnw1
demopai01023,2026-02-06 10:00:00,606.787,CARTE,,,2026-02-06 10:00:00,demofac00792,cmuerhq5v0000ucvpy660gnw1
demopai01024,2026-03-10 10:00:00,3571.000,VIREMENT,VIR-393749,,2026-03-10 10:00:00,demofac00793,cmuerhq5v0000ucvpy660gnw1
demopai01025,2026-02-06 10:00:00,2923.767,AUTRE,,,2026-02-06 10:00:00,demofac00794,cmuerhq5v0000ucvpy660gnw1
demopai01026,2026-02-07 10:00:00,3524.907,AUTRE,,,2026-02-07 10:00:00,demofac00794,cmuerhq5v0000ucvpy660gnw1
demopai01027,2026-02-09 10:00:00,4079.576,AUTRE,,,2026-02-09 10:00:00,demofac00794,cmuerhq5v0000ucvpy660gnw1
demopai01028,2026-03-25 10:00:00,3024.550,VIREMENT,VIR-709732,,2026-03-25 10:00:00,demofac00795,cmuerhq5v0000ucvpy660gnw1
demopai01029,2026-03-20 10:00:00,14995.000,VIREMENT,VIR-466191,,2026-03-20 10:00:00,demofac00796,cmuerhq5v0000ucvpy660gnw1
demopai01030,2026-03-02 10:00:00,6665.000,VIREMENT,VIR-841206,,2026-03-02 10:00:00,demofac00797,cmuerhq5v0000ucvpy660gnw1
demopai01031,2026-02-17 10:00:00,7146.516,VIREMENT,VIR-595620,,2026-02-17 10:00:00,demofac00798,cmuerhq5v0000ucvpy660gnw1
demopai01032,2026-03-01 10:00:00,5894.908,VIREMENT,VIR-282907,,2026-03-01 10:00:00,demofac00798,cmuerhq5v0000ucvpy660gnw1
demopai01033,2026-03-13 10:00:00,5404.576,VIREMENT,VIR-530627,,2026-03-13 10:00:00,demofac00798,cmuerhq5v0000ucvpy660gnw1
demopai01034,2026-02-26 10:00:00,1214.800,VIREMENT,VIR-946717,,2026-02-26 10:00:00,demofac00799,cmuerhq5v0000ucvpy660gnw1
demopai01035,2026-05-06 10:00:00,9491.250,VIREMENT,VIR-360202,,2026-05-06 10:00:00,demofac00800,cmuerhq5v0000ucvpy660gnw1
demopai01036,2026-02-08 10:00:00,4285.000,ESPECES,,,2026-02-08 10:00:00,demofac00801,cmuerhq5v0000ucvpy660gnw1
demopai01037,2026-02-28 10:00:00,4285.000,CHEQUE,CHQ-6845408,,2026-02-28 10:00:00,demofac00803,cmuerhq5v0000ucvpy660gnw1
demopai01038,2026-02-24 10:00:00,1191.000,CHEQUE,CHQ-1946212,,2026-02-24 10:00:00,demofac00804,cmuerhq5v0000ucvpy660gnw1
demopai01039,2026-03-04 10:00:00,8991.450,VIREMENT,VIR-702990,,2026-03-04 10:00:00,demofac00805,cmuerhq5v0000ucvpy660gnw1
demopai01040,2026-03-16 10:00:00,2857.000,CHEQUE,CHQ-7727995,,2026-03-16 10:00:00,demofac00806,cmuerhq5v0000ucvpy660gnw1
demopai01041,2026-02-13 10:00:00,279.856,VIREMENT,VIR-136681,,2026-02-13 10:00:00,demofac00807,cmuerhq5v0000ucvpy660gnw1
demopai01042,2026-02-16 10:00:00,268.544,VIREMENT,VIR-143343,,2026-02-16 10:00:00,demofac00807,cmuerhq5v0000ucvpy660gnw1
demopai01043,2026-02-14 10:00:00,760.897,ESPECES,,,2026-02-14 10:00:00,demofac00808,cmuerhq5v0000ucvpy660gnw1
demopai01044,2026-02-19 10:00:00,818.783,ESPECES,,,2026-02-19 10:00:00,demofac00808,cmuerhq5v0000ucvpy660gnw1
demopai01045,2026-04-04 10:00:00,3695.474,VIREMENT,VIR-556436,,2026-04-04 10:00:00,demofac00809,cmuerhq5v0000ucvpy660gnw1
demopai01046,2026-04-02 10:00:00,5504.750,VIREMENT,VIR-135063,,2026-04-02 10:00:00,demofac00811,cmuerhq5v0000ucvpy660gnw1
demopai01047,2026-05-06 10:00:00,858.752,CARTE,,,2026-05-06 10:00:00,demofac00812,cmuerhq5v0000ucvpy660gnw1
demopai01048,2026-03-24 10:00:00,5356.000,VIREMENT,VIR-666808,,2026-03-24 10:00:00,demofac00813,cmuerhq5v0000ucvpy660gnw1
demopai01049,2026-03-31 10:00:00,18208.000,VIREMENT,VIR-146399,,2026-03-31 10:00:00,demofac00814,cmuerhq5v0000ucvpy660gnw1
demopai01050,2026-03-29 10:00:00,4427.800,CHEQUE,CHQ-8661240,,2026-03-29 10:00:00,demofac00815,cmuerhq5v0000ucvpy660gnw1
demopai01051,2026-03-13 10:00:00,7002.680,VIREMENT,VIR-569375,,2026-03-13 10:00:00,demofac00816,cmuerhq5v0000ucvpy660gnw1
demopai01052,2026-03-22 10:00:00,358.000,VIREMENT,VIR-886764,,2026-03-22 10:00:00,demofac00817,cmuerhq5v0000ucvpy660gnw1
demopai01053,2026-05-17 10:00:00,10071.970,CHEQUE,CHQ-9381899,,2026-05-17 10:00:00,demofac00818,cmuerhq5v0000ucvpy660gnw1
demopai01054,2026-02-15 10:00:00,5153.700,ESPECES,,,2026-02-15 10:00:00,demofac00819,cmuerhq5v0000ucvpy660gnw1
demopai01055,2026-05-04 10:00:00,3717.720,CHEQUE,CHQ-4523481,,2026-05-04 10:00:00,demofac00820,cmuerhq5v0000ucvpy660gnw1
demopai01056,2026-03-07 10:00:00,1000.600,CHEQUE,CHQ-3357929,,2026-03-07 10:00:00,demofac00822,cmuerhq5v0000ucvpy660gnw1
demopai01057,2026-04-10 10:00:00,394.414,VIREMENT,VIR-816645,,2026-04-10 10:00:00,demofac00823,cmuerhq5v0000ucvpy660gnw1
demopai01058,2026-02-26 10:00:00,8517.660,VIREMENT,VIR-145449,,2026-02-26 10:00:00,demofac00824,cmuerhq5v0000ucvpy660gnw1
demopai01059,2026-03-06 10:00:00,9631.714,VIREMENT,VIR-901815,,2026-03-06 10:00:00,demofac00824,cmuerhq5v0000ucvpy660gnw1
demopai01060,2026-03-13 10:00:00,9221.626,VIREMENT,VIR-526424,,2026-03-13 10:00:00,demofac00824,cmuerhq5v0000ucvpy660gnw1
demopai01061,2026-03-25 10:00:00,999.600,VIREMENT,VIR-277435,,2026-03-25 10:00:00,demofac00825,cmuerhq5v0000ucvpy660gnw1
demopai01062,2026-04-24 10:00:00,3743.550,CHEQUE,CHQ-5339355,,2026-04-24 10:00:00,demofac00826,cmuerhq5v0000ucvpy660gnw1
demopai01063,2026-03-10 10:00:00,42365.000,VIREMENT,VIR-740718,,2026-03-10 10:00:00,demofac00827,cmuerhq5v0000ucvpy660gnw1
demopai01064,2026-03-02 10:00:00,294.335,CHEQUE,CHQ-2583046,,2026-03-02 10:00:00,demofac00828,cmuerhq5v0000ucvpy660gnw1
demopai01065,2026-04-10 10:00:00,7110.820,CHEQUE,CHQ-7540983,,2026-04-10 10:00:00,demofac00829,cmuerhq5v0000ucvpy660gnw1
demopai01066,2026-03-29 10:00:00,3144.885,CHEQUE,CHQ-2837210,,2026-03-29 10:00:00,demofac00830,cmuerhq5v0000ucvpy660gnw1
demopai01067,2026-03-03 10:00:00,7175.123,CHEQUE,CHQ-7516995,,2026-03-03 10:00:00,demofac00831,cmuerhq5v0000ucvpy660gnw1
demopai01068,2026-03-09 10:00:00,5992.811,CHEQUE,CHQ-6826164,,2026-03-09 10:00:00,demofac00831,cmuerhq5v0000ucvpy660gnw1
demopai01069,2026-03-16 10:00:00,6239.726,CHEQUE,CHQ-6595858,,2026-03-16 10:00:00,demofac00831,cmuerhq5v0000ucvpy660gnw1
demopai01070,2026-04-04 10:00:00,2547.600,CHEQUE,CHQ-3354211,,2026-04-04 10:00:00,demofac00832,cmuerhq5v0000ucvpy660gnw1
demopai01071,2026-04-12 10:00:00,14281.000,VIREMENT,VIR-339671,,2026-04-12 10:00:00,demofac00833,cmuerhq5v0000ucvpy660gnw1
demopai01072,2026-03-08 10:00:00,1124.500,AUTRE,,,2026-03-08 10:00:00,demofac00834,cmuerhq5v0000ucvpy660gnw1
demopai01073,2026-04-09 10:00:00,14845.192,VIREMENT,VIR-618855,,2026-04-09 10:00:00,demofac00835,cmuerhq5v0000ucvpy660gnw1
demopai01074,2026-04-04 10:00:00,27494.140,CHEQUE,CHQ-1673886,,2026-04-04 10:00:00,demofac00836,cmuerhq5v0000ucvpy660gnw1
demopai01075,2026-04-16 10:00:00,20479.900,VIREMENT,VIR-879943,,2026-04-16 10:00:00,demofac00837,cmuerhq5v0000ucvpy660gnw1
demopai01076,2026-03-11 10:00:00,4215.128,VIREMENT,VIR-419345,,2026-03-11 10:00:00,demofac00838,cmuerhq5v0000ucvpy660gnw1
demopai01077,2026-03-24 10:00:00,4608.773,VIREMENT,VIR-632551,,2026-03-24 10:00:00,demofac00838,cmuerhq5v0000ucvpy660gnw1
demopai01078,2026-04-05 10:00:00,3510.599,VIREMENT,VIR-585729,,2026-04-05 10:00:00,demofac00838,cmuerhq5v0000ucvpy660gnw1
demopai01079,2026-03-20 10:00:00,3048.999,CHEQUE,CHQ-9664473,,2026-03-20 10:00:00,demofac00839,cmuerhq5v0000ucvpy660gnw1
demopai01080,2026-04-09 10:00:00,2415.832,CHEQUE,CHQ-1771379,,2026-04-09 10:00:00,demofac00839,cmuerhq5v0000ucvpy660gnw1
demopai01081,2026-04-29 10:00:00,3390.245,CHEQUE,CHQ-2462309,,2026-04-29 10:00:00,demofac00839,cmuerhq5v0000ucvpy660gnw1
demopai01082,2026-03-23 10:00:00,12089.580,VIREMENT,VIR-185022,,2026-03-23 10:00:00,demofac00840,cmuerhq5v0000ucvpy660gnw1
demopai01083,2026-03-21 10:00:00,8066.225,VIREMENT,VIR-619484,,2026-03-21 10:00:00,demofac00841,cmuerhq5v0000ucvpy660gnw1
demopai01084,2026-04-04 10:00:00,18718.443,CHEQUE,CHQ-7907133,,2026-04-04 10:00:00,demofac00842,cmuerhq5v0000ucvpy660gnw1
demopai01085,2026-05-07 10:00:00,14593.607,CHEQUE,CHQ-2716121,,2026-05-07 10:00:00,demofac00842,cmuerhq5v0000ucvpy660gnw1
demopai01086,2026-03-13 10:00:00,161.500,CARTE,,,2026-03-13 10:00:00,demofac00843,cmuerhq5v0000ucvpy660gnw1
demopai01087,2026-04-02 10:00:00,32369.000,VIREMENT,VIR-290700,,2026-04-02 10:00:00,demofac00844,cmuerhq5v0000ucvpy660gnw1
demopai01088,2026-03-19 10:00:00,995.840,ESPECES,,,2026-03-19 10:00:00,demofac00845,cmuerhq5v0000ucvpy660gnw1
demopai01089,2026-04-19 10:00:00,14307.881,VIREMENT,VIR-540571,,2026-04-19 10:00:00,demofac00846,cmuerhq5v0000ucvpy660gnw1
demopai01090,2026-06-04 10:00:00,12504.414,VIREMENT,VIR-441389,,2026-06-04 10:00:00,demofac00846,cmuerhq5v0000ucvpy660gnw1
demopai01091,2026-03-29 10:00:00,3524.590,VIREMENT,VIR-374669,,2026-03-29 10:00:00,demofac00847,cmuerhq5v0000ucvpy660gnw1
demopai01092,2026-04-18 10:00:00,2884.510,VIREMENT,VIR-492117,,2026-04-18 10:00:00,demofac00848,cmuerhq5v0000ucvpy660gnw1
demopai01093,2026-04-12 10:00:00,16608.045,VIREMENT,VIR-866295,,2026-04-12 10:00:00,demofac00849,cmuerhq5v0000ucvpy660gnw1
demopai01094,2026-03-24 10:00:00,5547.252,CHEQUE,CHQ-6868428,,2026-03-24 10:00:00,demofac00850,cmuerhq5v0000ucvpy660gnw1
demopai01095,2026-04-10 10:00:00,7611.048,CHEQUE,CHQ-1635235,,2026-04-10 10:00:00,demofac00850,cmuerhq5v0000ucvpy660gnw1
demopai01096,2026-03-14 10:00:00,2372.583,VIREMENT,VIR-881057,,2026-03-14 10:00:00,demofac00851,cmuerhq5v0000ucvpy660gnw1
demopai01097,2026-03-20 10:00:00,1844.325,VIREMENT,VIR-503092,,2026-03-20 10:00:00,demofac00851,cmuerhq5v0000ucvpy660gnw1
demopai01098,2026-03-27 10:00:00,1719.812,VIREMENT,VIR-171527,,2026-03-27 10:00:00,demofac00851,cmuerhq5v0000ucvpy660gnw1
demopai01099,2026-03-15 10:00:00,774.500,CARTE,,,2026-03-15 10:00:00,demofac00852,cmuerhq5v0000ucvpy660gnw1
demopai01100,2026-03-23 10:00:00,6903.000,CHEQUE,CHQ-8564256,,2026-03-23 10:00:00,demofac00853,cmuerhq5v0000ucvpy660gnw1
demopai01101,2026-04-30 10:00:00,6903.000,VIREMENT,VIR-347390,,2026-04-30 10:00:00,demofac00854,cmuerhq5v0000ucvpy660gnw1
demopai01102,2026-04-30 10:00:00,3404.400,CARTE,,,2026-04-30 10:00:00,demofac00855,cmuerhq5v0000ucvpy660gnw1
demopai01103,2026-04-14 10:00:00,25856.130,VIREMENT,VIR-388932,,2026-04-14 10:00:00,demofac00856,cmuerhq5v0000ucvpy660gnw1
demopai01104,2026-04-28 10:00:00,15709.000,AUTRE,,,2026-04-28 10:00:00,demofac00857,cmuerhq5v0000ucvpy660gnw1
demopai01105,2026-04-08 10:00:00,572.200,CHEQUE,CHQ-4045314,,2026-04-08 10:00:00,demofac00858,cmuerhq5v0000ucvpy660gnw1
demopai01106,2026-04-20 10:00:00,13302.820,CHEQUE,CHQ-7439409,,2026-04-20 10:00:00,demofac00859,cmuerhq5v0000ucvpy660gnw1
demopai01107,2026-03-21 10:00:00,8903.390,CHEQUE,CHQ-9445517,,2026-03-21 10:00:00,demofac00860,cmuerhq5v0000ucvpy660gnw1
demopai01108,2026-03-17 10:00:00,775.889,CARTE,,,2026-03-17 10:00:00,demofac00861,cmuerhq5v0000ucvpy660gnw1
demopai01109,2026-04-01 10:00:00,7350.696,VIREMENT,VIR-980553,,2026-04-01 10:00:00,demofac00862,cmuerhq5v0000ucvpy660gnw1
demopai01110,2026-04-21 10:00:00,6534.799,VIREMENT,VIR-358972,,2026-04-21 10:00:00,demofac00862,cmuerhq5v0000ucvpy660gnw1
demopai01111,2026-05-10 10:00:00,9458.545,VIREMENT,VIR-337870,,2026-05-10 10:00:00,demofac00862,cmuerhq5v0000ucvpy660gnw1
demopai01112,2026-04-10 10:00:00,2421.841,CHEQUE,CHQ-6341929,,2026-04-10 10:00:00,demofac00863,cmuerhq5v0000ucvpy660gnw1
demopai01113,2026-05-07 10:00:00,2172.218,CHEQUE,CHQ-6988669,,2026-05-07 10:00:00,demofac00863,cmuerhq5v0000ucvpy660gnw1
demopai01114,2026-06-04 10:00:00,2784.941,CHEQUE,CHQ-3169947,,2026-06-04 10:00:00,demofac00863,cmuerhq5v0000ucvpy660gnw1
demopai01115,2026-05-05 10:00:00,13376.600,ESPECES,,,2026-05-05 10:00:00,demofac00864,cmuerhq5v0000ucvpy660gnw1
demopai01116,2026-04-28 10:00:00,1553.950,VIREMENT,VIR-172718,,2026-04-28 10:00:00,demofac00865,cmuerhq5v0000ucvpy660gnw1
demopai01117,2026-06-10 10:00:00,18179.440,CHEQUE,CHQ-4429806,,2026-06-10 10:00:00,demofac00866,cmuerhq5v0000ucvpy660gnw1
demopai01118,2026-04-17 10:00:00,4999.000,VIREMENT,VIR-789954,,2026-04-17 10:00:00,demofac00867,cmuerhq5v0000ucvpy660gnw1
demopai01119,2026-06-03 10:00:00,18231.800,VIREMENT,VIR-946671,,2026-06-03 10:00:00,demofac00868,cmuerhq5v0000ucvpy660gnw1
demopai01120,2026-04-19 10:00:00,1928.800,CARTE,,,2026-04-19 10:00:00,demofac00869,cmuerhq5v0000ucvpy660gnw1
demopai01121,2026-03-20 10:00:00,4978.280,CARTE,,,2026-03-20 10:00:00,demofac00870,cmuerhq5v0000ucvpy660gnw1
demopai01122,2026-05-15 10:00:00,3321.100,CHEQUE,CHQ-8284205,,2026-05-15 10:00:00,demofac00871,cmuerhq5v0000ucvpy660gnw1
demopai01123,2026-03-18 10:00:00,3225.900,CARTE,,,2026-03-18 10:00:00,demofac00872,cmuerhq5v0000ucvpy660gnw1
demopai01124,2026-05-01 10:00:00,7968.220,ESPECES,,,2026-05-01 10:00:00,demofac00873,cmuerhq5v0000ucvpy660gnw1
demopai01125,2026-05-20 10:00:00,17325.871,VIREMENT,VIR-146049,,2026-05-20 10:00:00,demofac00874,cmuerhq5v0000ucvpy660gnw1
demopai01126,2026-04-19 10:00:00,22622.900,VIREMENT,VIR-307192,,2026-04-19 10:00:00,demofac00875,cmuerhq5v0000ucvpy660gnw1
demopai01127,2026-04-12 10:00:00,10343.766,VIREMENT,VIR-766152,,2026-04-12 10:00:00,demofac00876,cmuerhq5v0000ucvpy660gnw1
demopai01128,2026-04-27 10:00:00,1136.117,CHEQUE,CHQ-2172609,,2026-04-27 10:00:00,demofac00877,cmuerhq5v0000ucvpy660gnw1
demopai01129,2026-05-04 10:00:00,7789.788,CHEQUE,CHQ-1034320,,2026-05-04 10:00:00,demofac00878,cmuerhq5v0000ucvpy660gnw1
demopai01130,2026-04-10 10:00:00,6150.920,ESPECES,,,2026-04-10 10:00:00,demofac00879,cmuerhq5v0000ucvpy660gnw1
demopai01131,2026-04-08 10:00:00,16162.766,AUTRE,,,2026-04-08 10:00:00,demofac00880,cmuerhq5v0000ucvpy660gnw1
demopai01132,2026-04-22 10:00:00,12357.087,AUTRE,,,2026-04-22 10:00:00,demofac00880,cmuerhq5v0000ucvpy660gnw1
demopai01133,2026-05-07 10:00:00,17641.247,AUTRE,,,2026-05-07 10:00:00,demofac00880,cmuerhq5v0000ucvpy660gnw1
demopai01134,2026-05-11 10:00:00,4694.200,CHEQUE,CHQ-9067895,,2026-05-11 10:00:00,demofac00881,cmuerhq5v0000ucvpy660gnw1
demopai01135,2026-05-15 10:00:00,9390.100,CHEQUE,CHQ-7208691,,2026-05-15 10:00:00,demofac00882,cmuerhq5v0000ucvpy660gnw1
demopai01136,2026-04-24 10:00:00,13805.000,CHEQUE,CHQ-5553125,,2026-04-24 10:00:00,demofac00883,cmuerhq5v0000ucvpy660gnw1
demopai01137,2026-05-02 10:00:00,8390.500,VIREMENT,VIR-831284,,2026-05-02 10:00:00,demofac00884,cmuerhq5v0000ucvpy660gnw1
demopai01138,2026-04-10 10:00:00,3621.008,ESPECES,,,2026-04-10 10:00:00,demofac00885,cmuerhq5v0000ucvpy660gnw1
demopai01139,2026-04-24 10:00:00,2948.792,ESPECES,,,2026-04-24 10:00:00,demofac00885,cmuerhq5v0000ucvpy660gnw1
demopai01140,2026-06-05 10:00:00,11285.454,CHEQUE,CHQ-9368010,,2026-06-05 10:00:00,demofac00886,cmuerhq5v0000ucvpy660gnw1
demopai01141,2026-08-14 10:00:00,10539.656,CHEQUE,CHQ-8802923,,2026-08-14 10:00:00,demofac00886,cmuerhq5v0000ucvpy660gnw1
demopai01142,2026-04-08 10:00:00,1397.204,VIREMENT,VIR-749751,,2026-04-08 10:00:00,demofac00887,cmuerhq5v0000ucvpy660gnw1
demopai01143,2026-04-18 10:00:00,936.196,VIREMENT,VIR-936074,,2026-04-18 10:00:00,demofac00887,cmuerhq5v0000ucvpy660gnw1
demopai01144,2026-05-15 10:00:00,14280.000,VIREMENT,VIR-677417,,2026-05-15 10:00:00,demofac00888,cmuerhq5v0000ucvpy660gnw1
demopai01145,2026-03-30 10:00:00,2853.776,CARTE,,,2026-03-30 10:00:00,demofac00889,cmuerhq5v0000ucvpy660gnw1
demopai01146,2026-04-01 10:00:00,3138.074,CARTE,,,2026-04-01 10:00:00,demofac00889,cmuerhq5v0000ucvpy660gnw1
demopai01147,2026-04-03 10:00:00,2398.650,CARTE,,,2026-04-03 10:00:00,demofac00889,cmuerhq5v0000ucvpy660gnw1
demopai01148,2026-04-10 10:00:00,12258.000,VIREMENT,VIR-192782,,2026-04-10 10:00:00,demofac00890,cmuerhq5v0000ucvpy660gnw1
demopai01149,2026-05-31 10:00:00,4981.150,CARTE,,,2026-05-31 10:00:00,demofac00891,cmuerhq5v0000ucvpy660gnw1
demopai01150,2026-05-24 10:00:00,1115.310,VIREMENT,VIR-799047,,2026-05-24 10:00:00,demofac00892,cmuerhq5v0000ucvpy660gnw1
demopai01151,2026-04-21 10:00:00,8818.467,VIREMENT,VIR-545903,,2026-04-21 10:00:00,demofac00893,cmuerhq5v0000ucvpy660gnw1
demopai01152,2026-05-13 10:00:00,9008.733,VIREMENT,VIR-645168,,2026-05-13 10:00:00,demofac00893,cmuerhq5v0000ucvpy660gnw1
demopai01153,2026-05-05 10:00:00,14281.000,CHEQUE,CHQ-6452364,,2026-05-05 10:00:00,demofac00894,cmuerhq5v0000ucvpy660gnw1
demopai01154,2026-05-05 10:00:00,1747.480,CHEQUE,CHQ-4642431,,2026-05-05 10:00:00,demofac00895,cmuerhq5v0000ucvpy660gnw1
demopai01155,2026-04-06 10:00:00,4784.800,ESPECES,,,2026-04-06 10:00:00,demofac00896,cmuerhq5v0000ucvpy660gnw1
demopai01156,2026-04-11 10:00:00,810.200,VIREMENT,VIR-200964,,2026-04-11 10:00:00,demofac00897,cmuerhq5v0000ucvpy660gnw1
demopai01157,2026-04-06 10:00:00,13563.170,CHEQUE,CHQ-8841859,,2026-04-06 10:00:00,demofac00898,cmuerhq5v0000ucvpy660gnw1
demopai01158,2026-04-21 10:00:00,8015.728,ESPECES,,,2026-04-21 10:00:00,demofac00899,cmuerhq5v0000ucvpy660gnw1
demopai01159,2026-05-07 10:00:00,7344.879,ESPECES,,,2026-05-07 10:00:00,demofac00899,cmuerhq5v0000ucvpy660gnw1
demopai01160,2026-05-24 10:00:00,10712.817,ESPECES,,,2026-05-24 10:00:00,demofac00899,cmuerhq5v0000ucvpy660gnw1
demopai01161,2026-04-10 10:00:00,7747.900,CARTE,,,2026-04-10 10:00:00,demofac00900,cmuerhq5v0000ucvpy660gnw1
demopai01162,2026-04-19 10:00:00,1806.256,VIREMENT,VIR-141918,,2026-04-19 10:00:00,demofac00901,cmuerhq5v0000ucvpy660gnw1
demopai01163,2026-05-03 10:00:00,2198.245,VIREMENT,VIR-661315,,2026-05-03 10:00:00,demofac00901,cmuerhq5v0000ucvpy660gnw1
demopai01164,2026-05-17 10:00:00,2000.049,VIREMENT,VIR-343027,,2026-05-17 10:00:00,demofac00901,cmuerhq5v0000ucvpy660gnw1
demopai01165,2026-05-01 10:00:00,3071.200,VIREMENT,VIR-664270,,2026-05-01 10:00:00,demofac00902,cmuerhq5v0000ucvpy660gnw1
demopai01166,2026-05-03 10:00:00,1011.500,VIREMENT,VIR-121401,,2026-05-03 10:00:00,demofac00903,cmuerhq5v0000ucvpy660gnw1
demopai01167,2026-05-13 10:00:00,7246.235,VIREMENT,VIR-484218,,2026-05-13 10:00:00,demofac00904,cmuerhq5v0000ucvpy660gnw1
demopai01168,2026-05-13 10:00:00,3031.360,VIREMENT,VIR-566807,,2026-05-13 10:00:00,demofac00905,cmuerhq5v0000ucvpy660gnw1
demopai01169,2026-04-25 10:00:00,3036.836,CHEQUE,CHQ-1933385,,2026-04-25 10:00:00,demofac00906,cmuerhq5v0000ucvpy660gnw1
demopai01170,2026-05-13 10:00:00,3656.129,CHEQUE,CHQ-9114518,,2026-05-13 10:00:00,demofac00906,cmuerhq5v0000ucvpy660gnw1
demopai01171,2026-05-30 10:00:00,3625.335,CHEQUE,CHQ-8993247,,2026-05-30 10:00:00,demofac00906,cmuerhq5v0000ucvpy660gnw1
demopai01172,2026-06-10 10:00:00,1204.750,VIREMENT,VIR-287216,,2026-06-10 10:00:00,demofac00907,cmuerhq5v0000ucvpy660gnw1
demopai01173,2026-04-19 10:00:00,20527.080,ESPECES,,,2026-04-19 10:00:00,demofac00908,cmuerhq5v0000ucvpy660gnw1
demopai01174,2026-05-12 10:00:00,3809.000,VIREMENT,VIR-988543,,2026-05-12 10:00:00,demofac00909,cmuerhq5v0000ucvpy660gnw1
demopai01175,2026-05-06 10:00:00,16564.440,VIREMENT,VIR-532434,,2026-05-06 10:00:00,demofac00910,cmuerhq5v0000ucvpy660gnw1
demopai01176,2026-05-17 10:00:00,9675.700,VIREMENT,VIR-220525,,2026-05-17 10:00:00,demofac00911,cmuerhq5v0000ucvpy660gnw1
demopai01177,2026-06-15 10:00:00,2607.100,VIREMENT,VIR-859394,,2026-06-15 10:00:00,demofac00912,cmuerhq5v0000ucvpy660gnw1
demopai01178,2026-06-29 10:00:00,2500.000,VIREMENT,VIR-442921,,2026-06-29 10:00:00,demofac00913,cmuerhq5v0000ucvpy660gnw1
demopai01179,2026-04-22 10:00:00,3449.585,CARTE,,,2026-04-22 10:00:00,demofac00914,cmuerhq5v0000ucvpy660gnw1
demopai01180,2026-05-03 10:00:00,4440.660,CARTE,,,2026-05-03 10:00:00,demofac00914,cmuerhq5v0000ucvpy660gnw1
demopai01181,2026-05-14 10:00:00,4658.115,CARTE,,,2026-05-14 10:00:00,demofac00914,cmuerhq5v0000ucvpy660gnw1
demopai01182,2026-06-01 10:00:00,13805.000,CHEQUE,CHQ-1588201,,2026-06-01 10:00:00,demofac00915,cmuerhq5v0000ucvpy660gnw1
demopai01183,2026-05-17 10:00:00,3809.000,CHEQUE,CHQ-7042330,,2026-05-17 10:00:00,demofac00916,cmuerhq5v0000ucvpy660gnw1
demopai01184,2026-04-15 10:00:00,8376.562,ESPECES,,,2026-04-15 10:00:00,demofac00917,cmuerhq5v0000ucvpy660gnw1
demopai01185,2026-04-17 10:00:00,8474.838,ESPECES,,,2026-04-17 10:00:00,demofac00917,cmuerhq5v0000ucvpy660gnw1
demopai01186,2026-07-14 10:00:00,2131.100,CHEQUE,CHQ-6606554,,2026-07-14 10:00:00,demofac00918,cmuerhq5v0000ucvpy660gnw1
demopai01187,2026-04-22 10:00:00,4667.585,VIREMENT,VIR-521059,,2026-04-22 10:00:00,demofac00919,cmuerhq5v0000ucvpy660gnw1
demopai01188,2026-04-27 10:00:00,1766.797,VIREMENT,VIR-933811,,2026-04-27 10:00:00,demofac00920,cmuerhq5v0000ucvpy660gnw1
demopai01189,2026-05-10 10:00:00,1459.661,VIREMENT,VIR-838808,,2026-05-10 10:00:00,demofac00920,cmuerhq5v0000ucvpy660gnw1
demopai01190,2026-05-23 10:00:00,1802.292,VIREMENT,VIR-160976,,2026-05-23 10:00:00,demofac00920,cmuerhq5v0000ucvpy660gnw1
demopai01191,2026-04-18 10:00:00,3411.012,ESPECES,,,2026-04-18 10:00:00,demofac00921,cmuerhq5v0000ucvpy660gnw1
demopai01192,2026-04-20 10:00:00,4273.988,ESPECES,,,2026-04-20 10:00:00,demofac00921,cmuerhq5v0000ucvpy660gnw1
demopai01193,2026-05-07 10:00:00,25600.280,CHEQUE,CHQ-9273053,,2026-05-07 10:00:00,demofac00922,cmuerhq5v0000ucvpy660gnw1
demopai01194,2026-05-22 10:00:00,1768.150,VIREMENT,VIR-355071,,2026-05-22 10:00:00,demofac00923,cmuerhq5v0000ucvpy660gnw1
demopai01195,2026-04-25 10:00:00,6422.240,VIREMENT,VIR-938859,,2026-04-25 10:00:00,demofac00924,cmuerhq5v0000ucvpy660gnw1
demopai01196,2026-05-31 10:00:00,4511.100,CHEQUE,CHQ-4202268,,2026-05-31 10:00:00,demofac00925,cmuerhq5v0000ucvpy660gnw1
demopai01197,2026-05-18 10:00:00,5356.000,VIREMENT,VIR-839308,,2026-05-18 10:00:00,demofac00926,cmuerhq5v0000ucvpy660gnw1
demopai01198,2026-06-09 10:00:00,1157.104,VIREMENT,VIR-776832,,2026-06-09 10:00:00,demofac00927,cmuerhq5v0000ucvpy660gnw1
demopai01199,2026-04-30 10:00:00,700.720,ESPECES,,,2026-04-30 10:00:00,demofac00928,cmuerhq5v0000ucvpy660gnw1
demopai01200,2026-06-13 10:00:00,22313.500,VIREMENT,VIR-976134,,2026-06-13 10:00:00,demofac00929,cmuerhq5v0000ucvpy660gnw1
demopai01201,2026-05-03 10:00:00,4132.971,CHEQUE,CHQ-2297073,,2026-05-03 10:00:00,demofac00931,cmuerhq5v0000ucvpy660gnw1
demopai01202,2026-05-14 10:00:00,3115.245,CHEQUE,CHQ-5963926,,2026-05-14 10:00:00,demofac00931,cmuerhq5v0000ucvpy660gnw1
demopai01203,2026-05-26 10:00:00,3602.014,CHEQUE,CHQ-6312629,,2026-05-26 10:00:00,demofac00931,cmuerhq5v0000ucvpy660gnw1
demopai01204,2026-06-25 10:00:00,3214.000,CHEQUE,CHQ-2305143,,2026-06-25 10:00:00,demofac00932,cmuerhq5v0000ucvpy660gnw1
demopai01205,2026-06-13 10:00:00,2024.000,VIREMENT,VIR-154964,,2026-06-13 10:00:00,demofac00933,cmuerhq5v0000ucvpy660gnw1
demopai01206,2026-06-11 10:00:00,7331.400,VIREMENT,VIR-429601,,2026-06-11 10:00:00,demofac00934,cmuerhq5v0000ucvpy660gnw1
demopai01207,2026-05-10 10:00:00,13525.350,VIREMENT,VIR-871875,,2026-05-10 10:00:00,demofac00935,cmuerhq5v0000ucvpy660gnw1
demopai01208,2026-05-14 10:00:00,775.270,CHEQUE,CHQ-7291396,,2026-05-14 10:00:00,demofac00936,cmuerhq5v0000ucvpy660gnw1
demopai01209,2026-06-27 10:00:00,358.000,VIREMENT,VIR-502002,,2026-06-27 10:00:00,demofac00938,cmuerhq5v0000ucvpy660gnw1
demopai01210,2026-06-24 10:00:00,3573.730,CHEQUE,CHQ-9781822,,2026-06-24 10:00:00,demofac00939,cmuerhq5v0000ucvpy660gnw1
demopai01211,2026-06-07 10:00:00,3809.000,VIREMENT,VIR-645242,,2026-06-07 10:00:00,demofac00940,cmuerhq5v0000ucvpy660gnw1
demopai01212,2026-06-27 10:00:00,10235.000,VIREMENT,VIR-861959,,2026-06-27 10:00:00,demofac00941,cmuerhq5v0000ucvpy660gnw1
demopai01213,2026-05-05 10:00:00,763.963,CHEQUE,CHQ-2015131,,2026-05-05 10:00:00,demofac00943,cmuerhq5v0000ucvpy660gnw1
demopai01214,2026-05-16 10:00:00,611.532,CHEQUE,CHQ-2082318,,2026-05-16 10:00:00,demofac00943,cmuerhq5v0000ucvpy660gnw1
demopai01215,2026-05-27 10:00:00,767.505,CHEQUE,CHQ-1603368,,2026-05-27 10:00:00,demofac00943,cmuerhq5v0000ucvpy660gnw1
demopai01216,2026-05-20 10:00:00,35103.896,CHEQUE,CHQ-7958037,,2026-05-20 10:00:00,demofac00944,cmuerhq5v0000ucvpy660gnw1
demopai01217,2026-06-14 10:00:00,26417.104,CHEQUE,CHQ-6939562,,2026-06-14 10:00:00,demofac00944,cmuerhq5v0000ucvpy660gnw1
demopai01218,2026-05-29 10:00:00,22449.160,CHEQUE,CHQ-4607429,,2026-05-29 10:00:00,demofac00945,cmuerhq5v0000ucvpy660gnw1
demopai01219,2026-05-25 10:00:00,4285.000,CHEQUE,CHQ-5943336,,2026-05-25 10:00:00,demofac00947,cmuerhq5v0000ucvpy660gnw1
demopai01220,2026-07-29 10:00:00,3178.000,VIREMENT,VIR-671839,,2026-07-29 10:00:00,demofac00948,cmuerhq5v0000ucvpy660gnw1
demopai01221,2026-05-26 10:00:00,954.190,AUTRE,,,2026-05-26 10:00:00,demofac00949,cmuerhq5v0000ucvpy660gnw1
demopai01222,2026-05-19 10:00:00,3755.800,VIREMENT,VIR-272030,,2026-05-19 10:00:00,demofac00950,cmuerhq5v0000ucvpy660gnw1
demopai01223,2026-07-06 10:00:00,14622.006,CHEQUE,CHQ-1169746,,2026-07-06 10:00:00,demofac00951,cmuerhq5v0000ucvpy660gnw1
demopai01224,2026-07-13 10:00:00,905.400,VIREMENT,VIR-402520,,2026-07-13 10:00:00,demofac00952,cmuerhq5v0000ucvpy660gnw1
demopai01225,2026-05-28 10:00:00,17267.900,CHEQUE,CHQ-8610489,,2026-05-28 10:00:00,demofac00953,cmuerhq5v0000ucvpy660gnw1
demopai01226,2026-05-13 10:00:00,9164.000,CHEQUE,CHQ-2570188,,2026-05-13 10:00:00,demofac00954,cmuerhq5v0000ucvpy660gnw1
demopai01227,2026-05-19 10:00:00,3897.922,VIREMENT,VIR-544928,,2026-05-19 10:00:00,demofac00955,cmuerhq5v0000ucvpy660gnw1
demopai01228,2026-06-05 10:00:00,4263.191,VIREMENT,VIR-591611,,2026-06-05 10:00:00,demofac00955,cmuerhq5v0000ucvpy660gnw1
demopai01229,2026-06-21 10:00:00,6264.067,VIREMENT,VIR-556032,,2026-06-21 10:00:00,demofac00955,cmuerhq5v0000ucvpy660gnw1
demopai01230,2026-05-14 10:00:00,4210.250,VIREMENT,VIR-350579,,2026-05-14 10:00:00,demofac00956,cmuerhq5v0000ucvpy660gnw1
demopai01231,2026-05-09 10:00:00,4795.391,ESPECES,,,2026-05-09 10:00:00,demofac00957,cmuerhq5v0000ucvpy660gnw1
demopai01232,2026-06-09 10:00:00,14281.000,VIREMENT,VIR-223157,,2026-06-09 10:00:00,demofac00959,cmuerhq5v0000ucvpy660gnw1
demopai01233,2026-06-15 10:00:00,1285.000,VIREMENT,VIR-721666,,2026-06-15 10:00:00,demofac00960,cmuerhq5v0000ucvpy660gnw1
demopai01234,2026-06-25 10:00:00,5927.200,CHEQUE,CHQ-1293928,,2026-06-25 10:00:00,demofac00961,cmuerhq5v0000ucvpy660gnw1
demopai01235,2026-05-22 10:00:00,346.100,CARTE,,,2026-05-22 10:00:00,demofac00962,cmuerhq5v0000ucvpy660gnw1
demopai01236,2026-06-02 10:00:00,12524.203,CHEQUE,CHQ-3486062,,2026-06-02 10:00:00,demofac00963,cmuerhq5v0000ucvpy660gnw1
demopai01237,2026-06-27 10:00:00,6289.436,CHEQUE,CHQ-9508127,,2026-06-27 10:00:00,demofac00964,cmuerhq5v0000ucvpy660gnw1
demopai01238,2026-05-30 10:00:00,572.200,CHEQUE,CHQ-9044732,,2026-05-30 10:00:00,demofac00965,cmuerhq5v0000ucvpy660gnw1
demopai01239,2026-06-08 10:00:00,7035.090,VIREMENT,VIR-442544,,2026-06-08 10:00:00,demofac00966,cmuerhq5v0000ucvpy660gnw1
demopai01240,2026-07-09 10:00:00,6598.173,VIREMENT,VIR-977560,,2026-07-09 10:00:00,demofac00966,cmuerhq5v0000ucvpy660gnw1
demopai01241,2026-08-08 10:00:00,7221.997,VIREMENT,VIR-882855,,2026-08-08 10:00:00,demofac00966,cmuerhq5v0000ucvpy660gnw1
demopai01242,2026-06-24 10:00:00,4681.180,CHEQUE,CHQ-5184302,,2026-06-24 10:00:00,demofac00967,cmuerhq5v0000ucvpy660gnw1
demopai01243,2026-05-30 10:00:00,7316.964,VIREMENT,VIR-477825,,2026-05-30 10:00:00,demofac00968,cmuerhq5v0000ucvpy660gnw1
demopai01244,2026-06-18 10:00:00,7329.595,VIREMENT,VIR-767321,,2026-06-18 10:00:00,demofac00968,cmuerhq5v0000ucvpy660gnw1
demopai01245,2026-07-08 10:00:00,4932.321,VIREMENT,VIR-489261,,2026-07-08 10:00:00,demofac00968,cmuerhq5v0000ucvpy660gnw1
demopai01246,2026-06-11 10:00:00,3044.201,VIREMENT,VIR-784086,,2026-06-11 10:00:00,demofac00969,cmuerhq5v0000ucvpy660gnw1
demopai01247,2026-07-11 10:00:00,4340.749,VIREMENT,VIR-375504,,2026-07-11 10:00:00,demofac00969,cmuerhq5v0000ucvpy660gnw1
demopai01248,2026-07-03 10:00:00,1972.743,VIREMENT,VIR-828169,,2026-07-03 10:00:00,demofac00970,cmuerhq5v0000ucvpy660gnw1
demopai01249,2026-06-01 10:00:00,4418.367,VIREMENT,VIR-817317,,2026-06-01 10:00:00,demofac00971,cmuerhq5v0000ucvpy660gnw1
demopai01250,2026-06-19 10:00:00,6602.033,VIREMENT,VIR-767230,,2026-06-19 10:00:00,demofac00971,cmuerhq5v0000ucvpy660gnw1
demopai01251,2026-07-17 10:00:00,2428.600,VIREMENT,VIR-609432,,2026-07-17 10:00:00,demofac00972,cmuerhq5v0000ucvpy660gnw1
demopai01252,2026-05-14 10:00:00,3656.616,VIREMENT,VIR-912591,,2026-05-14 10:00:00,demofac00973,cmuerhq5v0000ucvpy660gnw1
demopai01253,2026-05-16 10:00:00,3831.233,VIREMENT,VIR-874958,,2026-05-16 10:00:00,demofac00973,cmuerhq5v0000ucvpy660gnw1
demopai01254,2026-05-17 10:00:00,2794.751,VIREMENT,VIR-970411,,2026-05-17 10:00:00,demofac00973,cmuerhq5v0000ucvpy660gnw1
demopai01255,2026-05-22 10:00:00,4013.182,CHEQUE,CHQ-8176601,,2026-05-22 10:00:00,demofac00974,cmuerhq5v0000ucvpy660gnw1
demopai01256,2026-05-30 10:00:00,3314.858,CHEQUE,CHQ-2382346,,2026-05-30 10:00:00,demofac00974,cmuerhq5v0000ucvpy660gnw1
demopai01257,2026-06-07 10:00:00,3993.119,CHEQUE,CHQ-7129275,,2026-06-07 10:00:00,demofac00974,cmuerhq5v0000ucvpy660gnw1
demopai01258,2026-06-30 10:00:00,14281.000,VIREMENT,VIR-324425,,2026-06-30 10:00:00,demofac00975,cmuerhq5v0000ucvpy660gnw1
demopai01259,2026-06-09 10:00:00,2293.766,CHEQUE,CHQ-6516812,,2026-06-09 10:00:00,demofac00976,cmuerhq5v0000ucvpy660gnw1
demopai01260,2026-07-04 10:00:00,2670.067,CHEQUE,CHQ-7875142,,2026-07-04 10:00:00,demofac00976,cmuerhq5v0000ucvpy660gnw1
demopai01261,2026-06-21 10:00:00,32323.423,CHEQUE,CHQ-1908843,,2026-06-21 10:00:00,demofac00977,cmuerhq5v0000ucvpy660gnw1
demopai01262,2026-05-22 10:00:00,1759.849,CHEQUE,CHQ-8383576,,2026-05-22 10:00:00,demofac00978,cmuerhq5v0000ucvpy660gnw1
demopai01263,2026-05-28 10:00:00,2403.251,CHEQUE,CHQ-8538324,,2026-05-28 10:00:00,demofac00978,cmuerhq5v0000ucvpy660gnw1
demopai01264,2026-06-04 10:00:00,1728.400,CHEQUE,CHQ-6974776,,2026-06-04 10:00:00,demofac00978,cmuerhq5v0000ucvpy660gnw1
demopai01265,2026-06-21 10:00:00,4963.833,CHEQUE,CHQ-8730154,,2026-06-21 10:00:00,demofac00979,cmuerhq5v0000ucvpy660gnw1
demopai01266,2026-05-25 10:00:00,7779.211,CHEQUE,CHQ-7765609,,2026-05-25 10:00:00,demofac00980,cmuerhq5v0000ucvpy660gnw1
demopai01267,2026-06-03 10:00:00,5499.464,CHEQUE,CHQ-9753221,,2026-06-03 10:00:00,demofac00980,cmuerhq5v0000ucvpy660gnw1
demopai01268,2026-06-11 10:00:00,7202.225,CHEQUE,CHQ-7302812,,2026-06-11 10:00:00,demofac00980,cmuerhq5v0000ucvpy660gnw1
demopai01269,2026-06-28 10:00:00,6427.000,VIREMENT,VIR-465132,,2026-06-28 10:00:00,demofac00981,cmuerhq5v0000ucvpy660gnw1
demopai01270,2026-06-10 10:00:00,5747.700,VIREMENT,VIR-494950,,2026-06-10 10:00:00,demofac00982,cmuerhq5v0000ucvpy660gnw1
demopai01271,2026-06-22 10:00:00,4289.056,VIREMENT,VIR-858263,,2026-06-22 10:00:00,demofac00983,cmuerhq5v0000ucvpy660gnw1
demopai01272,2026-06-05 10:00:00,6093.800,VIREMENT,VIR-369252,,2026-06-05 10:00:00,demofac00984,cmuerhq5v0000ucvpy660gnw1
demopai01273,2026-08-18 10:00:00,1607.500,VIREMENT,VIR-972572,,2026-08-18 10:00:00,demofac00985,cmuerhq5v0000ucvpy660gnw1
demopai01274,2026-06-07 10:00:00,2781.245,VIREMENT,VIR-965276,,2026-06-07 10:00:00,demofac00986,cmuerhq5v0000ucvpy660gnw1
demopai01275,2026-06-19 10:00:00,6062.860,CHEQUE,CHQ-2710779,,2026-06-19 10:00:00,demofac00987,cmuerhq5v0000ucvpy660gnw1
demopai01276,2026-05-23 10:00:00,3618.600,CARTE,,,2026-05-23 10:00:00,demofac00988,cmuerhq5v0000ucvpy660gnw1
demopai01277,2026-06-19 10:00:00,4027.960,VIREMENT,VIR-158256,,2026-06-19 10:00:00,demofac00989,cmuerhq5v0000ucvpy660gnw1
demopai01278,2026-06-25 10:00:00,2956.960,CHEQUE,CHQ-8398355,,2026-06-25 10:00:00,demofac00990,cmuerhq5v0000ucvpy660gnw1
demopai01279,2026-05-23 10:00:00,3880.185,VIREMENT,VIR-936328,,2026-05-23 10:00:00,demofac00991,cmuerhq5v0000ucvpy660gnw1
demopai01280,2026-05-25 10:00:00,5603.191,VIREMENT,VIR-714981,,2026-05-25 10:00:00,demofac00991,cmuerhq5v0000ucvpy660gnw1
demopai01281,2026-05-26 10:00:00,4797.624,VIREMENT,VIR-872517,,2026-05-26 10:00:00,demofac00991,cmuerhq5v0000ucvpy660gnw1
demopai01282,2026-06-03 10:00:00,3784.106,CARTE,,,2026-06-03 10:00:00,demofac00992,cmuerhq5v0000ucvpy660gnw1
demopai01283,2026-06-15 10:00:00,5100.244,CARTE,,,2026-06-15 10:00:00,demofac00992,cmuerhq5v0000ucvpy660gnw1
demopai01284,2026-06-25 10:00:00,9033.660,VIREMENT,VIR-424360,,2026-06-25 10:00:00,demofac00993,cmuerhq5v0000ucvpy660gnw1
demopai01285,2026-06-23 10:00:00,3306.400,VIREMENT,VIR-496809,,2026-06-23 10:00:00,demofac00994,cmuerhq5v0000ucvpy660gnw1
demopai01286,2026-05-28 10:00:00,2019.478,CARTE,,,2026-05-28 10:00:00,demofac00995,cmuerhq5v0000ucvpy660gnw1
demopai01287,2026-06-11 10:00:00,7640.800,AUTRE,,,2026-06-11 10:00:00,demofac00996,cmuerhq5v0000ucvpy660gnw1
demopai01288,2026-06-12 10:00:00,31610.375,VIREMENT,VIR-958513,,2026-06-12 10:00:00,demofac00997,cmuerhq5v0000ucvpy660gnw1
demopai01289,2026-07-16 10:00:00,10918.000,VIREMENT,VIR-918881,,2026-07-16 10:00:00,demofac00998,cmuerhq5v0000ucvpy660gnw1
demopai01290,2026-06-30 10:00:00,1738.400,VIREMENT,VIR-454877,,2026-06-30 10:00:00,demofac00999,cmuerhq5v0000ucvpy660gnw1
demopai01291,2026-06-17 10:00:00,2583.300,VIREMENT,VIR-940926,,2026-06-17 10:00:00,demofac01000,cmuerhq5v0000ucvpy660gnw1
demopai01292,2026-06-01 10:00:00,10722.900,ESPECES,,,2026-06-01 10:00:00,demofac01001,cmuerhq5v0000ucvpy660gnw1
demopai01293,2026-06-14 10:00:00,1213.328,VIREMENT,VIR-533553,,2026-06-14 10:00:00,demofac01002,cmuerhq5v0000ucvpy660gnw1
demopai01294,2026-07-01 10:00:00,1117.097,VIREMENT,VIR-231435,,2026-07-01 10:00:00,demofac01002,cmuerhq5v0000ucvpy660gnw1
demopai01295,2026-06-07 10:00:00,1357.190,CHEQUE,CHQ-8087601,,2026-06-07 10:00:00,demofac01003,cmuerhq5v0000ucvpy660gnw1
demopai01296,2026-06-17 10:00:00,973.235,CHEQUE,CHQ-9344529,,2026-06-17 10:00:00,demofac01003,cmuerhq5v0000ucvpy660gnw1
demopai01297,2026-06-13 10:00:00,3049.662,VIREMENT,VIR-432435,,2026-06-13 10:00:00,demofac01005,cmuerhq5v0000ucvpy660gnw1
demopai01298,2026-06-28 10:00:00,2691.177,VIREMENT,VIR-303464,,2026-06-28 10:00:00,demofac01005,cmuerhq5v0000ucvpy660gnw1
demopai01299,2026-07-14 10:00:00,2832.445,VIREMENT,VIR-595951,,2026-07-14 10:00:00,demofac01005,cmuerhq5v0000ucvpy660gnw1
demopai01300,2026-07-24 10:00:00,11413.100,CHEQUE,CHQ-3734032,,2026-07-24 10:00:00,demofac01006,cmuerhq5v0000ucvpy660gnw1
demopai01301,2026-07-13 10:00:00,10615.800,CHEQUE,CHQ-1206858,,2026-07-13 10:00:00,demofac01008,cmuerhq5v0000ucvpy660gnw1
demopai01302,2026-07-22 10:00:00,14340.500,CHEQUE,CHQ-3651196,,2026-07-22 10:00:00,demofac01009,cmuerhq5v0000ucvpy660gnw1
demopai01303,2026-06-22 10:00:00,2916.500,VIREMENT,VIR-434756,,2026-06-22 10:00:00,demofac01010,cmuerhq5v0000ucvpy660gnw1
demopai01304,2026-07-15 10:00:00,4640.001,VIREMENT,VIR-366255,,2026-07-15 10:00:00,demofac01011,cmuerhq5v0000ucvpy660gnw1
demopai01305,2026-08-02 10:00:00,16406.480,VIREMENT,VIR-891134,,2026-08-02 10:00:00,demofac01012,cmuerhq5v0000ucvpy660gnw1
demopai01306,2026-07-16 10:00:00,12079.500,CHEQUE,CHQ-1510658,,2026-07-16 10:00:00,demofac01013,cmuerhq5v0000ucvpy660gnw1
demopai01307,2026-06-05 10:00:00,785.064,VIREMENT,VIR-727654,,2026-06-05 10:00:00,demofac01014,cmuerhq5v0000ucvpy660gnw1
demopai01308,2026-06-08 10:00:00,585.749,VIREMENT,VIR-714534,,2026-06-08 10:00:00,demofac01014,cmuerhq5v0000ucvpy660gnw1
demopai01309,2026-06-11 10:00:00,819.787,VIREMENT,VIR-205936,,2026-06-11 10:00:00,demofac01014,cmuerhq5v0000ucvpy660gnw1
demopai01310,2026-07-01 10:00:00,24045.681,AUTRE,,,2026-07-01 10:00:00,demofac01015,cmuerhq5v0000ucvpy660gnw1
demopai01311,2026-06-10 10:00:00,568.070,AUTRE,,,2026-06-10 10:00:00,demofac01016,cmuerhq5v0000ucvpy660gnw1
demopai01312,2026-06-17 10:00:00,824.386,AUTRE,,,2026-06-17 10:00:00,demofac01016,cmuerhq5v0000ucvpy660gnw1
demopai01313,2026-06-25 10:00:00,631.544,AUTRE,,,2026-06-25 10:00:00,demofac01016,cmuerhq5v0000ucvpy660gnw1
demopai01314,2026-07-04 10:00:00,6361.312,VIREMENT,VIR-716621,,2026-07-04 10:00:00,demofac01017,cmuerhq5v0000ucvpy660gnw1
demopai01315,2026-07-06 10:00:00,1548.000,CHEQUE,CHQ-4925290,,2026-07-06 10:00:00,demofac01018,cmuerhq5v0000ucvpy660gnw1
demopai01316,2026-08-08 10:00:00,3809.000,VIREMENT,VIR-126394,,2026-08-08 10:00:00,demofac01019,cmuerhq5v0000ucvpy660gnw1
demopai01317,2026-07-08 10:00:00,2295.915,VIREMENT,VIR-222836,,2026-07-08 10:00:00,demofac01021,cmuerhq5v0000ucvpy660gnw1
demopai01318,2026-06-19 10:00:00,8747.500,VIREMENT,VIR-589226,,2026-06-19 10:00:00,demofac01022,cmuerhq5v0000ucvpy660gnw1
demopai01319,2026-07-12 10:00:00,5678.490,CHEQUE,CHQ-3641006,,2026-07-12 10:00:00,demofac01023,cmuerhq5v0000ucvpy660gnw1
demopai01320,2026-07-03 10:00:00,1380.400,CHEQUE,CHQ-4406485,,2026-07-03 10:00:00,demofac01025,cmuerhq5v0000ucvpy660gnw1
demopai01321,2026-07-02 10:00:00,25025.700,CHEQUE,CHQ-2204007,,2026-07-02 10:00:00,demofac01026,cmuerhq5v0000ucvpy660gnw1
demopai01322,2026-07-11 10:00:00,4165.000,VIREMENT,VIR-967680,,2026-07-11 10:00:00,demofac01027,cmuerhq5v0000ucvpy660gnw1
demopai01323,2026-07-17 10:00:00,12032.700,CHEQUE,CHQ-2183716,,2026-07-17 10:00:00,demofac01028,cmuerhq5v0000ucvpy660gnw1
demopai01324,2026-09-12 10:00:00,4124.350,VIREMENT,VIR-297450,,2026-09-12 10:00:00,demofac01030,cmuerhq5v0000ucvpy660gnw1
demopai01325,2026-07-04 10:00:00,2006.150,VIREMENT,VIR-248045,,2026-07-04 10:00:00,demofac01031,cmuerhq5v0000ucvpy660gnw1
demopai01326,2026-07-10 10:00:00,923.250,VIREMENT,VIR-812656,,2026-07-10 10:00:00,demofac01032,cmuerhq5v0000ucvpy660gnw1
demopai01327,2026-06-15 10:00:00,4951.400,CARTE,,,2026-06-15 10:00:00,demofac01033,cmuerhq5v0000ucvpy660gnw1
demopai01328,2026-06-28 10:00:00,1803.416,VIREMENT,VIR-798195,,2026-06-28 10:00:00,demofac01034,cmuerhq5v0000ucvpy660gnw1
demopai01329,2026-07-16 10:00:00,1696.184,VIREMENT,VIR-682318,,2026-07-16 10:00:00,demofac01034,cmuerhq5v0000ucvpy660gnw1
demopai01330,2026-07-09 10:00:00,957.760,VIREMENT,VIR-386850,,2026-07-09 10:00:00,demofac01035,cmuerhq5v0000ucvpy660gnw1
demopai01331,2026-08-23 10:00:00,19636.000,VIREMENT,VIR-395794,,2026-08-23 10:00:00,demofac01036,cmuerhq5v0000ucvpy660gnw1
demopai01332,2026-06-13 10:00:00,1522.540,CARTE,,,2026-06-13 10:00:00,demofac01037,cmuerhq5v0000ucvpy660gnw1
demopai01333,2026-06-26 10:00:00,1696.240,VIREMENT,VIR-582741,,2026-06-26 10:00:00,demofac01038,cmuerhq5v0000ucvpy660gnw1
demopai01334,2026-07-11 10:00:00,1985.264,VIREMENT,VIR-477709,,2026-07-11 10:00:00,demofac01038,cmuerhq5v0000ucvpy660gnw1
demopai01335,2026-07-25 10:00:00,1852.996,VIREMENT,VIR-768504,,2026-07-25 10:00:00,demofac01038,cmuerhq5v0000ucvpy660gnw1
demopai01336,2026-08-07 10:00:00,39866.000,VIREMENT,VIR-885286,,2026-08-07 10:00:00,demofac01040,cmuerhq5v0000ucvpy660gnw1
demopai01337,2026-07-09 10:00:00,1381.400,CHEQUE,CHQ-2108770,,2026-07-09 10:00:00,demofac01041,cmuerhq5v0000ucvpy660gnw1
demopai01338,2026-09-09 10:00:00,10481.520,VIREMENT,VIR-727963,,2026-09-09 10:00:00,demofac01042,cmuerhq5v0000ucvpy660gnw1
demopai01339,2026-08-20 10:00:00,2143.000,VIREMENT,VIR-724654,,2026-08-20 10:00:00,demofac01043,cmuerhq5v0000ucvpy660gnw1
demopai01340,2026-07-08 10:00:00,3059.300,VIREMENT,VIR-256595,,2026-07-08 10:00:00,demofac01044,cmuerhq5v0000ucvpy660gnw1
demopai01341,2026-06-22 10:00:00,180.471,CHEQUE,CHQ-2666309,,2026-06-22 10:00:00,demofac01045,cmuerhq5v0000ucvpy660gnw1
demopai01342,2026-06-29 10:00:00,248.081,CHEQUE,CHQ-9947155,,2026-06-29 10:00:00,demofac01045,cmuerhq5v0000ucvpy660gnw1
demopai01343,2026-07-06 10:00:00,231.934,CHEQUE,CHQ-9597368,,2026-07-06 10:00:00,demofac01045,cmuerhq5v0000ucvpy660gnw1
demopai01344,2026-07-12 10:00:00,2205.883,VIREMENT,VIR-135128,,2026-07-12 10:00:00,demofac01046,cmuerhq5v0000ucvpy660gnw1
demopai01345,2026-08-06 10:00:00,3173.917,VIREMENT,VIR-360069,,2026-08-06 10:00:00,demofac01046,cmuerhq5v0000ucvpy660gnw1
demopai01346,2026-07-06 10:00:00,23444.000,CHEQUE,CHQ-4125633,,2026-07-06 10:00:00,demofac01047,cmuerhq5v0000ucvpy660gnw1
demopai01347,2026-08-12 10:00:00,9164.000,CHEQUE,CHQ-5871238,,2026-08-12 10:00:00,demofac01048,cmuerhq5v0000ucvpy660gnw1
demopai01348,2026-06-22 10:00:00,14074.850,VIREMENT,VIR-949856,,2026-06-22 10:00:00,demofac01049,cmuerhq5v0000ucvpy660gnw1
demopai01349,2026-07-08 10:00:00,1588.974,CHEQUE,CHQ-8837752,,2026-07-08 10:00:00,demofac01050,cmuerhq5v0000ucvpy660gnw1
demopai01350,2026-06-27 10:00:00,2143.000,VIREMENT,VIR-588750,,2026-06-27 10:00:00,demofac01051,cmuerhq5v0000ucvpy660gnw1
demopai01351,2026-07-08 10:00:00,3486.028,CARTE,,,2026-07-08 10:00:00,demofac01053,cmuerhq5v0000ucvpy660gnw1
demopai01352,2026-07-26 10:00:00,2777.772,CARTE,,,2026-07-26 10:00:00,demofac01053,cmuerhq5v0000ucvpy660gnw1
demopai01353,2026-07-18 10:00:00,16351.600,VIREMENT,VIR-565205,,2026-07-18 10:00:00,demofac01054,cmuerhq5v0000ucvpy660gnw1
demopai01354,2026-07-26 10:00:00,3967.508,VIREMENT,VIR-739633,,2026-07-26 10:00:00,demofac01056,cmuerhq5v0000ucvpy660gnw1
demopai01355,2026-08-11 10:00:00,1845.500,VIREMENT,VIR-847522,,2026-08-11 10:00:00,demofac01057,cmuerhq5v0000ucvpy660gnw1
demopai01356,2026-06-25 10:00:00,5427.400,ESPECES,,,2026-06-25 10:00:00,demofac01058,cmuerhq5v0000ucvpy660gnw1
demopai01357,2026-07-29 10:00:00,768.848,VIREMENT,VIR-368449,,2026-07-29 10:00:00,demofac01059,cmuerhq5v0000ucvpy660gnw1
demopai01358,2026-07-04 10:00:00,1548.000,ESPECES,,,2026-07-04 10:00:00,demofac01060,cmuerhq5v0000ucvpy660gnw1
demopai01359,2026-07-02 10:00:00,8378.600,ESPECES,,,2026-07-02 10:00:00,demofac01061,cmuerhq5v0000ucvpy660gnw1
demopai01360,2026-07-17 10:00:00,143.860,CHEQUE,CHQ-8158822,,2026-07-17 10:00:00,demofac01062,cmuerhq5v0000ucvpy660gnw1
demopai01361,2026-08-10 10:00:00,214.140,CHEQUE,CHQ-4601256,,2026-08-10 10:00:00,demofac01062,cmuerhq5v0000ucvpy660gnw1
demopai01362,2026-08-03 10:00:00,20589.442,VIREMENT,VIR-226800,,2026-08-03 10:00:00,demofac01063,cmuerhq5v0000ucvpy660gnw1
demopai01363,2026-07-29 10:00:00,3459.276,VIREMENT,VIR-649577,,2026-07-29 10:00:00,demofac01064,cmuerhq5v0000ucvpy660gnw1
demopai01364,2026-07-02 10:00:00,3440.100,ESPECES,,,2026-07-02 10:00:00,demofac01065,cmuerhq5v0000ucvpy660gnw1
demopai01365,2026-07-01 10:00:00,643.600,CHEQUE,CHQ-4393317,,2026-07-01 10:00:00,demofac01066,cmuerhq5v0000ucvpy660gnw1
demopai01366,2026-06-29 10:00:00,643.600,ESPECES,,,2026-06-29 10:00:00,demofac01067,cmuerhq5v0000ucvpy660gnw1
demopai01367,2026-07-18 10:00:00,1094.800,CHEQUE,CHQ-5323194,,2026-07-18 10:00:00,demofac01068,cmuerhq5v0000ucvpy660gnw1
demopai01368,2026-07-07 10:00:00,1761.010,CHEQUE,CHQ-7911588,,2026-07-07 10:00:00,demofac01069,cmuerhq5v0000ucvpy660gnw1
demopai01369,2026-09-05 10:00:00,10915.000,CHEQUE,CHQ-8566411,,2026-09-05 10:00:00,demofac01070,cmuerhq5v0000ucvpy660gnw1
demopai01370,2026-07-10 10:00:00,17526.600,VIREMENT,VIR-283252,,2026-07-10 10:00:00,demofac01071,cmuerhq5v0000ucvpy660gnw1
demopai01371,2026-07-08 10:00:00,14954.206,VIREMENT,VIR-883906,,2026-07-08 10:00:00,demofac01072,cmuerhq5v0000ucvpy660gnw1
demopai01372,2026-07-14 10:00:00,15816.016,VIREMENT,VIR-692533,,2026-07-14 10:00:00,demofac01072,cmuerhq5v0000ucvpy660gnw1
demopai01373,2026-07-26 10:00:00,7617.000,VIREMENT,VIR-563133,,2026-07-26 10:00:00,demofac01073,cmuerhq5v0000ucvpy660gnw1
demopai01374,2026-08-15 10:00:00,20216.720,VIREMENT,VIR-228374,,2026-08-15 10:00:00,demofac01074,cmuerhq5v0000ucvpy660gnw1
demopai01375,2026-08-13 10:00:00,905.400,CHEQUE,CHQ-7106907,,2026-08-13 10:00:00,demofac01075,cmuerhq5v0000ucvpy660gnw1
demopai01376,2026-07-11 10:00:00,213.534,VIREMENT,VIR-140552,,2026-07-11 10:00:00,demofac01076,cmuerhq5v0000ucvpy660gnw1
demopai01377,2026-08-01 10:00:00,494.612,VIREMENT,VIR-893664,,2026-08-01 10:00:00,demofac01077,cmuerhq5v0000ucvpy660gnw1
demopai01378,2026-08-03 10:00:00,3292.239,CHEQUE,CHQ-2097658,,2026-08-03 10:00:00,demofac01078,cmuerhq5v0000ucvpy660gnw1
demopai01379,2026-09-01 10:00:00,4205.803,CHEQUE,CHQ-1981224,,2026-09-01 10:00:00,demofac01078,cmuerhq5v0000ucvpy660gnw1
demopai01380,2026-07-08 10:00:00,1596.281,VIREMENT,VIR-852059,,2026-07-08 10:00:00,demofac01079,cmuerhq5v0000ucvpy660gnw1
demopai01381,2026-07-19 10:00:00,4450.600,CARTE,,,2026-07-19 10:00:00,demofac01080,cmuerhq5v0000ucvpy660gnw1
demopai01382,2026-07-31 10:00:00,5580.700,VIREMENT,VIR-179698,,2026-07-31 10:00:00,demofac01081,cmuerhq5v0000ucvpy660gnw1
demopai01383,2026-08-09 10:00:00,1607.500,VIREMENT,VIR-514852,,2026-08-09 10:00:00,demofac01082,cmuerhq5v0000ucvpy660gnw1
demopai01384,2026-08-23 10:00:00,4285.000,CHEQUE,CHQ-3757056,,2026-08-23 10:00:00,demofac01083,cmuerhq5v0000ucvpy660gnw1
demopai01385,2026-09-13 10:00:00,10471.055,CHEQUE,CHQ-9926104,,2026-09-13 10:00:00,demofac01084,cmuerhq5v0000ucvpy660gnw1
demopai01386,2026-07-26 10:00:00,5784.400,VIREMENT,VIR-585161,,2026-07-26 10:00:00,demofac01085,cmuerhq5v0000ucvpy660gnw1
demopai01387,2026-07-25 10:00:00,10368.764,CHEQUE,CHQ-3030269,,2026-07-25 10:00:00,demofac01086,cmuerhq5v0000ucvpy660gnw1
demopai01388,2026-08-12 10:00:00,13848.988,CHEQUE,CHQ-5692650,,2026-08-12 10:00:00,demofac01086,cmuerhq5v0000ucvpy660gnw1
demopai01389,2026-08-29 10:00:00,13002.498,CHEQUE,CHQ-3338510,,2026-08-29 10:00:00,demofac01086,cmuerhq5v0000ucvpy660gnw1
demopai01390,2026-07-22 10:00:00,2916.500,ESPECES,,,2026-07-22 10:00:00,demofac01087,cmuerhq5v0000ucvpy660gnw1
demopai01391,2026-07-27 10:00:00,4438.217,VIREMENT,VIR-258891,,2026-07-27 10:00:00,demofac01088,cmuerhq5v0000ucvpy660gnw1
demopai01392,2026-08-14 10:00:00,3500.083,VIREMENT,VIR-336824,,2026-08-14 10:00:00,demofac01088,cmuerhq5v0000ucvpy660gnw1
demopai01393,2026-07-27 10:00:00,509.725,CHEQUE,CHQ-9379465,,2026-07-27 10:00:00,demofac01089,cmuerhq5v0000ucvpy660gnw1
demopai01394,2026-08-23 10:00:00,2857.000,AUTRE,,,2026-08-23 10:00:00,demofac01090,cmuerhq5v0000ucvpy660gnw1
demopai01395,2026-07-31 10:00:00,2178.700,CHEQUE,CHQ-6457347,,2026-07-31 10:00:00,demofac01091,cmuerhq5v0000ucvpy660gnw1
demopai01396,2026-07-23 10:00:00,2966.818,CHEQUE,CHQ-7469777,,2026-07-23 10:00:00,demofac01092,cmuerhq5v0000ucvpy660gnw1
demopai01397,2026-08-03 10:00:00,3692.647,CHEQUE,CHQ-6435381,,2026-08-03 10:00:00,demofac01092,cmuerhq5v0000ucvpy660gnw1
demopai01398,2026-08-14 10:00:00,3338.725,CHEQUE,CHQ-7766871,,2026-08-14 10:00:00,demofac01092,cmuerhq5v0000ucvpy660gnw1
demopai01399,2026-07-23 10:00:00,9090.249,VIREMENT,VIR-169355,,2026-07-23 10:00:00,demofac01093,cmuerhq5v0000ucvpy660gnw1
demopai01400,2026-08-03 10:00:00,9150.952,VIREMENT,VIR-599449,,2026-08-03 10:00:00,demofac01093,cmuerhq5v0000ucvpy660gnw1
demopai01401,2026-08-13 10:00:00,10459.029,VIREMENT,VIR-352962,,2026-08-13 10:00:00,demofac01093,cmuerhq5v0000ucvpy660gnw1
demopai01402,2026-07-21 10:00:00,4641.571,VIREMENT,VIR-721894,,2026-07-21 10:00:00,demofac01094,cmuerhq5v0000ucvpy660gnw1
demopai01403,2026-07-29 10:00:00,4637.146,VIREMENT,VIR-321794,,2026-07-29 10:00:00,demofac01094,cmuerhq5v0000ucvpy660gnw1
demopai01404,2026-08-06 10:00:00,3362.113,VIREMENT,VIR-435682,,2026-08-06 10:00:00,demofac01094,cmuerhq5v0000ucvpy660gnw1
demopai01405,2026-08-08 10:00:00,7206.450,VIREMENT,VIR-180008,,2026-08-08 10:00:00,demofac01096,cmuerhq5v0000ucvpy660gnw1
demopai01406,2026-08-31 10:00:00,3452.000,VIREMENT,VIR-343906,,2026-08-31 10:00:00,demofac01097,cmuerhq5v0000ucvpy660gnw1
demopai01407,2026-08-05 10:00:00,2494.348,VIREMENT,VIR-223270,,2026-08-05 10:00:00,demofac01098,cmuerhq5v0000ucvpy660gnw1
demopai01408,2026-08-22 10:00:00,4737.200,VIREMENT,VIR-296777,,2026-08-22 10:00:00,demofac01100,cmuerhq5v0000ucvpy660gnw1
demopai01409,2026-08-16 10:00:00,3160.450,CHEQUE,CHQ-9578756,,2026-08-16 10:00:00,demofac01101,cmuerhq5v0000ucvpy660gnw1
demopai01410,2026-07-22 10:00:00,2333.400,ESPECES,,,2026-07-22 10:00:00,demofac01102,cmuerhq5v0000ucvpy660gnw1
demopai01411,2026-08-08 10:00:00,10943.240,VIREMENT,VIR-960530,,2026-08-08 10:00:00,demofac01103,cmuerhq5v0000ucvpy660gnw1
demopai01412,2026-08-11 10:00:00,23919.000,VIREMENT,VIR-840316,,2026-08-11 10:00:00,demofac01104,cmuerhq5v0000ucvpy660gnw1
demopai01413,2026-08-07 10:00:00,4552.750,VIREMENT,VIR-694380,,2026-08-07 10:00:00,demofac01105,cmuerhq5v0000ucvpy660gnw1
demopai01414,2026-08-16 10:00:00,11627.300,VIREMENT,VIR-112741,,2026-08-16 10:00:00,demofac01106,cmuerhq5v0000ucvpy660gnw1
demopai01415,2026-08-06 10:00:00,3456.410,VIREMENT,VIR-214457,,2026-08-06 10:00:00,demofac01107,cmuerhq5v0000ucvpy660gnw1
demopai01416,2026-08-22 10:00:00,4658.010,VIREMENT,VIR-152468,,2026-08-22 10:00:00,demofac01107,cmuerhq5v0000ucvpy660gnw1
demopai01417,2026-09-17 10:00:00,14559.256,VIREMENT,VIR-425910,,2026-09-17 10:00:00,demofac01108,cmuerhq5v0000ucvpy660gnw1
demopai01418,2026-08-18 10:00:00,7783.600,VIREMENT,VIR-627613,,2026-08-18 10:00:00,demofac01109,cmuerhq5v0000ucvpy660gnw1
demopai01419,2026-09-10 10:00:00,25953.056,CHEQUE,CHQ-1948118,,2026-09-10 10:00:00,demofac01110,cmuerhq5v0000ucvpy660gnw1
demopai01420,2026-08-12 10:00:00,2346.275,CHEQUE,CHQ-8216052,,2026-08-12 10:00:00,demofac01111,cmuerhq5v0000ucvpy660gnw1
demopai01421,2026-09-03 10:00:00,1679.490,CHEQUE,CHQ-1785028,,2026-09-03 10:00:00,demofac01111,cmuerhq5v0000ucvpy660gnw1
demopai01422,2026-07-23 10:00:00,4015.005,ESPECES,,,2026-07-23 10:00:00,demofac01112,cmuerhq5v0000ucvpy660gnw1
demopai01423,2026-07-25 10:00:00,3960.339,ESPECES,,,2026-07-25 10:00:00,demofac01112,cmuerhq5v0000ucvpy660gnw1
demopai01424,2026-07-26 10:00:00,3651.956,ESPECES,,,2026-07-26 10:00:00,demofac01112,cmuerhq5v0000ucvpy660gnw1
demopai01425,2026-09-05 10:00:00,5356.000,CHEQUE,CHQ-9187077,,2026-09-05 10:00:00,demofac01113,cmuerhq5v0000ucvpy660gnw1
demopai01426,2026-07-27 10:00:00,4975.200,CARTE,,,2026-07-27 10:00:00,demofac01114,cmuerhq5v0000ucvpy660gnw1
demopai01427,2026-08-07 10:00:00,3814.950,VIREMENT,VIR-651515,,2026-08-07 10:00:00,demofac01115,cmuerhq5v0000ucvpy660gnw1
demopai01428,2026-09-02 10:00:00,3809.000,VIREMENT,VIR-456565,,2026-09-02 10:00:00,demofac01116,cmuerhq5v0000ucvpy660gnw1
demopai01429,2026-07-29 10:00:00,7508.710,VIREMENT,VIR-578507,,2026-07-29 10:00:00,demofac01117,cmuerhq5v0000ucvpy660gnw1
demopai01430,2026-08-06 10:00:00,7131.479,CHEQUE,CHQ-1237362,,2026-08-06 10:00:00,demofac01118,cmuerhq5v0000ucvpy660gnw1
demopai01431,2026-08-17 10:00:00,5239.571,CHEQUE,CHQ-3529888,,2026-08-17 10:00:00,demofac01118,cmuerhq5v0000ucvpy660gnw1
demopai01432,2026-07-29 10:00:00,4058.900,VIREMENT,VIR-382983,,2026-07-29 10:00:00,demofac01119,cmuerhq5v0000ucvpy660gnw1
demopai01433,2026-09-11 10:00:00,2256.400,VIREMENT,VIR-129211,,2026-09-11 10:00:00,demofac01120,cmuerhq5v0000ucvpy660gnw1
demopai01434,2026-09-23 10:00:00,1036.300,CHEQUE,CHQ-6430885,,2026-09-23 10:00:00,demofac01121,cmuerhq5v0000ucvpy660gnw1
demopai01435,2026-08-11 10:00:00,5886.675,VIREMENT,VIR-354970,,2026-08-11 10:00:00,demofac01123,cmuerhq5v0000ucvpy660gnw1
demopai01436,2026-08-24 10:00:00,8394.325,VIREMENT,VIR-389612,,2026-08-24 10:00:00,demofac01123,cmuerhq5v0000ucvpy660gnw1
demopai01437,2026-08-06 10:00:00,11706.874,VIREMENT,VIR-983673,,2026-08-06 10:00:00,demofac01124,cmuerhq5v0000ucvpy660gnw1
demopai01438,2026-08-14 10:00:00,8865.212,VIREMENT,VIR-199457,,2026-08-14 10:00:00,demofac01124,cmuerhq5v0000ucvpy660gnw1
demopai01439,2026-08-23 10:00:00,9040.930,VIREMENT,VIR-526634,,2026-08-23 10:00:00,demofac01124,cmuerhq5v0000ucvpy660gnw1
demopai01440,2026-08-15 10:00:00,211.386,VIREMENT,VIR-908251,,2026-08-15 10:00:00,demofac01126,cmuerhq5v0000ucvpy660gnw1
demopai01441,2026-09-01 10:00:00,326.066,VIREMENT,VIR-562272,,2026-09-01 10:00:00,demofac01126,cmuerhq5v0000ucvpy660gnw1
demopai01442,2026-09-18 10:00:00,237.048,VIREMENT,VIR-522232,,2026-09-18 10:00:00,demofac01126,cmuerhq5v0000ucvpy660gnw1
demopai01443,2026-09-14 10:00:00,4820.500,CHEQUE,CHQ-6073370,,2026-09-14 10:00:00,demofac01127,cmuerhq5v0000ucvpy660gnw1
demopai01444,2026-08-25 10:00:00,1452.800,CHEQUE,CHQ-6517053,,2026-08-25 10:00:00,demofac01128,cmuerhq5v0000ucvpy660gnw1
demopai01445,2026-09-04 10:00:00,2592.683,VIREMENT,VIR-590404,,2026-09-04 10:00:00,demofac01129,cmuerhq5v0000ucvpy660gnw1
demopai01446,2026-08-10 10:00:00,1849.960,CHEQUE,CHQ-8671359,,2026-08-10 10:00:00,demofac01130,cmuerhq5v0000ucvpy660gnw1
demopai01447,2026-08-26 10:00:00,1679.120,CHEQUE,CHQ-2244089,,2026-08-26 10:00:00,demofac01131,cmuerhq5v0000ucvpy660gnw1
demopai01448,2026-09-19 10:00:00,1689.580,CHEQUE,CHQ-5574963,,2026-09-19 10:00:00,demofac01131,cmuerhq5v0000ucvpy660gnw1
demopai01449,2026-08-30 10:00:00,4517.050,VIREMENT,VIR-751561,,2026-08-30 10:00:00,demofac01132,cmuerhq5v0000ucvpy660gnw1
demopai01450,2026-08-30 10:00:00,4463.500,VIREMENT,VIR-852176,,2026-08-30 10:00:00,demofac01134,cmuerhq5v0000ucvpy660gnw1
demopai01451,2026-09-11 10:00:00,38366.600,VIREMENT,VIR-642752,,2026-09-11 10:00:00,demofac01135,cmuerhq5v0000ucvpy660gnw1
demopai01452,2026-09-08 10:00:00,13218.330,VIREMENT,VIR-249174,,2026-09-08 10:00:00,demofac01136,cmuerhq5v0000ucvpy660gnw1
demopai01453,2026-08-27 10:00:00,2987.971,VIREMENT,VIR-396589,,2026-08-27 10:00:00,demofac01139,cmuerhq5v0000ucvpy660gnw1
demopai01454,2026-09-13 10:00:00,2445.379,VIREMENT,VIR-794715,,2026-09-13 10:00:00,demofac01139,cmuerhq5v0000ucvpy660gnw1
demopai01455,2026-08-29 10:00:00,2160.172,VIREMENT,VIR-528104,,2026-08-29 10:00:00,demofac01141,cmuerhq5v0000ucvpy660gnw1
demopai01456,2026-09-15 10:00:00,1946.328,VIREMENT,VIR-368427,,2026-09-15 10:00:00,demofac01141,cmuerhq5v0000ucvpy660gnw1
demopai01457,2026-09-13 10:00:00,2160.850,CHEQUE,CHQ-5839713,,2026-09-13 10:00:00,demofac01142,cmuerhq5v0000ucvpy660gnw1
demopai01458,2026-09-09 10:00:00,10646.242,VIREMENT,VIR-844458,,2026-09-09 10:00:00,demofac01143,cmuerhq5v0000ucvpy660gnw1
demopai01459,2026-08-25 10:00:00,1714.610,CHEQUE,CHQ-6716201,,2026-08-25 10:00:00,demofac01145,cmuerhq5v0000ucvpy660gnw1
demopai01460,2026-09-06 10:00:00,2493.214,CHEQUE,CHQ-5010392,,2026-09-06 10:00:00,demofac01145,cmuerhq5v0000ucvpy660gnw1
demopai01461,2026-09-17 10:00:00,2040.676,CHEQUE,CHQ-9313916,,2026-09-17 10:00:00,demofac01145,cmuerhq5v0000ucvpy660gnw1
demopai01462,2026-08-17 10:00:00,1387.533,CARTE,,,2026-08-17 10:00:00,demofac01146,cmuerhq5v0000ucvpy660gnw1
demopai01463,2026-08-19 10:00:00,1352.946,CARTE,,,2026-08-19 10:00:00,demofac01146,cmuerhq5v0000ucvpy660gnw1
demopai01464,2026-08-21 10:00:00,1207.037,CARTE,,,2026-08-21 10:00:00,demofac01146,cmuerhq5v0000ucvpy660gnw1
demopai01465,2026-09-01 10:00:00,6248.500,CHEQUE,CHQ-5001052,,2026-09-01 10:00:00,demofac01148,cmuerhq5v0000ucvpy660gnw1
demopai01466,2026-08-30 10:00:00,5858.494,ESPECES,,,2026-08-30 10:00:00,demofac01151,cmuerhq5v0000ucvpy660gnw1
demopai01467,2026-09-09 10:00:00,3972.620,ESPECES,,,2026-09-09 10:00:00,demofac01151,cmuerhq5v0000ucvpy660gnw1
demopai01468,2026-09-23 10:00:00,1381.400,VIREMENT,VIR-974658,,2026-09-23 10:00:00,demofac01154,cmuerhq5v0000ucvpy660gnw1
demopai01469,2026-09-18 10:00:00,2464.300,VIREMENT,VIR-545868,,2026-09-18 10:00:00,demofac01155,cmuerhq5v0000ucvpy660gnw1
demopai01470,2026-09-12 10:00:00,8610.650,VIREMENT,VIR-661667,,2026-09-12 10:00:00,demofac01156,cmuerhq5v0000ucvpy660gnw1
demopai01471,2026-09-16 10:00:00,4495.273,VIREMENT,VIR-310242,,2026-09-16 10:00:00,demofac01158,cmuerhq5v0000ucvpy660gnw1
demopai01472,2026-08-28 10:00:00,950.620,CHEQUE,CHQ-4212068,,2026-08-28 10:00:00,demofac01159,cmuerhq5v0000ucvpy660gnw1
demopai01473,2026-09-19 10:00:00,6224.700,VIREMENT,VIR-410693,,2026-09-19 10:00:00,demofac01160,cmuerhq5v0000ucvpy660gnw1
demopai01474,2026-09-09 10:00:00,5618.190,VIREMENT,VIR-716962,,2026-09-09 10:00:00,demofac01161,cmuerhq5v0000ucvpy660gnw1
demopai01475,2026-09-23 10:00:00,3967.649,VIREMENT,VIR-100623,,2026-09-23 10:00:00,demofac01161,cmuerhq5v0000ucvpy660gnw1
demopai01476,2026-08-28 10:00:00,7593.200,CHEQUE,CHQ-6693202,,2026-08-28 10:00:00,demofac01163,cmuerhq5v0000ucvpy660gnw1
demopai01477,2026-09-23 10:00:00,3321.100,VIREMENT,VIR-582304,,2026-09-23 10:00:00,demofac01164,cmuerhq5v0000ucvpy660gnw1
demopai01478,2026-09-01 10:00:00,4146.854,CARTE,,,2026-09-01 10:00:00,demofac01166,cmuerhq5v0000ucvpy660gnw1
demopai01479,2026-09-02 10:00:00,3153.946,CARTE,,,2026-09-02 10:00:00,demofac01166,cmuerhq5v0000ucvpy660gnw1
demopai01480,2026-09-05 10:00:00,862.431,CARTE,,,2026-09-05 10:00:00,demofac01174,cmuerhq5v0000ucvpy660gnw1
demopai01481,2026-09-06 10:00:00,662.245,CARTE,,,2026-09-06 10:00:00,demofac01174,cmuerhq5v0000ucvpy660gnw1
demopai01482,2026-09-09 10:00:00,810.200,CHEQUE,CHQ-1601623,,2026-09-09 10:00:00,demofac01176,cmuerhq5v0000ucvpy660gnw1
demopai01483,2026-09-12 10:00:00,7908.550,CARTE,,,2026-09-12 10:00:00,demofac01177,cmuerhq5v0000ucvpy660gnw1
demopai01484,2026-09-14 10:00:00,2464.300,CARTE,,,2026-09-14 10:00:00,demofac01186,cmuerhq5v0000ucvpy660gnw1
demopai01485,2026-09-18 10:00:00,1488.840,VIREMENT,VIR-373331,,2026-09-18 10:00:00,demofac01193,cmuerhq5v0000ucvpy660gnw1
demopai01486,2026-09-21 10:00:00,3021.000,CARTE,,,2026-09-21 10:00:00,demofac01201,cmuerhq5v0000ucvpy660gnw1
demopai01487,2026-09-21 10:00:00,1821.700,VIREMENT,VIR-577668,,2026-09-21 10:00:00,demofac01202,cmuerhq5v0000ucvpy660gnw1
